罪名,手口,管轄警察署（発生地）,管轄交番・駐在所（発生地）,市区町村コード（発生地）,都道府県（発生地）,市区町村（発生地）,町丁目（発生地）,発生年月日（始期）,発生時（始期）,発生場所,発生場所の詳細,被害者の年齢,被害者の職業,施錠関係
窃盗,自転車盗,千葉中央,京成千葉中央駅前,121011,千葉県,千葉市中央区,葛城１丁目,2023-02-18,22,一戸建住宅,その他,10歳代,高校生,施錠した
窃盗,自転車盗,千葉中央,京成千葉中央駅前,121011,千葉県,千葉市中央区,新宿１丁目,2023-06-29,09,その他,駐車（輪）場,70歳以上,その他,施錠せず
窃盗,自転車盗,千葉中央,京成千葉中央駅前,121011,千葉県,千葉市中央区,新宿１丁目,2023-07-12,10,その他,その他,50歳代,その他,施錠した
窃盗,自転車盗,千葉中央,京成千葉中央駅前,121011,千葉県,千葉市中央区,新宿１丁目,2023-09-23,09,４階建て以上共同住宅,その他,40歳代,その他,施錠した
窃盗,自転車盗,千葉中央,京成千葉中央駅前,121011,千葉県,千葉市中央区,新宿１丁目,不明,不明,４階建て以上共同住宅,駐車（輪）場,50歳代,その他,施錠した
窃盗,自転車盗,千葉中央,京成千葉中央駅前,121011,千葉県,千葉市中央区,新宿２丁目,2023-02-25,01,４階建て以上共同住宅,駐車（輪）場,20歳代,大学生,施錠した
窃盗,自転車盗,千葉中央,京成千葉中央駅前,121011,千葉県,千葉市中央区,新宿２丁目,2023-06-30,15,道路上,その他,10歳代,その他,施錠せず
窃盗,自転車盗,千葉中央,京成千葉中央駅前,121011,千葉県,千葉市中央区,新宿２丁目,2023-08-01,19,４階建て以上共同住宅,駐車（輪）場,10歳代,小学生,施錠せず
窃盗,自転車盗,千葉中央,京成千葉中央駅前,121011,千葉県,千葉市中央区,新宿２丁目,2023-08-21,09,４階建て以上共同住宅,駐車（輪）場,20歳代,その他,施錠せず
窃盗,自転車盗,千葉中央,京成千葉中央駅前,121011,千葉県,千葉市中央区,新宿２丁目,2023-08-28,22,その他,その他,法人・団体、被害者なし,法人・団体、被害者なし,施錠せず
窃盗,自転車盗,千葉中央,京成千葉中央駅前,121011,千葉県,千葉市中央区,新宿２丁目,2023-09-13,18,４階建て以上共同住宅,駐車（輪）場,50歳代,その他,施錠した
窃盗,自転車盗,千葉中央,京成千葉中央駅前,121011,千葉県,千葉市中央区,新宿２丁目,2023-12-12,19,４階建て以上共同住宅,駐車（輪）場,10歳代,大学生,施錠した
窃盗,自転車盗,千葉中央,京成千葉中央駅前,121011,千葉県,千葉市中央区,新田町,2023-04-27,18,４階建て以上共同住宅,駐車（輪）場,30歳代,その他,施錠した
窃盗,自転車盗,千葉中央,京成千葉中央駅前,121011,千葉県,千葉市中央区,新田町,2023-10-12,18,その他,駐車（輪）場,20歳代,大学生,施錠せず
窃盗,自転車盗,千葉中央,京成千葉中央駅前,121011,千葉県,千葉市中央区,神明町,2023-04-29,19,その他の住宅（３階建て以下共同住宅等）,駐車（輪）場,40歳代,その他,施錠した
窃盗,自転車盗,千葉中央,京成千葉中央駅前,121011,千葉県,千葉市中央区,神明町,2023-06-29,20,一戸建住宅,駐車（輪）場,10歳代,高校生,施錠せず
窃盗,自転車盗,千葉中央,京成千葉中央駅前,121011,千葉県,千葉市中央区,神明町,2023-12-12,15,その他の住宅（３階建て以下共同住宅等）,駐車（輪）場,20歳代,その他,施錠した
窃盗,自転車盗,千葉中央,京成千葉中央駅前,121011,千葉県,千葉市中央区,神明町,不明,不明,４階建て以上共同住宅,駐車（輪）場,20歳代,その他,施錠せず
窃盗,自転車盗,千葉中央,京成千葉中央駅前,121011,千葉県,千葉市中央区,問屋町,2023-10-07,14,４階建て以上共同住宅,駐車（輪）場,20歳代,大学生,施錠した
窃盗,自転車盗,千葉中央,京成千葉中央駅前,121011,千葉県,千葉市中央区,問屋町,2023-10-29,20,その他,駐車（輪）場,30歳代,その他,施錠せず
窃盗,自転車盗,千葉中央,京成千葉中央駅前,121011,千葉県,千葉市中央区,富士見２丁目,2023-03-13,09,道路上,その他,10歳代,その他,施錠した
窃盗,自転車盗,千葉中央,京成千葉中央駅前,121011,千葉県,千葉市中央区,富士見２丁目,2023-05-02,19,その他,駐車（輪）場,70歳以上,その他,施錠せず
窃盗,自転車盗,千葉中央,京成千葉中央駅前,121011,千葉県,千葉市中央区,富士見２丁目,2023-05-31,21,駐車（輪）場,駐車（輪）場,20歳代,大学生,施錠せず
窃盗,自転車盗,千葉中央,京成千葉中央駅前,121011,千葉県,千葉市中央区,富士見２丁目,2023-06-04,16,その他,駐車（輪）場,20歳代,大学生,施錠した
窃盗,自転車盗,千葉中央,京成千葉中央駅前,121011,千葉県,千葉市中央区,富士見２丁目,2023-07-31,08,道路上,その他,40歳代,その他,施錠した
窃盗,自転車盗,千葉中央,京成千葉中央駅前,121011,千葉県,千葉市中央区,富士見２丁目,2023-08-10,18,駐車（輪）場,駐車（輪）場,10歳代,その他,施錠せず
窃盗,自転車盗,千葉中央,京成千葉中央駅前,121011,千葉県,千葉市中央区,富士見２丁目,2023-08-20,16,その他,駐車（輪）場,10歳代,その他,施錠せず
窃盗,自転車盗,千葉中央,京成千葉中央駅前,121011,千葉県,千葉市中央区,富士見２丁目,2023-08-21,12,その他,駐車（輪）場,20歳代,その他,施錠せず
窃盗,自転車盗,千葉中央,京成千葉中央駅前,121011,千葉県,千葉市中央区,富士見２丁目,2023-08-21,17,駐車（輪）場,駐車（輪）場,20歳代,大学生,施錠せず
窃盗,自転車盗,千葉中央,京成千葉中央駅前,121011,千葉県,千葉市中央区,富士見２丁目,2023-09-29,01,道路上,その他,20歳代,その他,施錠せず
窃盗,自転車盗,千葉中央,京成千葉中央駅前,121011,千葉県,千葉市中央区,富士見２丁目,2023-10-05,14,駐車（輪）場,駐車（輪）場,70歳以上,その他,施錠した
窃盗,自転車盗,千葉中央,京成千葉中央駅前,121011,千葉県,千葉市中央区,富士見２丁目,2023-11-11,19,道路上,その他,20歳代,その他,施錠した
窃盗,自転車盗,千葉中央,京成千葉中央駅前,121011,千葉県,千葉市中央区,富士見２丁目,2023-11-11,19,駐車（輪）場,駐車（輪）場,10歳代,大学生,施錠した
窃盗,自転車盗,千葉中央,京成千葉中央駅前,121011,千葉県,千葉市中央区,富士見２丁目,2023-11-14,17,駐車（輪）場,駐車（輪）場,30歳代,その他,施錠せず
窃盗,自転車盗,千葉中央,京成千葉中央駅前,121011,千葉県,千葉市中央区,富士見２丁目,2023-12-13,14,駐車（輪）場,駐車（輪）場,10歳代,高校生,施錠せず
窃盗,自転車盗,千葉中央,京成千葉中央駅前,121011,千葉県,千葉市中央区,本千葉町,2023-02-22,19,道路上,その他,50歳代,その他,施錠した
窃盗,自転車盗,千葉中央,京成千葉中央駅前,121011,千葉県,千葉市中央区,本千葉町,2023-06-17,12,駐車（輪）場,駐車（輪）場,20歳代,その他,施錠せず
窃盗,自転車盗,千葉中央,京成千葉中央駅前,121011,千葉県,千葉市中央区,本千葉町,2023-06-24,09,駐車（輪）場,駐車（輪）場,60-64歳,その他,施錠した
窃盗,自転車盗,千葉中央,京成千葉中央駅前,121011,千葉県,千葉市中央区,本千葉町,2023-07-14,08,駐車（輪）場,駐車（輪）場,10歳代,大学生,施錠せず
窃盗,自転車盗,千葉中央,京成千葉中央駅前,121011,千葉県,千葉市中央区,本千葉町,2023-09-16,09,駐車（輪）場,駐車（輪）場,20歳代,その他,施錠せず
窃盗,自転車盗,千葉中央,京成千葉中央駅前,121011,千葉県,千葉市中央区,本千葉町,2023-10-20,09,駐車（輪）場,駐車（輪）場,20歳代,その他,施錠せず
窃盗,自転車盗,千葉中央,京成千葉中央駅前,121011,千葉県,千葉市中央区,港町,2023-07-29,08,駐車（輪）場,駐車（輪）場,20歳代,その他,施錠した
窃盗,自転車盗,千葉中央,千葉公園前,121011,千葉県,千葉市中央区,椿森１丁目,2022-11-14,06,駐車（輪）場,駐車（輪）場,10歳代,高校生,施錠せず
窃盗,自転車盗,千葉中央,千葉公園前,121011,千葉県,千葉市中央区,椿森１丁目,2022-12-24,11,その他の住宅（３階建て以下共同住宅等）,駐車（輪）場,10歳代,高校生,施錠した
窃盗,自転車盗,千葉中央,千葉公園前,121011,千葉県,千葉市中央区,椿森１丁目,2023-03-10,10,その他の住宅（３階建て以下共同住宅等）,駐車（輪）場,40歳代,その他,施錠せず
窃盗,自転車盗,千葉中央,千葉公園前,121011,千葉県,千葉市中央区,椿森１丁目,2023-10-14,00,駐車（輪）場,駐車（輪）場,20歳代,その他,施錠せず
窃盗,自転車盗,千葉中央,千葉公園前,121011,千葉県,千葉市中央区,椿森１丁目,2023-10-30,06,駐車（輪）場,駐車（輪）場,50歳代,その他,施錠した
窃盗,自転車盗,千葉中央,千葉公園前,121011,千葉県,千葉市中央区,椿森１丁目,2023-11-21,12,駐車（輪）場,駐車（輪）場,30歳代,その他,施錠した
窃盗,自転車盗,千葉中央,千葉公園前,121011,千葉県,千葉市中央区,椿森１丁目,2023-12-21,22,その他の住宅（３階建て以下共同住宅等）,駐車（輪）場,20歳代,大学生,施錠せず
窃盗,自転車盗,千葉中央,千葉公園前,121011,千葉県,千葉市中央区,椿森１丁目,2023-12-23,13,駐車（輪）場,駐車（輪）場,10歳代,高校生,施錠せず
窃盗,自転車盗,千葉中央,千葉公園前,121011,千葉県,千葉市中央区,椿森２丁目,2023-04-14,23,一戸建住宅,その他,40歳代,その他,施錠せず
窃盗,自転車盗,千葉中央,千葉公園前,121011,千葉県,千葉市中央区,椿森２丁目,2023-06-02,18,その他の住宅（３階建て以下共同住宅等）,駐車（輪）場,20歳代,その他,施錠した
窃盗,自転車盗,千葉中央,千葉公園前,121011,千葉県,千葉市中央区,椿森３丁目,2023-07-18,18,その他の住宅（３階建て以下共同住宅等）,駐車（輪）場,30歳代,その他,施錠した
窃盗,自転車盗,千葉中央,千葉公園前,121011,千葉県,千葉市中央区,椿森３丁目,2023-07-18,18,その他の住宅（３階建て以下共同住宅等）,駐車（輪）場,30歳代,その他,施錠した
窃盗,自転車盗,千葉中央,千葉公園前,121011,千葉県,千葉市中央区,椿森３丁目,2023-08-25,10,その他の住宅（３階建て以下共同住宅等）,駐車（輪）場,20歳代,その他,施錠せず
窃盗,自転車盗,千葉中央,千葉公園前,121011,千葉県,千葉市中央区,椿森３丁目,2023-09-25,18,その他の住宅（３階建て以下共同住宅等）,駐車（輪）場,40歳代,その他,施錠した
窃盗,自転車盗,千葉中央,千葉公園前,121011,千葉県,千葉市中央区,椿森３丁目,2023-09-25,19,その他の住宅（３階建て以下共同住宅等）,駐車（輪）場,20歳代,その他,施錠せず
窃盗,自転車盗,千葉中央,千葉公園前,121011,千葉県,千葉市中央区,椿森５丁目,2023-06-01,09,４階建て以上共同住宅,駐車（輪）場,40歳代,その他,施錠した
窃盗,自転車盗,千葉中央,千葉公園前,121011,千葉県,千葉市中央区,東千葉２丁目,2023-03-23,17,一戸建住宅,その他,10歳代,中学生,施錠せず
窃盗,自転車盗,千葉中央,千葉公園前,121011,千葉県,千葉市中央区,東千葉２丁目,2023-08-23,00,４階建て以上共同住宅,駐車（輪）場,20歳代,その他,施錠した
窃盗,自転車盗,千葉中央,千葉公園前,121011,千葉県,千葉市中央区,東千葉２丁目,2023-10-12,18,４階建て以上共同住宅,駐車（輪）場,10歳代,高校生,施錠せず
窃盗,自転車盗,千葉中央,千葉公園前,121011,千葉県,千葉市中央区,東千葉２丁目,2023-10-13,20,４階建て以上共同住宅,駐車（輪）場,20歳代,その他,施錠せず
窃盗,自転車盗,千葉中央,千葉公園前,121011,千葉県,千葉市中央区,東千葉２丁目,2023-10-23,06,その他の住宅（３階建て以下共同住宅等）,駐車（輪）場,40歳代,その他,施錠した
窃盗,自転車盗,千葉中央,千葉公園前,121011,千葉県,千葉市中央区,東千葉２丁目,2023-11-18,18,その他,駐車（輪）場,20歳代,その他,施錠せず
窃盗,自転車盗,千葉中央,千葉公園前,121011,千葉県,千葉市中央区,東千葉３丁目,2023-07-23,14,その他,駐車（輪）場,10歳代,高校生,施錠せず
窃盗,自転車盗,千葉中央,千葉公園前,121011,千葉県,千葉市中央区,弁天２丁目,2023-09-24,08,駐車（輪）場,駐車（輪）場,20歳代,大学生,施錠せず
窃盗,自転車盗,千葉中央,千葉公園前,121011,千葉県,千葉市中央区,弁天３丁目,2023-05-29,18,その他の住宅（３階建て以下共同住宅等）,その他,30歳代,その他,施錠せず
窃盗,自転車盗,千葉中央,千葉公園前,121011,千葉県,千葉市中央区,弁天３丁目,2023-06-10,21,その他,その他,10歳代,高校生,施錠した
窃盗,自転車盗,千葉中央,千葉公園前,121011,千葉県,千葉市中央区,弁天３丁目,2023-07-06,06,駐車（輪）場,駐車（輪）場,30歳代,その他,施錠した
窃盗,自転車盗,千葉中央,千葉公園前,121011,千葉県,千葉市中央区,弁天３丁目,2023-07-09,15,その他,駐車（輪）場,70歳以上,その他,施錠せず
窃盗,自転車盗,千葉中央,千葉公園前,121011,千葉県,千葉市中央区,弁天３丁目,2023-07-30,11,その他の住宅（３階建て以下共同住宅等）,駐車（輪）場,30歳代,その他,施錠せず
窃盗,自転車盗,千葉中央,千葉公園前,121011,千葉県,千葉市中央区,弁天３丁目,2023-10-01,08,その他の住宅（３階建て以下共同住宅等）,駐車（輪）場,20歳代,その他,施錠した
窃盗,自転車盗,千葉中央,千葉公園前,121011,千葉県,千葉市中央区,弁天３丁目,2023-10-20,00,道路上,その他,40歳代,その他,施錠せず
窃盗,自転車盗,千葉中央,千葉公園前,121011,千葉県,千葉市中央区,弁天４丁目,2023-01-08,14,４階建て以上共同住宅,駐車（輪）場,20歳代,その他,施錠した
窃盗,自転車盗,千葉中央,千葉公園前,121011,千葉県,千葉市中央区,弁天４丁目,2023-02-07,19,その他,駐車（輪）場,30歳代,その他,施錠せず
窃盗,自転車盗,千葉中央,千葉公園前,121011,千葉県,千葉市中央区,弁天４丁目,2023-07-25,17,その他,駐車（輪）場,50歳代,その他,施錠した
窃盗,自転車盗,千葉中央,千葉公園前,121011,千葉県,千葉市中央区,弁天４丁目,2023-07-29,20,その他の住宅（３階建て以下共同住宅等）,その他,20歳代,大学生,施錠せず
窃盗,自転車盗,千葉中央,千葉公園前,121011,千葉県,千葉市中央区,弁天４丁目,2023-11-10,21,その他の住宅（３階建て以下共同住宅等）,駐車（輪）場,30歳代,その他,施錠せず
窃盗,自転車盗,千葉中央,千葉寺駅前,121011,千葉県,千葉市中央区,青葉町,2023-03-01,17,その他の住宅（３階建て以下共同住宅等）,駐車（輪）場,10歳代,小学生,施錠せず
窃盗,自転車盗,千葉中央,千葉寺駅前,121011,千葉県,千葉市中央区,青葉町,2023-10-12,01,４階建て以上共同住宅,駐車（輪）場,10歳代,その他,施錠した
窃盗,自転車盗,千葉中央,千葉寺駅前,121011,千葉県,千葉市中央区,稲荷町１丁目,2023-05-17,21,一戸建住宅,駐車（輪）場,10歳代,大学生,施錠せず
窃盗,自転車盗,千葉中央,千葉寺駅前,121011,千葉県,千葉市中央区,稲荷町１丁目,2023-10-22,22,その他の住宅（３階建て以下共同住宅等）,駐車（輪）場,10歳代,高校生,施錠した
窃盗,自転車盗,千葉中央,千葉寺駅前,121011,千葉県,千葉市中央区,稲荷町１丁目,2023-12-15,11,その他の住宅（３階建て以下共同住宅等）,駐車（輪）場,30歳代,その他,施錠せず
窃盗,自転車盗,千葉中央,千葉寺駅前,121011,千葉県,千葉市中央区,稲荷町２丁目,2023-02-27,19,道路上,その他,50歳代,その他,施錠せず
窃盗,自転車盗,千葉中央,千葉寺駅前,121011,千葉県,千葉市中央区,稲荷町２丁目,2023-03-29,15,その他の住宅（３階建て以下共同住宅等）,その他,20歳代,その他,施錠せず
窃盗,自転車盗,千葉中央,千葉寺駅前,121011,千葉県,千葉市中央区,稲荷町２丁目,2023-05-06,10,一戸建住宅,駐車（輪）場,40歳代,その他,施錠した
窃盗,自転車盗,千葉中央,千葉寺駅前,121011,千葉県,千葉市中央区,稲荷町２丁目,2023-06-23,23,その他の住宅（３階建て以下共同住宅等）,駐車（輪）場,20歳代,その他,施錠した
窃盗,自転車盗,千葉中央,千葉寺駅前,121011,千葉県,千葉市中央区,稲荷町３丁目,2023-10-25,18,駐車（輪）場,駐車（輪）場,20歳代,その他,施錠せず
窃盗,自転車盗,千葉中央,千葉寺駅前,121011,千葉県,千葉市中央区,末広３丁目,2023-03-13,22,その他の住宅（３階建て以下共同住宅等）,その他,50歳代,その他,施錠した
窃盗,自転車盗,千葉中央,千葉寺駅前,121011,千葉県,千葉市中央区,末広３丁目,2023-04-11,19,その他の住宅（３階建て以下共同住宅等）,駐車（輪）場,30歳代,その他,施錠した
窃盗,自転車盗,千葉中央,千葉寺駅前,121011,千葉県,千葉市中央区,末広３丁目,2023-10-18,06,その他の住宅（３階建て以下共同住宅等）,駐車（輪）場,20歳代,その他,施錠した
窃盗,自転車盗,千葉中央,千葉寺駅前,121011,千葉県,千葉市中央区,末広４丁目,2023-10-07,00,一戸建住宅,その他,50歳代,その他,施錠せず
窃盗,自転車盗,千葉中央,千葉寺駅前,121011,千葉県,千葉市中央区,末広５丁目,2023-11-09,16,その他の住宅（３階建て以下共同住宅等）,駐車（輪）場,20歳代,その他,施錠した
窃盗,自転車盗,千葉中央,千葉寺駅前,121011,千葉県,千葉市中央区,千葉寺町,2023-02-08,23,その他の住宅（３階建て以下共同住宅等）,駐車（輪）場,10歳代,その他,施錠せず
窃盗,自転車盗,千葉中央,千葉寺駅前,121011,千葉県,千葉市中央区,千葉寺町,2023-02-25,15,その他の住宅（３階建て以下共同住宅等）,駐車（輪）場,30歳代,その他,施錠した
窃盗,自転車盗,千葉中央,千葉寺駅前,121011,千葉県,千葉市中央区,千葉寺町,2023-03-13,05,その他,駐車（輪）場,50歳代,その他,施錠せず
窃盗,自転車盗,千葉中央,千葉寺駅前,121011,千葉県,千葉市中央区,千葉寺町,2023-04-02,08,４階建て以上共同住宅,駐車（輪）場,50歳代,その他,施錠した
窃盗,自転車盗,千葉中央,千葉寺駅前,121011,千葉県,千葉市中央区,千葉寺町,2023-04-09,14,その他,駐車（輪）場,20歳代,その他,施錠した
窃盗,自転車盗,千葉中央,千葉寺駅前,121011,千葉県,千葉市中央区,千葉寺町,2023-05-02,07,駐車（輪）場,駐車（輪）場,10歳代,高校生,施錠せず
窃盗,自転車盗,千葉中央,千葉寺駅前,121011,千葉県,千葉市中央区,千葉寺町,2023-06-08,20,駐車（輪）場,駐車（輪）場,10歳代,高校生,施錠した
窃盗,自転車盗,千葉中央,千葉寺駅前,121011,千葉県,千葉市中央区,千葉寺町,2023-07-02,20,道路上,その他,40歳代,その他,施錠せず
窃盗,自転車盗,千葉中央,千葉寺駅前,121011,千葉県,千葉市中央区,千葉寺町,2023-08-23,18,その他の住宅（３階建て以下共同住宅等）,その他,30歳代,その他,施錠した
窃盗,自転車盗,千葉中央,千葉寺駅前,121011,千葉県,千葉市中央区,千葉寺町,2023-08-24,21,その他の住宅（３階建て以下共同住宅等）,駐車（輪）場,20歳代,その他,施錠した
窃盗,自転車盗,千葉中央,千葉寺駅前,121011,千葉県,千葉市中央区,千葉寺町,2023-10-07,15,駐車（輪）場,駐車（輪）場,20歳代,その他,施錠せず
窃盗,自転車盗,千葉中央,千葉寺駅前,121011,千葉県,千葉市中央区,千葉寺町,2023-12-03,10,その他,駐車（輪）場,10歳代,高校生,施錠せず
窃盗,自転車盗,千葉中央,千葉寺駅前,121011,千葉県,千葉市中央区,千葉寺町,不明,不明,その他,その他,50歳代,その他,施錠せず
窃盗,自転車盗,千葉中央,千葉駅前,121011,千葉県,千葉市中央区,春日２丁目,2023-05-20,22,道路上,その他,50歳代,その他,施錠した
窃盗,自転車盗,千葉中央,千葉駅前,121011,千葉県,千葉市中央区,新千葉１丁目,2023-01-17,05,駐車（輪）場,駐車（輪）場,70歳以上,その他,施錠せず
窃盗,自転車盗,千葉中央,千葉駅前,121011,千葉県,千葉市中央区,新千葉１丁目,2023-03-03,17,道路上,その他,10歳代,その他,施錠せず
窃盗,自転車盗,千葉中央,千葉駅前,121011,千葉県,千葉市中央区,新千葉１丁目,2023-07-03,17,道路上,その他,10歳代,中学生,施錠せず
窃盗,自転車盗,千葉中央,千葉駅前,121011,千葉県,千葉市中央区,新千葉１丁目,2023-07-19,08,その他,駐車（輪）場,40歳代,その他,施錠した
窃盗,自転車盗,千葉中央,千葉駅前,121011,千葉県,千葉市中央区,新千葉１丁目,2023-07-27,22,道路上,その他,10歳代,大学生,施錠せず
窃盗,自転車盗,千葉中央,千葉駅前,121011,千葉県,千葉市中央区,新千葉１丁目,2023-08-16,08,駐車（輪）場,駐車（輪）場,10歳代,高校生,施錠せず
窃盗,自転車盗,千葉中央,千葉駅前,121011,千葉県,千葉市中央区,新千葉１丁目,2023-09-10,11,その他,駐車（輪）場,20歳代,大学生,施錠した
窃盗,自転車盗,千葉中央,千葉駅前,121011,千葉県,千葉市中央区,新千葉１丁目,2023-10-29,21,駐車（輪）場,駐車（輪）場,10歳代,高校生,施錠せず
窃盗,自転車盗,千葉中央,千葉駅前,121011,千葉県,千葉市中央区,新千葉１丁目,2023-11-03,02,その他,その他,20歳代,その他,施錠せず
窃盗,自転車盗,千葉中央,千葉駅前,121011,千葉県,千葉市中央区,新千葉１丁目,2023-11-14,12,道路上,その他,40歳代,その他,施錠した
窃盗,自転車盗,千葉中央,千葉駅前,121011,千葉県,千葉市中央区,新千葉１丁目,不明,不明,駐車（輪）場,駐車（輪）場,30歳代,その他,施錠した
窃盗,自転車盗,千葉中央,千葉駅前,121011,千葉県,千葉市中央区,新千葉３丁目,2023-09-13,22,その他の住宅（３階建て以下共同住宅等）,駐車（輪）場,20歳代,大学生,施錠せず
窃盗,自転車盗,千葉中央,千葉駅前,121011,千葉県,千葉市中央区,新町,2023-02-02,18,駐車（輪）場,駐車（輪）場,20歳代,その他,施錠した
窃盗,自転車盗,千葉中央,千葉駅前,121011,千葉県,千葉市中央区,新町,2023-06-14,05,駐車（輪）場,駐車（輪）場,70歳以上,その他,施錠した
窃盗,自転車盗,千葉中央,千葉駅前,121011,千葉県,千葉市中央区,新町,2023-07-13,11,その他,駐車（輪）場,50歳代,その他,施錠せず
窃盗,自転車盗,千葉中央,千葉駅前,121011,千葉県,千葉市中央区,新町,2023-07-13,12,その他,駐車（輪）場,30歳代,その他,施錠した
窃盗,自転車盗,千葉中央,千葉駅前,121011,千葉県,千葉市中央区,新町,2023-08-05,11,その他,駐車（輪）場,20歳代,大学生,施錠した
窃盗,自転車盗,千葉中央,千葉駅前,121011,千葉県,千葉市中央区,新町,2023-08-26,17,駐車（輪）場,駐車（輪）場,10歳代,その他,施錠せず
窃盗,自転車盗,千葉中央,千葉駅前,121011,千葉県,千葉市中央区,新町,2023-08-26,18,その他,駐車（輪）場,10歳代,大学生,施錠せず
窃盗,自転車盗,千葉中央,千葉駅前,121011,千葉県,千葉市中央区,新町,2023-10-18,15,その他,駐車（輪）場,20歳代,その他,施錠せず
窃盗,自転車盗,千葉中央,千葉駅前,121011,千葉県,千葉市中央区,新町,2023-12-06,17,駐車（輪）場,駐車（輪）場,10歳代,高校生,施錠せず
窃盗,自転車盗,千葉中央,千葉駅前,121011,千葉県,千葉市中央区,富士見１丁目,2022-12-27,22,駐車（輪）場,駐車（輪）場,10歳代,大学生,施錠した
窃盗,自転車盗,千葉中央,千葉駅前,121011,千葉県,千葉市中央区,富士見１丁目,2023-01-04,17,その他,その他,10歳代,大学生,施錠した
窃盗,自転車盗,千葉中央,千葉駅前,121011,千葉県,千葉市中央区,富士見１丁目,2023-01-11,16,その他,駐車（輪）場,10歳代,高校生,施錠せず
窃盗,自転車盗,千葉中央,千葉駅前,121011,千葉県,千葉市中央区,富士見１丁目,2023-02-01,16,駐車（輪）場,駐車（輪）場,10歳代,大学生,施錠した
窃盗,自転車盗,千葉中央,千葉駅前,121011,千葉県,千葉市中央区,富士見１丁目,2023-02-18,18,駐車（輪）場,駐車（輪）場,20歳代,大学生,施錠せず
窃盗,自転車盗,千葉中央,千葉駅前,121011,千葉県,千葉市中央区,富士見１丁目,2023-02-24,17,その他,その他,10歳代,大学生,施錠せず
窃盗,自転車盗,千葉中央,千葉駅前,121011,千葉県,千葉市中央区,富士見１丁目,2023-03-28,17,駐車（輪）場,駐車（輪）場,10歳代,その他,施錠せず
窃盗,自転車盗,千葉中央,千葉駅前,121011,千葉県,千葉市中央区,富士見１丁目,2023-05-14,23,駐車（輪）場,駐車（輪）場,30歳代,その他,施錠した
窃盗,自転車盗,千葉中央,千葉駅前,121011,千葉県,千葉市中央区,富士見１丁目,2023-05-27,12,その他,駐車（輪）場,10歳代,高校生,施錠せず
窃盗,自転車盗,千葉中央,千葉駅前,121011,千葉県,千葉市中央区,富士見１丁目,2023-06-06,08,駐車（輪）場,駐車（輪）場,20歳代,その他,施錠した
窃盗,自転車盗,千葉中央,千葉駅前,121011,千葉県,千葉市中央区,富士見１丁目,2023-06-19,21,駐車（輪）場,駐車（輪）場,20歳代,その他,施錠した
窃盗,自転車盗,千葉中央,千葉駅前,121011,千葉県,千葉市中央区,富士見１丁目,2023-06-24,09,駐車（輪）場,駐車（輪）場,30歳代,その他,施錠せず
窃盗,自転車盗,千葉中央,千葉駅前,121011,千葉県,千葉市中央区,富士見１丁目,2023-07-11,07,駐車（輪）場,駐車（輪）場,10歳代,高校生,施錠せず
窃盗,自転車盗,千葉中央,千葉駅前,121011,千葉県,千葉市中央区,富士見１丁目,2023-08-16,16,駐車（輪）場,駐車（輪）場,20歳代,その他,施錠せず
窃盗,自転車盗,千葉中央,千葉駅前,121011,千葉県,千葉市中央区,富士見１丁目,2023-09-10,08,道路上,その他,10歳代,その他,施錠せず
窃盗,自転車盗,千葉中央,千葉駅前,121011,千葉県,千葉市中央区,富士見１丁目,2023-09-10,08,駐車（輪）場,駐車（輪）場,50歳代,その他,施錠した
窃盗,自転車盗,千葉中央,千葉駅前,121011,千葉県,千葉市中央区,富士見１丁目,2023-10-18,06,道路上,その他,20歳代,その他,施錠せず
窃盗,自転車盗,千葉中央,千葉駅前,121011,千葉県,千葉市中央区,富士見１丁目,2023-10-27,06,駐車（輪）場,駐車（輪）場,20歳代,その他,施錠せず
窃盗,自転車盗,千葉中央,千葉駅前,121011,千葉県,千葉市中央区,富士見１丁目,2023-11-23,13,駐車（輪）場,駐車（輪）場,10歳代,高校生,施錠せず
窃盗,自転車盗,千葉中央,千葉駅前,121011,千葉県,千葉市中央区,富士見１丁目,2023-12-29,23,駐車（輪）場,駐車（輪）場,20歳代,大学生,施錠せず
窃盗,自転車盗,千葉中央,千葉駅前,121011,千葉県,千葉市中央区,富士見２丁目,2022-11-30,14,駐車（輪）場,駐車（輪）場,20歳代,その他,施錠せず
窃盗,自転車盗,千葉中央,千葉駅前,121011,千葉県,千葉市中央区,富士見２丁目,2022-12-31,00,駐車（輪）場,駐車（輪）場,30歳代,その他,施錠せず
窃盗,自転車盗,千葉中央,千葉駅前,121011,千葉県,千葉市中央区,富士見２丁目,2023-02-22,23,駐車（輪）場,駐車（輪）場,20歳代,大学生,施錠せず
窃盗,自転車盗,千葉中央,千葉駅前,121011,千葉県,千葉市中央区,富士見２丁目,2023-02-23,15,駐車（輪）場,駐車（輪）場,10歳代,大学生,施錠した
窃盗,自転車盗,千葉中央,千葉駅前,121011,千葉県,千葉市中央区,富士見２丁目,2023-03-11,18,駐車（輪）場,駐車（輪）場,10歳代,中学生,施錠せず
窃盗,自転車盗,千葉中央,千葉駅前,121011,千葉県,千葉市中央区,富士見２丁目,2023-04-14,22,駐車（輪）場,駐車（輪）場,20歳代,大学生,施錠した
窃盗,自転車盗,千葉中央,千葉駅前,121011,千葉県,千葉市中央区,富士見２丁目,2023-04-19,09,駐車（輪）場,駐車（輪）場,20歳代,その他,施錠した
窃盗,自転車盗,千葉中央,千葉駅前,121011,千葉県,千葉市中央区,富士見２丁目,2023-05-09,11,駐車（輪）場,駐車（輪）場,50歳代,その他,施錠した
窃盗,自転車盗,千葉中央,千葉駅前,121011,千葉県,千葉市中央区,富士見２丁目,2023-05-27,18,その他,駐車（輪）場,40歳代,その他,施錠せず
窃盗,自転車盗,千葉中央,千葉駅前,121011,千葉県,千葉市中央区,富士見２丁目,2023-05-31,20,駐車（輪）場,駐車（輪）場,10歳代,大学生,施錠した
窃盗,自転車盗,千葉中央,千葉駅前,121011,千葉県,千葉市中央区,富士見２丁目,2023-06-10,18,駐車（輪）場,駐車（輪）場,10歳代,大学生,施錠せず
窃盗,自転車盗,千葉中央,千葉駅前,121011,千葉県,千葉市中央区,富士見２丁目,2023-06-10,22,駐車（輪）場,駐車（輪）場,10歳代,大学生,施錠せず
窃盗,自転車盗,千葉中央,千葉駅前,121011,千葉県,千葉市中央区,富士見２丁目,2023-06-10,22,駐車（輪）場,駐車（輪）場,20歳代,その他,施錠せず
窃盗,自転車盗,千葉中央,千葉駅前,121011,千葉県,千葉市中央区,富士見２丁目,2023-06-17,16,駐車（輪）場,駐車（輪）場,20歳代,その他,施錠せず
窃盗,自転車盗,千葉中央,千葉駅前,121011,千葉県,千葉市中央区,富士見２丁目,2023-07-01,10,駐車（輪）場,駐車（輪）場,20歳代,その他,施錠せず
窃盗,自転車盗,千葉中央,千葉駅前,121011,千葉県,千葉市中央区,富士見２丁目,2023-07-01,20,駐車（輪）場,駐車（輪）場,20歳代,大学生,施錠した
窃盗,自転車盗,千葉中央,千葉駅前,121011,千葉県,千葉市中央区,富士見２丁目,2023-07-12,20,駐車（輪）場,駐車（輪）場,10歳代,高校生,施錠せず
窃盗,自転車盗,千葉中央,千葉駅前,121011,千葉県,千葉市中央区,富士見２丁目,2023-07-23,04,駐車（輪）場,駐車（輪）場,20歳代,大学生,施錠せず
窃盗,自転車盗,千葉中央,千葉駅前,121011,千葉県,千葉市中央区,富士見２丁目,2023-08-01,12,駐車（輪）場,駐車（輪）場,10歳代,大学生,施錠せず
窃盗,自転車盗,千葉中央,千葉駅前,121011,千葉県,千葉市中央区,富士見２丁目,2023-08-10,10,駐車（輪）場,駐車（輪）場,10歳代,大学生,施錠せず
窃盗,自転車盗,千葉中央,千葉駅前,121011,千葉県,千葉市中央区,富士見２丁目,2023-08-18,10,駐車（輪）場,駐車（輪）場,20歳代,大学生,施錠せず
窃盗,自転車盗,千葉中央,千葉駅前,121011,千葉県,千葉市中央区,富士見２丁目,2023-08-22,08,駐車（輪）場,駐車（輪）場,20歳代,その他,施錠した
窃盗,自転車盗,千葉中央,千葉駅前,121011,千葉県,千葉市中央区,富士見２丁目,2023-08-22,18,駐車（輪）場,駐車（輪）場,20歳代,その他,施錠せず
窃盗,自転車盗,千葉中央,千葉駅前,121011,千葉県,千葉市中央区,富士見２丁目,2023-09-13,18,駐車（輪）場,駐車（輪）場,20歳代,大学生,施錠した
窃盗,自転車盗,千葉中央,千葉駅前,121011,千葉県,千葉市中央区,富士見２丁目,2023-09-30,13,駐車（輪）場,駐車（輪）場,40歳代,その他,施錠せず
窃盗,自転車盗,千葉中央,千葉駅前,121011,千葉県,千葉市中央区,富士見２丁目,2023-10-02,06,その他,その他,10歳代,大学生,施錠せず
窃盗,自転車盗,千葉中央,千葉駅前,121011,千葉県,千葉市中央区,富士見２丁目,2023-10-07,18,駐車（輪）場,駐車（輪）場,10歳代,中学生,施錠せず
窃盗,自転車盗,千葉中央,千葉駅前,121011,千葉県,千葉市中央区,富士見２丁目,2023-10-10,07,駐車（輪）場,駐車（輪）場,20歳代,その他,施錠した
窃盗,自転車盗,千葉中央,千葉駅前,121011,千葉県,千葉市中央区,富士見２丁目,2023-10-15,16,駐車（輪）場,駐車（輪）場,20歳代,その他,施錠せず
窃盗,自転車盗,千葉中央,千葉駅前,121011,千葉県,千葉市中央区,富士見２丁目,2023-10-18,19,駐車（輪）場,駐車（輪）場,20歳代,大学生,施錠した
窃盗,自転車盗,千葉中央,千葉駅前,121011,千葉県,千葉市中央区,富士見２丁目,2023-10-19,00,駐車（輪）場,駐車（輪）場,20歳代,大学生,施錠せず
窃盗,自転車盗,千葉中央,千葉駅前,121011,千葉県,千葉市中央区,富士見２丁目,2023-10-20,13,駐車（輪）場,駐車（輪）場,50歳代,その他,施錠せず
窃盗,自転車盗,千葉中央,千葉駅前,121011,千葉県,千葉市中央区,富士見２丁目,2023-10-22,19,駐車（輪）場,駐車（輪）場,10歳代,大学生,施錠した
窃盗,自転車盗,千葉中央,千葉駅前,121011,千葉県,千葉市中央区,富士見２丁目,2023-10-22,21,駐車（輪）場,駐車（輪）場,20歳代,大学生,施錠せず
窃盗,自転車盗,千葉中央,千葉駅前,121011,千葉県,千葉市中央区,富士見２丁目,2023-10-24,07,駐車（輪）場,駐車（輪）場,10歳代,高校生,施錠した
窃盗,自転車盗,千葉中央,千葉駅前,121011,千葉県,千葉市中央区,富士見２丁目,2023-11-06,13,駐車（輪）場,駐車（輪）場,20歳代,その他,施錠せず
窃盗,自転車盗,千葉中央,千葉駅前,121011,千葉県,千葉市中央区,富士見２丁目,2023-11-19,20,駐車（輪）場,駐車（輪）場,50歳代,その他,施錠せず
窃盗,自転車盗,千葉中央,千葉駅前,121011,千葉県,千葉市中央区,富士見２丁目,2023-12-04,20,駐車（輪）場,駐車（輪）場,20歳代,大学生,施錠せず
窃盗,自転車盗,千葉中央,千葉駅前,121011,千葉県,千葉市中央区,富士見２丁目,2023-12-07,19,駐車（輪）場,駐車（輪）場,10歳代,高校生,施錠せず
窃盗,自転車盗,千葉中央,千葉駅前,121011,千葉県,千葉市中央区,富士見２丁目,2023-12-11,20,駐車（輪）場,駐車（輪）場,20歳代,その他,施錠せず
窃盗,自転車盗,千葉中央,千葉駅前,121011,千葉県,千葉市中央区,弁天１丁目,2023-02-02,07,駐車（輪）場,駐車（輪）場,10歳代,高校生,施錠した
窃盗,自転車盗,千葉中央,千葉駅前,121011,千葉県,千葉市中央区,弁天１丁目,2023-04-30,21,駐車（輪）場,駐車（輪）場,20歳代,その他,施錠した
窃盗,自転車盗,千葉中央,千葉駅前,121011,千葉県,千葉市中央区,弁天１丁目,2023-06-09,16,駐車（輪）場,駐車（輪）場,20歳代,大学生,施錠した
窃盗,自転車盗,千葉中央,千葉駅前,121011,千葉県,千葉市中央区,弁天１丁目,2023-07-20,22,駐車（輪）場,駐車（輪）場,10歳代,その他,施錠せず
窃盗,自転車盗,千葉中央,千葉駅前,121011,千葉県,千葉市中央区,弁天１丁目,2023-07-21,17,駐車（輪）場,駐車（輪）場,20歳代,その他,施錠せず
窃盗,自転車盗,千葉中央,千葉駅前,121011,千葉県,千葉市中央区,弁天１丁目,2023-07-26,04,駐車（輪）場,駐車（輪）場,10歳代,高校生,施錠せず
窃盗,自転車盗,千葉中央,千葉駅前,121011,千葉県,千葉市中央区,弁天１丁目,2023-08-07,09,その他,駐車（輪）場,10歳代,高校生,施錠せず
窃盗,自転車盗,千葉中央,千葉駅前,121011,千葉県,千葉市中央区,弁天１丁目,2023-08-08,11,駐車（輪）場,駐車（輪）場,20歳代,その他,施錠せず
窃盗,自転車盗,千葉中央,千葉駅前,121011,千葉県,千葉市中央区,弁天１丁目,2023-09-14,06,駐車（輪）場,駐車（輪）場,30歳代,その他,施錠した
窃盗,自転車盗,千葉中央,千葉駅前,121011,千葉県,千葉市中央区,弁天１丁目,2023-09-16,18,駐車（輪）場,駐車（輪）場,20歳代,その他,施錠せず
窃盗,自転車盗,千葉中央,千葉駅前,121011,千葉県,千葉市中央区,弁天１丁目,2023-09-19,17,駐車（輪）場,駐車（輪）場,20歳代,大学生,施錠した
窃盗,自転車盗,千葉中央,千葉駅前,121011,千葉県,千葉市中央区,弁天１丁目,2023-10-21,13,道路上,その他,20歳代,大学生,施錠した
窃盗,自転車盗,千葉中央,千葉駅前,121011,千葉県,千葉市中央区,弁天１丁目,2023-10-22,13,駐車（輪）場,駐車（輪）場,10歳代,大学生,施錠した
窃盗,自転車盗,千葉中央,千葉駅前,121011,千葉県,千葉市中央区,弁天１丁目,2023-11-01,00,道路上,その他,50歳代,その他,施錠した
窃盗,自転車盗,千葉中央,千葉駅前,121011,千葉県,千葉市中央区,弁天１丁目,2023-11-24,07,駐車（輪）場,駐車（輪）場,10歳代,高校生,施錠せず
窃盗,自転車盗,千葉中央,千葉駅前,121011,千葉県,千葉市中央区,弁天２丁目,2022-12-26,20,駐車（輪）場,駐車（輪）場,20歳代,その他,施錠せず
窃盗,自転車盗,千葉中央,千葉駅前,121011,千葉県,千葉市中央区,弁天２丁目,2022-12-27,10,駐車（輪）場,駐車（輪）場,20歳代,大学生,施錠せず
窃盗,自転車盗,千葉中央,千葉駅前,121011,千葉県,千葉市中央区,弁天２丁目,2022-12-27,22,その他の住宅（３階建て以下共同住宅等）,その他,30歳代,その他,施錠した
窃盗,自転車盗,千葉中央,千葉駅前,121011,千葉県,千葉市中央区,弁天２丁目,2023-02-07,07,駐車（輪）場,駐車（輪）場,20歳代,大学生,施錠した
窃盗,自転車盗,千葉中央,千葉駅前,121011,千葉県,千葉市中央区,弁天２丁目,2023-03-07,17,駐車（輪）場,駐車（輪）場,20歳代,大学生,施錠せず
窃盗,自転車盗,千葉中央,千葉駅前,121011,千葉県,千葉市中央区,弁天２丁目,2023-03-11,06,駐車（輪）場,駐車（輪）場,20歳代,大学生,施錠せず
窃盗,自転車盗,千葉中央,千葉駅前,121011,千葉県,千葉市中央区,弁天２丁目,2023-03-27,07,駐車（輪）場,駐車（輪）場,20歳代,その他,施錠せず
窃盗,自転車盗,千葉中央,千葉駅前,121011,千葉県,千葉市中央区,弁天２丁目,2023-04-07,08,その他,駐車（輪）場,30歳代,その他,施錠せず
窃盗,自転車盗,千葉中央,千葉駅前,121011,千葉県,千葉市中央区,弁天２丁目,2023-05-17,09,駐車（輪）場,駐車（輪）場,20歳代,大学生,施錠した
窃盗,自転車盗,千葉中央,千葉駅前,121011,千葉県,千葉市中央区,弁天２丁目,2023-05-17,22,駐車（輪）場,駐車（輪）場,50歳代,その他,施錠した
窃盗,自転車盗,千葉中央,千葉駅前,121011,千葉県,千葉市中央区,弁天２丁目,2023-06-05,20,駐車（輪）場,駐車（輪）場,20歳代,大学生,施錠せず
窃盗,自転車盗,千葉中央,千葉駅前,121011,千葉県,千葉市中央区,弁天２丁目,2023-06-23,06,駐車（輪）場,駐車（輪）場,20歳代,大学生,施錠せず
窃盗,自転車盗,千葉中央,千葉駅前,121011,千葉県,千葉市中央区,弁天２丁目,2023-08-15,23,駐車（輪）場,駐車（輪）場,20歳代,大学生,施錠した
窃盗,自転車盗,千葉中央,千葉駅前,121011,千葉県,千葉市中央区,弁天２丁目,2023-08-20,02,駐車（輪）場,駐車（輪）場,20歳代,その他,施錠した
窃盗,自転車盗,千葉中央,千葉駅前,121011,千葉県,千葉市中央区,弁天２丁目,2023-09-10,19,その他の住宅（３階建て以下共同住宅等）,駐車（輪）場,10歳代,大学生,施錠した
窃盗,自転車盗,千葉中央,千葉駅前,121011,千葉県,千葉市中央区,弁天２丁目,2023-09-14,06,駐車（輪）場,駐車（輪）場,10歳代,大学生,施錠せず
窃盗,自転車盗,千葉中央,千葉駅前,121011,千葉県,千葉市中央区,弁天２丁目,2023-09-16,21,駐車（輪）場,駐車（輪）場,10歳代,高校生,施錠せず
窃盗,自転車盗,千葉中央,千葉駅前,121011,千葉県,千葉市中央区,弁天２丁目,2023-09-20,08,駐車（輪）場,駐車（輪）場,30歳代,その他,施錠せず
窃盗,自転車盗,千葉中央,千葉駅前,121011,千葉県,千葉市中央区,弁天２丁目,2023-09-21,07,駐車（輪）場,駐車（輪）場,20歳代,大学生,施錠せず
窃盗,自転車盗,千葉中央,千葉駅前,121011,千葉県,千葉市中央区,弁天２丁目,2023-09-30,09,駐車（輪）場,駐車（輪）場,30歳代,その他,施錠した
窃盗,自転車盗,千葉中央,千葉駅前,121011,千葉県,千葉市中央区,弁天２丁目,2023-09-30,14,駐車（輪）場,駐車（輪）場,20歳代,その他,施錠せず
窃盗,自転車盗,千葉中央,千葉駅前,121011,千葉県,千葉市中央区,弁天２丁目,2023-09-30,18,駐車（輪）場,駐車（輪）場,20歳代,大学生,施錠した
窃盗,自転車盗,千葉中央,千葉駅前,121011,千葉県,千葉市中央区,弁天２丁目,2023-10-14,08,駐車（輪）場,駐車（輪）場,10歳代,大学生,施錠せず
窃盗,自転車盗,千葉中央,千葉駅前,121011,千葉県,千葉市中央区,弁天２丁目,2023-10-21,14,駐車（輪）場,駐車（輪）場,20歳代,その他,施錠した
窃盗,自転車盗,千葉中央,千葉駅前,121011,千葉県,千葉市中央区,弁天２丁目,2023-10-27,17,駐車（輪）場,駐車（輪）場,10歳代,大学生,施錠せず
窃盗,自転車盗,千葉中央,千葉駅前,121011,千葉県,千葉市中央区,弁天２丁目,2023-10-29,11,駐車（輪）場,駐車（輪）場,20歳代,その他,施錠せず
窃盗,自転車盗,千葉中央,千葉駅前,121011,千葉県,千葉市中央区,弁天２丁目,2023-10-29,14,駐車（輪）場,駐車（輪）場,20歳代,大学生,施錠せず
窃盗,自転車盗,千葉中央,千葉駅前,121011,千葉県,千葉市中央区,弁天２丁目,2023-10-31,07,駐車（輪）場,駐車（輪）場,10歳代,その他,施錠せず
窃盗,自転車盗,千葉中央,千葉駅前,121011,千葉県,千葉市中央区,弁天２丁目,2023-11-02,05,駐車（輪）場,駐車（輪）場,30歳代,その他,施錠した
窃盗,自転車盗,千葉中央,千葉駅前,121011,千葉県,千葉市中央区,弁天２丁目,2023-11-06,19,駐車（輪）場,駐車（輪）場,20歳代,大学生,施錠せず
窃盗,自転車盗,千葉中央,千葉駅前,121011,千葉県,千葉市中央区,弁天２丁目,2023-11-10,19,駐車（輪）場,駐車（輪）場,10歳代,中学生,施錠した
窃盗,自転車盗,千葉中央,千葉駅前,121011,千葉県,千葉市中央区,弁天２丁目,2023-11-25,11,駐車（輪）場,駐車（輪）場,10歳代,高校生,施錠した
窃盗,自転車盗,千葉中央,千葉駅前,121011,千葉県,千葉市中央区,弁天２丁目,2023-12-09,08,駐車（輪）場,駐車（輪）場,20歳代,その他,施錠した
窃盗,自転車盗,千葉中央,星久喜,121011,千葉県,千葉市中央区,川戸町,2023-09-18,18,一戸建住宅,その他,50歳代,その他,施錠せず
窃盗,自転車盗,千葉中央,星久喜,121011,千葉県,千葉市中央区,仁戸名町,2023-01-07,12,一戸建住宅,その他,10歳代,高校生,施錠した
窃盗,自転車盗,千葉中央,星久喜,121011,千葉県,千葉市中央区,仁戸名町,2023-03-16,19,一戸建住宅,その他,10歳代,中学生,施錠せず
窃盗,自転車盗,千葉中央,星久喜,121011,千葉県,千葉市中央区,仁戸名町,2023-06-06,18,道路上,その他,60-64歳,その他,施錠した
窃盗,自転車盗,千葉中央,星久喜,121011,千葉県,千葉市中央区,仁戸名町,2023-06-08,09,一戸建住宅,駐車（輪）場,10歳代,高校生,施錠せず
窃盗,自転車盗,千葉中央,星久喜,121011,千葉県,千葉市中央区,仁戸名町,2023-06-09,16,一戸建住宅,駐車（輪）場,30歳代,その他,施錠せず
窃盗,自転車盗,千葉中央,星久喜,121011,千葉県,千葉市中央区,仁戸名町,2023-07-27,08,その他の住宅（３階建て以下共同住宅等）,その他,50歳代,その他,施錠せず
窃盗,自転車盗,千葉中央,星久喜,121011,千葉県,千葉市中央区,仁戸名町,2023-08-01,18,その他の住宅（３階建て以下共同住宅等）,駐車（輪）場,20歳代,大学生,施錠した
窃盗,自転車盗,千葉中央,星久喜,121011,千葉県,千葉市中央区,仁戸名町,2023-08-02,17,一戸建住宅,駐車（輪）場,20歳代,その他,施錠せず
窃盗,自転車盗,千葉中央,星久喜,121011,千葉県,千葉市中央区,仁戸名町,2023-08-14,10,その他の住宅（３階建て以下共同住宅等）,駐車（輪）場,10歳代,中学生,施錠せず
窃盗,自転車盗,千葉中央,星久喜,121011,千葉県,千葉市中央区,仁戸名町,2023-08-15,13,その他の住宅（３階建て以下共同住宅等）,その他,20歳代,その他,施錠せず
窃盗,自転車盗,千葉中央,星久喜,121011,千葉県,千葉市中央区,仁戸名町,2023-08-18,18,４階建て以上共同住宅,駐車（輪）場,10歳代,高校生,施錠せず
窃盗,自転車盗,千葉中央,星久喜,121011,千葉県,千葉市中央区,星久喜町,2023-03-13,23,その他の住宅（３階建て以下共同住宅等）,駐車（輪）場,50歳代,その他,施錠せず
窃盗,自転車盗,千葉中央,星久喜,121011,千葉県,千葉市中央区,星久喜町,2023-03-18,12,一戸建住宅,その他,10歳代,小学生,施錠せず
窃盗,自転車盗,千葉中央,星久喜,121011,千葉県,千葉市中央区,星久喜町,2023-07-09,23,一戸建住宅,駐車（輪）場,10歳代,高校生,施錠せず
窃盗,自転車盗,千葉中央,星久喜,121011,千葉県,千葉市中央区,星久喜町,2023-08-14,12,その他の住宅（３階建て以下共同住宅等）,その他,10歳代,中学生,施錠した
窃盗,自転車盗,千葉中央,星久喜,121011,千葉県,千葉市中央区,星久喜町,2023-11-16,07,その他の住宅（３階建て以下共同住宅等）,駐車（輪）場,10歳代,中学生,施錠した
窃盗,自転車盗,千葉中央,星久喜,121011,千葉県,千葉市中央区,星久喜町,2023-11-21,10,４階建て以上共同住宅,駐車（輪）場,20歳代,その他,施錠せず
窃盗,自転車盗,千葉中央,星久喜,121011,千葉県,千葉市中央区,松ケ丘町,2023-03-11,20,その他の住宅（３階建て以下共同住宅等）,駐車（輪）場,10歳代,中学生,施錠せず
窃盗,自転車盗,千葉中央,星久喜,121011,千葉県,千葉市中央区,松ケ丘町,2023-07-22,23,その他の住宅（３階建て以下共同住宅等）,駐車（輪）場,10歳代,高校生,施錠せず
窃盗,自転車盗,千葉中央,星久喜,121011,千葉県,千葉市中央区,松ケ丘町,2023-11-10,11,その他の住宅（３階建て以下共同住宅等）,駐車（輪）場,50歳代,その他,施錠した
窃盗,自転車盗,千葉中央,星久喜,121011,千葉県,千葉市中央区,松ケ丘町,2023-11-21,07,その他の住宅（３階建て以下共同住宅等）,駐車（輪）場,20歳代,大学生,施錠した
窃盗,自転車盗,千葉中央,本千葉駅前,121011,千葉県,千葉市中央区,市場町,2023-09-02,12,４階建て以上共同住宅,駐車（輪）場,40歳代,その他,施錠せず
窃盗,自転車盗,千葉中央,本千葉駅前,121011,千葉県,千葉市中央区,市場町,2023-09-21,08,駐車（輪）場,駐車（輪）場,60-64歳,その他,施錠せず
窃盗,自転車盗,千葉中央,本千葉駅前,121011,千葉県,千葉市中央区,亥鼻１丁目,2023-01-31,08,その他,駐車（輪）場,20歳代,大学生,施錠せず
窃盗,自転車盗,千葉中央,本千葉駅前,121011,千葉県,千葉市中央区,亥鼻１丁目,2023-05-16,10,その他,駐車（輪）場,30歳代,その他,施錠した
窃盗,自転車盗,千葉中央,本千葉駅前,121011,千葉県,千葉市中央区,亥鼻１丁目,2023-08-11,00,その他の住宅（３階建て以下共同住宅等）,駐車（輪）場,20歳代,その他,施錠した
窃盗,自転車盗,千葉中央,本千葉駅前,121011,千葉県,千葉市中央区,葛城１丁目,2023-02-08,16,その他の住宅（３階建て以下共同住宅等）,その他,20歳代,その他,施錠せず
窃盗,自転車盗,千葉中央,本千葉駅前,121011,千葉県,千葉市中央区,葛城２丁目,2023-03-04,08,その他の住宅（３階建て以下共同住宅等）,駐車（輪）場,20歳代,大学生,施錠した
窃盗,自転車盗,千葉中央,本千葉駅前,121011,千葉県,千葉市中央区,葛城３丁目,2023-01-21,17,その他の住宅（３階建て以下共同住宅等）,駐車（輪）場,10歳代,中学生,施錠せず
窃盗,自転車盗,千葉中央,本千葉駅前,121011,千葉県,千葉市中央区,葛城３丁目,2023-02-13,14,その他の住宅（３階建て以下共同住宅等）,駐車（輪）場,10歳代,大学生,施錠した
窃盗,自転車盗,千葉中央,本千葉駅前,121011,千葉県,千葉市中央区,葛城３丁目,2023-02-28,14,一戸建住宅,その他,70歳以上,その他,施錠せず
窃盗,自転車盗,千葉中央,本千葉駅前,121011,千葉県,千葉市中央区,寒川町２丁目,2023-04-05,09,道路上,その他,30歳代,その他,施錠せず
窃盗,自転車盗,千葉中央,本千葉駅前,121011,千葉県,千葉市中央区,寒川町３丁目,2023-02-01,21,その他の住宅（３階建て以下共同住宅等）,その他,20歳代,その他,施錠した
窃盗,自転車盗,千葉中央,本千葉駅前,121011,千葉県,千葉市中央区,寒川町３丁目,2023-06-11,21,その他,駐車（輪）場,40歳代,その他,施錠せず
窃盗,自転車盗,千葉中央,本千葉駅前,121011,千葉県,千葉市中央区,寒川町３丁目,2023-10-28,06,一戸建住宅,駐車（輪）場,10歳代,中学生,施錠した
窃盗,自転車盗,千葉中央,本千葉駅前,121011,千葉県,千葉市中央区,末広１丁目,2023-03-19,20,４階建て以上共同住宅,駐車（輪）場,10歳代,高校生,施錠せず
窃盗,自転車盗,千葉中央,本千葉駅前,121011,千葉県,千葉市中央区,末広１丁目,2023-04-20,21,駐車（輪）場,駐車（輪）場,20歳代,大学生,施錠せず
窃盗,自転車盗,千葉中央,本千葉駅前,121011,千葉県,千葉市中央区,末広４丁目,2023-10-03,17,その他,駐車（輪）場,20歳代,大学生,施錠した
窃盗,自転車盗,千葉中央,本千葉駅前,121011,千葉県,千葉市中央区,長洲１丁目,2023-03-12,17,４階建て以上共同住宅,駐車（輪）場,40歳代,その他,施錠した
窃盗,自転車盗,千葉中央,本千葉駅前,121011,千葉県,千葉市中央区,長洲１丁目,2023-04-20,18,４階建て以上共同住宅,駐車（輪）場,30歳代,その他,施錠せず
窃盗,自転車盗,千葉中央,本千葉駅前,121011,千葉県,千葉市中央区,長洲１丁目,2023-08-13,13,道路上,その他,20歳代,その他,施錠せず
窃盗,自転車盗,千葉中央,本千葉駅前,121011,千葉県,千葉市中央区,長洲１丁目,2023-08-30,17,４階建て以上共同住宅,駐車（輪）場,20歳代,その他,施錠した
窃盗,自転車盗,千葉中央,本千葉駅前,121011,千葉県,千葉市中央区,長洲２丁目,2023-08-06,17,その他の住宅（３階建て以下共同住宅等）,駐車（輪）場,40歳代,その他,施錠した
窃盗,自転車盗,千葉中央,本千葉駅前,121011,千葉県,千葉市中央区,長洲２丁目,2023-08-23,23,その他の住宅（３階建て以下共同住宅等）,駐車（輪）場,20歳代,大学生,施錠せず
窃盗,自転車盗,千葉中央,本千葉駅前,121011,千葉県,千葉市中央区,長洲２丁目,2023-08-29,17,その他の住宅（３階建て以下共同住宅等）,駐車（輪）場,20歳代,その他,施錠した
窃盗,自転車盗,千葉中央,本千葉駅前,121011,千葉県,千葉市中央区,長洲２丁目,2023-09-15,00,その他の住宅（３階建て以下共同住宅等）,駐車（輪）場,20歳代,その他,施錠せず
窃盗,自転車盗,千葉中央,本千葉駅前,121011,千葉県,千葉市中央区,富士見２丁目,2023-10-20,04,４階建て以上共同住宅,駐車（輪）場,20歳代,その他,施錠した
窃盗,自転車盗,千葉中央,本千葉駅前,121011,千葉県,千葉市中央区,本千葉町,2023-11-05,21,その他,その他,20歳代,その他,施錠せず
窃盗,自転車盗,千葉中央,本千葉駅前,121011,千葉県,千葉市中央区,港町,2023-02-02,18,駐車（輪）場,駐車（輪）場,20歳代,大学生,施錠せず
窃盗,自転車盗,千葉中央,本千葉駅前,121011,千葉県,千葉市中央区,港町,2023-03-11,15,駐車（輪）場,駐車（輪）場,20歳代,その他,施錠した
窃盗,自転車盗,千葉中央,本千葉駅前,121011,千葉県,千葉市中央区,港町,2023-04-07,16,駐車（輪）場,駐車（輪）場,10歳代,大学生,施錠した
窃盗,自転車盗,千葉中央,本千葉駅前,121011,千葉県,千葉市中央区,港町,2023-05-31,08,駐車（輪）場,駐車（輪）場,20歳代,大学生,施錠せず
窃盗,自転車盗,千葉中央,本千葉駅前,121011,千葉県,千葉市中央区,港町,2023-07-23,12,駐車（輪）場,駐車（輪）場,20歳代,大学生,施錠した
窃盗,自転車盗,千葉中央,本千葉駅前,121011,千葉県,千葉市中央区,港町,2023-08-24,10,駐車（輪）場,駐車（輪）場,20歳代,その他,施錠せず
窃盗,自転車盗,千葉中央,本千葉駅前,121011,千葉県,千葉市中央区,港町,2023-08-27,16,４階建て以上共同住宅,駐車（輪）場,10歳代,小学生,施錠せず
窃盗,自転車盗,千葉中央,本千葉駅前,121011,千葉県,千葉市中央区,港町,2023-10-06,08,駐車（輪）場,駐車（輪）場,20歳代,大学生,施錠せず
窃盗,自転車盗,千葉中央,本千葉駅前,121011,千葉県,千葉市中央区,港町,2023-10-14,22,道路上,その他,20歳代,その他,施錠せず
窃盗,自転車盗,千葉中央,本千葉駅前,121011,千葉県,千葉市中央区,港町,2023-10-18,06,駐車（輪）場,駐車（輪）場,10歳代,高校生,施錠せず
窃盗,自転車盗,千葉中央,本千葉駅前,121011,千葉県,千葉市中央区,港町,2023-11-19,07,駐車（輪）場,駐車（輪）場,20歳代,その他,施錠せず
窃盗,自転車盗,千葉中央,本千葉駅前,121011,千葉県,千葉市中央区,港町,2023-11-21,21,駐車（輪）場,駐車（輪）場,10歳代,大学生,施錠せず
窃盗,自転車盗,千葉中央,本千葉駅前,121011,千葉県,千葉市中央区,港町,2023-12-10,23,その他の住宅（３階建て以下共同住宅等）,駐車（輪）場,10歳代,大学生,施錠した
窃盗,自転車盗,千葉中央,本町,121011,千葉県,千葉市中央区,院内１丁目,2023-03-10,08,その他の住宅（３階建て以下共同住宅等）,その他,40歳代,その他,施錠した
窃盗,自転車盗,千葉中央,本町,121011,千葉県,千葉市中央区,院内１丁目,2023-07-15,12,その他の住宅（３階建て以下共同住宅等）,駐車（輪）場,20歳代,その他,施錠せず
窃盗,自転車盗,千葉中央,本町,121011,千葉県,千葉市中央区,院内２丁目,2023-01-13,21,その他の住宅（３階建て以下共同住宅等）,駐車（輪）場,20歳代,その他,施錠した
窃盗,自転車盗,千葉中央,本町,121011,千葉県,千葉市中央区,院内２丁目,2023-06-10,20,４階建て以上共同住宅,駐車（輪）場,20歳代,大学生,施錠せず
窃盗,自転車盗,千葉中央,本町,121011,千葉県,千葉市中央区,院内２丁目,2023-06-11,17,その他の住宅（３階建て以下共同住宅等）,駐車（輪）場,20歳代,その他,施錠した
窃盗,自転車盗,千葉中央,本町,121011,千葉県,千葉市中央区,院内２丁目,2023-06-25,00,４階建て以上共同住宅,駐車（輪）場,20歳代,大学生,施錠せず
窃盗,自転車盗,千葉中央,本町,121011,千葉県,千葉市中央区,院内２丁目,2023-07-10,17,その他の住宅（３階建て以下共同住宅等）,その他,20歳代,その他,施錠せず
窃盗,自転車盗,千葉中央,本町,121011,千葉県,千葉市中央区,院内２丁目,2023-09-08,14,道路上,その他,10歳代,小学生,施錠せず
窃盗,自転車盗,千葉中央,本町,121011,千葉県,千葉市中央区,要町,2022-12-26,08,駐車（輪）場,駐車（輪）場,10歳代,高校生,施錠せず
窃盗,自転車盗,千葉中央,本町,121011,千葉県,千葉市中央区,要町,2023-07-08,22,道路上,その他,20歳代,その他,施錠した
窃盗,自転車盗,千葉中央,本町,121011,千葉県,千葉市中央区,要町,2023-08-18,21,その他,その他,20歳代,その他,施錠せず
窃盗,自転車盗,千葉中央,本町,121011,千葉県,千葉市中央区,要町,2023-09-23,11,駐車（輪）場,駐車（輪）場,20歳代,大学生,施錠せず
窃盗,自転車盗,千葉中央,本町,121011,千葉県,千葉市中央区,要町,2023-10-06,18,その他の住宅（３階建て以下共同住宅等）,その他,30歳代,その他,施錠せず
窃盗,自転車盗,千葉中央,本町,121011,千葉県,千葉市中央区,要町,2023-11-25,11,駐車（輪）場,駐車（輪）場,10歳代,大学生,施錠した
窃盗,自転車盗,千葉中央,本町,121011,千葉県,千葉市中央区,栄町,2023-04-27,13,その他,駐車（輪）場,60-64歳,その他,施錠した
窃盗,自転車盗,千葉中央,本町,121011,千葉県,千葉市中央区,栄町,2023-06-04,00,その他の住宅（３階建て以下共同住宅等）,駐車（輪）場,10歳代,大学生,施錠せず
窃盗,自転車盗,千葉中央,本町,121011,千葉県,千葉市中央区,栄町,2023-06-25,01,道路上,その他,30歳代,その他,施錠した
窃盗,自転車盗,千葉中央,本町,121011,千葉県,千葉市中央区,栄町,2023-07-16,21,その他,その他,20歳代,その他,施錠せず
窃盗,自転車盗,千葉中央,本町,121011,千葉県,千葉市中央区,栄町,2023-09-02,07,道路上,その他,30歳代,その他,施錠した
窃盗,自転車盗,千葉中央,本町,121011,千葉県,千葉市中央区,中央１丁目,2023-01-05,09,道路上,その他,30歳代,その他,施錠せず
窃盗,自転車盗,千葉中央,本町,121011,千葉県,千葉市中央区,中央１丁目,2023-07-24,00,その他,その他,65-69歳,その他,施錠せず
窃盗,自転車盗,千葉中央,本町,121011,千葉県,千葉市中央区,中央１丁目,2023-09-23,20,４階建て以上共同住宅,駐車（輪）場,50歳代,その他,施錠せず
窃盗,自転車盗,千葉中央,本町,121011,千葉県,千葉市中央区,中央１丁目,2023-11-15,19,４階建て以上共同住宅,駐車（輪）場,20歳代,その他,施錠せず
窃盗,自転車盗,千葉中央,本町,121011,千葉県,千葉市中央区,中央２丁目,2023-03-10,18,駐車（輪）場,駐車（輪）場,20歳代,その他,施錠した
窃盗,自転車盗,千葉中央,本町,121011,千葉県,千葉市中央区,中央２丁目,2023-04-27,08,駐車（輪）場,駐車（輪）場,20歳代,その他,施錠した
窃盗,自転車盗,千葉中央,本町,121011,千葉県,千葉市中央区,中央２丁目,2023-09-06,12,４階建て以上共同住宅,駐車（輪）場,10歳代,小学生,施錠せず
窃盗,自転車盗,千葉中央,本町,121011,千葉県,千葉市中央区,中央２丁目,2023-09-20,18,その他,駐車（輪）場,10歳代,中学生,施錠せず
窃盗,自転車盗,千葉中央,本町,121011,千葉県,千葉市中央区,中央２丁目,2023-10-12,17,駐車（輪）場,駐車（輪）場,20歳代,その他,施錠せず
窃盗,自転車盗,千葉中央,本町,121011,千葉県,千葉市中央区,中央２丁目,2023-10-20,21,道路上,その他,40歳代,その他,施錠した
窃盗,自転車盗,千葉中央,本町,121011,千葉県,千葉市中央区,中央２丁目,2023-12-25,07,駐車（輪）場,駐車（輪）場,20歳代,その他,施錠せず
窃盗,自転車盗,千葉中央,本町,121011,千葉県,千葉市中央区,中央３丁目,2022-12-28,19,駐車（輪）場,駐車（輪）場,30歳代,その他,施錠せず
窃盗,自転車盗,千葉中央,本町,121011,千葉県,千葉市中央区,中央３丁目,2023-02-20,15,道路上,その他,50歳代,その他,施錠せず
窃盗,自転車盗,千葉中央,本町,121011,千葉県,千葉市中央区,中央３丁目,2023-07-06,09,その他,駐車（輪）場,60-64歳,その他,施錠せず
窃盗,自転車盗,千葉中央,本町,121011,千葉県,千葉市中央区,中央３丁目,2023-12-11,09,その他,その他,50歳代,その他,施錠せず
窃盗,自転車盗,千葉中央,本町,121011,千葉県,千葉市中央区,中央３丁目,不明,不明,その他,その他,70歳以上,その他,施錠した
窃盗,自転車盗,千葉中央,本町,121011,千葉県,千葉市中央区,中央４丁目,2023-02-15,16,その他,その他,10歳代,大学生,施錠せず
窃盗,自転車盗,千葉中央,本町,121011,千葉県,千葉市中央区,中央４丁目,2023-07-21,08,その他,駐車（輪）場,20歳代,その他,施錠せず
窃盗,自転車盗,千葉中央,本町,121011,千葉県,千葉市中央区,中央４丁目,2023-08-13,08,その他,駐車（輪）場,20歳代,大学生,施錠せず
窃盗,自転車盗,千葉中央,本町,121011,千葉県,千葉市中央区,中央４丁目,2023-08-25,22,その他,駐車（輪）場,30歳代,その他,施錠した
窃盗,自転車盗,千葉中央,本町,121011,千葉県,千葉市中央区,中央４丁目,2023-08-30,22,４階建て以上共同住宅,駐車（輪）場,20歳代,大学生,施錠した
窃盗,自転車盗,千葉中央,本町,121011,千葉県,千葉市中央区,中央４丁目,2023-10-10,15,道路上,その他,50歳代,その他,施錠せず
窃盗,自転車盗,千葉中央,本町,121011,千葉県,千葉市中央区,中央４丁目,不明,不明,４階建て以上共同住宅,駐車（輪）場,20歳代,その他,施錠した
窃盗,自転車盗,千葉中央,本町,121011,千葉県,千葉市中央区,中央港１丁目,2023-07-29,08,駐車（輪）場,駐車（輪）場,10歳代,高校生,施錠せず
窃盗,自転車盗,千葉中央,本町,121011,千葉県,千葉市中央区,道場北１丁目,2023-01-11,13,その他の住宅（３階建て以下共同住宅等）,その他,20歳代,その他,施錠せず
窃盗,自転車盗,千葉中央,本町,121011,千葉県,千葉市中央区,道場北１丁目,2023-02-01,12,その他の住宅（３階建て以下共同住宅等）,駐車（輪）場,20歳代,大学生,施錠せず
窃盗,自転車盗,千葉中央,本町,121011,千葉県,千葉市中央区,道場北１丁目,2023-06-22,00,その他の住宅（３階建て以下共同住宅等）,駐車（輪）場,20歳代,その他,施錠した
窃盗,自転車盗,千葉中央,本町,121011,千葉県,千葉市中央区,道場北１丁目,2023-07-22,04,その他の住宅（３階建て以下共同住宅等）,その他,20歳代,その他,施錠せず
窃盗,自転車盗,千葉中央,本町,121011,千葉県,千葉市中央区,道場北１丁目,2023-08-28,00,その他の住宅（３階建て以下共同住宅等）,駐車（輪）場,10歳代,その他,施錠した
窃盗,自転車盗,千葉中央,本町,121011,千葉県,千葉市中央区,道場北１丁目,2023-09-09,20,その他の住宅（３階建て以下共同住宅等）,駐車（輪）場,20歳代,その他,施錠した
窃盗,自転車盗,千葉中央,本町,121011,千葉県,千葉市中央区,道場北１丁目,不明,不明,その他の住宅（３階建て以下共同住宅等）,駐車（輪）場,20歳代,その他,施錠した
窃盗,自転車盗,千葉中央,本町,121011,千葉県,千葉市中央区,道場北２丁目,2023-01-10,16,４階建て以上共同住宅,駐車（輪）場,20歳代,大学生,施錠した
窃盗,自転車盗,千葉中央,本町,121011,千葉県,千葉市中央区,道場北２丁目,2023-01-10,16,４階建て以上共同住宅,駐車（輪）場,50歳代,その他,施錠した
窃盗,自転車盗,千葉中央,本町,121011,千葉県,千葉市中央区,道場北２丁目,2023-01-21,19,４階建て以上共同住宅,駐車（輪）場,40歳代,その他,施錠せず
窃盗,自転車盗,千葉中央,本町,121011,千葉県,千葉市中央区,道場北２丁目,2023-02-12,20,その他の住宅（３階建て以下共同住宅等）,その他,20歳代,その他,施錠せず
窃盗,自転車盗,千葉中央,本町,121011,千葉県,千葉市中央区,道場北２丁目,2023-02-17,02,その他の住宅（３階建て以下共同住宅等）,その他,10歳代,高校生,施錠した
窃盗,自転車盗,千葉中央,本町,121011,千葉県,千葉市中央区,道場北２丁目,2023-02-21,08,道路上,その他,法人・団体、被害者なし,法人・団体、被害者なし,施錠せず
窃盗,自転車盗,千葉中央,本町,121011,千葉県,千葉市中央区,道場北２丁目,2023-04-28,10,その他の住宅（３階建て以下共同住宅等）,駐車（輪）場,20歳代,その他,施錠した
窃盗,自転車盗,千葉中央,本町,121011,千葉県,千葉市中央区,道場北２丁目,2023-05-01,19,その他の住宅（３階建て以下共同住宅等）,駐車（輪）場,20歳代,その他,施錠せず
窃盗,自転車盗,千葉中央,本町,121011,千葉県,千葉市中央区,道場北２丁目,2023-07-25,18,その他の住宅（３階建て以下共同住宅等）,その他,20歳代,その他,施錠せず
窃盗,自転車盗,千葉中央,本町,121011,千葉県,千葉市中央区,道場南１丁目,2023-04-26,17,その他の住宅（３階建て以下共同住宅等）,駐車（輪）場,20歳代,その他,施錠せず
窃盗,自転車盗,千葉中央,本町,121011,千葉県,千葉市中央区,道場南１丁目,2023-09-10,16,その他の住宅（３階建て以下共同住宅等）,駐車（輪）場,30歳代,その他,施錠した
窃盗,自転車盗,千葉中央,本町,121011,千葉県,千葉市中央区,道場南１丁目,2023-11-17,22,その他の住宅（３階建て以下共同住宅等）,駐車（輪）場,30歳代,その他,施錠せず
窃盗,自転車盗,千葉中央,本町,121011,千葉県,千葉市中央区,東千葉２丁目,2023-02-18,17,その他の住宅（３階建て以下共同住宅等）,駐車（輪）場,20歳代,その他,施錠した
窃盗,自転車盗,千葉中央,本町,121011,千葉県,千葉市中央区,本町１丁目,2023-03-09,19,その他の住宅（３階建て以下共同住宅等）,駐車（輪）場,20歳代,大学生,施錠した
窃盗,自転車盗,千葉中央,本町,121011,千葉県,千葉市中央区,本町１丁目,2023-04-14,21,その他,駐車（輪）場,20歳代,大学生,施錠せず
窃盗,自転車盗,千葉中央,本町,121011,千葉県,千葉市中央区,本町１丁目,2023-05-07,23,４階建て以上共同住宅,駐車（輪）場,20歳代,大学生,施錠した
窃盗,自転車盗,千葉中央,本町,121011,千葉県,千葉市中央区,本町２丁目,2023-08-14,19,４階建て以上共同住宅,駐車（輪）場,20歳代,その他,施錠した
窃盗,自転車盗,千葉中央,本町,121011,千葉県,千葉市中央区,本町２丁目,2023-11-30,15,４階建て以上共同住宅,駐車（輪）場,40歳代,その他,施錠せず
窃盗,自転車盗,千葉中央,本町,121011,千葉県,千葉市中央区,本町３丁目,2023-04-17,21,その他の住宅（３階建て以下共同住宅等）,駐車（輪）場,20歳代,大学生,施錠せず
窃盗,自転車盗,千葉中央,本町,121011,千葉県,千葉市中央区,祐光１丁目,2023-05-10,17,その他,駐車（輪）場,20歳代,その他,施錠した
窃盗,自転車盗,千葉中央,本町,121011,千葉県,千葉市中央区,祐光１丁目,2023-12-01,09,その他の住宅（３階建て以下共同住宅等）,駐車（輪）場,20歳代,その他,施錠した
窃盗,自転車盗,千葉中央,本町,121011,千葉県,千葉市中央区,祐光２丁目,2023-01-03,15,４階建て以上共同住宅,駐車（輪）場,20歳代,大学生,施錠した
窃盗,自転車盗,千葉中央,本町,121011,千葉県,千葉市中央区,祐光２丁目,2023-02-22,16,４階建て以上共同住宅,駐車（輪）場,50歳代,その他,施錠せず
窃盗,自転車盗,千葉中央,本町,121011,千葉県,千葉市中央区,祐光２丁目,2023-07-11,12,その他,駐車（輪）場,60-64歳,その他,施錠せず
窃盗,自転車盗,千葉中央,本町,121011,千葉県,千葉市中央区,祐光２丁目,2023-09-24,09,４階建て以上共同住宅,駐車（輪）場,70歳以上,その他,施錠した
窃盗,自転車盗,千葉中央,本町,121011,千葉県,千葉市中央区,祐光２丁目,2023-09-30,17,その他,駐車（輪）場,30歳代,その他,施錠せず
窃盗,自転車盗,千葉中央,本町,121011,千葉県,千葉市中央区,祐光２丁目,2023-10-11,10,その他,駐車（輪）場,20歳代,大学生,施錠せず
窃盗,自転車盗,千葉中央,本町,121011,千葉県,千葉市中央区,祐光２丁目,2023-11-11,06,その他,駐車（輪）場,20歳代,大学生,施錠せず
窃盗,自転車盗,千葉中央,本町,121011,千葉県,千葉市中央区,祐光２丁目,不明,不明,４階建て以上共同住宅,駐車（輪）場,20歳代,大学生,施錠せず
窃盗,自転車盗,千葉中央,本町,121011,千葉県,千葉市中央区,祐光３丁目,2023-01-07,13,その他,駐車（輪）場,10歳代,中学生,施錠せず
窃盗,自転車盗,千葉中央,本町,121011,千葉県,千葉市中央区,祐光３丁目,2023-04-08,14,その他,駐車（輪）場,40歳代,その他,施錠せず
窃盗,自転車盗,千葉中央,本町,121011,千葉県,千葉市中央区,祐光３丁目,2023-05-02,17,その他,駐車（輪）場,10歳代,その他,施錠せず
窃盗,自転車盗,千葉中央,本町,121011,千葉県,千葉市中央区,祐光３丁目,2023-06-04,12,その他,その他,30歳代,その他,施錠せず
窃盗,自転車盗,千葉中央,本町,121011,千葉県,千葉市中央区,祐光３丁目,2023-06-14,19,その他,その他,10歳代,高校生,施錠せず
窃盗,自転車盗,千葉中央,本町,121011,千葉県,千葉市中央区,祐光３丁目,2023-07-27,22,道路上,その他,10歳代,高校生,施錠せず
窃盗,自転車盗,千葉中央,本町,121011,千葉県,千葉市中央区,祐光３丁目,2023-08-21,11,その他,駐車（輪）場,10歳代,中学生,施錠せず
窃盗,自転車盗,千葉中央,本町,121011,千葉県,千葉市中央区,祐光３丁目,2023-08-24,14,その他,駐車（輪）場,10歳代,中学生,施錠せず
窃盗,自転車盗,千葉中央,本町,121011,千葉県,千葉市中央区,祐光３丁目,2023-09-29,17,その他,駐車（輪）場,40歳代,その他,施錠した
窃盗,自転車盗,千葉中央,本町,121011,千葉県,千葉市中央区,祐光３丁目,2023-09-29,18,その他,駐車（輪）場,10歳代,高校生,施錠せず
窃盗,自転車盗,千葉中央,本町,121011,千葉県,千葉市中央区,祐光３丁目,2023-09-29,19,その他,駐車（輪）場,30歳代,その他,施錠せず
窃盗,自転車盗,千葉中央,本町,121011,千葉県,千葉市中央区,祐光３丁目,2023-10-06,17,その他,駐車（輪）場,20歳代,その他,施錠せず
窃盗,自転車盗,千葉中央,本町,121011,千葉県,千葉市中央区,祐光３丁目,2023-10-08,08,その他,駐車（輪）場,40歳代,その他,施錠した
窃盗,自転車盗,千葉中央,本町,121011,千葉県,千葉市中央区,祐光３丁目,2023-11-18,17,その他,その他,10歳代,中学生,施錠した
窃盗,自転車盗,千葉中央,本町,121011,千葉県,千葉市中央区,祐光３丁目,2023-12-27,15,その他,駐車（輪）場,10歳代,中学生,施錠せず
窃盗,自転車盗,千葉中央,本町,121011,千葉県,千葉市中央区,祐光４丁目,2023-02-02,18,その他の住宅（３階建て以下共同住宅等）,駐車（輪）場,20歳代,大学生,施錠した
窃盗,自転車盗,千葉中央,本町,121011,千葉県,千葉市中央区,祐光４丁目,2023-05-02,20,その他の住宅（３階建て以下共同住宅等）,駐車（輪）場,20歳代,その他,施錠した
窃盗,自転車盗,千葉中央,本町,121011,千葉県,千葉市中央区,祐光４丁目,2023-06-10,17,その他,駐車（輪）場,20歳代,大学生,施錠せず
窃盗,自転車盗,千葉中央,本町,121011,千葉県,千葉市中央区,祐光４丁目,2023-07-15,14,その他,駐車（輪）場,10歳代,高校生,施錠した
窃盗,自転車盗,千葉中央,本町,121011,千葉県,千葉市中央区,祐光４丁目,2023-10-06,16,４階建て以上共同住宅,駐車（輪）場,10歳代,高校生,施錠した
窃盗,自転車盗,千葉中央,本町,121011,千葉県,千葉市中央区,祐光４丁目,2023-10-17,18,その他,駐車（輪）場,10歳代,その他,施錠した
窃盗,自転車盗,千葉中央,本町,121011,千葉県,千葉市中央区,祐光４丁目,2023-11-28,16,その他,駐車（輪）場,10歳代,高校生,施錠せず
窃盗,自転車盗,千葉中央,浜野駅前,121011,千葉県,千葉市中央区,今井２丁目,2023-08-02,09,駐車（輪）場,駐車（輪）場,20歳代,大学生,施錠した
窃盗,自転車盗,千葉中央,浜野駅前,121011,千葉県,千葉市中央区,生実町,2023-06-26,16,その他の住宅（３階建て以下共同住宅等）,駐車（輪）場,10歳代,高校生,施錠せず
窃盗,自転車盗,千葉中央,浜野駅前,121011,千葉県,千葉市中央区,生実町,2023-09-20,20,一戸建住宅,駐車（輪）場,10歳代,大学生,施錠せず
窃盗,自転車盗,千葉中央,浜野駅前,121011,千葉県,千葉市中央区,塩田町,2023-06-01,10,その他,駐車（輪）場,10歳代,高校生,施錠せず
窃盗,自転車盗,千葉中央,浜野駅前,121011,千葉県,千葉市中央区,塩田町,2023-06-06,14,その他,駐車（輪）場,10歳代,高校生,施錠せず
窃盗,自転車盗,千葉中央,浜野駅前,121011,千葉県,千葉市中央区,塩田町,2023-08-05,05,一戸建住宅,駐車（輪）場,10歳代,高校生,施錠した
窃盗,自転車盗,千葉中央,浜野駅前,121011,千葉県,千葉市中央区,塩田町,2023-10-19,08,その他,駐車（輪）場,10歳代,高校生,施錠せず
窃盗,自転車盗,千葉中央,浜野駅前,121011,千葉県,千葉市中央区,浜野町,2022-12-19,18,その他,駐車（輪）場,10歳代,高校生,施錠せず
窃盗,自転車盗,千葉中央,浜野駅前,121011,千葉県,千葉市中央区,浜野町,2023-01-12,17,一戸建住宅,駐車（輪）場,10歳代,小学生,施錠せず
窃盗,自転車盗,千葉中央,浜野駅前,121011,千葉県,千葉市中央区,浜野町,2023-01-20,18,その他の住宅（３階建て以下共同住宅等）,駐車（輪）場,20歳代,その他,施錠せず
窃盗,自転車盗,千葉中央,浜野駅前,121011,千葉県,千葉市中央区,浜野町,2023-01-25,19,駐車（輪）場,駐車（輪）場,10歳代,中学生,施錠せず
窃盗,自転車盗,千葉中央,浜野駅前,121011,千葉県,千葉市中央区,浜野町,2023-03-16,16,駐車（輪）場,駐車（輪）場,10歳代,高校生,施錠せず
窃盗,自転車盗,千葉中央,浜野駅前,121011,千葉県,千葉市中央区,浜野町,2023-03-21,16,駐車（輪）場,駐車（輪）場,10歳代,高校生,施錠した
窃盗,自転車盗,千葉中央,浜野駅前,121011,千葉県,千葉市中央区,浜野町,2023-04-06,21,その他,駐車（輪）場,10歳代,大学生,施錠した
窃盗,自転車盗,千葉中央,浜野駅前,121011,千葉県,千葉市中央区,浜野町,2023-04-15,20,駐車（輪）場,駐車（輪）場,30歳代,その他,施錠した
窃盗,自転車盗,千葉中央,浜野駅前,121011,千葉県,千葉市中央区,浜野町,2023-04-27,13,駐車（輪）場,駐車（輪）場,10歳代,高校生,施錠した
窃盗,自転車盗,千葉中央,浜野駅前,121011,千葉県,千葉市中央区,浜野町,2023-06-01,20,駐車（輪）場,駐車（輪）場,10歳代,高校生,施錠せず
窃盗,自転車盗,千葉中央,浜野駅前,121011,千葉県,千葉市中央区,浜野町,2023-06-22,17,その他,駐車（輪）場,10歳代,中学生,施錠せず
窃盗,自転車盗,千葉中央,浜野駅前,121011,千葉県,千葉市中央区,浜野町,2023-07-20,07,駐車（輪）場,駐車（輪）場,10歳代,高校生,施錠した
窃盗,自転車盗,千葉中央,浜野駅前,121011,千葉県,千葉市中央区,浜野町,2023-07-31,09,駐車（輪）場,駐車（輪）場,50歳代,その他,施錠した
窃盗,自転車盗,千葉中央,浜野駅前,121011,千葉県,千葉市中央区,浜野町,2023-08-01,07,駐車（輪）場,駐車（輪）場,10歳代,高校生,施錠した
窃盗,自転車盗,千葉中央,浜野駅前,121011,千葉県,千葉市中央区,浜野町,2023-08-28,13,道路上,その他,10歳代,中学生,施錠せず
窃盗,自転車盗,千葉中央,浜野駅前,121011,千葉県,千葉市中央区,浜野町,2023-09-18,09,道路上,その他,10歳代,中学生,施錠した
窃盗,自転車盗,千葉中央,浜野駅前,121011,千葉県,千葉市中央区,浜野町,2023-09-20,15,駐車（輪）場,駐車（輪）場,10歳代,高校生,施錠した
窃盗,自転車盗,千葉中央,浜野駅前,121011,千葉県,千葉市中央区,浜野町,2023-09-24,08,その他の住宅（３階建て以下共同住宅等）,駐車（輪）場,20歳代,その他,施錠した
窃盗,自転車盗,千葉中央,浜野駅前,121011,千葉県,千葉市中央区,浜野町,2023-10-10,00,その他,その他,10歳代,中学生,施錠せず
窃盗,自転車盗,千葉中央,浜野駅前,121011,千葉県,千葉市中央区,浜野町,2023-10-18,06,駐車（輪）場,駐車（輪）場,10歳代,その他,施錠せず
窃盗,自転車盗,千葉中央,浜野駅前,121011,千葉県,千葉市中央区,浜野町,2023-11-02,18,一戸建住宅,その他,10歳代,高校生,施錠せず
窃盗,自転車盗,千葉中央,浜野駅前,121011,千葉県,千葉市中央区,浜野町,2023-11-26,16,４階建て以上共同住宅,駐車（輪）場,10歳代,その他,施錠せず
窃盗,自転車盗,千葉中央,浜野駅前,121011,千葉県,千葉市中央区,浜野町,2023-11-27,10,駐車（輪）場,駐車（輪）場,10歳代,その他,施錠した
窃盗,自転車盗,千葉中央,浜野駅前,121011,千葉県,千葉市中央区,浜野町,不明,不明,道路上,その他,40歳代,その他,施錠せず
窃盗,自転車盗,千葉中央,浜野駅前,121011,千葉県,千葉市中央区,南生実町,2023-10-04,15,その他の住宅（３階建て以下共同住宅等）,駐車（輪）場,30歳代,その他,施錠せず
窃盗,自転車盗,千葉中央,浜野駅前,121011,千葉県,千葉市中央区,南生実町,2023-11-24,07,その他,駐車（輪）場,10歳代,高校生,施錠せず
窃盗,自転車盗,千葉中央,浜野駅前,121011,千葉県,千葉市中央区,村田町,2023-01-07,00,その他の住宅（３階建て以下共同住宅等）,駐車（輪）場,30歳代,その他,施錠した
窃盗,自転車盗,千葉中央,浜野駅前,121011,千葉県,千葉市中央区,村田町,2023-01-07,07,駐車（輪）場,駐車（輪）場,20歳代,その他,施錠せず
窃盗,自転車盗,千葉中央,浜野駅前,121011,千葉県,千葉市中央区,村田町,2023-01-13,09,その他,駐車（輪）場,20歳代,その他,施錠した
窃盗,自転車盗,千葉中央,浜野駅前,121011,千葉県,千葉市中央区,村田町,2023-03-12,22,その他,駐車（輪）場,20歳代,その他,施錠せず
窃盗,自転車盗,千葉中央,浜野駅前,121011,千葉県,千葉市中央区,村田町,2023-04-05,18,その他,駐車（輪）場,40歳代,その他,施錠せず
窃盗,自転車盗,千葉中央,浜野駅前,121011,千葉県,千葉市中央区,村田町,2023-04-14,19,駐車（輪）場,駐車（輪）場,20歳代,その他,施錠せず
窃盗,自転車盗,千葉中央,浜野駅前,121011,千葉県,千葉市中央区,村田町,2023-05-05,22,その他,駐車（輪）場,10歳代,高校生,施錠せず
窃盗,自転車盗,千葉中央,浜野駅前,121011,千葉県,千葉市中央区,村田町,2023-06-20,09,駐車（輪）場,駐車（輪）場,10歳代,大学生,施錠せず
窃盗,自転車盗,千葉中央,浜野駅前,121011,千葉県,千葉市中央区,村田町,2023-06-28,10,その他の住宅（３階建て以下共同住宅等）,駐車（輪）場,20歳代,その他,施錠した
窃盗,自転車盗,千葉中央,浜野駅前,121011,千葉県,千葉市中央区,村田町,2023-09-12,17,駐車（輪）場,駐車（輪）場,10歳代,その他,施錠せず
窃盗,自転車盗,千葉中央,浜野駅前,121011,千葉県,千葉市中央区,村田町,2023-09-19,07,駐車（輪）場,駐車（輪）場,10歳代,高校生,施錠せず
窃盗,自転車盗,千葉中央,浜野駅前,121011,千葉県,千葉市中央区,村田町,2023-09-19,23,駐車（輪）場,駐車（輪）場,40歳代,その他,施錠せず
窃盗,自転車盗,千葉中央,浜野駅前,121011,千葉県,千葉市中央区,村田町,2023-09-24,13,その他,駐車（輪）場,70歳以上,その他,施錠せず
窃盗,自転車盗,千葉中央,浜野駅前,121011,千葉県,千葉市中央区,村田町,2023-10-06,12,その他の住宅（３階建て以下共同住宅等）,駐車（輪）場,20歳代,その他,施錠せず
窃盗,自転車盗,千葉中央,浜野駅前,121011,千葉県,千葉市中央区,村田町,2023-10-11,09,駐車（輪）場,駐車（輪）場,20歳代,大学生,施錠せず
窃盗,自転車盗,千葉中央,浜野駅前,121011,千葉県,千葉市中央区,村田町,2023-10-14,06,４階建て以上共同住宅,駐車（輪）場,20歳代,その他,施錠せず
窃盗,自転車盗,千葉中央,浜野駅前,121011,千葉県,千葉市中央区,村田町,2023-10-19,08,その他の住宅（３階建て以下共同住宅等）,駐車（輪）場,50歳代,その他,施錠した
窃盗,自転車盗,千葉中央,浜野駅前,121011,千葉県,千葉市中央区,村田町,2023-10-20,18,駐車（輪）場,駐車（輪）場,20歳代,その他,施錠せず
窃盗,自転車盗,千葉中央,浜野駅前,121011,千葉県,千葉市中央区,村田町,2023-10-25,07,駐車（輪）場,駐車（輪）場,10歳代,高校生,施錠せず
窃盗,自転車盗,千葉中央,登戸,121011,千葉県,千葉市中央区,新千葉２丁目,2023-07-15,16,その他の住宅（３階建て以下共同住宅等）,駐車（輪）場,50歳代,その他,施錠した
窃盗,自転車盗,千葉中央,登戸,121011,千葉県,千葉市中央区,新千葉２丁目,2023-10-04,15,駐車（輪）場,駐車（輪）場,20歳代,その他,施錠した
窃盗,自転車盗,千葉中央,登戸,121011,千葉県,千葉市中央区,新千葉２丁目,2023-11-10,08,その他の住宅（３階建て以下共同住宅等）,その他,20歳代,その他,施錠せず
窃盗,自転車盗,千葉中央,登戸,121011,千葉県,千葉市中央区,新千葉３丁目,2023-04-16,18,その他の住宅（３階建て以下共同住宅等）,駐車（輪）場,20歳代,その他,施錠せず
窃盗,自転車盗,千葉中央,登戸,121011,千葉県,千葉市中央区,新千葉３丁目,2023-05-13,13,その他の住宅（３階建て以下共同住宅等）,駐車（輪）場,20歳代,大学生,施錠せず
窃盗,自転車盗,千葉中央,登戸,121011,千葉県,千葉市中央区,新千葉３丁目,2023-05-14,13,その他の住宅（３階建て以下共同住宅等）,駐車（輪）場,30歳代,その他,施錠せず
窃盗,自転車盗,千葉中央,登戸,121011,千葉県,千葉市中央区,新千葉３丁目,2023-09-20,06,駐車（輪）場,駐車（輪）場,50歳代,その他,施錠した
窃盗,自転車盗,千葉中央,登戸,121011,千葉県,千葉市中央区,千葉港,2023-01-30,15,その他,駐車（輪）場,10歳代,高校生,施錠した
窃盗,自転車盗,千葉中央,登戸,121011,千葉県,千葉市中央区,千葉港,2023-03-13,19,その他,駐車（輪）場,40歳代,その他,施錠せず
窃盗,自転車盗,千葉中央,登戸,121011,千葉県,千葉市中央区,千葉港,2023-04-21,08,その他,駐車（輪）場,20歳代,その他,施錠した
窃盗,自転車盗,千葉中央,登戸,121011,千葉県,千葉市中央区,千葉港,2023-05-14,08,その他,駐車（輪）場,40歳代,その他,施錠した
窃盗,自転車盗,千葉中央,登戸,121011,千葉県,千葉市中央区,千葉港,2023-05-22,17,その他,駐車（輪）場,10歳代,大学生,施錠した
窃盗,自転車盗,千葉中央,登戸,121011,千葉県,千葉市中央区,千葉港,2023-06-09,09,その他,駐車（輪）場,20歳代,その他,施錠せず
窃盗,自転車盗,千葉中央,登戸,121011,千葉県,千葉市中央区,千葉港,2023-10-02,07,その他,駐車（輪）場,40歳代,その他,施錠した
窃盗,自転車盗,千葉中央,登戸,121011,千葉県,千葉市中央区,千葉港,2023-10-20,08,道路上,その他,20歳代,その他,施錠した
窃盗,自転車盗,千葉中央,登戸,121011,千葉県,千葉市中央区,千葉港,2023-11-15,07,駐車（輪）場,駐車（輪）場,10歳代,高校生,施錠せず
窃盗,自転車盗,千葉中央,登戸,121011,千葉県,千葉市中央区,千葉港,2023-12-27,08,その他,駐車（輪）場,20歳代,その他,施錠した
窃盗,自転車盗,千葉中央,登戸,121011,千葉県,千葉市中央区,中央港１丁目,2023-03-21,09,駐車（輪）場,駐車（輪）場,20歳代,その他,施錠した
窃盗,自転車盗,千葉中央,登戸,121011,千葉県,千葉市中央区,中央港１丁目,2023-03-23,19,駐車（輪）場,駐車（輪）場,10歳代,大学生,施錠した
窃盗,自転車盗,千葉中央,登戸,121011,千葉県,千葉市中央区,中央港１丁目,2023-03-24,07,駐車（輪）場,駐車（輪）場,10歳代,高校生,施錠せず
窃盗,自転車盗,千葉中央,登戸,121011,千葉県,千葉市中央区,中央港１丁目,2023-03-31,10,駐車（輪）場,駐車（輪）場,20歳代,大学生,施錠せず
窃盗,自転車盗,千葉中央,登戸,121011,千葉県,千葉市中央区,中央港１丁目,2023-05-05,11,駐車（輪）場,駐車（輪）場,50歳代,その他,施錠せず
窃盗,自転車盗,千葉中央,登戸,121011,千葉県,千葉市中央区,中央港１丁目,2023-05-14,07,駐車（輪）場,駐車（輪）場,20歳代,その他,施錠せず
窃盗,自転車盗,千葉中央,登戸,121011,千葉県,千葉市中央区,中央港１丁目,2023-07-10,07,駐車（輪）場,駐車（輪）場,10歳代,中学生,施錠した
窃盗,自転車盗,千葉中央,登戸,121011,千葉県,千葉市中央区,登戸１丁目,2023-02-24,21,その他,駐車（輪）場,10歳代,中学生,施錠せず
窃盗,自転車盗,千葉中央,登戸,121011,千葉県,千葉市中央区,登戸１丁目,2023-11-16,10,その他の住宅（３階建て以下共同住宅等）,駐車（輪）場,20歳代,その他,施錠せず
窃盗,自転車盗,千葉中央,登戸,121011,千葉県,千葉市中央区,登戸３丁目,2023-03-23,12,一戸建住宅,駐車（輪）場,10歳代,高校生,施錠した
窃盗,自転車盗,千葉中央,登戸,121011,千葉県,千葉市中央区,登戸３丁目,2023-04-07,19,その他の住宅（３階建て以下共同住宅等）,その他,40歳代,その他,施錠せず
窃盗,自転車盗,千葉中央,登戸,121011,千葉県,千葉市中央区,登戸３丁目,2023-10-06,13,その他の住宅（３階建て以下共同住宅等）,駐車（輪）場,20歳代,その他,施錠せず
窃盗,自転車盗,千葉中央,白旗,121011,千葉県,千葉市中央区,赤井町,2023-09-09,23,その他の住宅（３階建て以下共同住宅等）,駐車（輪）場,30歳代,その他,施錠せず
窃盗,自転車盗,千葉中央,白旗,121011,千葉県,千葉市中央区,今井２丁目,2023-01-10,06,駐車（輪）場,駐車（輪）場,30歳代,その他,施錠せず
窃盗,自転車盗,千葉中央,白旗,121011,千葉県,千葉市中央区,今井２丁目,2023-02-19,16,駐車（輪）場,駐車（輪）場,10歳代,中学生,施錠した
窃盗,自転車盗,千葉中央,白旗,121011,千葉県,千葉市中央区,鵜の森町,2023-10-12,22,その他の住宅（３階建て以下共同住宅等）,駐車（輪）場,50歳代,その他,施錠せず
窃盗,自転車盗,千葉中央,白旗,121011,千葉県,千葉市中央区,鵜の森町,2023-12-09,22,その他の住宅（３階建て以下共同住宅等）,駐車（輪）場,20歳代,その他,施錠せず
窃盗,自転車盗,千葉中央,白旗,121011,千葉県,千葉市中央区,大森町,2023-11-22,07,その他の住宅（３階建て以下共同住宅等）,駐車（輪）場,30歳代,その他,施錠した
窃盗,自転車盗,千葉中央,白旗,121011,千葉県,千葉市中央区,白旗３丁目,2023-10-06,15,４階建て以上共同住宅,駐車（輪）場,20歳代,その他,施錠した
窃盗,自転車盗,千葉中央,白旗,121011,千葉県,千葉市中央区,大巌寺町,2023-05-09,22,その他の住宅（３階建て以下共同住宅等）,その他,20歳代,大学生,施錠した
窃盗,自転車盗,千葉中央,白旗,121011,千葉県,千葉市中央区,大巌寺町,2023-10-21,15,その他の住宅（３階建て以下共同住宅等）,駐車（輪）場,30歳代,その他,施錠した
窃盗,自転車盗,千葉中央,白旗,121011,千葉県,千葉市中央区,宮崎２丁目,2023-09-12,13,４階建て以上共同住宅,その他,30歳代,その他,施錠した
窃盗,自転車盗,千葉中央,白旗,121011,千葉県,千葉市中央区,宮崎町,2023-02-07,07,その他の住宅（３階建て以下共同住宅等）,その他,30歳代,その他,施錠した
窃盗,自転車盗,千葉中央,白旗,121011,千葉県,千葉市中央区,宮崎町,2023-08-09,09,駐車（輪）場,駐車（輪）場,30歳代,その他,施錠せず
窃盗,自転車盗,千葉中央,白旗,121011,千葉県,千葉市中央区,宮崎町,2023-09-01,20,一戸建住宅,その他,10歳代,高校生,施錠せず
窃盗,自転車盗,千葉中央,白旗,121011,千葉県,千葉市中央区,宮崎町,2023-09-05,14,その他の住宅（３階建て以下共同住宅等）,駐車（輪）場,40歳代,その他,施錠せず
窃盗,自転車盗,千葉中央,白旗,121011,千葉県,千葉市中央区,宮崎町,2023-09-12,07,駐車（輪）場,駐車（輪）場,10歳代,高校生,施錠せず
窃盗,自転車盗,千葉中央,蘇我駅前,121011,千葉県,千葉市中央区,青葉町,2023-03-29,16,その他,駐車（輪）場,20歳代,大学生,施錠した
窃盗,自転車盗,千葉中央,蘇我駅前,121011,千葉県,千葉市中央区,今井１丁目,2023-09-17,12,駐車（輪）場,駐車（輪）場,20歳代,その他,施錠した
窃盗,自転車盗,千葉中央,蘇我駅前,121011,千葉県,千葉市中央区,今井２丁目,2023-02-23,09,駐車（輪）場,駐車（輪）場,30歳代,その他,施錠した
窃盗,自転車盗,千葉中央,蘇我駅前,121011,千葉県,千葉市中央区,今井２丁目,2023-05-27,15,駐車（輪）場,駐車（輪）場,10歳代,高校生,施錠した
窃盗,自転車盗,千葉中央,蘇我駅前,121011,千葉県,千葉市中央区,今井２丁目,2023-06-03,20,駐車（輪）場,駐車（輪）場,10歳代,高校生,施錠した
窃盗,自転車盗,千葉中央,蘇我駅前,121011,千葉県,千葉市中央区,今井２丁目,2023-06-04,07,駐車（輪）場,駐車（輪）場,10歳代,高校生,施錠せず
窃盗,自転車盗,千葉中央,蘇我駅前,121011,千葉県,千葉市中央区,今井２丁目,2023-06-08,13,駐車（輪）場,駐車（輪）場,10歳代,大学生,施錠せず
窃盗,自転車盗,千葉中央,蘇我駅前,121011,千葉県,千葉市中央区,今井２丁目,2023-06-13,12,駐車（輪）場,駐車（輪）場,10歳代,高校生,施錠せず
窃盗,自転車盗,千葉中央,蘇我駅前,121011,千葉県,千葉市中央区,今井２丁目,2023-06-16,20,その他,駐車（輪）場,10歳代,大学生,施錠せず
窃盗,自転車盗,千葉中央,蘇我駅前,121011,千葉県,千葉市中央区,今井２丁目,2023-06-21,20,駐車（輪）場,駐車（輪）場,10歳代,高校生,施錠せず
窃盗,自転車盗,千葉中央,蘇我駅前,121011,千葉県,千葉市中央区,今井２丁目,2023-06-25,07,駐車（輪）場,駐車（輪）場,10歳代,高校生,施錠した
窃盗,自転車盗,千葉中央,蘇我駅前,121011,千葉県,千葉市中央区,今井２丁目,2023-07-27,17,駐車（輪）場,駐車（輪）場,30歳代,その他,施錠した
窃盗,自転車盗,千葉中央,蘇我駅前,121011,千葉県,千葉市中央区,今井２丁目,2023-08-13,19,４階建て以上共同住宅,駐車（輪）場,40歳代,その他,施錠した
窃盗,自転車盗,千葉中央,蘇我駅前,121011,千葉県,千葉市中央区,今井２丁目,2023-08-19,23,駐車（輪）場,駐車（輪）場,50歳代,その他,施錠した
窃盗,自転車盗,千葉中央,蘇我駅前,121011,千葉県,千葉市中央区,今井２丁目,2023-09-15,07,駐車（輪）場,駐車（輪）場,20歳代,その他,施錠せず
窃盗,自転車盗,千葉中央,蘇我駅前,121011,千葉県,千葉市中央区,今井２丁目,2023-10-19,07,駐車（輪）場,駐車（輪）場,10歳代,高校生,施錠せず
窃盗,自転車盗,千葉中央,蘇我駅前,121011,千葉県,千葉市中央区,今井２丁目,2023-10-29,12,駐車（輪）場,駐車（輪）場,20歳代,その他,施錠した
窃盗,自転車盗,千葉中央,蘇我駅前,121011,千葉県,千葉市中央区,今井２丁目,2023-11-17,07,駐車（輪）場,駐車（輪）場,10歳代,高校生,施錠せず
窃盗,自転車盗,千葉中央,蘇我駅前,121011,千葉県,千葉市中央区,今井２丁目,2023-12-13,09,駐車（輪）場,駐車（輪）場,30歳代,その他,施錠した
窃盗,自転車盗,千葉中央,蘇我駅前,121011,千葉県,千葉市中央区,今井３丁目,2023-02-10,22,その他の住宅（３階建て以下共同住宅等）,駐車（輪）場,20歳代,その他,施錠した
窃盗,自転車盗,千葉中央,蘇我駅前,121011,千葉県,千葉市中央区,今井３丁目,2023-03-10,09,駐車（輪）場,駐車（輪）場,30歳代,その他,施錠した
窃盗,自転車盗,千葉中央,蘇我駅前,121011,千葉県,千葉市中央区,今井３丁目,2023-07-15,10,駐車（輪）場,駐車（輪）場,20歳代,その他,施錠した
窃盗,自転車盗,千葉中央,蘇我駅前,121011,千葉県,千葉市中央区,今井３丁目,2023-07-22,11,駐車（輪）場,駐車（輪）場,10歳代,中学生,施錠せず
窃盗,自転車盗,千葉中央,蘇我駅前,121011,千葉県,千葉市中央区,川崎町,2022-12-30,19,その他,駐車（輪）場,30歳代,その他,施錠せず
窃盗,自転車盗,千葉中央,蘇我駅前,121011,千葉県,千葉市中央区,川崎町,2023-01-28,15,その他,駐車（輪）場,30歳代,その他,施錠した
窃盗,自転車盗,千葉中央,蘇我駅前,121011,千葉県,千葉市中央区,川崎町,2023-02-18,20,その他,駐車（輪）場,10歳代,高校生,施錠した
窃盗,自転車盗,千葉中央,蘇我駅前,121011,千葉県,千葉市中央区,川崎町,2023-02-24,17,その他,駐車（輪）場,10歳代,中学生,施錠せず
窃盗,自転車盗,千葉中央,蘇我駅前,121011,千葉県,千葉市中央区,川崎町,2023-04-01,16,その他,駐車（輪）場,10歳代,高校生,施錠せず
窃盗,自転車盗,千葉中央,蘇我駅前,121011,千葉県,千葉市中央区,川崎町,2023-05-31,09,その他,駐車（輪）場,20歳代,その他,施錠した
窃盗,自転車盗,千葉中央,蘇我駅前,121011,千葉県,千葉市中央区,川崎町,2023-07-17,17,その他,駐車（輪）場,10歳代,中学生,施錠せず
窃盗,自転車盗,千葉中央,蘇我駅前,121011,千葉県,千葉市中央区,川崎町,2023-07-23,13,その他,駐車（輪）場,20歳代,その他,施錠した
窃盗,自転車盗,千葉中央,蘇我駅前,121011,千葉県,千葉市中央区,川崎町,2023-07-27,17,その他,駐車（輪）場,10歳代,高校生,施錠せず
窃盗,自転車盗,千葉中央,蘇我駅前,121011,千葉県,千葉市中央区,川崎町,2023-08-12,12,その他,駐車（輪）場,10歳代,中学生,施錠せず
窃盗,自転車盗,千葉中央,蘇我駅前,121011,千葉県,千葉市中央区,川崎町,2023-09-16,17,駐車（輪）場,駐車（輪）場,10歳代,高校生,施錠せず
窃盗,自転車盗,千葉中央,蘇我駅前,121011,千葉県,千葉市中央区,川崎町,2023-09-16,20,その他,駐車（輪）場,10歳代,高校生,施錠せず
窃盗,自転車盗,千葉中央,蘇我駅前,121011,千葉県,千葉市中央区,川崎町,2023-09-16,20,道路上,その他,10歳代,中学生,施錠した
窃盗,自転車盗,千葉中央,蘇我駅前,121011,千葉県,千葉市中央区,川崎町,2023-10-02,18,駐車（輪）場,駐車（輪）場,10歳代,高校生,施錠した
窃盗,自転車盗,千葉中央,蘇我駅前,121011,千葉県,千葉市中央区,川崎町,2023-10-03,20,その他,駐車（輪）場,20歳代,その他,施錠した
窃盗,自転車盗,千葉中央,蘇我駅前,121011,千葉県,千葉市中央区,川崎町,2023-10-21,13,駐車（輪）場,駐車（輪）場,10歳代,中学生,施錠せず
窃盗,自転車盗,千葉中央,蘇我駅前,121011,千葉県,千葉市中央区,川崎町,2023-11-11,12,道路上,その他,10歳代,中学生,施錠せず
窃盗,自転車盗,千葉中央,蘇我駅前,121011,千葉県,千葉市中央区,川崎町,2023-12-17,18,その他,駐車（輪）場,10歳代,大学生,施錠せず
窃盗,自転車盗,千葉中央,蘇我駅前,121011,千葉県,千葉市中央区,末広４丁目,2023-08-18,16,一戸建住宅,その他,10歳代,中学生,施錠した
窃盗,自転車盗,千葉中央,蘇我駅前,121011,千葉県,千葉市中央区,南町１丁目,2023-09-15,08,その他,駐車（輪）場,20歳代,その他,施錠せず
窃盗,自転車盗,千葉中央,蘇我駅前,121011,千葉県,千葉市中央区,南町２丁目,2023-01-06,07,駐車（輪）場,駐車（輪）場,20歳代,その他,施錠せず
窃盗,自転車盗,千葉中央,蘇我駅前,121011,千葉県,千葉市中央区,南町２丁目,2023-01-11,08,駐車（輪）場,駐車（輪）場,10歳代,高校生,施錠した
窃盗,自転車盗,千葉中央,蘇我駅前,121011,千葉県,千葉市中央区,南町２丁目,2023-01-27,07,駐車（輪）場,駐車（輪）場,10歳代,高校生,施錠せず
窃盗,自転車盗,千葉中央,蘇我駅前,121011,千葉県,千葉市中央区,南町２丁目,2023-01-28,08,その他,駐車（輪）場,10歳代,大学生,施錠した
窃盗,自転車盗,千葉中央,蘇我駅前,121011,千葉県,千葉市中央区,南町２丁目,2023-02-03,12,その他,駐車（輪）場,30歳代,その他,施錠せず
窃盗,自転車盗,千葉中央,蘇我駅前,121011,千葉県,千葉市中央区,南町２丁目,2023-02-15,08,駐車（輪）場,駐車（輪）場,20歳代,その他,施錠した
窃盗,自転車盗,千葉中央,蘇我駅前,121011,千葉県,千葉市中央区,南町２丁目,2023-03-02,17,駐車（輪）場,駐車（輪）場,10歳代,その他,施錠せず
窃盗,自転車盗,千葉中央,蘇我駅前,121011,千葉県,千葉市中央区,南町２丁目,2023-03-07,07,駐車（輪）場,駐車（輪）場,10歳代,高校生,施錠せず
窃盗,自転車盗,千葉中央,蘇我駅前,121011,千葉県,千葉市中央区,南町２丁目,2023-03-09,07,駐車（輪）場,駐車（輪）場,10歳代,高校生,施錠した
窃盗,自転車盗,千葉中央,蘇我駅前,121011,千葉県,千葉市中央区,南町２丁目,2023-03-09,11,駐車（輪）場,駐車（輪）場,20歳代,その他,施錠せず
窃盗,自転車盗,千葉中央,蘇我駅前,121011,千葉県,千葉市中央区,南町２丁目,2023-03-31,09,駐車（輪）場,駐車（輪）場,20歳代,その他,施錠した
窃盗,自転車盗,千葉中央,蘇我駅前,121011,千葉県,千葉市中央区,南町２丁目,2023-05-02,17,駐車（輪）場,駐車（輪）場,20歳代,その他,施錠した
窃盗,自転車盗,千葉中央,蘇我駅前,121011,千葉県,千葉市中央区,南町２丁目,2023-05-20,18,その他,駐車（輪）場,20歳代,大学生,施錠せず
窃盗,自転車盗,千葉中央,蘇我駅前,121011,千葉県,千葉市中央区,南町２丁目,2023-05-26,09,駐車（輪）場,駐車（輪）場,10歳代,大学生,施錠せず
窃盗,自転車盗,千葉中央,蘇我駅前,121011,千葉県,千葉市中央区,南町２丁目,2023-05-26,21,駐車（輪）場,駐車（輪）場,10歳代,大学生,施錠せず
窃盗,自転車盗,千葉中央,蘇我駅前,121011,千葉県,千葉市中央区,南町２丁目,2023-05-30,10,駐車（輪）場,駐車（輪）場,10歳代,その他,施錠せず
窃盗,自転車盗,千葉中央,蘇我駅前,121011,千葉県,千葉市中央区,南町２丁目,2023-06-01,07,駐車（輪）場,駐車（輪）場,10歳代,高校生,施錠せず
窃盗,自転車盗,千葉中央,蘇我駅前,121011,千葉県,千葉市中央区,南町２丁目,2023-06-20,07,駐車（輪）場,駐車（輪）場,10歳代,大学生,施錠せず
窃盗,自転車盗,千葉中央,蘇我駅前,121011,千葉県,千葉市中央区,南町２丁目,2023-06-27,07,駐車（輪）場,駐車（輪）場,20歳代,その他,施錠せず
窃盗,自転車盗,千葉中央,蘇我駅前,121011,千葉県,千葉市中央区,南町２丁目,2023-06-27,07,駐車（輪）場,駐車（輪）場,20歳代,大学生,施錠した
窃盗,自転車盗,千葉中央,蘇我駅前,121011,千葉県,千葉市中央区,南町２丁目,2023-06-28,07,駐車（輪）場,駐車（輪）場,10歳代,その他,施錠した
窃盗,自転車盗,千葉中央,蘇我駅前,121011,千葉県,千葉市中央区,南町２丁目,2023-07-09,05,駐車（輪）場,駐車（輪）場,20歳代,その他,施錠せず
窃盗,自転車盗,千葉中央,蘇我駅前,121011,千葉県,千葉市中央区,南町２丁目,2023-07-13,06,その他,駐車（輪）場,20歳代,その他,施錠した
窃盗,自転車盗,千葉中央,蘇我駅前,121011,千葉県,千葉市中央区,南町２丁目,2023-07-14,07,駐車（輪）場,駐車（輪）場,10歳代,高校生,施錠せず
窃盗,自転車盗,千葉中央,蘇我駅前,121011,千葉県,千葉市中央区,南町２丁目,2023-07-27,09,駐車（輪）場,駐車（輪）場,10歳代,高校生,施錠した
窃盗,自転車盗,千葉中央,蘇我駅前,121011,千葉県,千葉市中央区,南町２丁目,2023-07-29,10,駐車（輪）場,駐車（輪）場,20歳代,大学生,施錠せず
窃盗,自転車盗,千葉中央,蘇我駅前,121011,千葉県,千葉市中央区,南町２丁目,2023-08-03,15,駐車（輪）場,駐車（輪）場,10歳代,その他,施錠した
窃盗,自転車盗,千葉中央,蘇我駅前,121011,千葉県,千葉市中央区,南町２丁目,2023-08-14,16,駐車（輪）場,駐車（輪）場,10歳代,中学生,施錠した
窃盗,自転車盗,千葉中央,蘇我駅前,121011,千葉県,千葉市中央区,南町２丁目,2023-08-24,18,駐車（輪）場,駐車（輪）場,20歳代,大学生,施錠した
窃盗,自転車盗,千葉中央,蘇我駅前,121011,千葉県,千葉市中央区,南町２丁目,2023-09-02,16,その他,駐車（輪）場,65-69歳,その他,施錠せず
窃盗,自転車盗,千葉中央,蘇我駅前,121011,千葉県,千葉市中央区,南町２丁目,2023-09-03,17,駐車（輪）場,駐車（輪）場,40歳代,その他,施錠した
窃盗,自転車盗,千葉中央,蘇我駅前,121011,千葉県,千葉市中央区,南町２丁目,2023-09-06,17,駐車（輪）場,駐車（輪）場,10歳代,高校生,施錠した
窃盗,自転車盗,千葉中央,蘇我駅前,121011,千葉県,千葉市中央区,南町２丁目,2023-09-14,07,駐車（輪）場,駐車（輪）場,10歳代,高校生,施錠せず
窃盗,自転車盗,千葉中央,蘇我駅前,121011,千葉県,千葉市中央区,南町２丁目,2023-09-24,20,その他,駐車（輪）場,20歳代,大学生,施錠せず
窃盗,自転車盗,千葉中央,蘇我駅前,121011,千葉県,千葉市中央区,南町２丁目,2023-09-25,07,駐車（輪）場,駐車（輪）場,10歳代,高校生,施錠した
窃盗,自転車盗,千葉中央,蘇我駅前,121011,千葉県,千葉市中央区,南町２丁目,2023-10-12,07,駐車（輪）場,駐車（輪）場,10歳代,高校生,施錠せず
窃盗,自転車盗,千葉中央,蘇我駅前,121011,千葉県,千葉市中央区,南町２丁目,2023-10-13,07,駐車（輪）場,駐車（輪）場,10歳代,高校生,施錠した
窃盗,自転車盗,千葉中央,蘇我駅前,121011,千葉県,千葉市中央区,南町２丁目,2023-10-14,05,駐車（輪）場,駐車（輪）場,10歳代,その他,施錠せず
窃盗,自転車盗,千葉中央,蘇我駅前,121011,千葉県,千葉市中央区,南町２丁目,2023-10-16,22,駐車（輪）場,駐車（輪）場,40歳代,その他,施錠した
窃盗,自転車盗,千葉中央,蘇我駅前,121011,千葉県,千葉市中央区,南町２丁目,2023-10-19,18,駐車（輪）場,駐車（輪）場,10歳代,高校生,施錠せず
窃盗,自転車盗,千葉中央,蘇我駅前,121011,千葉県,千葉市中央区,南町２丁目,2023-10-20,07,駐車（輪）場,駐車（輪）場,60-64歳,その他,施錠した
窃盗,自転車盗,千葉中央,蘇我駅前,121011,千葉県,千葉市中央区,南町２丁目,2023-10-21,07,駐車（輪）場,駐車（輪）場,10歳代,高校生,施錠せず
窃盗,自転車盗,千葉中央,蘇我駅前,121011,千葉県,千葉市中央区,南町２丁目,2023-10-26,07,駐車（輪）場,駐車（輪）場,40歳代,その他,施錠した
窃盗,自転車盗,千葉中央,蘇我駅前,121011,千葉県,千葉市中央区,南町２丁目,2023-10-27,17,駐車（輪）場,駐車（輪）場,10歳代,高校生,施錠せず
窃盗,自転車盗,千葉中央,蘇我駅前,121011,千葉県,千葉市中央区,南町２丁目,2023-10-28,06,駐車（輪）場,駐車（輪）場,10歳代,高校生,施錠せず
窃盗,自転車盗,千葉中央,蘇我駅前,121011,千葉県,千葉市中央区,南町２丁目,2023-10-31,08,駐車（輪）場,駐車（輪）場,10歳代,中学生,施錠せず
窃盗,自転車盗,千葉中央,蘇我駅前,121011,千葉県,千葉市中央区,南町２丁目,2023-10-31,09,駐車（輪）場,駐車（輪）場,20歳代,大学生,施錠せず
窃盗,自転車盗,千葉中央,蘇我駅前,121011,千葉県,千葉市中央区,南町２丁目,2023-11-01,11,駐車（輪）場,駐車（輪）場,10歳代,高校生,施錠した
窃盗,自転車盗,千葉中央,蘇我駅前,121011,千葉県,千葉市中央区,南町２丁目,2023-11-04,17,駐車（輪）場,駐車（輪）場,10歳代,その他,施錠した
窃盗,自転車盗,千葉中央,蘇我駅前,121011,千葉県,千葉市中央区,南町２丁目,2023-11-09,19,駐車（輪）場,駐車（輪）場,10歳代,高校生,施錠せず
窃盗,自転車盗,千葉中央,蘇我駅前,121011,千葉県,千葉市中央区,南町２丁目,2023-11-10,20,駐車（輪）場,駐車（輪）場,30歳代,その他,施錠せず
窃盗,自転車盗,千葉中央,蘇我駅前,121011,千葉県,千葉市中央区,南町２丁目,2023-11-20,07,駐車（輪）場,駐車（輪）場,10歳代,高校生,施錠せず
窃盗,自転車盗,千葉中央,蘇我駅前,121011,千葉県,千葉市中央区,南町２丁目,2023-11-21,00,道路上,その他,20歳代,大学生,施錠した
窃盗,自転車盗,千葉中央,蘇我駅前,121011,千葉県,千葉市中央区,南町２丁目,2023-12-12,09,駐車（輪）場,駐車（輪）場,10歳代,高校生,施錠せず
窃盗,自転車盗,千葉中央,蘇我駅前,121011,千葉県,千葉市中央区,南町２丁目,2023-12-19,07,駐車（輪）場,駐車（輪）場,10歳代,高校生,施錠せず
窃盗,自転車盗,千葉中央,蘇我駅前,121011,千葉県,千葉市中央区,南町２丁目,2023-12-22,08,駐車（輪）場,駐車（輪）場,20歳代,大学生,施錠した
窃盗,自転車盗,千葉中央,蘇我駅前,121011,千葉県,千葉市中央区,南町２丁目,不明,不明,駐車（輪）場,駐車（輪）場,10歳代,高校生,施錠せず
窃盗,自転車盗,千葉中央,蘇我駅前,121011,千葉県,千葉市中央区,南町３丁目,2023-04-01,08,駐車（輪）場,駐車（輪）場,20歳代,大学生,施錠せず
窃盗,自転車盗,千葉中央,蘇我駅前,121011,千葉県,千葉市中央区,南町３丁目,2023-05-15,08,その他,駐車（輪）場,70歳以上,その他,施錠した
窃盗,自転車盗,千葉中央,蘇我駅前,121011,千葉県,千葉市中央区,南町３丁目,2023-09-07,07,駐車（輪）場,駐車（輪）場,10歳代,中学生,施錠した
窃盗,自転車盗,千葉中央,蘇我駅前,121011,千葉県,千葉市中央区,南町３丁目,2023-09-28,18,その他,その他,10歳代,中学生,施錠した
窃盗,自転車盗,千葉中央,蘇我駅前,121011,千葉県,千葉市中央区,南町３丁目,2023-11-02,08,駐車（輪）場,駐車（輪）場,50歳代,その他,施錠せず
窃盗,自転車盗,千葉中央,蘇我駅前,121011,千葉県,千葉市中央区,南町３丁目,2023-12-15,18,駐車（輪）場,駐車（輪）場,20歳代,大学生,施錠した
窃盗,自転車盗,千葉中央,蘇我駅前,121011,千葉県,千葉市中央区,南町３丁目,2023-12-20,06,駐車（輪）場,駐車（輪）場,30歳代,その他,施錠した
窃盗,自転車盗,千葉中央,蘇我駅前,121011,千葉県,千葉市中央区,宮崎２丁目,2023-08-12,21,駐車（輪）場,駐車（輪）場,10歳代,高校生,施錠せず
窃盗,自転車盗,千葉中央,蘇我駅前,121011,千葉県,千葉市中央区,宮崎町,2023-01-19,11,その他の住宅（３階建て以下共同住宅等）,その他,20歳代,大学生,施錠した
窃盗,自転車盗,千葉中央,蘇我駅前,121011,千葉県,千葉市中央区,宮崎町,2023-07-27,18,４階建て以上共同住宅,駐車（輪）場,60-64歳,その他,施錠した
窃盗,自転車盗,千葉中央,蘇我駅前,121011,千葉県,千葉市中央区,若草１丁目,2023-03-14,21,４階建て以上共同住宅,駐車（輪）場,20歳代,その他,施錠せず
窃盗,自転車盗,千葉中央,蘇我駅前,121011,千葉県,千葉市中央区,若草１丁目,2023-05-16,12,４階建て以上共同住宅,駐車（輪）場,40歳代,その他,施錠せず
窃盗,自転車盗,千葉中央,蘇我駅前,121011,千葉県,千葉市中央区,若草１丁目,2023-08-04,07,その他の住宅（３階建て以下共同住宅等）,駐車（輪）場,20歳代,その他,施錠した
窃盗,自転車盗,千葉中央,蘇我駅前,121011,千葉県,千葉市中央区,蘇我１丁目,2023-08-03,18,その他の住宅（３階建て以下共同住宅等）,駐車（輪）場,20歳代,その他,施錠せず
窃盗,自転車盗,千葉中央,蘇我駅前,121011,千葉県,千葉市中央区,蘇我１丁目,2023-08-06,14,その他の住宅（３階建て以下共同住宅等）,駐車（輪）場,20歳代,その他,施錠した
窃盗,自転車盗,千葉中央,蘇我駅前,121011,千葉県,千葉市中央区,蘇我４丁目,2023-07-03,18,その他の住宅（３階建て以下共同住宅等）,駐車（輪）場,20歳代,その他,施錠した
窃盗,自転車盗,千葉中央,蘇我駅前,121011,千葉県,千葉市中央区,蘇我４丁目,2023-11-18,22,一戸建住宅,その他,10歳代,小学生,施錠せず
窃盗,自転車盗,千葉中央,西千葉,121011,千葉県,千葉市中央区,春日１丁目,2022-11-15,00,その他の住宅（３階建て以下共同住宅等）,駐車（輪）場,20歳代,その他,施錠した
窃盗,自転車盗,千葉中央,西千葉,121011,千葉県,千葉市中央区,春日１丁目,2023-02-04,22,その他の住宅（３階建て以下共同住宅等）,その他,10歳代,大学生,施錠せず
窃盗,自転車盗,千葉中央,西千葉,121011,千葉県,千葉市中央区,春日１丁目,2023-03-30,14,４階建て以上共同住宅,駐車（輪）場,70歳以上,その他,施錠した
窃盗,自転車盗,千葉中央,西千葉,121011,千葉県,千葉市中央区,春日１丁目,2023-05-22,12,その他の住宅（３階建て以下共同住宅等）,駐車（輪）場,20歳代,大学生,施錠せず
窃盗,自転車盗,千葉中央,西千葉,121011,千葉県,千葉市中央区,春日１丁目,2023-07-13,23,その他の住宅（３階建て以下共同住宅等）,駐車（輪）場,20歳代,大学生,施錠せず
窃盗,自転車盗,千葉中央,西千葉,121011,千葉県,千葉市中央区,春日２丁目,2022-12-01,21,道路上,その他,20歳代,その他,施錠せず
窃盗,自転車盗,千葉中央,西千葉,121011,千葉県,千葉市中央区,春日２丁目,2023-01-07,13,その他,駐車（輪）場,20歳代,その他,施錠せず
窃盗,自転車盗,千葉中央,西千葉,121011,千葉県,千葉市中央区,春日２丁目,2023-01-23,08,４階建て以上共同住宅,その他,20歳代,その他,施錠した
窃盗,自転車盗,千葉中央,西千葉,121011,千葉県,千葉市中央区,春日２丁目,2023-01-26,08,その他,その他,20歳代,大学生,施錠した
窃盗,自転車盗,千葉中央,西千葉,121011,千葉県,千葉市中央区,春日２丁目,2023-03-19,11,その他,駐車（輪）場,30歳代,その他,施錠せず
窃盗,自転車盗,千葉中央,西千葉,121011,千葉県,千葉市中央区,春日２丁目,2023-03-20,19,その他,その他,20歳代,大学生,施錠せず
窃盗,自転車盗,千葉中央,西千葉,121011,千葉県,千葉市中央区,春日２丁目,2023-03-31,19,道路上,その他,20歳代,大学生,施錠せず
窃盗,自転車盗,千葉中央,西千葉,121011,千葉県,千葉市中央区,春日２丁目,2023-04-27,21,４階建て以上共同住宅,その他,20歳代,大学生,施錠せず
窃盗,自転車盗,千葉中央,西千葉,121011,千葉県,千葉市中央区,春日２丁目,2023-05-15,15,その他の住宅（３階建て以下共同住宅等）,その他,10歳代,その他,施錠せず
窃盗,自転車盗,千葉中央,西千葉,121011,千葉県,千葉市中央区,春日２丁目,2023-05-24,11,道路上,その他,10歳代,その他,施錠せず
窃盗,自転車盗,千葉中央,西千葉,121011,千葉県,千葉市中央区,春日２丁目,2023-06-10,11,その他,駐車（輪）場,60-64歳,その他,施錠した
窃盗,自転車盗,千葉中央,西千葉,121011,千葉県,千葉市中央区,春日２丁目,2023-06-12,14,その他の住宅（３階建て以下共同住宅等）,駐車（輪）場,20歳代,大学生,施錠した
窃盗,自転車盗,千葉中央,西千葉,121011,千葉県,千葉市中央区,春日２丁目,2023-06-20,16,その他,駐車（輪）場,10歳代,小学生,施錠せず
窃盗,自転車盗,千葉中央,西千葉,121011,千葉県,千葉市中央区,春日２丁目,2023-08-16,20,道路上,その他,20歳代,大学生,施錠した
窃盗,自転車盗,千葉中央,西千葉,121011,千葉県,千葉市中央区,春日２丁目,2023-09-09,23,駐車（輪）場,駐車（輪）場,10歳代,大学生,施錠せず
窃盗,自転車盗,千葉中央,西千葉,121011,千葉県,千葉市中央区,春日２丁目,2023-10-11,01,道路上,その他,20歳代,大学生,施錠せず
窃盗,自転車盗,千葉中央,西千葉,121011,千葉県,千葉市中央区,春日２丁目,2023-10-17,21,道路上,その他,20歳代,大学生,施錠した
窃盗,自転車盗,千葉中央,西千葉,121011,千葉県,千葉市中央区,春日２丁目,2023-11-29,22,その他,駐車（輪）場,20歳代,大学生,施錠せず
窃盗,自転車盗,千葉中央,西千葉,121011,千葉県,千葉市中央区,春日２丁目,2023-12-08,22,道路上,その他,20歳代,大学生,施錠せず
窃盗,自転車盗,千葉中央,西千葉,121011,千葉県,千葉市中央区,春日２丁目,2023-12-15,21,道路上,その他,20歳代,大学生,施錠せず
窃盗,自転車盗,千葉中央,西千葉,121011,千葉県,千葉市中央区,春日２丁目,2023-12-18,17,駐車（輪）場,駐車（輪）場,10歳代,中学生,施錠せず
窃盗,自転車盗,千葉中央,西千葉,121011,千葉県,千葉市中央区,春日２丁目,2023-12-25,19,駐車（輪）場,駐車（輪）場,10歳代,大学生,施錠せず
窃盗,自転車盗,千葉中央,西千葉,121011,千葉県,千葉市中央区,汐見丘町,2023-05-21,21,その他の住宅（３階建て以下共同住宅等）,駐車（輪）場,20歳代,大学生,施錠した
窃盗,自転車盗,千葉中央,西千葉,121011,千葉県,千葉市中央区,登戸４丁目,2023-06-17,07,その他の住宅（３階建て以下共同住宅等）,その他,20歳代,大学生,施錠せず
窃盗,自転車盗,千葉中央,西千葉,121011,千葉県,千葉市中央区,登戸４丁目,2023-06-25,10,駐車（輪）場,駐車（輪）場,10歳代,その他,施錠した
窃盗,自転車盗,千葉中央,西千葉,121011,千葉県,千葉市中央区,登戸４丁目,2023-07-15,07,道路上,その他,10歳代,高校生,施錠せず
窃盗,自転車盗,千葉中央,西千葉,121011,千葉県,千葉市中央区,登戸４丁目,2023-12-09,22,その他の住宅（３階建て以下共同住宅等）,駐車（輪）場,20歳代,大学生,施錠せず
窃盗,自転車盗,千葉中央,西千葉,121011,千葉県,千葉市中央区,,2023-07-27,08,その他の住宅（３階建て以下共同住宅等）,駐車（輪）場,10歳代,大学生,施錠せず
窃盗,自転車盗,千葉中央,西千葉,121011,千葉県,千葉市中央区,松波１丁目,2023-02-09,09,その他の住宅（３階建て以下共同住宅等）,駐車（輪）場,20歳代,大学生,施錠した
窃盗,自転車盗,千葉中央,西千葉,121011,千葉県,千葉市中央区,松波１丁目,2023-04-08,18,その他の住宅（３階建て以下共同住宅等）,駐車（輪）場,20歳代,大学生,施錠せず
窃盗,自転車盗,千葉中央,西千葉,121011,千葉県,千葉市中央区,松波２丁目,2023-02-19,21,４階建て以上共同住宅,駐車（輪）場,20歳代,大学生,施錠せず
窃盗,自転車盗,千葉中央,西千葉,121011,千葉県,千葉市中央区,松波２丁目,2023-03-17,20,４階建て以上共同住宅,駐車（輪）場,10歳代,大学生,施錠せず
窃盗,自転車盗,千葉中央,西千葉,121011,千葉県,千葉市中央区,松波２丁目,2023-03-31,23,道路上,その他,70歳以上,その他,施錠せず
窃盗,自転車盗,千葉中央,西千葉,121011,千葉県,千葉市中央区,松波２丁目,2023-06-06,17,その他の住宅（３階建て以下共同住宅等）,駐車（輪）場,50歳代,その他,施錠せず
窃盗,自転車盗,千葉中央,西千葉,121011,千葉県,千葉市中央区,松波２丁目,2023-09-28,20,その他の住宅（３階建て以下共同住宅等）,駐車（輪）場,20歳代,大学生,施錠せず
窃盗,自転車盗,千葉中央,西千葉,121011,千葉県,千葉市中央区,松波２丁目,2023-10-02,00,駐車（輪）場,駐車（輪）場,20歳代,大学生,施錠せず
窃盗,自転車盗,千葉中央,西千葉,121011,千葉県,千葉市中央区,松波２丁目,2023-10-26,20,その他の住宅（３階建て以下共同住宅等）,駐車（輪）場,20歳代,その他,施錠せず
窃盗,自転車盗,千葉中央,西千葉,121011,千葉県,千葉市中央区,松波２丁目,2023-11-16,09,駐車（輪）場,駐車（輪）場,20歳代,その他,施錠せず
窃盗,自転車盗,千葉中央,西千葉,121011,千葉県,千葉市中央区,松波３丁目,2023-04-04,23,その他の住宅（３階建て以下共同住宅等）,その他,20歳代,大学生,施錠した
窃盗,自転車盗,千葉中央,西千葉,121011,千葉県,千葉市中央区,松波３丁目,2023-06-09,18,その他の住宅（３階建て以下共同住宅等）,その他,20歳代,大学生,施錠せず
窃盗,自転車盗,千葉中央,西千葉,121011,千葉県,千葉市中央区,松波３丁目,2023-11-20,19,その他の住宅（３階建て以下共同住宅等）,駐車（輪）場,20歳代,その他,施錠した
窃盗,自転車盗,千葉中央,西千葉,121011,千葉県,千葉市中央区,松波３丁目,2023-11-30,17,その他の住宅（３階建て以下共同住宅等）,駐車（輪）場,20歳代,その他,施錠せず
窃盗,自転車盗,千葉中央,西千葉,121011,千葉県,千葉市中央区,松波４丁目,2023-09-18,18,４階建て以上共同住宅,駐車（輪）場,10歳代,その他,施錠せず
窃盗,自転車盗,千葉中央,西千葉,121011,千葉県,千葉市中央区,松波４丁目,2023-09-25,11,その他の住宅（３階建て以下共同住宅等）,その他,20歳代,大学生,施錠せず
窃盗,自転車盗,千葉中央,都,121011,千葉県,千葉市中央区,旭町,2023-02-17,16,その他,その他,20歳代,その他,施錠した
窃盗,自転車盗,千葉中央,都,121011,千葉県,千葉市中央区,亀井町,2023-04-24,20,道路上,その他,10歳代,大学生,施錠した
窃盗,自転車盗,千葉中央,都,121011,千葉県,千葉市中央区,亀井町,2023-06-30,13,その他の住宅（３階建て以下共同住宅等）,その他,20歳代,大学生,施錠せず
窃盗,自転車盗,千葉中央,都,121011,千葉県,千葉市中央区,亀岡町,2023-07-07,19,４階建て以上共同住宅,駐車（輪）場,20歳代,その他,施錠せず
窃盗,自転車盗,千葉中央,都,121011,千葉県,千葉市中央区,亀岡町,2023-07-31,23,その他の住宅（３階建て以下共同住宅等）,駐車（輪）場,50歳代,その他,施錠せず
窃盗,自転車盗,千葉中央,都,121011,千葉県,千葉市中央区,都町１丁目,2023-03-31,12,４階建て以上共同住宅,駐車（輪）場,30歳代,その他,施錠した
窃盗,自転車盗,千葉中央,都,121011,千葉県,千葉市中央区,都町１丁目,2023-04-11,18,その他の住宅（３階建て以下共同住宅等）,駐車（輪）場,20歳代,その他,施錠せず
窃盗,自転車盗,千葉中央,都,121011,千葉県,千葉市中央区,都町１丁目,2023-04-26,20,その他の住宅（３階建て以下共同住宅等）,駐車（輪）場,20歳代,その他,施錠せず
窃盗,自転車盗,千葉中央,都,121011,千葉県,千葉市中央区,都町１丁目,2023-04-26,21,その他の住宅（３階建て以下共同住宅等）,駐車（輪）場,40歳代,その他,施錠せず
窃盗,自転車盗,千葉中央,都,121011,千葉県,千葉市中央区,都町１丁目,2023-08-21,23,その他の住宅（３階建て以下共同住宅等）,駐車（輪）場,20歳代,その他,施錠した
窃盗,自転車盗,千葉中央,都,121011,千葉県,千葉市中央区,都町１丁目,2023-08-28,08,その他の住宅（３階建て以下共同住宅等）,駐車（輪）場,40歳代,その他,施錠せず
窃盗,自転車盗,千葉中央,都,121011,千葉県,千葉市中央区,都町１丁目,2023-09-02,20,一戸建住宅,その他,10歳代,高校生,施錠せず
窃盗,自転車盗,千葉中央,都,121011,千葉県,千葉市中央区,都町１丁目,2023-09-07,17,４階建て以上共同住宅,駐車（輪）場,10歳代,大学生,施錠せず
窃盗,自転車盗,千葉中央,都,121011,千葉県,千葉市中央区,都町１丁目,2023-09-25,19,その他の住宅（３階建て以下共同住宅等）,駐車（輪）場,20歳代,その他,施錠せず
窃盗,自転車盗,千葉中央,都,121011,千葉県,千葉市中央区,都町１丁目,2023-11-23,16,４階建て以上共同住宅,駐車（輪）場,10歳代,小学生,施錠した
窃盗,自転車盗,千葉中央,都,121011,千葉県,千葉市中央区,都町３丁目,2023-04-02,15,一戸建住宅,その他,20歳代,その他,施錠した
窃盗,自転車盗,千葉中央,都,121011,千葉県,千葉市中央区,都町６丁目,2023-05-06,19,４階建て以上共同住宅,駐車（輪）場,40歳代,その他,施錠した
窃盗,自転車盗,千葉中央,都,121011,千葉県,千葉市中央区,都町７丁目,2023-09-16,16,一戸建住宅,その他,40歳代,その他,施錠した
窃盗,自転車盗,千葉中央,都,121011,千葉県,千葉市中央区,都町８丁目,2023-11-04,17,一戸建住宅,その他,10歳代,中学生,施錠せず
窃盗,自転車盗,千葉中央,都,121011,千葉県,千葉市中央区,矢作町,2021-12-03,13,その他の住宅（３階建て以下共同住宅等）,その他,40歳代,その他,施錠せず
窃盗,自転車盗,千葉中央,都,121011,千葉県,千葉市中央区,矢作町,2023-10-07,18,その他の住宅（３階建て以下共同住宅等）,その他,40歳代,その他,施錠した
窃盗,自転車盗,千葉中央,都,121011,千葉県,千葉市中央区,矢作町,不明,不明,その他の住宅（３階建て以下共同住宅等）,駐車（輪）場,20歳代,その他,施錠せず
窃盗,自転車盗,千葉中央,都,121011,千葉県,千葉市中央区,矢作町,不明,不明,その他の住宅（３階建て以下共同住宅等）,駐車（輪）場,30歳代,その他,施錠した
窃盗,自転車盗,千葉中央,,,,,,不明,不明,その他,その他,法人・団体、被害者なし,法人・団体、被害者なし,施錠せず
窃盗,自転車盗,千葉南,あすみが丘,121053,千葉県,千葉市緑区,あすみが丘１丁目,2023-08-23,14,駐車（輪）場,駐車（輪）場,10歳代,高校生,施錠せず
窃盗,自転車盗,千葉南,あすみが丘,121053,千葉県,千葉市緑区,あすみが丘７丁目,2023-04-28,15,その他,駐車（輪）場,10歳代,中学生,施錠せず
窃盗,自転車盗,千葉南,あすみが丘,121053,千葉県,千葉市緑区,あすみが丘７丁目,2023-09-02,11,その他,駐車（輪）場,10歳代,高校生,施錠せず
窃盗,自転車盗,千葉南,あすみが丘,121053,千葉県,千葉市緑区,あすみが丘７丁目,2023-11-15,16,その他,駐車（輪）場,10歳代,中学生,施錠せず
窃盗,自転車盗,千葉南,土気駅前,121053,千葉県,千葉市緑区,大椎町,2023-07-11,18,一戸建住宅,その他,70歳以上,その他,施錠した
窃盗,自転車盗,千葉南,土気駅前,121053,千葉県,千葉市緑区,土気町,2023-06-07,06,道路上,その他,10歳代,高校生,施錠した
窃盗,自転車盗,千葉南,土気駅前,121053,千葉県,千葉市緑区,土気町,2023-06-17,13,その他の住宅（３階建て以下共同住宅等）,駐車（輪）場,10歳代,中学生,施錠せず
窃盗,自転車盗,千葉南,土気駅前,121053,千葉県,千葉市緑区,あすみが丘１丁目,2023-07-28,05,駐車（輪）場,駐車（輪）場,10歳代,高校生,施錠した
窃盗,自転車盗,千葉南,土気駅前,121053,千葉県,千葉市緑区,あすみが丘１丁目,2023-07-28,08,その他,駐車（輪）場,10歳代,中学生,施錠せず
窃盗,自転車盗,千葉南,土気駅前,121053,千葉県,千葉市緑区,あすみが丘１丁目,2023-07-29,11,その他,駐車（輪）場,10歳代,その他,施錠せず
窃盗,自転車盗,千葉南,土気駅前,121053,千葉県,千葉市緑区,あすみが丘１丁目,2023-08-15,15,その他,駐車（輪）場,10歳代,大学生,施錠した
窃盗,自転車盗,千葉南,土気駅前,121053,千葉県,千葉市緑区,あすみが丘１丁目,2023-08-19,21,その他,駐車（輪）場,10歳代,高校生,施錠せず
窃盗,自転車盗,千葉南,土気駅前,121053,千葉県,千葉市緑区,あすみが丘１丁目,2023-09-01,08,その他,駐車（輪）場,10歳代,高校生,施錠せず
窃盗,自転車盗,千葉南,土気駅前,121053,千葉県,千葉市緑区,あすみが丘１丁目,2023-09-04,09,駐車（輪）場,駐車（輪）場,20歳代,大学生,施錠せず
窃盗,自転車盗,千葉南,土気駅前,121053,千葉県,千葉市緑区,あすみが丘１丁目,2023-09-20,08,駐車（輪）場,駐車（輪）場,10歳代,大学生,施錠せず
窃盗,自転車盗,千葉南,土気駅前,121053,千葉県,千葉市緑区,あすみが丘１丁目,2023-09-28,11,駐車（輪）場,駐車（輪）場,20歳代,大学生,施錠せず
窃盗,自転車盗,千葉南,土気駅前,121053,千葉県,千葉市緑区,あすみが丘１丁目,2023-10-03,09,駐車（輪）場,駐車（輪）場,10歳代,大学生,施錠した
窃盗,自転車盗,千葉南,土気駅前,121053,千葉県,千葉市緑区,あすみが丘１丁目,2023-10-03,11,駐車（輪）場,駐車（輪）場,10歳代,大学生,施錠せず
窃盗,自転車盗,千葉南,土気駅前,121053,千葉県,千葉市緑区,あすみが丘１丁目,2023-10-06,13,駐車（輪）場,駐車（輪）場,10歳代,大学生,施錠せず
窃盗,自転車盗,千葉南,土気駅前,121053,千葉県,千葉市緑区,あすみが丘１丁目,2023-10-14,09,駐車（輪）場,駐車（輪）場,10歳代,高校生,施錠せず
窃盗,自転車盗,千葉南,土気駅前,121053,千葉県,千葉市緑区,あすみが丘１丁目,2023-10-30,07,駐車（輪）場,駐車（輪）場,10歳代,大学生,施錠せず
窃盗,自転車盗,千葉南,土気駅前,121053,千葉県,千葉市緑区,あすみが丘１丁目,2023-12-06,07,駐車（輪）場,駐車（輪）場,10歳代,高校生,施錠した
窃盗,自転車盗,千葉南,土気駅前,121053,千葉県,千葉市緑区,あすみが丘１丁目,2023-12-10,09,その他,駐車（輪）場,10歳代,高校生,施錠せず
窃盗,自転車盗,千葉南,土気駅前,121053,千葉県,千葉市緑区,あすみが丘１丁目,2023-12-13,14,その他,駐車（輪）場,10歳代,高校生,施錠せず
窃盗,自転車盗,千葉南,土気駅前,121053,千葉県,千葉市緑区,あすみが丘１丁目,2023-12-21,09,その他,駐車（輪）場,10歳代,高校生,施錠せず
窃盗,自転車盗,千葉南,土気駅前,121053,千葉県,千葉市緑区,あすみが丘２丁目,2023-11-22,18,その他,その他,10歳代,中学生,施錠せず
窃盗,自転車盗,千葉南,土気駅前,121053,千葉県,千葉市緑区,あすみが丘３丁目,2023-09-01,21,その他の住宅（３階建て以下共同住宅等）,駐車（輪）場,30歳代,その他,施錠した
窃盗,自転車盗,千葉南,土気駅前,121053,千葉県,千葉市緑区,あすみが丘４丁目,2023-08-20,17,４階建て以上共同住宅,駐車（輪）場,40歳代,その他,施錠せず
窃盗,自転車盗,千葉南,土気駅前,121053,千葉県,千葉市緑区,あすみが丘４丁目,2023-08-20,20,その他の住宅（３階建て以下共同住宅等）,駐車（輪）場,20歳代,その他,施錠した
窃盗,自転車盗,千葉南,土気駅前,121053,千葉県,千葉市緑区,おゆみ野３丁目,2023-07-11,07,駐車（輪）場,駐車（輪）場,10歳代,高校生,施錠せず
窃盗,自転車盗,千葉南,土気駅前,121053,千葉県,千葉市緑区,あすみが丘東１丁目,2023-04-04,20,一戸建住宅,駐車（輪）場,50歳代,その他,施錠せず
窃盗,自転車盗,千葉南,土気駅前,121053,千葉県,千葉市緑区,あすみが丘東３丁目,2023-09-01,22,その他の住宅（３階建て以下共同住宅等）,駐車（輪）場,20歳代,その他,施錠した
窃盗,自転車盗,千葉南,土気駅前,121053,千葉県,千葉市緑区,あすみが丘東４丁目,2023-07-14,11,一戸建住宅,その他,20歳代,その他,施錠せず
窃盗,自転車盗,千葉南,土気駅前,121053,千葉県,千葉市緑区,あすみが丘東４丁目,2023-11-30,20,一戸建住宅,その他,30歳代,その他,施錠せず
窃盗,自転車盗,千葉南,学園前駅前,121053,千葉県,千葉市緑区,鎌取町,2023-07-18,14,駐車（輪）場,駐車（輪）場,10歳代,高校生,施錠した
窃盗,自転車盗,千葉南,学園前駅前,121053,千葉県,千葉市緑区,古市場町,2023-03-30,21,その他,駐車（輪）場,10歳代,高校生,施錠せず
窃盗,自転車盗,千葉南,学園前駅前,121053,千葉県,千葉市緑区,古市場町,2023-05-06,09,その他,駐車（輪）場,30歳代,その他,施錠した
窃盗,自転車盗,千葉南,学園前駅前,121053,千葉県,千葉市緑区,古市場町,2023-06-14,17,その他,駐車（輪）場,10歳代,高校生,施錠した
窃盗,自転車盗,千葉南,学園前駅前,121053,千葉県,千葉市緑区,古市場町,2023-08-05,08,一戸建住宅,駐車（輪）場,20歳代,その他,施錠せず
窃盗,自転車盗,千葉南,学園前駅前,121053,千葉県,千葉市緑区,おゆみ野１丁目,2023-05-02,08,一戸建住宅,駐車（輪）場,20歳代,大学生,施錠せず
窃盗,自転車盗,千葉南,学園前駅前,121053,千葉県,千葉市緑区,おゆみ野１丁目,2023-12-25,19,一戸建住宅,駐車（輪）場,70歳以上,その他,施錠せず
窃盗,自転車盗,千葉南,学園前駅前,121053,千葉県,千葉市緑区,おゆみ野３丁目,2023-07-25,21,駐車（輪）場,駐車（輪）場,10歳代,中学生,施錠した
窃盗,自転車盗,千葉南,学園前駅前,121053,千葉県,千葉市緑区,おゆみ野４丁目,2023-07-15,07,その他,駐車（輪）場,20歳代,その他,施錠せず
窃盗,自転車盗,千葉南,学園前駅前,121053,千葉県,千葉市緑区,おゆみ野有吉,2023-04-13,18,その他の住宅（３階建て以下共同住宅等）,駐車（輪）場,30歳代,その他,施錠した
窃盗,自転車盗,千葉南,学園前駅前,121053,千葉県,千葉市緑区,おゆみ野有吉,2023-04-25,12,その他の住宅（３階建て以下共同住宅等）,駐車（輪）場,20歳代,その他,施錠した
窃盗,自転車盗,千葉南,学園前駅前,121053,千葉県,千葉市緑区,おゆみ野有吉,2023-05-23,08,その他の住宅（３階建て以下共同住宅等）,駐車（輪）場,10歳代,中学生,施錠せず
窃盗,自転車盗,千葉南,学園前駅前,121053,千葉県,千葉市緑区,おゆみ野中央１丁目,2023-05-20,20,一戸建住宅,駐車（輪）場,10歳代,中学生,施錠せず
窃盗,自転車盗,千葉南,学園前駅前,121053,千葉県,千葉市緑区,おゆみ野中央１丁目,2023-06-20,16,４階建て以上共同住宅,駐車（輪）場,10歳代,高校生,施錠せず
窃盗,自転車盗,千葉南,学園前駅前,121053,千葉県,千葉市緑区,おゆみ野中央１丁目,2023-08-07,19,駐車（輪）場,駐車（輪）場,50歳代,その他,施錠した
窃盗,自転車盗,千葉南,学園前駅前,121053,千葉県,千葉市緑区,おゆみ野中央１丁目,2023-11-01,07,駐車（輪）場,駐車（輪）場,20歳代,その他,施錠せず
窃盗,自転車盗,千葉南,学園前駅前,121053,千葉県,千葉市緑区,おゆみ野中央１丁目,2023-11-07,23,その他の住宅（３階建て以下共同住宅等）,駐車（輪）場,10歳代,大学生,施錠した
窃盗,自転車盗,千葉南,学園前駅前,121053,千葉県,千葉市緑区,おゆみ野中央１丁目,2023-11-15,16,４階建て以上共同住宅,駐車（輪）場,10歳代,高校生,施錠せず
窃盗,自転車盗,千葉南,学園前駅前,121053,千葉県,千葉市緑区,おゆみ野中央１丁目,不明,不明,一戸建住宅,駐車（輪）場,40歳代,その他,施錠した
窃盗,自転車盗,千葉南,学園前駅前,121053,千葉県,千葉市緑区,おゆみ野中央２丁目,2023-06-05,22,その他,駐車（輪）場,20歳代,大学生,施錠せず
窃盗,自転車盗,千葉南,学園前駅前,121053,千葉県,千葉市緑区,おゆみ野中央２丁目,2023-10-05,17,その他,駐車（輪）場,10歳代,高校生,施錠せず
窃盗,自転車盗,千葉南,学園前駅前,121053,千葉県,千葉市緑区,おゆみ野中央３丁目,2023-10-18,20,４階建て以上共同住宅,駐車（輪）場,10歳代,高校生,施錠せず
窃盗,自転車盗,千葉南,学園前駅前,121053,千葉県,千葉市緑区,おゆみ野中央３丁目,2023-10-27,23,４階建て以上共同住宅,駐車（輪）場,10歳代,大学生,施錠せず
窃盗,自転車盗,千葉南,学園前駅前,121053,千葉県,千葉市緑区,おゆみ野中央９丁目,2023-09-07,17,一戸建住宅,その他,50歳代,その他,施錠せず
窃盗,自転車盗,千葉南,学園前駅前,121053,千葉県,千葉市緑区,おゆみ野中央９丁目,2023-12-04,21,一戸建住宅,駐車（輪）場,10歳代,高校生,施錠せず
窃盗,自転車盗,千葉南,学園前駅前,121053,千葉県,千葉市緑区,おゆみ野南１丁目,2023-04-06,15,その他,駐車（輪）場,10歳代,高校生,施錠せず
窃盗,自転車盗,千葉南,学園前駅前,121053,千葉県,千葉市緑区,おゆみ野南１丁目,2023-07-09,20,その他の住宅（３階建て以下共同住宅等）,駐車（輪）場,10歳代,高校生,施錠せず
窃盗,自転車盗,千葉南,学園前駅前,121053,千葉県,千葉市緑区,おゆみ野南１丁目,2023-07-15,04,その他の住宅（３階建て以下共同住宅等）,駐車（輪）場,20歳代,その他,施錠せず
窃盗,自転車盗,千葉南,学園前駅前,121053,千葉県,千葉市緑区,おゆみ野南１丁目,2023-08-10,21,その他の住宅（３階建て以下共同住宅等）,駐車（輪）場,10歳代,高校生,施錠せず
窃盗,自転車盗,千葉南,学園前駅前,121053,千葉県,千葉市緑区,おゆみ野南１丁目,2023-11-03,19,その他,駐車（輪）場,20歳代,大学生,施錠した
窃盗,自転車盗,千葉南,学園前駅前,121053,千葉県,千葉市緑区,おゆみ野南２丁目,2023-01-23,10,その他の住宅（３階建て以下共同住宅等）,駐車（輪）場,30歳代,その他,施錠した
窃盗,自転車盗,千葉南,学園前駅前,121053,千葉県,千葉市緑区,おゆみ野南２丁目,2023-04-25,19,４階建て以上共同住宅,駐車（輪）場,20歳代,その他,施錠した
窃盗,自転車盗,千葉南,学園前駅前,121053,千葉県,千葉市緑区,おゆみ野南２丁目,2023-07-18,14,その他,駐車（輪）場,10歳代,中学生,施錠せず
窃盗,自転車盗,千葉南,学園前駅前,121053,千葉県,千葉市緑区,おゆみ野南２丁目,2023-09-16,17,４階建て以上共同住宅,その他,10歳代,大学生,施錠せず
窃盗,自転車盗,千葉南,学園前駅前,121053,千葉県,千葉市緑区,おゆみ野南３丁目,2023-05-13,18,駐車（輪）場,駐車（輪）場,10歳代,中学生,施錠せず
窃盗,自転車盗,千葉南,学園前駅前,121053,千葉県,千葉市緑区,おゆみ野南３丁目,2023-07-15,16,その他の住宅（３階建て以下共同住宅等）,駐車（輪）場,10歳代,中学生,施錠せず
窃盗,自転車盗,千葉南,学園前駅前,121053,千葉県,千葉市緑区,おゆみ野南３丁目,2023-07-29,17,一戸建住宅,駐車（輪）場,20歳代,大学生,施錠せず
窃盗,自転車盗,千葉南,学園前駅前,121053,千葉県,千葉市緑区,おゆみ野南３丁目,2023-09-25,17,その他の住宅（３階建て以下共同住宅等）,駐車（輪）場,20歳代,その他,施錠した
窃盗,自転車盗,千葉南,学園前駅前,121053,千葉県,千葉市緑区,おゆみ野南４丁目,2023-03-03,17,一戸建住宅,駐車（輪）場,10歳代,中学生,施錠せず
窃盗,自転車盗,千葉南,学園前駅前,121053,千葉県,千葉市緑区,おゆみ野南５丁目,2023-04-02,20,その他,駐車（輪）場,10歳代,中学生,施錠せず
窃盗,自転車盗,千葉南,学園前駅前,121053,千葉県,千葉市緑区,おゆみ野南５丁目,2023-04-04,20,一戸建住宅,駐車（輪）場,10歳代,中学生,施錠した
窃盗,自転車盗,千葉南,学園前駅前,121053,千葉県,千葉市緑区,おゆみ野南５丁目,2023-05-25,00,その他,駐車（輪）場,20歳代,大学生,施錠せず
窃盗,自転車盗,千葉南,学園前駅前,121053,千葉県,千葉市緑区,おゆみ野南５丁目,2023-06-14,10,一戸建住宅,駐車（輪）場,50歳代,その他,施錠せず
窃盗,自転車盗,千葉南,学園前駅前,121053,千葉県,千葉市緑区,おゆみ野南５丁目,2023-06-18,13,その他,駐車（輪）場,10歳代,高校生,施錠せず
窃盗,自転車盗,千葉南,学園前駅前,121053,千葉県,千葉市緑区,おゆみ野南５丁目,2023-07-05,11,その他,駐車（輪）場,10歳代,その他,施錠せず
窃盗,自転車盗,千葉南,学園前駅前,121053,千葉県,千葉市緑区,おゆみ野南５丁目,2023-07-23,17,その他,駐車（輪）場,20歳代,大学生,施錠せず
窃盗,自転車盗,千葉南,学園前駅前,121053,千葉県,千葉市緑区,おゆみ野南５丁目,2023-08-17,18,その他,駐車（輪）場,10歳代,高校生,施錠せず
窃盗,自転車盗,千葉南,学園前駅前,121053,千葉県,千葉市緑区,おゆみ野南５丁目,2023-08-17,19,その他,駐車（輪）場,10歳代,中学生,施錠せず
窃盗,自転車盗,千葉南,学園前駅前,121053,千葉県,千葉市緑区,おゆみ野南５丁目,2023-08-21,17,４階建て以上共同住宅,駐車（輪）場,40歳代,その他,施錠した
窃盗,自転車盗,千葉南,学園前駅前,121053,千葉県,千葉市緑区,おゆみ野南５丁目,2023-08-24,21,一戸建住宅,駐車（輪）場,40歳代,その他,施錠せず
窃盗,自転車盗,千葉南,学園前駅前,121053,千葉県,千葉市緑区,おゆみ野南５丁目,2023-08-26,17,４階建て以上共同住宅,駐車（輪）場,20歳代,その他,施錠した
窃盗,自転車盗,千葉南,学園前駅前,121053,千葉県,千葉市緑区,おゆみ野南５丁目,2023-10-10,10,その他,駐車（輪）場,40歳代,その他,施錠せず
窃盗,自転車盗,千葉南,学園前駅前,121053,千葉県,千葉市緑区,おゆみ野南６丁目,2023-03-10,10,一戸建住宅,駐車（輪）場,40歳代,その他,施錠せず
窃盗,自転車盗,千葉南,学園前駅前,121053,千葉県,千葉市緑区,おゆみ野南６丁目,2023-05-10,18,一戸建住宅,駐車（輪）場,20歳代,大学生,施錠せず
窃盗,自転車盗,千葉南,誉田,121053,千葉県,千葉市緑区,高田町,2023-04-22,23,道路上,その他,20歳代,大学生,施錠せず
窃盗,自転車盗,千葉南,誉田,121053,千葉県,千葉市緑区,高田町,2023-04-23,11,道路上,その他,70歳以上,その他,施錠せず
窃盗,自転車盗,千葉南,誉田,121053,千葉県,千葉市緑区,誉田町１丁目,2023-02-17,11,その他,その他,30歳代,その他,施錠せず
窃盗,自転車盗,千葉南,誉田,121053,千葉県,千葉市緑区,誉田町１丁目,2023-03-11,18,４階建て以上共同住宅,駐車（輪）場,20歳代,その他,施錠せず
窃盗,自転車盗,千葉南,誉田,121053,千葉県,千葉市緑区,誉田町１丁目,2023-09-07,19,４階建て以上共同住宅,駐車（輪）場,20歳代,その他,施錠せず
窃盗,自転車盗,千葉南,誉田,121053,千葉県,千葉市緑区,誉田町２丁目,2022-12-23,10,一戸建住宅,その他,10歳代,高校生,施錠せず
窃盗,自転車盗,千葉南,誉田,121053,千葉県,千葉市緑区,誉田町２丁目,2023-03-30,07,駐車（輪）場,駐車（輪）場,10歳代,高校生,施錠せず
窃盗,自転車盗,千葉南,誉田,121053,千葉県,千葉市緑区,誉田町２丁目,2023-06-06,06,駐車（輪）場,駐車（輪）場,10歳代,高校生,施錠せず
窃盗,自転車盗,千葉南,誉田,121053,千葉県,千葉市緑区,誉田町２丁目,2023-06-24,14,駐車（輪）場,駐車（輪）場,10歳代,高校生,施錠せず
窃盗,自転車盗,千葉南,誉田,121053,千葉県,千葉市緑区,誉田町２丁目,2023-07-31,14,駐車（輪）場,駐車（輪）場,10歳代,その他,施錠せず
窃盗,自転車盗,千葉南,誉田,121053,千葉県,千葉市緑区,誉田町２丁目,2023-08-13,09,駐車（輪）場,駐車（輪）場,20歳代,その他,施錠した
窃盗,自転車盗,千葉南,誉田,121053,千葉県,千葉市緑区,誉田町２丁目,2023-08-16,10,その他の住宅（３階建て以下共同住宅等）,駐車（輪）場,10歳代,大学生,施錠した
窃盗,自転車盗,千葉南,誉田,121053,千葉県,千葉市緑区,誉田町２丁目,2023-08-16,10,その他の住宅（３階建て以下共同住宅等）,駐車（輪）場,20歳代,大学生,施錠した
窃盗,自転車盗,千葉南,誉田,121053,千葉県,千葉市緑区,誉田町２丁目,2023-09-08,05,駐車（輪）場,駐車（輪）場,40歳代,その他,施錠せず
窃盗,自転車盗,千葉南,誉田,121053,千葉県,千葉市緑区,誉田町２丁目,2023-09-08,07,駐車（輪）場,駐車（輪）場,10歳代,その他,施錠せず
窃盗,自転車盗,千葉南,誉田,121053,千葉県,千葉市緑区,誉田町２丁目,2023-11-29,17,駐車（輪）場,駐車（輪）場,10歳代,高校生,施錠せず
窃盗,自転車盗,千葉南,誉田,121053,千葉県,千葉市緑区,誉田町２丁目,2023-12-14,15,一戸建住宅,駐車（輪）場,30歳代,その他,施錠せず
窃盗,自転車盗,千葉南,誉田,121053,千葉県,千葉市緑区,誉田町２丁目,2023-12-22,17,駐車（輪）場,駐車（輪）場,10歳代,高校生,施錠した
窃盗,自転車盗,千葉南,誉田,121053,千葉県,千葉市緑区,誉田町２丁目,不明,不明,その他の住宅（３階建て以下共同住宅等）,その他,10歳代,その他,施錠せず
窃盗,自転車盗,千葉南,誉田,121053,千葉県,千葉市緑区,おゆみ野５丁目,2023-05-10,23,４階建て以上共同住宅,駐車（輪）場,10歳代,大学生,施錠した
窃盗,自転車盗,千葉南,誉田,121053,千葉県,千葉市緑区,おゆみ野５丁目,不明,不明,その他の住宅（３階建て以下共同住宅等）,その他,20歳代,大学生,施錠した
窃盗,自転車盗,千葉南,誉田,121053,千葉県,千葉市緑区,おゆみ野６丁目,2023-07-07,10,その他の住宅（３階建て以下共同住宅等）,その他,20歳代,その他,施錠せず
窃盗,自転車盗,千葉南,誉田,121053,千葉県,千葉市緑区,おゆみ野中央８丁目,2023-03-12,23,一戸建住宅,駐車（輪）場,10歳代,高校生,施錠せず
窃盗,自転車盗,千葉南,鎌取駅前,121053,千葉県,千葉市緑区,鎌取町,2023-02-23,17,駐車（輪）場,駐車（輪）場,20歳代,大学生,施錠せず
窃盗,自転車盗,千葉南,鎌取駅前,121053,千葉県,千葉市緑区,鎌取町,2023-05-29,08,駐車（輪）場,駐車（輪）場,10歳代,中学生,施錠した
窃盗,自転車盗,千葉南,鎌取駅前,121053,千葉県,千葉市緑区,鎌取町,2023-07-09,18,その他の住宅（３階建て以下共同住宅等）,駐車（輪）場,10歳代,高校生,施錠した
窃盗,自転車盗,千葉南,鎌取駅前,121053,千葉県,千葉市緑区,鎌取町,2023-07-23,07,駐車（輪）場,駐車（輪）場,10歳代,高校生,施錠せず
窃盗,自転車盗,千葉南,鎌取駅前,121053,千葉県,千葉市緑区,鎌取町,2023-07-28,12,駐車（輪）場,駐車（輪）場,10歳代,高校生,施錠せず
窃盗,自転車盗,千葉南,鎌取駅前,121053,千葉県,千葉市緑区,鎌取町,2023-08-02,14,駐車（輪）場,駐車（輪）場,10歳代,高校生,施錠した
窃盗,自転車盗,千葉南,鎌取駅前,121053,千葉県,千葉市緑区,鎌取町,2023-08-10,07,駐車（輪）場,駐車（輪）場,10歳代,高校生,施錠した
窃盗,自転車盗,千葉南,鎌取駅前,121053,千葉県,千葉市緑区,鎌取町,2023-08-13,08,駐車（輪）場,駐車（輪）場,10歳代,大学生,施錠せず
窃盗,自転車盗,千葉南,鎌取駅前,121053,千葉県,千葉市緑区,鎌取町,2023-08-25,14,駐車（輪）場,駐車（輪）場,10歳代,高校生,施錠せず
窃盗,自転車盗,千葉南,鎌取駅前,121053,千葉県,千葉市緑区,鎌取町,2023-09-21,15,一戸建住宅,駐車（輪）場,60-64歳,その他,施錠せず
窃盗,自転車盗,千葉南,鎌取駅前,121053,千葉県,千葉市緑区,鎌取町,2023-10-01,22,４階建て以上共同住宅,駐車（輪）場,10歳未満,小学生,施錠せず
窃盗,自転車盗,千葉南,鎌取駅前,121053,千葉県,千葉市緑区,鎌取町,2023-12-08,15,駐車（輪）場,駐車（輪）場,10歳代,高校生,施錠せず
窃盗,自転車盗,千葉南,鎌取駅前,121053,千葉県,千葉市緑区,鎌取町,2023-12-15,12,駐車（輪）場,駐車（輪）場,10歳代,高校生,施錠した
窃盗,自転車盗,千葉南,鎌取駅前,121053,千葉県,千葉市緑区,おゆみ野１丁目,2023-05-03,06,その他の住宅（３階建て以下共同住宅等）,駐車（輪）場,10歳代,中学生,施錠せず
窃盗,自転車盗,千葉南,鎌取駅前,121053,千葉県,千葉市緑区,おゆみ野２丁目,2023-04-14,22,その他の住宅（３階建て以下共同住宅等）,駐車（輪）場,10歳代,大学生,施錠せず
窃盗,自転車盗,千葉南,鎌取駅前,121053,千葉県,千葉市緑区,おゆみ野３丁目,2022-06-24,06,その他の住宅（３階建て以下共同住宅等）,駐車（輪）場,30歳代,その他,施錠した
窃盗,自転車盗,千葉南,鎌取駅前,121053,千葉県,千葉市緑区,おゆみ野３丁目,2023-01-17,13,その他,駐車（輪）場,70歳以上,その他,施錠した
窃盗,自転車盗,千葉南,鎌取駅前,121053,千葉県,千葉市緑区,おゆみ野３丁目,2023-01-19,15,その他,駐車（輪）場,10歳代,中学生,施錠せず
窃盗,自転車盗,千葉南,鎌取駅前,121053,千葉県,千葉市緑区,おゆみ野３丁目,2023-01-25,18,駐車（輪）場,駐車（輪）場,10歳代,高校生,施錠した
窃盗,自転車盗,千葉南,鎌取駅前,121053,千葉県,千葉市緑区,おゆみ野３丁目,2023-02-05,09,その他,その他,10歳代,中学生,施錠せず
窃盗,自転車盗,千葉南,鎌取駅前,121053,千葉県,千葉市緑区,おゆみ野３丁目,2023-02-09,07,その他,駐車（輪）場,10歳代,高校生,施錠した
窃盗,自転車盗,千葉南,鎌取駅前,121053,千葉県,千葉市緑区,おゆみ野３丁目,2023-02-12,13,駐車（輪）場,駐車（輪）場,10歳代,高校生,施錠せず
窃盗,自転車盗,千葉南,鎌取駅前,121053,千葉県,千葉市緑区,おゆみ野３丁目,2023-02-17,17,駐車（輪）場,駐車（輪）場,10歳代,高校生,施錠せず
窃盗,自転車盗,千葉南,鎌取駅前,121053,千葉県,千葉市緑区,おゆみ野３丁目,2023-02-23,16,その他,駐車（輪）場,50歳代,その他,施錠せず
窃盗,自転車盗,千葉南,鎌取駅前,121053,千葉県,千葉市緑区,おゆみ野３丁目,2023-02-25,07,その他,駐車（輪）場,10歳代,高校生,施錠せず
窃盗,自転車盗,千葉南,鎌取駅前,121053,千葉県,千葉市緑区,おゆみ野３丁目,2023-02-25,11,駐車（輪）場,駐車（輪）場,10歳代,高校生,施錠した
窃盗,自転車盗,千葉南,鎌取駅前,121053,千葉県,千葉市緑区,おゆみ野３丁目,2023-02-28,14,４階建て以上共同住宅,駐車（輪）場,20歳代,その他,施錠した
窃盗,自転車盗,千葉南,鎌取駅前,121053,千葉県,千葉市緑区,おゆみ野３丁目,2023-03-04,16,駐車（輪）場,駐車（輪）場,20歳代,その他,施錠せず
窃盗,自転車盗,千葉南,鎌取駅前,121053,千葉県,千葉市緑区,おゆみ野３丁目,2023-03-14,13,その他,駐車（輪）場,10歳代,高校生,施錠せず
窃盗,自転車盗,千葉南,鎌取駅前,121053,千葉県,千葉市緑区,おゆみ野３丁目,2023-03-17,12,駐車（輪）場,駐車（輪）場,50歳代,その他,施錠せず
窃盗,自転車盗,千葉南,鎌取駅前,121053,千葉県,千葉市緑区,おゆみ野３丁目,2023-04-29,07,駐車（輪）場,駐車（輪）場,10歳代,大学生,施錠した
窃盗,自転車盗,千葉南,鎌取駅前,121053,千葉県,千葉市緑区,おゆみ野３丁目,2023-04-30,16,その他,駐車（輪）場,10歳代,中学生,施錠せず
窃盗,自転車盗,千葉南,鎌取駅前,121053,千葉県,千葉市緑区,おゆみ野３丁目,2023-04-30,16,駐車（輪）場,駐車（輪）場,10歳代,高校生,施錠せず
窃盗,自転車盗,千葉南,鎌取駅前,121053,千葉県,千葉市緑区,おゆみ野３丁目,2023-05-01,09,その他,駐車（輪）場,70歳以上,その他,施錠せず
窃盗,自転車盗,千葉南,鎌取駅前,121053,千葉県,千葉市緑区,おゆみ野３丁目,2023-05-01,09,駐車（輪）場,駐車（輪）場,20歳代,大学生,施錠せず
窃盗,自転車盗,千葉南,鎌取駅前,121053,千葉県,千葉市緑区,おゆみ野３丁目,2023-05-05,16,駐車（輪）場,駐車（輪）場,20歳代,その他,施錠せず
窃盗,自転車盗,千葉南,鎌取駅前,121053,千葉県,千葉市緑区,おゆみ野３丁目,2023-05-08,06,駐車（輪）場,駐車（輪）場,10歳代,高校生,施錠せず
窃盗,自転車盗,千葉南,鎌取駅前,121053,千葉県,千葉市緑区,おゆみ野３丁目,2023-05-09,07,駐車（輪）場,駐車（輪）場,10歳代,高校生,施錠せず
窃盗,自転車盗,千葉南,鎌取駅前,121053,千葉県,千葉市緑区,おゆみ野３丁目,2023-05-10,11,駐車（輪）場,駐車（輪）場,10歳代,大学生,施錠せず
窃盗,自転車盗,千葉南,鎌取駅前,121053,千葉県,千葉市緑区,おゆみ野３丁目,2023-05-11,07,駐車（輪）場,駐車（輪）場,20歳代,その他,施錠した
窃盗,自転車盗,千葉南,鎌取駅前,121053,千葉県,千葉市緑区,おゆみ野３丁目,2023-05-12,07,駐車（輪）場,駐車（輪）場,10歳代,高校生,施錠した
窃盗,自転車盗,千葉南,鎌取駅前,121053,千葉県,千葉市緑区,おゆみ野３丁目,2023-05-13,11,その他,駐車（輪）場,10歳代,中学生,施錠せず
窃盗,自転車盗,千葉南,鎌取駅前,121053,千葉県,千葉市緑区,おゆみ野３丁目,2023-05-15,18,その他,駐車（輪）場,10歳代,中学生,施錠せず
窃盗,自転車盗,千葉南,鎌取駅前,121053,千葉県,千葉市緑区,おゆみ野３丁目,2023-05-15,19,その他,駐車（輪）場,10歳代,大学生,施錠した
窃盗,自転車盗,千葉南,鎌取駅前,121053,千葉県,千葉市緑区,おゆみ野３丁目,2023-05-17,09,その他,駐車（輪）場,10歳代,大学生,施錠せず
窃盗,自転車盗,千葉南,鎌取駅前,121053,千葉県,千葉市緑区,おゆみ野３丁目,2023-05-17,09,駐車（輪）場,駐車（輪）場,20歳代,大学生,施錠した
窃盗,自転車盗,千葉南,鎌取駅前,121053,千葉県,千葉市緑区,おゆみ野３丁目,2023-05-17,16,その他,駐車（輪）場,20歳代,大学生,施錠した
窃盗,自転車盗,千葉南,鎌取駅前,121053,千葉県,千葉市緑区,おゆみ野３丁目,2023-05-18,09,駐車（輪）場,駐車（輪）場,10歳代,その他,施錠せず
窃盗,自転車盗,千葉南,鎌取駅前,121053,千葉県,千葉市緑区,おゆみ野３丁目,2023-05-26,07,駐車（輪）場,駐車（輪）場,10歳代,その他,施錠せず
窃盗,自転車盗,千葉南,鎌取駅前,121053,千葉県,千葉市緑区,おゆみ野３丁目,2023-05-27,10,駐車（輪）場,駐車（輪）場,10歳代,大学生,施錠せず
窃盗,自転車盗,千葉南,鎌取駅前,121053,千葉県,千葉市緑区,おゆみ野３丁目,2023-06-21,07,駐車（輪）場,駐車（輪）場,10歳代,高校生,施錠せず
窃盗,自転車盗,千葉南,鎌取駅前,121053,千葉県,千葉市緑区,おゆみ野３丁目,2023-06-22,16,駐車（輪）場,駐車（輪）場,10歳代,高校生,施錠した
窃盗,自転車盗,千葉南,鎌取駅前,121053,千葉県,千葉市緑区,おゆみ野３丁目,2023-06-25,11,その他,駐車（輪）場,10歳代,高校生,施錠せず
窃盗,自転車盗,千葉南,鎌取駅前,121053,千葉県,千葉市緑区,おゆみ野３丁目,2023-06-28,13,その他,駐車（輪）場,10歳代,その他,施錠した
窃盗,自転車盗,千葉南,鎌取駅前,121053,千葉県,千葉市緑区,おゆみ野３丁目,2023-06-28,16,駐車（輪）場,駐車（輪）場,10歳代,高校生,施錠せず
窃盗,自転車盗,千葉南,鎌取駅前,121053,千葉県,千葉市緑区,おゆみ野３丁目,2023-06-29,07,駐車（輪）場,駐車（輪）場,10歳代,高校生,施錠した
窃盗,自転車盗,千葉南,鎌取駅前,121053,千葉県,千葉市緑区,おゆみ野３丁目,2023-07-07,18,駐車（輪）場,駐車（輪）場,10歳代,高校生,施錠せず
窃盗,自転車盗,千葉南,鎌取駅前,121053,千葉県,千葉市緑区,おゆみ野３丁目,2023-07-12,08,駐車（輪）場,駐車（輪）場,20歳代,大学生,施錠した
窃盗,自転車盗,千葉南,鎌取駅前,121053,千葉県,千葉市緑区,おゆみ野３丁目,2023-07-18,12,駐車（輪）場,駐車（輪）場,10歳代,高校生,施錠した
窃盗,自転車盗,千葉南,鎌取駅前,121053,千葉県,千葉市緑区,おゆみ野３丁目,2023-07-21,11,駐車（輪）場,駐車（輪）場,10歳代,高校生,施錠せず
窃盗,自転車盗,千葉南,鎌取駅前,121053,千葉県,千葉市緑区,おゆみ野３丁目,2023-07-27,09,駐車（輪）場,駐車（輪）場,10歳代,高校生,施錠した
窃盗,自転車盗,千葉南,鎌取駅前,121053,千葉県,千葉市緑区,おゆみ野３丁目,2023-07-27,11,駐車（輪）場,駐車（輪）場,20歳代,大学生,施錠せず
窃盗,自転車盗,千葉南,鎌取駅前,121053,千葉県,千葉市緑区,おゆみ野３丁目,2023-07-29,07,駐車（輪）場,駐車（輪）場,10歳代,高校生,施錠せず
窃盗,自転車盗,千葉南,鎌取駅前,121053,千葉県,千葉市緑区,おゆみ野３丁目,2023-07-29,15,駐車（輪）場,駐車（輪）場,10歳代,高校生,施錠せず
窃盗,自転車盗,千葉南,鎌取駅前,121053,千葉県,千葉市緑区,おゆみ野３丁目,2023-08-04,11,駐車（輪）場,駐車（輪）場,20歳代,大学生,施錠せず
窃盗,自転車盗,千葉南,鎌取駅前,121053,千葉県,千葉市緑区,おゆみ野３丁目,2023-08-04,15,駐車（輪）場,駐車（輪）場,10歳代,中学生,施錠せず
窃盗,自転車盗,千葉南,鎌取駅前,121053,千葉県,千葉市緑区,おゆみ野３丁目,2023-08-06,07,駐車（輪）場,駐車（輪）場,20歳代,大学生,施錠せず
窃盗,自転車盗,千葉南,鎌取駅前,121053,千葉県,千葉市緑区,おゆみ野３丁目,2023-08-16,09,駐車（輪）場,駐車（輪）場,10歳代,高校生,施錠した
窃盗,自転車盗,千葉南,鎌取駅前,121053,千葉県,千葉市緑区,おゆみ野３丁目,2023-08-19,16,駐車（輪）場,駐車（輪）場,10歳代,大学生,施錠せず
窃盗,自転車盗,千葉南,鎌取駅前,121053,千葉県,千葉市緑区,おゆみ野３丁目,2023-08-21,06,駐車（輪）場,駐車（輪）場,30歳代,その他,施錠した
窃盗,自転車盗,千葉南,鎌取駅前,121053,千葉県,千葉市緑区,おゆみ野３丁目,2023-08-21,09,駐車（輪）場,駐車（輪）場,10歳代,高校生,施錠した
窃盗,自転車盗,千葉南,鎌取駅前,121053,千葉県,千葉市緑区,おゆみ野３丁目,2023-08-23,11,駐車（輪）場,駐車（輪）場,20歳代,その他,施錠した
窃盗,自転車盗,千葉南,鎌取駅前,121053,千葉県,千葉市緑区,おゆみ野３丁目,2023-08-23,15,駐車（輪）場,駐車（輪）場,20歳代,大学生,施錠した
窃盗,自転車盗,千葉南,鎌取駅前,121053,千葉県,千葉市緑区,おゆみ野３丁目,2023-08-26,21,駐車（輪）場,駐車（輪）場,10歳代,大学生,施錠せず
窃盗,自転車盗,千葉南,鎌取駅前,121053,千葉県,千葉市緑区,おゆみ野３丁目,2023-09-01,18,駐車（輪）場,駐車（輪）場,10歳代,高校生,施錠した
窃盗,自転車盗,千葉南,鎌取駅前,121053,千葉県,千葉市緑区,おゆみ野３丁目,2023-09-03,11,駐車（輪）場,駐車（輪）場,10歳代,高校生,施錠せず
窃盗,自転車盗,千葉南,鎌取駅前,121053,千葉県,千葉市緑区,おゆみ野３丁目,2023-09-07,07,駐車（輪）場,駐車（輪）場,10歳代,高校生,施錠した
窃盗,自転車盗,千葉南,鎌取駅前,121053,千葉県,千葉市緑区,おゆみ野３丁目,2023-09-07,07,駐車（輪）場,駐車（輪）場,10歳代,高校生,施錠せず
窃盗,自転車盗,千葉南,鎌取駅前,121053,千葉県,千葉市緑区,おゆみ野３丁目,2023-09-12,18,駐車（輪）場,駐車（輪）場,20歳代,大学生,施錠せず
窃盗,自転車盗,千葉南,鎌取駅前,121053,千葉県,千葉市緑区,おゆみ野３丁目,2023-09-15,07,駐車（輪）場,駐車（輪）場,20歳代,その他,施錠せず
窃盗,自転車盗,千葉南,鎌取駅前,121053,千葉県,千葉市緑区,おゆみ野３丁目,2023-09-18,15,駐車（輪）場,駐車（輪）場,20歳代,大学生,施錠せず
窃盗,自転車盗,千葉南,鎌取駅前,121053,千葉県,千葉市緑区,おゆみ野３丁目,2023-09-20,09,駐車（輪）場,駐車（輪）場,10歳代,大学生,施錠せず
窃盗,自転車盗,千葉南,鎌取駅前,121053,千葉県,千葉市緑区,おゆみ野３丁目,2023-09-26,05,駐車（輪）場,駐車（輪）場,10歳代,大学生,施錠せず
窃盗,自転車盗,千葉南,鎌取駅前,121053,千葉県,千葉市緑区,おゆみ野３丁目,2023-10-02,07,駐車（輪）場,駐車（輪）場,10歳代,高校生,施錠せず
窃盗,自転車盗,千葉南,鎌取駅前,121053,千葉県,千葉市緑区,おゆみ野３丁目,2023-10-02,16,駐車（輪）場,駐車（輪）場,10歳代,高校生,施錠した
窃盗,自転車盗,千葉南,鎌取駅前,121053,千葉県,千葉市緑区,おゆみ野３丁目,2023-10-05,16,駐車（輪）場,駐車（輪）場,40歳代,その他,施錠せず
窃盗,自転車盗,千葉南,鎌取駅前,121053,千葉県,千葉市緑区,おゆみ野３丁目,2023-10-06,07,駐車（輪）場,駐車（輪）場,10歳代,中学生,施錠せず
窃盗,自転車盗,千葉南,鎌取駅前,121053,千葉県,千葉市緑区,おゆみ野３丁目,2023-10-16,07,駐車（輪）場,駐車（輪）場,10歳代,高校生,施錠せず
窃盗,自転車盗,千葉南,鎌取駅前,121053,千葉県,千葉市緑区,おゆみ野３丁目,2023-10-16,10,駐車（輪）場,駐車（輪）場,10歳代,高校生,施錠した
窃盗,自転車盗,千葉南,鎌取駅前,121053,千葉県,千葉市緑区,おゆみ野３丁目,2023-10-19,06,駐車（輪）場,駐車（輪）場,10歳代,高校生,施錠せず
窃盗,自転車盗,千葉南,鎌取駅前,121053,千葉県,千葉市緑区,おゆみ野３丁目,2023-10-20,14,駐車（輪）場,駐車（輪）場,10歳代,その他,施錠した
窃盗,自転車盗,千葉南,鎌取駅前,121053,千葉県,千葉市緑区,おゆみ野３丁目,2023-10-27,07,駐車（輪）場,駐車（輪）場,10歳代,高校生,施錠せず
窃盗,自転車盗,千葉南,鎌取駅前,121053,千葉県,千葉市緑区,おゆみ野３丁目,2023-11-01,18,駐車（輪）場,駐車（輪）場,10歳代,高校生,施錠せず
窃盗,自転車盗,千葉南,鎌取駅前,121053,千葉県,千葉市緑区,おゆみ野３丁目,2023-11-30,15,駐車（輪）場,駐車（輪）場,10歳代,高校生,施錠せず
窃盗,自転車盗,千葉南,鎌取駅前,121053,千葉県,千葉市緑区,おゆみ野３丁目,2023-11-30,19,駐車（輪）場,駐車（輪）場,10歳代,その他,施錠せず
窃盗,自転車盗,千葉南,鎌取駅前,121053,千葉県,千葉市緑区,おゆみ野３丁目,2023-12-03,08,駐車（輪）場,駐車（輪）場,10歳代,大学生,施錠せず
窃盗,自転車盗,千葉南,鎌取駅前,121053,千葉県,千葉市緑区,おゆみ野３丁目,2023-12-15,17,駐車（輪）場,駐車（輪）場,10歳代,高校生,施錠せず
窃盗,自転車盗,千葉南,鎌取駅前,121053,千葉県,千葉市緑区,おゆみ野３丁目,2023-12-17,21,駐車（輪）場,駐車（輪）場,10歳代,高校生,施錠せず
窃盗,自転車盗,千葉南,鎌取駅前,121053,千葉県,千葉市緑区,おゆみ野３丁目,2023-12-23,12,駐車（輪）場,駐車（輪）場,10歳代,高校生,施錠した
窃盗,自転車盗,千葉南,鎌取駅前,121053,千葉県,千葉市緑区,おゆみ野３丁目,不明,不明,駐車（輪）場,駐車（輪）場,30歳代,その他,施錠した
窃盗,自転車盗,千葉南,鎌取駅前,121053,千葉県,千葉市緑区,おゆみ野３丁目,不明,不明,４階建て以上共同住宅,駐車（輪）場,40歳代,その他,施錠した
窃盗,自転車盗,千葉南,鎌取駅前,121053,千葉県,千葉市緑区,おゆみ野４丁目,2023-10-01,13,その他の住宅（３階建て以下共同住宅等）,駐車（輪）場,40歳代,その他,施錠した
窃盗,自転車盗,千葉南,鎌取駅前,121053,千葉県,千葉市緑区,おゆみ野中央５丁目,2023-05-07,17,その他の住宅（３階建て以下共同住宅等）,駐車（輪）場,20歳代,その他,施錠した
窃盗,自転車盗,千葉南,鎌取駅前,121053,千葉県,千葉市緑区,おゆみ野中央７丁目,2023-08-19,23,その他,駐車（輪）場,20歳代,大学生,施錠した
窃盗,自転車盗,習志野,京成大久保駅前,122165,千葉県,習志野市,泉町３丁目,2023-05-11,19,４階建て以上共同住宅,駐車（輪）場,40歳代,その他,施錠せず
窃盗,自転車盗,習志野,京成大久保駅前,122165,千葉県,習志野市,泉町３丁目,2023-06-27,18,４階建て以上共同住宅,駐車（輪）場,10歳未満,小学生,施錠せず
窃盗,自転車盗,習志野,京成大久保駅前,122165,千葉県,習志野市,泉町３丁目,2023-10-03,07,４階建て以上共同住宅,駐車（輪）場,30歳代,その他,施錠せず
窃盗,自転車盗,習志野,京成大久保駅前,122165,千葉県,習志野市,大久保１丁目,2023-01-11,不明,その他の住宅（３階建て以下共同住宅等）,駐車（輪）場,30歳代,その他,施錠した
窃盗,自転車盗,習志野,京成大久保駅前,122165,千葉県,習志野市,大久保１丁目,2023-01-16,23,その他の住宅（３階建て以下共同住宅等）,駐車（輪）場,20歳代,大学生,施錠せず
窃盗,自転車盗,習志野,京成大久保駅前,122165,千葉県,習志野市,大久保１丁目,2023-02-09,12,駐車（輪）場,駐車（輪）場,10歳代,高校生,施錠した
窃盗,自転車盗,習志野,京成大久保駅前,122165,千葉県,習志野市,大久保１丁目,2023-02-23,19,駐車（輪）場,駐車（輪）場,10歳代,中学生,施錠した
窃盗,自転車盗,習志野,京成大久保駅前,122165,千葉県,習志野市,大久保１丁目,2023-03-13,17,その他の住宅（３階建て以下共同住宅等）,駐車（輪）場,20歳代,その他,施錠した
窃盗,自転車盗,習志野,京成大久保駅前,122165,千葉県,習志野市,大久保１丁目,2023-03-21,17,その他の住宅（３階建て以下共同住宅等）,駐車（輪）場,10歳代,高校生,施錠せず
窃盗,自転車盗,習志野,京成大久保駅前,122165,千葉県,習志野市,大久保１丁目,2023-03-28,18,駐車（輪）場,駐車（輪）場,20歳代,その他,施錠せず
窃盗,自転車盗,習志野,京成大久保駅前,122165,千葉県,習志野市,大久保１丁目,2023-04-04,07,道路上,その他,10歳代,高校生,施錠せず
窃盗,自転車盗,習志野,京成大久保駅前,122165,千葉県,習志野市,大久保１丁目,2023-04-20,04,駐車（輪）場,駐車（輪）場,30歳代,その他,施錠せず
窃盗,自転車盗,習志野,京成大久保駅前,122165,千葉県,習志野市,大久保１丁目,2023-04-29,21,その他の住宅（３階建て以下共同住宅等）,駐車（輪）場,20歳代,大学生,施錠せず
窃盗,自転車盗,習志野,京成大久保駅前,122165,千葉県,習志野市,大久保１丁目,2023-05-03,17,駐車（輪）場,駐車（輪）場,20歳代,その他,施錠せず
窃盗,自転車盗,習志野,京成大久保駅前,122165,千葉県,習志野市,大久保１丁目,2023-05-11,18,道路上,その他,20歳代,大学生,施錠せず
窃盗,自転車盗,習志野,京成大久保駅前,122165,千葉県,習志野市,大久保１丁目,2023-06-23,16,駐車（輪）場,駐車（輪）場,10歳代,小学生,施錠せず
窃盗,自転車盗,習志野,京成大久保駅前,122165,千葉県,習志野市,大久保１丁目,2023-09-11,18,一戸建住宅,駐車（輪）場,50歳代,その他,施錠せず
窃盗,自転車盗,習志野,京成大久保駅前,122165,千葉県,習志野市,大久保１丁目,2023-09-12,14,その他,駐車（輪）場,40歳代,その他,施錠せず
窃盗,自転車盗,習志野,京成大久保駅前,122165,千葉県,習志野市,大久保１丁目,2023-10-02,18,駐車（輪）場,駐車（輪）場,20歳代,その他,施錠せず
窃盗,自転車盗,習志野,京成大久保駅前,122165,千葉県,習志野市,大久保１丁目,2023-10-03,05,駐車（輪）場,駐車（輪）場,65-69歳,その他,施錠せず
窃盗,自転車盗,習志野,京成大久保駅前,122165,千葉県,習志野市,大久保１丁目,2023-10-03,10,道路上,その他,70歳以上,その他,施錠せず
窃盗,自転車盗,習志野,京成大久保駅前,122165,千葉県,習志野市,大久保１丁目,2023-10-06,17,駐車（輪）場,駐車（輪）場,10歳代,中学生,施錠した
窃盗,自転車盗,習志野,京成大久保駅前,122165,千葉県,習志野市,大久保１丁目,2023-10-07,12,その他,駐車（輪）場,20歳代,大学生,施錠した
窃盗,自転車盗,習志野,京成大久保駅前,122165,千葉県,習志野市,大久保１丁目,2023-10-11,06,駐車（輪）場,駐車（輪）場,10歳代,高校生,施錠せず
窃盗,自転車盗,習志野,京成大久保駅前,122165,千葉県,習志野市,大久保１丁目,2023-10-17,17,駐車（輪）場,駐車（輪）場,20歳代,大学生,施錠した
窃盗,自転車盗,習志野,京成大久保駅前,122165,千葉県,習志野市,大久保１丁目,2023-10-27,07,駐車（輪）場,駐車（輪）場,10歳代,高校生,施錠した
窃盗,自転車盗,習志野,京成大久保駅前,122165,千葉県,習志野市,大久保１丁目,2023-10-27,07,駐車（輪）場,駐車（輪）場,20歳代,その他,施錠した
窃盗,自転車盗,習志野,京成大久保駅前,122165,千葉県,習志野市,大久保１丁目,2023-11-06,11,道路上,その他,65-69歳,その他,施錠した
窃盗,自転車盗,習志野,京成大久保駅前,122165,千葉県,習志野市,大久保１丁目,2023-11-18,12,駐車（輪）場,駐車（輪）場,20歳代,大学生,施錠した
窃盗,自転車盗,習志野,京成大久保駅前,122165,千葉県,習志野市,大久保１丁目,2023-11-19,15,道路上,その他,40歳代,その他,施錠せず
窃盗,自転車盗,習志野,京成大久保駅前,122165,千葉県,習志野市,大久保１丁目,2023-11-19,22,駐車（輪）場,駐車（輪）場,10歳代,その他,施錠せず
窃盗,自転車盗,習志野,京成大久保駅前,122165,千葉県,習志野市,大久保１丁目,2023-11-24,19,駐車（輪）場,駐車（輪）場,10歳代,中学生,施錠した
窃盗,自転車盗,習志野,京成大久保駅前,122165,千葉県,習志野市,大久保１丁目,2023-12-04,18,４階建て以上共同住宅,駐車（輪）場,50歳代,その他,施錠した
窃盗,自転車盗,習志野,京成大久保駅前,122165,千葉県,習志野市,大久保１丁目,2023-12-06,17,その他,駐車（輪）場,20歳代,大学生,施錠せず
窃盗,自転車盗,習志野,京成大久保駅前,122165,千葉県,習志野市,大久保１丁目,2023-12-06,20,道路上,その他,10歳代,大学生,施錠した
窃盗,自転車盗,習志野,京成大久保駅前,122165,千葉県,習志野市,大久保１丁目,2023-12-10,01,道路上,その他,10歳代,大学生,施錠せず
窃盗,自転車盗,習志野,京成大久保駅前,122165,千葉県,習志野市,大久保１丁目,2023-12-25,11,駐車（輪）場,駐車（輪）場,20歳代,その他,施錠せず
窃盗,自転車盗,習志野,京成大久保駅前,122165,千葉県,習志野市,大久保１丁目,不明,不明,その他の住宅（３階建て以下共同住宅等）,駐車（輪）場,20歳代,大学生,施錠した
窃盗,自転車盗,習志野,京成大久保駅前,122165,千葉県,習志野市,大久保２丁目,2022-12-06,23,その他の住宅（３階建て以下共同住宅等）,駐車（輪）場,20歳代,その他,施錠せず
窃盗,自転車盗,習志野,京成大久保駅前,122165,千葉県,習志野市,大久保２丁目,2023-02-05,21,一戸建住宅,その他,10歳代,中学生,施錠せず
窃盗,自転車盗,習志野,京成大久保駅前,122165,千葉県,習志野市,大久保２丁目,2023-02-10,16,一戸建住宅,その他,10歳代,高校生,施錠せず
窃盗,自転車盗,習志野,京成大久保駅前,122165,千葉県,習志野市,大久保２丁目,2023-08-03,12,その他の住宅（３階建て以下共同住宅等）,駐車（輪）場,20歳代,大学生,施錠せず
窃盗,自転車盗,習志野,京成大久保駅前,122165,千葉県,習志野市,大久保２丁目,2023-08-23,18,その他の住宅（３階建て以下共同住宅等）,その他,50歳代,その他,施錠せず
窃盗,自転車盗,習志野,京成大久保駅前,122165,千葉県,習志野市,大久保２丁目,2023-12-09,17,４階建て以上共同住宅,駐車（輪）場,60-64歳,その他,施錠した
窃盗,自転車盗,習志野,京成大久保駅前,122165,千葉県,習志野市,大久保３丁目,2023-06-05,13,その他,駐車（輪）場,20歳代,大学生,施錠せず
窃盗,自転車盗,習志野,京成大久保駅前,122165,千葉県,習志野市,大久保３丁目,2023-07-06,23,その他の住宅（３階建て以下共同住宅等）,駐車（輪）場,20歳代,その他,施錠せず
窃盗,自転車盗,習志野,京成大久保駅前,122165,千葉県,習志野市,大久保３丁目,2023-12-19,12,道路上,その他,20歳代,その他,施錠せず
窃盗,自転車盗,習志野,京成大久保駅前,122165,千葉県,習志野市,大久保４丁目,2023-01-23,13,その他の住宅（３階建て以下共同住宅等）,その他,10歳代,大学生,施錠せず
窃盗,自転車盗,習志野,京成大久保駅前,122165,千葉県,習志野市,大久保４丁目,2023-04-21,17,４階建て以上共同住宅,駐車（輪）場,10歳代,その他,施錠した
窃盗,自転車盗,習志野,京成大久保駅前,122165,千葉県,習志野市,大久保４丁目,2023-09-12,15,４階建て以上共同住宅,駐車（輪）場,20歳代,大学生,施錠した
窃盗,自転車盗,習志野,京成大久保駅前,122165,千葉県,習志野市,鷺沼台１丁目,2023-03-16,16,その他の住宅（３階建て以下共同住宅等）,駐車（輪）場,20歳代,大学生,施錠せず
窃盗,自転車盗,習志野,京成大久保駅前,122165,千葉県,習志野市,鷺沼台４丁目,2023-07-13,20,その他の住宅（３階建て以下共同住宅等）,駐車（輪）場,30歳代,その他,施錠せず
窃盗,自転車盗,習志野,京成大久保駅前,122165,千葉県,習志野市,鷺沼台４丁目,2023-08-05,11,その他の住宅（３階建て以下共同住宅等）,その他,20歳代,その他,施錠せず
窃盗,自転車盗,習志野,京成大久保駅前,122165,千葉県,習志野市,新栄２丁目,2023-06-14,16,その他,駐車（輪）場,10歳代,大学生,施錠せず
窃盗,自転車盗,習志野,京成大久保駅前,122165,千葉県,習志野市,津田沼１丁目,2023-11-06,16,道路上,その他,10歳代,大学生,施錠した
窃盗,自転車盗,習志野,京成大久保駅前,122165,千葉県,習志野市,津田沼３丁目,2023-12-01,00,道路上,その他,20歳代,大学生,施錠せず
窃盗,自転車盗,習志野,京成大久保駅前,122165,千葉県,習志野市,花咲１丁目,2023-06-03,22,その他の住宅（３階建て以下共同住宅等）,駐車（輪）場,10歳代,中学生,施錠せず
窃盗,自転車盗,習志野,京成大久保駅前,122165,千葉県,習志野市,東習志野８丁目,2023-11-23,15,４階建て以上共同住宅,その他,40歳代,その他,施錠した
窃盗,自転車盗,習志野,京成大久保駅前,122165,千葉県,習志野市,藤崎２丁目,2023-12-12,18,道路上,その他,10歳未満,小学生,施錠せず
窃盗,自転車盗,習志野,京成大久保駅前,122165,千葉県,習志野市,藤崎３丁目,2023-10-08,12,その他の住宅（３階建て以下共同住宅等）,駐車（輪）場,10歳代,高校生,施錠せず
窃盗,自転車盗,習志野,京成大久保駅前,122165,千葉県,習志野市,藤崎３丁目,2023-12-15,19,その他の住宅（３階建て以下共同住宅等）,駐車（輪）場,10歳代,大学生,施錠せず
窃盗,自転車盗,習志野,京成大久保駅前,122165,千葉県,習志野市,本大久保１丁目,2022-12-17,17,その他,駐車（輪）場,20歳代,その他,施錠した
窃盗,自転車盗,習志野,京成大久保駅前,122165,千葉県,習志野市,本大久保１丁目,2023-07-08,21,その他の住宅（３階建て以下共同住宅等）,駐車（輪）場,10歳代,高校生,施錠せず
窃盗,自転車盗,習志野,京成大久保駅前,122165,千葉県,習志野市,本大久保１丁目,2023-07-11,20,その他,駐車（輪）場,10歳代,高校生,施錠せず
窃盗,自転車盗,習志野,京成大久保駅前,122165,千葉県,習志野市,本大久保１丁目,2023-07-16,21,その他,駐車（輪）場,50歳代,その他,施錠した
窃盗,自転車盗,習志野,京成大久保駅前,122165,千葉県,習志野市,本大久保１丁目,2023-07-19,19,その他,駐車（輪）場,20歳代,大学生,施錠せず
窃盗,自転車盗,習志野,京成大久保駅前,122165,千葉県,習志野市,本大久保２丁目,2023-05-05,12,その他の住宅（３階建て以下共同住宅等）,その他,20歳代,大学生,施錠した
窃盗,自転車盗,習志野,京成大久保駅前,122165,千葉県,習志野市,本大久保２丁目,2023-08-01,12,その他の住宅（３階建て以下共同住宅等）,駐車（輪）場,20歳代,大学生,施錠せず
窃盗,自転車盗,習志野,京成大久保駅前,122165,千葉県,習志野市,本大久保２丁目,2023-10-23,13,４階建て以上共同住宅,駐車（輪）場,60-64歳,その他,施錠した
窃盗,自転車盗,習志野,京成大久保駅前,122165,千葉県,習志野市,本大久保３丁目,2022-12-24,08,その他,駐車（輪）場,10歳代,高校生,施錠せず
窃盗,自転車盗,習志野,京成大久保駅前,122165,千葉県,習志野市,本大久保３丁目,2023-05-22,09,その他,駐車（輪）場,10歳代,大学生,施錠せず
窃盗,自転車盗,習志野,京成大久保駅前,122165,千葉県,習志野市,本大久保３丁目,2023-06-30,17,一戸建住宅,その他,30歳代,その他,施錠せず
窃盗,自転車盗,習志野,京成大久保駅前,122165,千葉県,習志野市,本大久保３丁目,2023-08-20,19,その他の住宅（３階建て以下共同住宅等）,駐車（輪）場,20歳代,その他,施錠した
窃盗,自転車盗,習志野,京成大久保駅前,122165,千葉県,習志野市,本大久保３丁目,2023-11-03,17,その他,駐車（輪）場,10歳代,大学生,施錠した
窃盗,自転車盗,習志野,京成大久保駅前,122165,千葉県,習志野市,本大久保３丁目,2023-12-07,14,その他,駐車（輪）場,20歳代,その他,施錠せず
窃盗,自転車盗,習志野,京成大久保駅前,122165,千葉県,習志野市,本大久保５丁目,2023-01-04,16,４階建て以上共同住宅,駐車（輪）場,65-69歳,その他,施錠した
窃盗,自転車盗,習志野,京成大久保駅前,122165,千葉県,習志野市,本大久保５丁目,2023-06-29,17,その他の住宅（３階建て以下共同住宅等）,駐車（輪）場,10歳代,大学生,施錠せず
窃盗,自転車盗,習志野,京成大久保駅前,122165,千葉県,習志野市,本大久保５丁目,2023-08-09,11,駐車（輪）場,駐車（輪）場,10歳代,大学生,施錠せず
窃盗,自転車盗,習志野,京成大久保駅前,122165,千葉県,習志野市,本大久保５丁目,2023-08-24,10,駐車（輪）場,駐車（輪）場,20歳代,その他,施錠した
窃盗,自転車盗,習志野,京成大久保駅前,122165,千葉県,習志野市,本大久保５丁目,2023-09-10,06,駐車（輪）場,駐車（輪）場,10歳代,高校生,施錠せず
窃盗,自転車盗,習志野,京成大久保駅前,122165,千葉県,習志野市,本大久保５丁目,2023-12-04,08,駐車（輪）場,駐車（輪）場,20歳代,大学生,施錠せず
窃盗,自転車盗,習志野,京成大久保駅前,122165,千葉県,習志野市,屋敷１丁目,2023-03-12,10,一戸建住宅,駐車（輪）場,60-64歳,その他,施錠した
窃盗,自転車盗,習志野,京成大久保駅前,122165,千葉県,習志野市,屋敷１丁目,2023-12-20,08,その他の住宅（３階建て以下共同住宅等）,駐車（輪）場,30歳代,その他,施錠した
窃盗,自転車盗,習志野,京成大久保駅前,122165,千葉県,習志野市,屋敷４丁目,2023-01-18,21,その他,駐車（輪）場,20歳代,大学生,施錠せず
窃盗,自転車盗,習志野,京成大久保駅前,122165,千葉県,習志野市,屋敷４丁目,2023-01-19,15,その他,駐車（輪）場,20歳代,大学生,施錠せず
窃盗,自転車盗,習志野,京成大久保駅前,122165,千葉県,習志野市,屋敷４丁目,2023-07-26,18,４階建て以上共同住宅,駐車（輪）場,10歳代,高校生,施錠した
窃盗,自転車盗,習志野,京成大久保駅前,122165,千葉県,習志野市,屋敷４丁目,2023-09-15,16,その他,その他,20歳代,大学生,施錠せず
窃盗,自転車盗,習志野,京成大久保駅前,122165,千葉県,習志野市,実籾１丁目,2023-09-07,08,その他,その他,20歳代,その他,施錠した
窃盗,自転車盗,習志野,京成大久保駅前,122165,千葉県,習志野市,実籾３丁目,2023-10-31,11,その他の住宅（３階建て以下共同住宅等）,その他,30歳代,その他,施錠せず
窃盗,自転車盗,習志野,京成津田沼駅前,122165,千葉県,習志野市,秋津２丁目,2022-09-14,不明,その他の住宅（３階建て以下共同住宅等）,その他,50歳代,その他,施錠せず
窃盗,自転車盗,習志野,京成津田沼駅前,122165,千葉県,習志野市,大久保１丁目,2023-06-29,07,駐車（輪）場,駐車（輪）場,50歳代,その他,施錠せず
窃盗,自転車盗,習志野,京成津田沼駅前,122165,千葉県,習志野市,大久保１丁目,2023-12-24,19,その他,駐車（輪）場,50歳代,その他,施錠せず
窃盗,自転車盗,習志野,京成津田沼駅前,122165,千葉県,習志野市,鷺沼１丁目,2023-07-15,13,４階建て以上共同住宅,駐車（輪）場,10歳代,大学生,施錠せず
窃盗,自転車盗,習志野,京成津田沼駅前,122165,千葉県,習志野市,鷺沼１丁目,2023-08-10,19,その他の住宅（３階建て以下共同住宅等）,駐車（輪）場,30歳代,その他,施錠した
窃盗,自転車盗,習志野,京成津田沼駅前,122165,千葉県,習志野市,鷺沼１丁目,2023-09-06,20,その他の住宅（３階建て以下共同住宅等）,駐車（輪）場,20歳代,その他,施錠した
窃盗,自転車盗,習志野,京成津田沼駅前,122165,千葉県,習志野市,鷺沼１丁目,2023-10-08,11,道路上,その他,10歳代,小学生,施錠せず
窃盗,自転車盗,習志野,京成津田沼駅前,122165,千葉県,習志野市,鷺沼１丁目,2023-11-11,13,その他,駐車（輪）場,10歳代,中学生,施錠した
窃盗,自転車盗,習志野,京成津田沼駅前,122165,千葉県,習志野市,鷺沼２丁目,2023-01-24,18,一戸建住宅,その他,20歳代,大学生,施錠せず
窃盗,自転車盗,習志野,京成津田沼駅前,122165,千葉県,習志野市,鷺沼２丁目,2023-09-05,19,その他の住宅（３階建て以下共同住宅等）,駐車（輪）場,30歳代,その他,施錠せず
窃盗,自転車盗,習志野,京成津田沼駅前,122165,千葉県,習志野市,鷺沼２丁目,2023-09-06,01,その他の住宅（３階建て以下共同住宅等）,駐車（輪）場,20歳代,大学生,施錠せず
窃盗,自転車盗,習志野,京成津田沼駅前,122165,千葉県,習志野市,鷺沼２丁目,2023-10-27,18,その他の住宅（３階建て以下共同住宅等）,駐車（輪）場,30歳代,その他,施錠せず
窃盗,自転車盗,習志野,京成津田沼駅前,122165,千葉県,習志野市,鷺沼３丁目,2022-12-26,22,その他の住宅（３階建て以下共同住宅等）,その他,20歳代,その他,施錠せず
窃盗,自転車盗,習志野,京成津田沼駅前,122165,千葉県,習志野市,鷺沼５丁目,2023-04-21,16,その他の住宅（３階建て以下共同住宅等）,駐車（輪）場,10歳代,大学生,施錠せず
窃盗,自転車盗,習志野,京成津田沼駅前,122165,千葉県,習志野市,鷺沼５丁目,2023-05-27,16,その他,駐車（輪）場,10歳代,大学生,施錠した
窃盗,自転車盗,習志野,京成津田沼駅前,122165,千葉県,習志野市,鷺沼台１丁目,2023-07-05,20,その他の住宅（３階建て以下共同住宅等）,駐車（輪）場,30歳代,その他,施錠した
窃盗,自転車盗,習志野,京成津田沼駅前,122165,千葉県,習志野市,鷺沼台４丁目,2023-07-28,23,その他の住宅（３階建て以下共同住宅等）,駐車（輪）場,20歳代,大学生,施錠せず
窃盗,自転車盗,習志野,京成津田沼駅前,122165,千葉県,習志野市,津田沼１丁目,2023-02-25,15,その他,駐車（輪）場,10歳代,大学生,施錠せず
窃盗,自転車盗,習志野,京成津田沼駅前,122165,千葉県,習志野市,津田沼３丁目,2023-03-11,04,駐車（輪）場,駐車（輪）場,20歳代,その他,施錠した
窃盗,自転車盗,習志野,京成津田沼駅前,122165,千葉県,習志野市,津田沼３丁目,2023-04-04,21,その他の住宅（３階建て以下共同住宅等）,駐車（輪）場,20歳代,その他,施錠した
窃盗,自転車盗,習志野,京成津田沼駅前,122165,千葉県,習志野市,津田沼３丁目,2023-05-07,17,その他,駐車（輪）場,10歳代,大学生,施錠せず
窃盗,自転車盗,習志野,京成津田沼駅前,122165,千葉県,習志野市,津田沼３丁目,2023-07-25,19,その他の住宅（３階建て以下共同住宅等）,駐車（輪）場,20歳代,その他,施錠せず
窃盗,自転車盗,習志野,京成津田沼駅前,122165,千葉県,習志野市,津田沼３丁目,2023-09-29,07,駐車（輪）場,駐車（輪）場,10歳代,中学生,施錠せず
窃盗,自転車盗,習志野,京成津田沼駅前,122165,千葉県,習志野市,津田沼３丁目,2023-11-04,07,駐車（輪）場,駐車（輪）場,10歳代,高校生,施錠せず
窃盗,自転車盗,習志野,京成津田沼駅前,122165,千葉県,習志野市,津田沼４丁目,2023-01-09,18,その他の住宅（３階建て以下共同住宅等）,駐車（輪）場,20歳代,その他,施錠せず
窃盗,自転車盗,習志野,京成津田沼駅前,122165,千葉県,習志野市,津田沼４丁目,2023-01-17,15,その他の住宅（３階建て以下共同住宅等）,その他,10歳代,大学生,施錠した
窃盗,自転車盗,習志野,京成津田沼駅前,122165,千葉県,習志野市,津田沼４丁目,2023-07-21,17,その他の住宅（３階建て以下共同住宅等）,駐車（輪）場,10歳代,大学生,施錠せず
窃盗,自転車盗,習志野,京成津田沼駅前,122165,千葉県,習志野市,津田沼４丁目,2023-11-22,17,４階建て以上共同住宅,駐車（輪）場,20歳代,大学生,施錠せず
窃盗,自転車盗,習志野,京成津田沼駅前,122165,千葉県,習志野市,津田沼４丁目,2023-12-08,08,その他の住宅（３階建て以下共同住宅等）,その他,30歳代,その他,施錠した
窃盗,自転車盗,習志野,京成津田沼駅前,122165,千葉県,習志野市,津田沼５丁目,2022-12-20,17,駐車（輪）場,駐車（輪）場,10歳代,高校生,施錠せず
窃盗,自転車盗,習志野,京成津田沼駅前,122165,千葉県,習志野市,津田沼５丁目,2023-06-18,07,駐車（輪）場,駐車（輪）場,20歳代,その他,施錠した
窃盗,自転車盗,習志野,京成津田沼駅前,122165,千葉県,習志野市,津田沼５丁目,2023-10-12,18,駐車（輪）場,駐車（輪）場,10歳代,高校生,施錠せず
窃盗,自転車盗,習志野,京成津田沼駅前,122165,千葉県,習志野市,津田沼５丁目,2023-10-24,17,４階建て以上共同住宅,駐車（輪）場,10歳代,小学生,施錠せず
窃盗,自転車盗,習志野,京成津田沼駅前,122165,千葉県,習志野市,津田沼５丁目,2023-11-22,21,道路上,その他,20歳代,大学生,施錠せず
窃盗,自転車盗,習志野,京成津田沼駅前,122165,千葉県,習志野市,津田沼５丁目,2023-12-16,08,駐車（輪）場,駐車（輪）場,10歳代,高校生,施錠せず
窃盗,自転車盗,習志野,京成津田沼駅前,122165,千葉県,習志野市,津田沼６丁目,2023-04-11,18,４階建て以上共同住宅,駐車（輪）場,10歳代,大学生,施錠せず
窃盗,自転車盗,習志野,京成津田沼駅前,122165,千葉県,習志野市,津田沼６丁目,2023-05-18,14,その他,駐車（輪）場,10歳代,大学生,施錠せず
窃盗,自転車盗,習志野,京成津田沼駅前,122165,千葉県,習志野市,津田沼６丁目,2023-07-21,13,４階建て以上共同住宅,駐車（輪）場,30歳代,その他,施錠せず
窃盗,自転車盗,習志野,京成津田沼駅前,122165,千葉県,習志野市,津田沼６丁目,2023-11-27,07,一戸建住宅,その他,70歳以上,その他,施錠せず
窃盗,自転車盗,習志野,京成津田沼駅前,122165,千葉県,習志野市,津田沼７丁目,2023-09-18,21,その他,その他,10歳代,高校生,施錠せず
窃盗,自転車盗,習志野,京成津田沼駅前,122165,千葉県,習志野市,津田沼７丁目,2023-09-20,12,その他の住宅（３階建て以下共同住宅等）,駐車（輪）場,20歳代,その他,施錠した
窃盗,自転車盗,習志野,京成津田沼駅前,122165,千葉県,習志野市,津田沼７丁目,2023-10-04,18,その他の住宅（３階建て以下共同住宅等）,駐車（輪）場,20歳代,大学生,施錠せず
窃盗,自転車盗,習志野,京成津田沼駅前,122165,千葉県,習志野市,津田沼７丁目,2023-10-18,21,その他,駐車（輪）場,20歳代,その他,施錠せず
窃盗,自転車盗,習志野,京成津田沼駅前,122165,千葉県,習志野市,津田沼７丁目,2023-10-20,22,道路上,その他,40歳代,その他,施錠せず
窃盗,自転車盗,習志野,京成津田沼駅前,122165,千葉県,習志野市,津田沼７丁目,2023-11-23,18,４階建て以上共同住宅,駐車（輪）場,30歳代,その他,施錠した
窃盗,自転車盗,習志野,京成津田沼駅前,122165,千葉県,習志野市,津田沼７丁目,2023-12-02,20,その他の住宅（３階建て以下共同住宅等）,その他,20歳代,大学生,施錠した
窃盗,自転車盗,習志野,京成津田沼駅前,122165,千葉県,習志野市,谷津１丁目,2023-04-21,20,その他,その他,10歳代,高校生,施錠した
窃盗,自転車盗,習志野,京成津田沼駅前,122165,千葉県,習志野市,谷津町１丁目,2023-11-16,18,４階建て以上共同住宅,駐車（輪）場,20歳代,その他,施錠せず
窃盗,自転車盗,習志野,実籾,122165,千葉県,習志野市,新栄２丁目,2023-10-19,09,その他,駐車（輪）場,20歳代,大学生,施錠せず
窃盗,自転車盗,習志野,実籾,122165,千葉県,習志野市,新栄２丁目,2023-11-02,08,その他,駐車（輪）場,10歳代,大学生,施錠せず
窃盗,自転車盗,習志野,実籾,122165,千葉県,習志野市,新栄２丁目,2023-11-30,10,その他,駐車（輪）場,10歳代,大学生,施錠せず
窃盗,自転車盗,習志野,実籾,122165,千葉県,習志野市,新栄２丁目,2023-12-04,10,その他,駐車（輪）場,10歳代,大学生,施錠せず
窃盗,自転車盗,習志野,実籾,122165,千葉県,習志野市,東習志野１丁目,2023-06-20,17,４階建て以上共同住宅,駐車（輪）場,50歳代,その他,施錠せず
窃盗,自転車盗,習志野,実籾,122165,千葉県,習志野市,東習志野２丁目,2023-01-18,16,その他,その他,40歳代,その他,施錠せず
窃盗,自転車盗,習志野,実籾,122165,千葉県,習志野市,東習志野２丁目,2023-03-28,18,４階建て以上共同住宅,駐車（輪）場,50歳代,その他,施錠せず
窃盗,自転車盗,習志野,実籾,122165,千葉県,習志野市,東習志野２丁目,2023-05-24,17,４階建て以上共同住宅,駐車（輪）場,10歳代,高校生,施錠せず
窃盗,自転車盗,習志野,実籾,122165,千葉県,習志野市,東習志野２丁目,2023-07-12,23,道路上,その他,20歳代,大学生,施錠せず
窃盗,自転車盗,習志野,実籾,122165,千葉県,習志野市,東習志野２丁目,2023-08-09,17,４階建て以上共同住宅,駐車（輪）場,10歳代,小学生,施錠せず
窃盗,自転車盗,習志野,実籾,122165,千葉県,習志野市,東習志野３丁目,2023-02-27,15,その他,駐車（輪）場,30歳代,その他,施錠せず
窃盗,自転車盗,習志野,実籾,122165,千葉県,習志野市,東習志野３丁目,2023-07-07,08,その他の住宅（３階建て以下共同住宅等）,駐車（輪）場,20歳代,その他,施錠せず
窃盗,自転車盗,習志野,実籾,122165,千葉県,習志野市,東習志野３丁目,2023-10-29,22,４階建て以上共同住宅,駐車（輪）場,10歳代,大学生,施錠せず
窃盗,自転車盗,習志野,実籾,122165,千葉県,習志野市,東習志野４丁目,2023-05-30,14,４階建て以上共同住宅,駐車（輪）場,65-69歳,その他,施錠せず
窃盗,自転車盗,習志野,実籾,122165,千葉県,習志野市,東習志野４丁目,2023-09-26,18,その他の住宅（３階建て以下共同住宅等）,駐車（輪）場,30歳代,その他,施錠せず
窃盗,自転車盗,習志野,実籾,122165,千葉県,習志野市,東習志野４丁目,2023-12-05,14,その他の住宅（３階建て以下共同住宅等）,駐車（輪）場,10歳代,高校生,施錠せず
窃盗,自転車盗,習志野,実籾,122165,千葉県,習志野市,東習志野４丁目,2023-12-05,14,その他の住宅（３階建て以下共同住宅等）,駐車（輪）場,10歳代,高校生,施錠せず
窃盗,自転車盗,習志野,実籾,122165,千葉県,習志野市,東習志野５丁目,2023-06-12,20,一戸建住宅,その他,10歳代,高校生,施錠した
窃盗,自転車盗,習志野,実籾,122165,千葉県,習志野市,東習志野５丁目,2023-08-24,20,一戸建住宅,駐車（輪）場,40歳代,その他,施錠せず
窃盗,自転車盗,習志野,実籾,122165,千葉県,習志野市,東習志野６丁目,2023-01-08,18,その他の住宅（３階建て以下共同住宅等）,駐車（輪）場,30歳代,その他,施錠せず
窃盗,自転車盗,習志野,実籾,122165,千葉県,習志野市,東習志野６丁目,2023-01-31,13,その他,駐車（輪）場,60-64歳,その他,施錠した
窃盗,自転車盗,習志野,実籾,122165,千葉県,習志野市,東習志野６丁目,2023-02-14,17,その他,駐車（輪）場,10歳代,高校生,施錠せず
窃盗,自転車盗,習志野,実籾,122165,千葉県,習志野市,東習志野６丁目,2023-02-26,10,その他,駐車（輪）場,10歳代,中学生,施錠せず
窃盗,自転車盗,習志野,実籾,122165,千葉県,習志野市,東習志野６丁目,2023-03-12,07,その他,その他,40歳代,その他,施錠せず
窃盗,自転車盗,習志野,実籾,122165,千葉県,習志野市,東習志野６丁目,2023-03-12,09,一戸建住宅,その他,40歳代,その他,施錠した
窃盗,自転車盗,習志野,実籾,122165,千葉県,習志野市,東習志野６丁目,2023-04-19,17,その他,駐車（輪）場,10歳代,小学生,施錠した
窃盗,自転車盗,習志野,実籾,122165,千葉県,習志野市,東習志野７丁目,2023-01-11,15,その他,駐車（輪）場,10歳代,中学生,施錠せず
窃盗,自転車盗,習志野,実籾,122165,千葉県,習志野市,東習志野７丁目,2023-05-27,13,その他,駐車（輪）場,20歳代,大学生,施錠せず
窃盗,自転車盗,習志野,実籾,122165,千葉県,習志野市,東習志野７丁目,2023-08-25,17,その他,駐車（輪）場,50歳代,その他,施錠せず
窃盗,自転車盗,習志野,実籾,122165,千葉県,習志野市,東習志野８丁目,2023-10-27,07,その他の住宅（３階建て以下共同住宅等）,その他,30歳代,その他,施錠した
窃盗,自転車盗,習志野,実籾,122165,千葉県,習志野市,実籾１丁目,2023-01-28,18,道路上,その他,30歳代,その他,施錠せず
窃盗,自転車盗,習志野,実籾,122165,千葉県,習志野市,実籾１丁目,2023-02-23,18,駐車（輪）場,駐車（輪）場,30歳代,その他,施錠せず
窃盗,自転車盗,習志野,実籾,122165,千葉県,習志野市,実籾１丁目,2023-03-04,16,４階建て以上共同住宅,その他,20歳代,大学生,施錠せず
窃盗,自転車盗,習志野,実籾,122165,千葉県,習志野市,実籾１丁目,2023-03-18,20,その他,その他,10歳代,その他,施錠した
窃盗,自転車盗,習志野,実籾,122165,千葉県,習志野市,実籾１丁目,2023-03-22,06,駐車（輪）場,駐車（輪）場,30歳代,その他,施錠せず
窃盗,自転車盗,習志野,実籾,122165,千葉県,習志野市,実籾１丁目,2023-04-05,07,その他,その他,10歳代,その他,施錠した
窃盗,自転車盗,習志野,実籾,122165,千葉県,習志野市,実籾１丁目,2023-04-26,08,その他,その他,10歳代,その他,施錠した
窃盗,自転車盗,習志野,実籾,122165,千葉県,習志野市,実籾１丁目,2023-05-02,18,その他の住宅（３階建て以下共同住宅等）,その他,20歳代,大学生,施錠せず
窃盗,自転車盗,習志野,実籾,122165,千葉県,習志野市,実籾１丁目,2023-06-13,13,その他の住宅（３階建て以下共同住宅等）,その他,20歳代,大学生,施錠せず
窃盗,自転車盗,習志野,実籾,122165,千葉県,習志野市,実籾１丁目,2023-08-06,07,その他,その他,30歳代,その他,施錠した
窃盗,自転車盗,習志野,実籾,122165,千葉県,習志野市,実籾１丁目,2023-08-07,21,その他の住宅（３階建て以下共同住宅等）,駐車（輪）場,20歳代,大学生,施錠せず
窃盗,自転車盗,習志野,実籾,122165,千葉県,習志野市,実籾１丁目,2023-09-02,13,その他,その他,20歳代,その他,施錠せず
窃盗,自転車盗,習志野,実籾,122165,千葉県,習志野市,実籾１丁目,2023-09-21,13,その他,その他,40歳代,その他,施錠せず
窃盗,自転車盗,習志野,実籾,122165,千葉県,習志野市,実籾１丁目,2023-10-10,14,その他,その他,20歳代,その他,施錠せず
窃盗,自転車盗,習志野,実籾,122165,千葉県,習志野市,実籾１丁目,2023-10-30,07,駐車（輪）場,駐車（輪）場,20歳代,その他,施錠した
窃盗,自転車盗,習志野,実籾,122165,千葉県,習志野市,実籾１丁目,2023-10-30,16,その他,その他,40歳代,その他,施錠した
窃盗,自転車盗,習志野,実籾,122165,千葉県,習志野市,実籾１丁目,2023-11-02,17,一戸建住宅,その他,50歳代,その他,施錠せず
窃盗,自転車盗,習志野,実籾,122165,千葉県,習志野市,実籾１丁目,2023-11-16,16,その他,その他,10歳代,大学生,施錠せず
窃盗,自転車盗,習志野,実籾,122165,千葉県,習志野市,実籾１丁目,2023-11-17,07,その他,その他,40歳代,その他,施錠せず
窃盗,自転車盗,習志野,実籾,122165,千葉県,習志野市,実籾１丁目,2023-12-08,07,駐車（輪）場,駐車（輪）場,10歳代,高校生,施錠した
窃盗,自転車盗,習志野,実籾,122165,千葉県,習志野市,実籾１丁目,不明,不明,その他の住宅（３階建て以下共同住宅等）,その他,10歳代,大学生,施錠せず
窃盗,自転車盗,習志野,実籾,122165,千葉県,習志野市,実籾２丁目,2022-12-29,18,一戸建住宅,その他,50歳代,その他,施錠せず
窃盗,自転車盗,習志野,実籾,122165,千葉県,習志野市,実籾２丁目,2023-03-21,14,４階建て以上共同住宅,駐車（輪）場,10歳代,高校生,施錠せず
窃盗,自転車盗,習志野,実籾,122165,千葉県,習志野市,実籾２丁目,2023-10-08,19,道路上,その他,10歳代,高校生,施錠せず
窃盗,自転車盗,習志野,実籾,122165,千葉県,習志野市,実籾３丁目,2023-06-05,05,駐車（輪）場,駐車（輪）場,40歳代,その他,施錠した
窃盗,自転車盗,習志野,実籾,122165,千葉県,習志野市,実籾３丁目,2023-11-04,11,駐車（輪）場,駐車（輪）場,10歳代,大学生,施錠せず
窃盗,自転車盗,習志野,実籾,122165,千葉県,習志野市,実籾４丁目,2023-02-14,05,駐車（輪）場,駐車（輪）場,10歳代,高校生,施錠せず
窃盗,自転車盗,習志野,実籾,122165,千葉県,習志野市,実籾４丁目,2023-03-11,14,４階建て以上共同住宅,駐車（輪）場,10歳代,その他,施錠した
窃盗,自転車盗,習志野,実籾,122165,千葉県,習志野市,実籾４丁目,2023-04-11,16,駐車（輪）場,駐車（輪）場,10歳代,高校生,施錠せず
窃盗,自転車盗,習志野,実籾,122165,千葉県,習志野市,実籾４丁目,2023-07-11,23,その他の住宅（３階建て以下共同住宅等）,その他,20歳代,その他,施錠せず
窃盗,自転車盗,習志野,実籾,122165,千葉県,習志野市,実籾４丁目,2023-07-28,06,その他の住宅（３階建て以下共同住宅等）,駐車（輪）場,20歳代,大学生,施錠した
窃盗,自転車盗,習志野,実籾,122165,千葉県,習志野市,実籾４丁目,2023-07-29,17,一戸建住宅,その他,40歳代,その他,施錠せず
窃盗,自転車盗,習志野,実籾,122165,千葉県,習志野市,実籾４丁目,2023-08-17,18,駐車（輪）場,駐車（輪）場,20歳代,その他,施錠した
窃盗,自転車盗,習志野,実籾,122165,千葉県,習志野市,実籾４丁目,2023-08-29,13,駐車（輪）場,駐車（輪）場,20歳代,大学生,施錠せず
窃盗,自転車盗,習志野,実籾,122165,千葉県,習志野市,実籾４丁目,2023-09-03,18,その他の住宅（３階建て以下共同住宅等）,駐車（輪）場,40歳代,その他,施錠せず
窃盗,自転車盗,習志野,実籾,122165,千葉県,習志野市,実籾４丁目,2023-11-05,06,駐車（輪）場,駐車（輪）場,10歳代,高校生,施錠せず
窃盗,自転車盗,習志野,実籾,122165,千葉県,習志野市,実籾５丁目,2023-03-17,16,道路上,その他,10歳代,中学生,施錠せず
窃盗,自転車盗,習志野,実籾,122165,千葉県,習志野市,実籾５丁目,2023-08-14,20,その他,駐車（輪）場,50歳代,その他,施錠した
窃盗,自転車盗,習志野,実籾,122165,千葉県,習志野市,実籾５丁目,2023-08-27,15,その他の住宅（３階建て以下共同住宅等）,その他,20歳代,その他,施錠せず
窃盗,自転車盗,習志野,実籾,122165,千葉県,習志野市,実籾５丁目,2023-10-05,18,道路上,その他,30歳代,その他,施錠した
窃盗,自転車盗,習志野,実籾,122165,千葉県,習志野市,実籾６丁目,2023-02-05,10,一戸建住宅,その他,20歳代,その他,施錠せず
窃盗,自転車盗,習志野,実籾,122165,千葉県,習志野市,実籾６丁目,2023-03-11,18,一戸建住宅,駐車（輪）場,10歳代,高校生,施錠した
窃盗,自転車盗,習志野,実籾,122165,千葉県,習志野市,実籾６丁目,2023-05-18,20,４階建て以上共同住宅,駐車（輪）場,40歳代,その他,施錠せず
窃盗,自転車盗,習志野,実籾,122165,千葉県,習志野市,実籾６丁目,2023-08-25,22,その他の住宅（３階建て以下共同住宅等）,その他,10歳代,中学生,施錠せず
窃盗,自転車盗,習志野,実籾,122165,千葉県,習志野市,実籾６丁目,2023-11-06,23,４階建て以上共同住宅,駐車（輪）場,20歳代,その他,施錠した
窃盗,自転車盗,習志野,実籾,122165,千葉県,習志野市,実籾本郷,2023-09-07,08,その他,駐車（輪）場,10歳代,高校生,施錠せず
窃盗,自転車盗,習志野,実籾,122165,千葉県,習志野市,実籾本郷,2023-09-15,08,その他,駐車（輪）場,10歳代,高校生,施錠せず
窃盗,自転車盗,習志野,津田沼駅前,122165,千葉県,習志野市,大久保２丁目,2023-02-07,09,その他の住宅（３階建て以下共同住宅等）,駐車（輪）場,20歳代,その他,施錠した
窃盗,自転車盗,習志野,津田沼駅前,122165,千葉県,習志野市,津田沼１丁目,2022-10-20,08,その他,駐車（輪）場,20歳代,その他,施錠した
窃盗,自転車盗,習志野,津田沼駅前,122165,千葉県,習志野市,津田沼１丁目,2022-12-15,11,駐車（輪）場,駐車（輪）場,10歳代,大学生,施錠せず
窃盗,自転車盗,習志野,津田沼駅前,122165,千葉県,習志野市,津田沼１丁目,2022-12-27,20,駐車（輪）場,駐車（輪）場,20歳代,大学生,施錠せず
窃盗,自転車盗,習志野,津田沼駅前,122165,千葉県,習志野市,津田沼１丁目,2023-01-02,13,駐車（輪）場,駐車（輪）場,30歳代,その他,施錠せず
窃盗,自転車盗,習志野,津田沼駅前,122165,千葉県,習志野市,津田沼１丁目,2023-01-16,16,その他,駐車（輪）場,10歳代,小学生,施錠せず
窃盗,自転車盗,習志野,津田沼駅前,122165,千葉県,習志野市,津田沼１丁目,2023-01-21,12,その他,その他,70歳以上,その他,施錠した
窃盗,自転車盗,習志野,津田沼駅前,122165,千葉県,習志野市,津田沼１丁目,2023-01-25,12,道路上,その他,20歳代,その他,施錠した
窃盗,自転車盗,習志野,津田沼駅前,122165,千葉県,習志野市,津田沼１丁目,2023-02-04,10,駐車（輪）場,駐車（輪）場,10歳代,大学生,施錠せず
窃盗,自転車盗,習志野,津田沼駅前,122165,千葉県,習志野市,津田沼１丁目,2023-02-16,06,道路上,その他,20歳代,その他,施錠せず
窃盗,自転車盗,習志野,津田沼駅前,122165,千葉県,習志野市,津田沼１丁目,2023-02-24,15,その他,駐車（輪）場,10歳代,高校生,施錠せず
窃盗,自転車盗,習志野,津田沼駅前,122165,千葉県,習志野市,津田沼１丁目,2023-03-03,09,その他,その他,20歳代,その他,施錠した
窃盗,自転車盗,習志野,津田沼駅前,122165,千葉県,習志野市,津田沼１丁目,2023-03-07,15,道路上,その他,10歳代,その他,施錠せず
窃盗,自転車盗,習志野,津田沼駅前,122165,千葉県,習志野市,津田沼１丁目,2023-03-08,17,駐車（輪）場,駐車（輪）場,20歳代,大学生,施錠した
窃盗,自転車盗,習志野,津田沼駅前,122165,千葉県,習志野市,津田沼１丁目,2023-03-18,18,駐車（輪）場,駐車（輪）場,20歳代,大学生,施錠した
窃盗,自転車盗,習志野,津田沼駅前,122165,千葉県,習志野市,津田沼１丁目,2023-03-18,20,駐車（輪）場,駐車（輪）場,20歳代,大学生,施錠した
窃盗,自転車盗,習志野,津田沼駅前,122165,千葉県,習志野市,津田沼１丁目,2023-03-20,12,駐車（輪）場,駐車（輪）場,20歳代,大学生,施錠せず
窃盗,自転車盗,習志野,津田沼駅前,122165,千葉県,習志野市,津田沼１丁目,2023-03-24,12,駐車（輪）場,駐車（輪）場,10歳代,高校生,施錠せず
窃盗,自転車盗,習志野,津田沼駅前,122165,千葉県,習志野市,津田沼１丁目,2023-03-26,09,駐車（輪）場,駐車（輪）場,20歳代,その他,施錠せず
窃盗,自転車盗,習志野,津田沼駅前,122165,千葉県,習志野市,津田沼１丁目,2023-03-26,18,その他の住宅（３階建て以下共同住宅等）,その他,20歳代,その他,施錠した
窃盗,自転車盗,習志野,津田沼駅前,122165,千葉県,習志野市,津田沼１丁目,2023-03-28,19,駐車（輪）場,駐車（輪）場,10歳代,その他,施錠した
窃盗,自転車盗,習志野,津田沼駅前,122165,千葉県,習志野市,津田沼１丁目,2023-03-31,05,駐車（輪）場,駐車（輪）場,20歳代,大学生,施錠した
窃盗,自転車盗,習志野,津田沼駅前,122165,千葉県,習志野市,津田沼１丁目,2023-04-02,18,駐車（輪）場,駐車（輪）場,40歳代,その他,施錠せず
窃盗,自転車盗,習志野,津田沼駅前,122165,千葉県,習志野市,津田沼１丁目,2023-04-03,19,駐車（輪）場,駐車（輪）場,20歳代,その他,施錠した
窃盗,自転車盗,習志野,津田沼駅前,122165,千葉県,習志野市,津田沼１丁目,2023-04-06,06,駐車（輪）場,駐車（輪）場,50歳代,その他,施錠せず
窃盗,自転車盗,習志野,津田沼駅前,122165,千葉県,習志野市,津田沼１丁目,2023-04-14,17,駐車（輪）場,駐車（輪）場,30歳代,その他,施錠した
窃盗,自転車盗,習志野,津田沼駅前,122165,千葉県,習志野市,津田沼１丁目,2023-04-17,19,駐車（輪）場,駐車（輪）場,10歳代,中学生,施錠した
窃盗,自転車盗,習志野,津田沼駅前,122165,千葉県,習志野市,津田沼１丁目,2023-04-18,07,駐車（輪）場,駐車（輪）場,20歳代,その他,施錠した
窃盗,自転車盗,習志野,津田沼駅前,122165,千葉県,習志野市,津田沼１丁目,2023-05-02,07,駐車（輪）場,駐車（輪）場,10歳代,その他,施錠した
窃盗,自転車盗,習志野,津田沼駅前,122165,千葉県,習志野市,津田沼１丁目,2023-05-03,01,その他,駐車（輪）場,20歳代,大学生,施錠せず
窃盗,自転車盗,習志野,津田沼駅前,122165,千葉県,習志野市,津田沼１丁目,2023-05-03,23,駐車（輪）場,駐車（輪）場,20歳代,その他,施錠せず
窃盗,自転車盗,習志野,津田沼駅前,122165,千葉県,習志野市,津田沼１丁目,2023-05-03,23,駐車（輪）場,駐車（輪）場,20歳代,大学生,施錠せず
窃盗,自転車盗,習志野,津田沼駅前,122165,千葉県,習志野市,津田沼１丁目,2023-05-06,17,その他,駐車（輪）場,30歳代,その他,施錠した
窃盗,自転車盗,習志野,津田沼駅前,122165,千葉県,習志野市,津田沼１丁目,2023-05-13,18,道路上,その他,20歳代,大学生,施錠した
窃盗,自転車盗,習志野,津田沼駅前,122165,千葉県,習志野市,津田沼１丁目,2023-05-18,09,その他,駐車（輪）場,50歳代,その他,施錠した
窃盗,自転車盗,習志野,津田沼駅前,122165,千葉県,習志野市,津田沼１丁目,2023-05-21,13,駐車（輪）場,駐車（輪）場,50歳代,その他,施錠せず
窃盗,自転車盗,習志野,津田沼駅前,122165,千葉県,習志野市,津田沼１丁目,2023-05-26,16,その他,駐車（輪）場,70歳以上,その他,施錠した
窃盗,自転車盗,習志野,津田沼駅前,122165,千葉県,習志野市,津田沼１丁目,2023-05-26,19,駐車（輪）場,駐車（輪）場,10歳代,中学生,施錠せず
窃盗,自転車盗,習志野,津田沼駅前,122165,千葉県,習志野市,津田沼１丁目,2023-05-27,17,駐車（輪）場,駐車（輪）場,10歳代,大学生,施錠せず
窃盗,自転車盗,習志野,津田沼駅前,122165,千葉県,習志野市,津田沼１丁目,2023-05-30,23,駐車（輪）場,駐車（輪）場,20歳代,大学生,施錠せず
窃盗,自転車盗,習志野,津田沼駅前,122165,千葉県,習志野市,津田沼１丁目,2023-05-31,08,その他,駐車（輪）場,50歳代,その他,施錠せず
窃盗,自転車盗,習志野,津田沼駅前,122165,千葉県,習志野市,津田沼１丁目,2023-06-10,19,その他,駐車（輪）場,40歳代,その他,施錠せず
窃盗,自転車盗,習志野,津田沼駅前,122165,千葉県,習志野市,津田沼１丁目,2023-06-11,16,駐車（輪）場,駐車（輪）場,50歳代,その他,施錠した
窃盗,自転車盗,習志野,津田沼駅前,122165,千葉県,習志野市,津田沼１丁目,2023-06-15,08,駐車（輪）場,駐車（輪）場,10歳代,大学生,施錠した
窃盗,自転車盗,習志野,津田沼駅前,122165,千葉県,習志野市,津田沼１丁目,2023-06-16,12,駐車（輪）場,駐車（輪）場,10歳代,大学生,施錠せず
窃盗,自転車盗,習志野,津田沼駅前,122165,千葉県,習志野市,津田沼１丁目,2023-06-18,15,駐車（輪）場,駐車（輪）場,20歳代,その他,施錠せず
窃盗,自転車盗,習志野,津田沼駅前,122165,千葉県,習志野市,津田沼１丁目,2023-06-22,17,その他,駐車（輪）場,50歳代,その他,施錠せず
窃盗,自転車盗,習志野,津田沼駅前,122165,千葉県,習志野市,津田沼１丁目,2023-06-30,19,駐車（輪）場,駐車（輪）場,20歳代,その他,施錠した
窃盗,自転車盗,習志野,津田沼駅前,122165,千葉県,習志野市,津田沼１丁目,2023-07-05,12,その他,駐車（輪）場,10歳代,大学生,施錠せず
窃盗,自転車盗,習志野,津田沼駅前,122165,千葉県,習志野市,津田沼１丁目,2023-07-10,16,駐車（輪）場,駐車（輪）場,10歳代,大学生,施錠した
窃盗,自転車盗,習志野,津田沼駅前,122165,千葉県,習志野市,津田沼１丁目,2023-07-12,07,その他,駐車（輪）場,10歳代,大学生,施錠せず
窃盗,自転車盗,習志野,津田沼駅前,122165,千葉県,習志野市,津田沼１丁目,2023-07-22,08,駐車（輪）場,駐車（輪）場,10歳代,その他,施錠せず
窃盗,自転車盗,習志野,津田沼駅前,122165,千葉県,習志野市,津田沼１丁目,2023-07-23,17,その他,その他,10歳代,大学生,施錠せず
窃盗,自転車盗,習志野,津田沼駅前,122165,千葉県,習志野市,津田沼１丁目,2023-07-25,16,駐車（輪）場,駐車（輪）場,10歳代,その他,施錠せず
窃盗,自転車盗,習志野,津田沼駅前,122165,千葉県,習志野市,津田沼１丁目,2023-07-27,10,駐車（輪）場,駐車（輪）場,20歳代,大学生,施錠せず
窃盗,自転車盗,習志野,津田沼駅前,122165,千葉県,習志野市,津田沼１丁目,2023-07-27,20,駐車（輪）場,駐車（輪）場,10歳代,大学生,施錠せず
窃盗,自転車盗,習志野,津田沼駅前,122165,千葉県,習志野市,津田沼１丁目,2023-07-30,23,駐車（輪）場,駐車（輪）場,10歳代,大学生,施錠せず
窃盗,自転車盗,習志野,津田沼駅前,122165,千葉県,習志野市,津田沼１丁目,2023-08-05,11,その他,駐車（輪）場,40歳代,その他,施錠した
窃盗,自転車盗,習志野,津田沼駅前,122165,千葉県,習志野市,津田沼１丁目,2023-08-06,01,駐車（輪）場,駐車（輪）場,20歳代,大学生,施錠せず
窃盗,自転車盗,習志野,津田沼駅前,122165,千葉県,習志野市,津田沼１丁目,2023-08-09,10,駐車（輪）場,駐車（輪）場,20歳代,その他,施錠した
窃盗,自転車盗,習志野,津田沼駅前,122165,千葉県,習志野市,津田沼１丁目,2023-08-18,00,駐車（輪）場,駐車（輪）場,20歳代,その他,施錠した
窃盗,自転車盗,習志野,津田沼駅前,122165,千葉県,習志野市,津田沼１丁目,2023-08-27,19,駐車（輪）場,駐車（輪）場,50歳代,その他,施錠した
窃盗,自転車盗,習志野,津田沼駅前,122165,千葉県,習志野市,津田沼１丁目,2023-08-30,07,その他,駐車（輪）場,10歳代,高校生,施錠せず
窃盗,自転車盗,習志野,津田沼駅前,122165,千葉県,習志野市,津田沼１丁目,2023-09-04,17,駐車（輪）場,駐車（輪）場,20歳代,大学生,施錠した
窃盗,自転車盗,習志野,津田沼駅前,122165,千葉県,習志野市,津田沼１丁目,2023-09-09,11,駐車（輪）場,駐車（輪）場,10歳代,その他,施錠せず
窃盗,自転車盗,習志野,津田沼駅前,122165,千葉県,習志野市,津田沼１丁目,2023-09-09,19,道路上,その他,10歳代,高校生,施錠せず
窃盗,自転車盗,習志野,津田沼駅前,122165,千葉県,習志野市,津田沼１丁目,2023-09-10,10,その他,駐車（輪）場,10歳代,高校生,施錠せず
窃盗,自転車盗,習志野,津田沼駅前,122165,千葉県,習志野市,津田沼１丁目,2023-09-10,22,駐車（輪）場,駐車（輪）場,10歳代,高校生,施錠せず
窃盗,自転車盗,習志野,津田沼駅前,122165,千葉県,習志野市,津田沼１丁目,2023-09-12,06,駐車（輪）場,駐車（輪）場,20歳代,その他,施錠した
窃盗,自転車盗,習志野,津田沼駅前,122165,千葉県,習志野市,津田沼１丁目,2023-09-14,10,その他,駐車（輪）場,20歳代,大学生,施錠せず
窃盗,自転車盗,習志野,津田沼駅前,122165,千葉県,習志野市,津田沼１丁目,2023-09-27,16,道路上,その他,10歳代,高校生,施錠せず
窃盗,自転車盗,習志野,津田沼駅前,122165,千葉県,習志野市,津田沼１丁目,2023-10-04,09,駐車（輪）場,駐車（輪）場,40歳代,その他,施錠した
窃盗,自転車盗,習志野,津田沼駅前,122165,千葉県,習志野市,津田沼１丁目,2023-10-07,10,駐車（輪）場,駐車（輪）場,10歳代,大学生,施錠せず
窃盗,自転車盗,習志野,津田沼駅前,122165,千葉県,習志野市,津田沼１丁目,2023-10-08,08,その他,駐車（輪）場,20歳代,その他,施錠した
窃盗,自転車盗,習志野,津田沼駅前,122165,千葉県,習志野市,津田沼１丁目,2023-10-11,16,その他,駐車（輪）場,10歳代,高校生,施錠せず
窃盗,自転車盗,習志野,津田沼駅前,122165,千葉県,習志野市,津田沼１丁目,2023-10-13,17,駐車（輪）場,駐車（輪）場,10歳代,大学生,施錠した
窃盗,自転車盗,習志野,津田沼駅前,122165,千葉県,習志野市,津田沼１丁目,2023-10-13,23,道路上,その他,10歳代,大学生,施錠せず
窃盗,自転車盗,習志野,津田沼駅前,122165,千葉県,習志野市,津田沼１丁目,2023-10-17,12,道路上,その他,20歳代,その他,施錠せず
窃盗,自転車盗,習志野,津田沼駅前,122165,千葉県,習志野市,津田沼１丁目,2023-10-19,07,駐車（輪）場,駐車（輪）場,10歳代,その他,施錠した
窃盗,自転車盗,習志野,津田沼駅前,122165,千葉県,習志野市,津田沼１丁目,2023-10-20,18,駐車（輪）場,駐車（輪）場,10歳代,高校生,施錠せず
窃盗,自転車盗,習志野,津田沼駅前,122165,千葉県,習志野市,津田沼１丁目,2023-10-24,12,その他,駐車（輪）場,20歳代,大学生,施錠した
窃盗,自転車盗,習志野,津田沼駅前,122165,千葉県,習志野市,津田沼１丁目,2023-10-24,12,その他,駐車（輪）場,20歳代,大学生,施錠した
窃盗,自転車盗,習志野,津田沼駅前,122165,千葉県,習志野市,津田沼１丁目,2023-10-29,16,駐車（輪）場,駐車（輪）場,10歳代,高校生,施錠せず
窃盗,自転車盗,習志野,津田沼駅前,122165,千葉県,習志野市,津田沼１丁目,2023-10-29,19,駐車（輪）場,駐車（輪）場,30歳代,その他,施錠した
窃盗,自転車盗,習志野,津田沼駅前,122165,千葉県,習志野市,津田沼１丁目,2023-11-01,21,駐車（輪）場,駐車（輪）場,20歳代,その他,施錠した
窃盗,自転車盗,習志野,津田沼駅前,122165,千葉県,習志野市,津田沼１丁目,2023-11-02,17,その他,駐車（輪）場,10歳代,中学生,施錠せず
窃盗,自転車盗,習志野,津田沼駅前,122165,千葉県,習志野市,津田沼１丁目,2023-11-03,18,駐車（輪）場,駐車（輪）場,40歳代,その他,施錠した
窃盗,自転車盗,習志野,津田沼駅前,122165,千葉県,習志野市,津田沼１丁目,2023-11-05,12,その他,駐車（輪）場,20歳代,その他,施錠した
窃盗,自転車盗,習志野,津田沼駅前,122165,千葉県,習志野市,津田沼１丁目,2023-11-05,16,その他,駐車（輪）場,20歳代,その他,施錠せず
窃盗,自転車盗,習志野,津田沼駅前,122165,千葉県,習志野市,津田沼１丁目,2023-11-14,08,駐車（輪）場,駐車（輪）場,10歳代,その他,施錠した
窃盗,自転車盗,習志野,津田沼駅前,122165,千葉県,習志野市,津田沼１丁目,2023-11-14,14,駐車（輪）場,駐車（輪）場,10歳代,大学生,施錠せず
窃盗,自転車盗,習志野,津田沼駅前,122165,千葉県,習志野市,津田沼１丁目,2023-11-16,11,駐車（輪）場,駐車（輪）場,10歳代,中学生,施錠せず
窃盗,自転車盗,習志野,津田沼駅前,122165,千葉県,習志野市,津田沼１丁目,2023-11-17,19,その他,駐車（輪）場,10歳代,中学生,施錠せず
窃盗,自転車盗,習志野,津田沼駅前,122165,千葉県,習志野市,津田沼１丁目,2023-11-17,20,その他,駐車（輪）場,10歳代,高校生,施錠した
窃盗,自転車盗,習志野,津田沼駅前,122165,千葉県,習志野市,津田沼１丁目,2023-11-19,12,駐車（輪）場,駐車（輪）場,30歳代,その他,施錠した
窃盗,自転車盗,習志野,津田沼駅前,122165,千葉県,習志野市,津田沼１丁目,2023-11-21,08,駐車（輪）場,駐車（輪）場,10歳代,大学生,施錠せず
窃盗,自転車盗,習志野,津田沼駅前,122165,千葉県,習志野市,津田沼１丁目,2023-12-06,13,駐車（輪）場,駐車（輪）場,20歳代,大学生,施錠せず
窃盗,自転車盗,習志野,津田沼駅前,122165,千葉県,習志野市,津田沼１丁目,2023-12-06,18,その他,駐車（輪）場,10歳代,その他,施錠せず
窃盗,自転車盗,習志野,津田沼駅前,122165,千葉県,習志野市,津田沼１丁目,2023-12-07,05,その他,駐車（輪）場,20歳代,その他,施錠せず
窃盗,自転車盗,習志野,津田沼駅前,122165,千葉県,習志野市,津田沼１丁目,2023-12-07,11,駐車（輪）場,駐車（輪）場,20歳代,大学生,施錠した
窃盗,自転車盗,習志野,津田沼駅前,122165,千葉県,習志野市,津田沼１丁目,2023-12-08,12,駐車（輪）場,駐車（輪）場,30歳代,その他,施錠せず
窃盗,自転車盗,習志野,津田沼駅前,122165,千葉県,習志野市,津田沼１丁目,2023-12-09,08,駐車（輪）場,駐車（輪）場,20歳代,その他,施錠せず
窃盗,自転車盗,習志野,津田沼駅前,122165,千葉県,習志野市,津田沼１丁目,2023-12-09,21,道路上,その他,20歳代,その他,施錠せず
窃盗,自転車盗,習志野,津田沼駅前,122165,千葉県,習志野市,津田沼１丁目,2023-12-14,18,駐車（輪）場,駐車（輪）場,10歳代,中学生,施錠せず
窃盗,自転車盗,習志野,津田沼駅前,122165,千葉県,習志野市,津田沼１丁目,2023-12-16,12,駐車（輪）場,駐車（輪）場,20歳代,その他,施錠せず
窃盗,自転車盗,習志野,津田沼駅前,122165,千葉県,習志野市,津田沼１丁目,2023-12-18,19,駐車（輪）場,駐車（輪）場,20歳代,大学生,施錠した
窃盗,自転車盗,習志野,津田沼駅前,122165,千葉県,習志野市,津田沼１丁目,2023-12-20,14,道路上,その他,10歳代,中学生,施錠した
窃盗,自転車盗,習志野,津田沼駅前,122165,千葉県,習志野市,津田沼１丁目,2023-12-21,20,駐車（輪）場,駐車（輪）場,40歳代,その他,施錠した
窃盗,自転車盗,習志野,津田沼駅前,122165,千葉県,習志野市,津田沼１丁目,2023-12-22,11,駐車（輪）場,駐車（輪）場,20歳代,その他,施錠せず
窃盗,自転車盗,習志野,津田沼駅前,122165,千葉県,習志野市,津田沼１丁目,2023-12-24,10,その他,駐車（輪）場,10歳代,大学生,施錠せず
窃盗,自転車盗,習志野,津田沼駅前,122165,千葉県,習志野市,津田沼２丁目,2022-12-17,17,４階建て以上共同住宅,駐車（輪）場,30歳代,その他,施錠せず
窃盗,自転車盗,習志野,津田沼駅前,122165,千葉県,習志野市,津田沼２丁目,2023-04-07,18,４階建て以上共同住宅,駐車（輪）場,10歳代,中学生,施錠した
窃盗,自転車盗,習志野,津田沼駅前,122165,千葉県,習志野市,津田沼２丁目,2023-09-27,21,駐車（輪）場,駐車（輪）場,10歳代,大学生,施錠した
窃盗,自転車盗,習志野,津田沼駅前,122165,千葉県,習志野市,津田沼２丁目,2023-11-03,07,その他,駐車（輪）場,20歳代,大学生,施錠せず
窃盗,自転車盗,習志野,津田沼駅前,122165,千葉県,習志野市,津田沼２丁目,2023-12-01,23,その他,駐車（輪）場,20歳代,大学生,施錠せず
窃盗,自転車盗,習志野,津田沼駅前,122165,千葉県,習志野市,津田沼３丁目,2023-04-19,21,４階建て以上共同住宅,駐車（輪）場,10歳代,高校生,施錠せず
窃盗,自転車盗,習志野,津田沼駅前,122165,千葉県,習志野市,谷津１丁目,2022-11-01,07,その他,その他,10歳代,高校生,施錠せず
窃盗,自転車盗,習志野,津田沼駅前,122165,千葉県,習志野市,谷津１丁目,2023-04-08,15,４階建て以上共同住宅,駐車（輪）場,40歳代,その他,施錠した
窃盗,自転車盗,習志野,津田沼駅前,122165,千葉県,習志野市,谷津１丁目,2023-05-15,19,その他,その他,20歳代,その他,施錠した
窃盗,自転車盗,習志野,津田沼駅前,122165,千葉県,習志野市,谷津１丁目,2023-05-28,15,その他の住宅（３階建て以下共同住宅等）,駐車（輪）場,20歳代,その他,施錠した
窃盗,自転車盗,習志野,津田沼駅前,122165,千葉県,習志野市,谷津１丁目,2023-07-26,10,その他の住宅（３階建て以下共同住宅等）,駐車（輪）場,50歳代,その他,施錠した
窃盗,自転車盗,習志野,津田沼駅前,122165,千葉県,習志野市,谷津１丁目,2023-07-31,09,駐車（輪）場,駐車（輪）場,10歳代,その他,施錠せず
窃盗,自転車盗,習志野,津田沼駅前,122165,千葉県,習志野市,谷津１丁目,2023-08-10,21,その他の住宅（３階建て以下共同住宅等）,駐車（輪）場,30歳代,その他,施錠した
窃盗,自転車盗,習志野,津田沼駅前,122165,千葉県,習志野市,谷津１丁目,2023-08-21,17,一戸建住宅,その他,30歳代,その他,施錠せず
窃盗,自転車盗,習志野,津田沼駅前,122165,千葉県,習志野市,谷津１丁目,2023-08-31,19,その他,駐車（輪）場,10歳代,高校生,施錠せず
窃盗,自転車盗,習志野,津田沼駅前,122165,千葉県,習志野市,谷津１丁目,2023-10-12,11,その他,駐車（輪）場,10歳代,高校生,施錠せず
窃盗,自転車盗,習志野,津田沼駅前,122165,千葉県,習志野市,谷津１丁目,2023-10-21,20,その他,駐車（輪）場,10歳代,大学生,施錠せず
窃盗,自転車盗,習志野,津田沼駅前,122165,千葉県,習志野市,谷津１丁目,2023-11-19,18,駐車（輪）場,駐車（輪）場,20歳代,大学生,施錠した
窃盗,自転車盗,習志野,津田沼駅前,122165,千葉県,習志野市,谷津１丁目,2023-11-21,08,駐車（輪）場,駐車（輪）場,20歳代,その他,施錠せず
窃盗,自転車盗,習志野,津田沼駅前,122165,千葉県,習志野市,谷津１丁目,2023-12-18,20,その他,駐車（輪）場,10歳代,高校生,施錠せず
窃盗,自転車盗,習志野,津田沼駅前,122165,千葉県,習志野市,谷津１丁目,2023-12-19,05,駐車（輪）場,駐車（輪）場,30歳代,その他,施錠した
窃盗,自転車盗,習志野,津田沼駅前,122165,千葉県,習志野市,谷津２丁目,2023-01-24,07,その他の住宅（３階建て以下共同住宅等）,駐車（輪）場,10歳代,中学生,施錠した
窃盗,自転車盗,習志野,津田沼駅前,122165,千葉県,習志野市,谷津２丁目,2023-11-17,08,その他の住宅（３階建て以下共同住宅等）,その他,20歳代,その他,施錠した
窃盗,自転車盗,習志野,津田沼駅前,122165,千葉県,習志野市,谷津３丁目,2023-04-07,18,４階建て以上共同住宅,駐車（輪）場,10歳代,高校生,施錠した
窃盗,自転車盗,習志野,津田沼駅前,122165,千葉県,習志野市,谷津３丁目,2023-10-14,19,４階建て以上共同住宅,駐車（輪）場,40歳代,その他,施錠した
窃盗,自転車盗,習志野,津田沼駅前,122165,千葉県,習志野市,谷津４丁目,2023-11-10,23,４階建て以上共同住宅,駐車（輪）場,10歳代,高校生,施錠した
窃盗,自転車盗,習志野,津田沼駅前,122165,千葉県,習志野市,谷津４丁目,2023-12-03,12,その他,駐車（輪）場,70歳以上,その他,施錠した
窃盗,自転車盗,習志野,津田沼駅前,122165,千葉県,習志野市,谷津４丁目,2023-12-03,20,道路上,その他,50歳代,その他,施錠した
窃盗,自転車盗,習志野,津田沼駅前,122165,千葉県,習志野市,谷津５丁目,2023-05-19,12,その他の住宅（３階建て以下共同住宅等）,その他,10歳代,大学生,施錠した
窃盗,自転車盗,習志野,津田沼駅前,122165,千葉県,習志野市,谷津６丁目,2023-04-20,17,その他の住宅（３階建て以下共同住宅等）,駐車（輪）場,30歳代,その他,施錠した
窃盗,自転車盗,習志野,津田沼駅前,122165,千葉県,習志野市,谷津６丁目,2023-04-23,13,その他の住宅（３階建て以下共同住宅等）,駐車（輪）場,40歳代,その他,施錠せず
窃盗,自転車盗,習志野,津田沼駅前,122165,千葉県,習志野市,谷津６丁目,2023-11-26,18,その他の住宅（３階建て以下共同住宅等）,駐車（輪）場,20歳代,その他,施錠した
窃盗,自転車盗,習志野,津田沼駅前,122165,千葉県,習志野市,谷津７丁目,2023-09-12,17,その他,駐車（輪）場,10歳代,高校生,施錠せず
窃盗,自転車盗,習志野,津田沼駅前,122165,千葉県,習志野市,谷津７丁目,2023-09-13,12,その他,駐車（輪）場,20歳代,大学生,施錠せず
窃盗,自転車盗,習志野,津田沼駅前,122165,千葉県,習志野市,谷津７丁目,2023-11-16,21,４階建て以上共同住宅,駐車（輪）場,10歳代,中学生,施錠せず
窃盗,自転車盗,習志野,津田沼駅前,122165,千葉県,習志野市,谷津７丁目,2023-11-19,00,道路上,その他,20歳代,大学生,施錠せず
窃盗,自転車盗,習志野,津田沼駅前,122165,千葉県,習志野市,谷津７丁目,2023-12-22,19,駐車（輪）場,駐車（輪）場,20歳代,その他,施錠した
窃盗,自転車盗,習志野,津田沼駅前,122165,千葉県,習志野市,奏の杜１丁目,2023-06-22,08,４階建て以上共同住宅,その他,20歳代,その他,施錠せず
窃盗,自転車盗,習志野,津田沼駅前,122165,千葉県,習志野市,奏の杜３丁目,2022-12-01,18,その他の住宅（３階建て以下共同住宅等）,その他,20歳代,その他,施錠した
窃盗,自転車盗,習志野,秋津,122165,千葉県,習志野市,茜浜２丁目,2023-01-02,05,駐車（輪）場,駐車（輪）場,20歳代,その他,施錠せず
窃盗,自転車盗,習志野,秋津,122165,千葉県,習志野市,茜浜２丁目,2023-01-18,09,その他,駐車（輪）場,70歳以上,その他,施錠した
窃盗,自転車盗,習志野,秋津,122165,千葉県,習志野市,茜浜２丁目,2023-03-05,10,その他,駐車（輪）場,10歳代,中学生,施錠せず
窃盗,自転車盗,習志野,秋津,122165,千葉県,習志野市,茜浜２丁目,2023-03-15,07,道路上,その他,10歳代,大学生,施錠せず
窃盗,自転車盗,習志野,秋津,122165,千葉県,習志野市,茜浜２丁目,2023-03-28,08,駐車（輪）場,駐車（輪）場,40歳代,その他,施錠した
窃盗,自転車盗,習志野,秋津,122165,千葉県,習志野市,茜浜２丁目,2023-04-13,20,駐車（輪）場,駐車（輪）場,50歳代,その他,施錠せず
窃盗,自転車盗,習志野,秋津,122165,千葉県,習志野市,茜浜２丁目,2023-04-20,07,駐車（輪）場,駐車（輪）場,10歳代,大学生,施錠した
窃盗,自転車盗,習志野,秋津,122165,千葉県,習志野市,茜浜２丁目,2023-04-21,16,駐車（輪）場,駐車（輪）場,20歳代,その他,施錠せず
窃盗,自転車盗,習志野,秋津,122165,千葉県,習志野市,茜浜２丁目,2023-05-21,20,その他,駐車（輪）場,10歳代,高校生,施錠せず
窃盗,自転車盗,習志野,秋津,122165,千葉県,習志野市,茜浜２丁目,2023-06-10,07,駐車（輪）場,駐車（輪）場,10歳代,高校生,施錠せず
窃盗,自転車盗,習志野,秋津,122165,千葉県,習志野市,茜浜２丁目,2023-06-26,17,道路上,その他,10歳代,小学生,施錠せず
窃盗,自転車盗,習志野,秋津,122165,千葉県,習志野市,茜浜２丁目,2023-09-22,18,その他,駐車（輪）場,10歳代,大学生,施錠せず
窃盗,自転車盗,習志野,秋津,122165,千葉県,習志野市,茜浜２丁目,2023-09-25,20,駐車（輪）場,駐車（輪）場,20歳代,大学生,施錠せず
窃盗,自転車盗,習志野,秋津,122165,千葉県,習志野市,茜浜２丁目,2023-10-22,18,その他,駐車（輪）場,10歳代,大学生,施錠した
窃盗,自転車盗,習志野,秋津,122165,千葉県,習志野市,茜浜２丁目,2023-10-24,08,その他,駐車（輪）場,10歳代,その他,施錠せず
窃盗,自転車盗,習志野,秋津,122165,千葉県,習志野市,茜浜２丁目,2023-11-08,18,その他,駐車（輪）場,10歳代,高校生,施錠した
窃盗,自転車盗,習志野,秋津,122165,千葉県,習志野市,茜浜２丁目,2023-12-15,17,その他,駐車（輪）場,10歳代,中学生,施錠せず
窃盗,自転車盗,習志野,秋津,122165,千葉県,習志野市,秋津１丁目,2023-02-09,20,４階建て以上共同住宅,駐車（輪）場,10歳代,大学生,施錠した
窃盗,自転車盗,習志野,秋津,122165,千葉県,習志野市,秋津１丁目,2023-06-18,16,４階建て以上共同住宅,駐車（輪）場,10歳未満,小学生,施錠せず
窃盗,自転車盗,習志野,秋津,122165,千葉県,習志野市,秋津１丁目,2023-08-21,15,４階建て以上共同住宅,その他,20歳代,その他,施錠せず
窃盗,自転車盗,習志野,秋津,122165,千葉県,習志野市,秋津１丁目,2023-10-31,15,４階建て以上共同住宅,駐車（輪）場,10歳未満,小学生,施錠せず
窃盗,自転車盗,習志野,秋津,122165,千葉県,習志野市,秋津２丁目,2022-12-20,17,４階建て以上共同住宅,駐車（輪）場,10歳代,小学生,施錠せず
窃盗,自転車盗,習志野,秋津,122165,千葉県,習志野市,秋津２丁目,2023-02-01,21,４階建て以上共同住宅,駐車（輪）場,20歳代,その他,施錠した
窃盗,自転車盗,習志野,秋津,122165,千葉県,習志野市,秋津２丁目,2023-07-14,17,駐車（輪）場,駐車（輪）場,40歳代,その他,施錠した
窃盗,自転車盗,習志野,秋津,122165,千葉県,習志野市,秋津５丁目,2023-07-09,19,その他の住宅（３階建て以下共同住宅等）,その他,20歳代,その他,施錠せず
窃盗,自転車盗,習志野,秋津,122165,千葉県,習志野市,秋津５丁目,2023-07-24,08,その他,駐車（輪）場,10歳代,高校生,施錠せず
窃盗,自転車盗,習志野,秋津,122165,千葉県,習志野市,香澄１丁目,2023-04-03,17,４階建て以上共同住宅,駐車（輪）場,70歳以上,その他,施錠せず
窃盗,自転車盗,習志野,秋津,122165,千葉県,習志野市,香澄１丁目,2023-12-09,15,４階建て以上共同住宅,駐車（輪）場,10歳代,中学生,施錠せず
窃盗,自転車盗,習志野,秋津,122165,千葉県,習志野市,香澄３丁目,2023-06-08,19,その他の住宅（３階建て以下共同住宅等）,その他,30歳代,その他,施錠した
窃盗,自転車盗,習志野,秋津,122165,千葉県,習志野市,芝園１丁目,2023-01-20,19,その他,駐車（輪）場,10歳代,その他,施錠せず
窃盗,自転車盗,習志野,秋津,122165,千葉県,習志野市,芝園１丁目,2023-03-27,13,その他,駐車（輪）場,10歳代,中学生,施錠せず
窃盗,自転車盗,習志野,秋津,122165,千葉県,習志野市,芝園１丁目,2023-05-19,10,その他,駐車（輪）場,70歳以上,その他,施錠せず
窃盗,自転車盗,習志野,秋津,122165,千葉県,習志野市,芝園１丁目,2023-07-08,13,その他,駐車（輪）場,10歳代,高校生,施錠せず
窃盗,自転車盗,習志野,秋津,122165,千葉県,習志野市,芝園１丁目,2023-07-16,15,その他,駐車（輪）場,10歳代,中学生,施錠せず
窃盗,自転車盗,習志野,秋津,122165,千葉県,習志野市,芝園１丁目,2023-11-15,21,その他,駐車（輪）場,10歳代,高校生,施錠せず
窃盗,自転車盗,習志野,秋津,122165,千葉県,習志野市,芝園１丁目,2023-11-23,11,その他,その他,10歳代,中学生,施錠せず
窃盗,自転車盗,習志野,秋津,122165,千葉県,習志野市,芝園２丁目,2023-10-13,20,その他,駐車（輪）場,20歳代,大学生,施錠した
窃盗,自転車盗,習志野,秋津,122165,千葉県,習志野市,芝園２丁目,2023-11-04,22,その他,駐車（輪）場,20歳代,大学生,施錠せず
窃盗,自転車盗,習志野,秋津,122165,千葉県,習志野市,袖ケ浦１丁目,2023-10-21,19,その他の住宅（３階建て以下共同住宅等）,駐車（輪）場,10歳代,大学生,施錠せず
窃盗,自転車盗,習志野,秋津,122165,千葉県,習志野市,袖ケ浦６丁目,2023-07-23,15,一戸建住宅,その他,10歳代,中学生,施錠した
窃盗,自転車盗,習志野,秋津,122165,千葉県,習志野市,袖ケ浦６丁目,2023-10-11,23,一戸建住宅,駐車（輪）場,10歳代,中学生,施錠せず
窃盗,自転車盗,習志野,藤崎,122165,千葉県,習志野市,,2023-09-29,19,その他の住宅（３階建て以下共同住宅等）,駐車（輪）場,20歳代,その他,施錠せず
窃盗,自転車盗,習志野,藤崎,122165,千葉県,習志野市,鷺沼台１丁目,2023-06-30,21,４階建て以上共同住宅,その他,30歳代,その他,施錠した
窃盗,自転車盗,習志野,藤崎,122165,千葉県,習志野市,鷺沼台２丁目,2023-12-05,23,その他の住宅（３階建て以下共同住宅等）,駐車（輪）場,20歳代,その他,施錠せず
窃盗,自転車盗,習志野,藤崎,122165,千葉県,習志野市,津田沼１丁目,2023-04-23,04,駐車（輪）場,駐車（輪）場,10歳代,高校生,施錠せず
窃盗,自転車盗,習志野,藤崎,122165,千葉県,習志野市,津田沼３丁目,2023-11-17,20,その他の住宅（３階建て以下共同住宅等）,駐車（輪）場,20歳代,大学生,施錠せず
窃盗,自転車盗,習志野,藤崎,122165,千葉県,習志野市,津田沼３丁目,2023-11-25,21,その他の住宅（３階建て以下共同住宅等）,駐車（輪）場,20歳代,その他,施錠した
窃盗,自転車盗,習志野,藤崎,122165,千葉県,習志野市,藤崎１丁目,2023-07-07,12,一戸建住宅,その他,10歳代,中学生,施錠せず
窃盗,自転車盗,習志野,藤崎,122165,千葉県,習志野市,藤崎２丁目,2022-12-22,12,４階建て以上共同住宅,駐車（輪）場,30歳代,その他,施錠せず
窃盗,自転車盗,習志野,藤崎,122165,千葉県,習志野市,藤崎２丁目,2023-01-12,18,その他の住宅（３階建て以下共同住宅等）,駐車（輪）場,10歳代,小学生,施錠せず
窃盗,自転車盗,習志野,藤崎,122165,千葉県,習志野市,藤崎２丁目,2023-06-08,10,その他の住宅（３階建て以下共同住宅等）,駐車（輪）場,50歳代,その他,施錠せず
窃盗,自転車盗,習志野,藤崎,122165,千葉県,習志野市,藤崎２丁目,2023-08-07,00,一戸建住宅,その他,40歳代,その他,施錠せず
窃盗,自転車盗,習志野,藤崎,122165,千葉県,習志野市,藤崎３丁目,2023-03-16,22,その他,その他,20歳代,大学生,施錠せず
窃盗,自転車盗,習志野,藤崎,122165,千葉県,習志野市,藤崎３丁目,2023-07-13,14,一戸建住宅,その他,70歳以上,その他,施錠せず
窃盗,自転車盗,習志野,藤崎,122165,千葉県,習志野市,藤崎３丁目,2023-09-08,20,一戸建住宅,駐車（輪）場,50歳代,その他,施錠せず
窃盗,自転車盗,習志野,藤崎,122165,千葉県,習志野市,藤崎３丁目,2023-11-02,18,その他の住宅（３階建て以下共同住宅等）,駐車（輪）場,20歳代,その他,施錠せず
窃盗,自転車盗,習志野,藤崎,122165,千葉県,習志野市,藤崎４丁目,2023-09-02,23,その他の住宅（３階建て以下共同住宅等）,駐車（輪）場,20歳代,大学生,施錠せず
窃盗,自転車盗,習志野,藤崎,122165,千葉県,習志野市,藤崎５丁目,2023-05-01,10,４階建て以上共同住宅,駐車（輪）場,40歳代,その他,施錠した
窃盗,自転車盗,習志野,藤崎,122165,千葉県,習志野市,藤崎５丁目,2023-10-12,10,その他の住宅（３階建て以下共同住宅等）,駐車（輪）場,20歳代,大学生,施錠せず
窃盗,自転車盗,習志野,藤崎,122165,千葉県,習志野市,藤崎６丁目,2023-05-24,09,その他の住宅（３階建て以下共同住宅等）,その他,20歳代,その他,施錠せず
窃盗,自転車盗,習志野,藤崎,122165,千葉県,習志野市,本大久保１丁目,2023-04-29,22,その他,駐車（輪）場,10歳代,中学生,施錠せず
窃盗,自転車盗,習志野,藤崎,122165,千葉県,習志野市,本大久保１丁目,2023-05-31,10,４階建て以上共同住宅,駐車（輪）場,70歳以上,その他,施錠した
窃盗,自転車盗,習志野,袖ヶ浦,122165,千葉県,習志野市,袖ケ浦１丁目,2023-06-26,17,４階建て以上共同住宅,その他,70歳以上,その他,施錠せず
窃盗,自転車盗,習志野,袖ヶ浦,122165,千葉県,習志野市,袖ケ浦１丁目,2023-07-23,18,その他の住宅（３階建て以下共同住宅等）,駐車（輪）場,40歳代,その他,施錠せず
窃盗,自転車盗,習志野,袖ヶ浦,122165,千葉県,習志野市,袖ケ浦２丁目,2023-10-27,16,その他の住宅（３階建て以下共同住宅等）,駐車（輪）場,70歳以上,その他,施錠した
窃盗,自転車盗,習志野,袖ヶ浦,122165,千葉県,習志野市,袖ケ浦４丁目,2023-06-09,03,一戸建住宅,駐車（輪）場,20歳代,大学生,施錠せず
窃盗,自転車盗,習志野,袖ヶ浦,122165,千葉県,習志野市,袖ケ浦５丁目,2022-10-29,13,その他,駐車（輪）場,20歳代,大学生,施錠せず
窃盗,自転車盗,習志野,谷津,122165,千葉県,習志野市,津田沼１丁目,2023-05-06,07,駐車（輪）場,駐車（輪）場,40歳代,その他,施錠した
窃盗,自転車盗,習志野,谷津,122165,千葉県,習志野市,谷津３丁目,2023-01-07,17,駐車（輪）場,駐車（輪）場,10歳代,高校生,施錠せず
窃盗,自転車盗,習志野,谷津,122165,千葉県,習志野市,谷津３丁目,2023-02-19,10,４階建て以上共同住宅,駐車（輪）場,40歳代,その他,施錠せず
窃盗,自転車盗,習志野,谷津,122165,千葉県,習志野市,谷津３丁目,2023-05-20,15,４階建て以上共同住宅,駐車（輪）場,40歳代,その他,施錠せず
窃盗,自転車盗,習志野,谷津,122165,千葉県,習志野市,谷津３丁目,2023-06-30,13,４階建て以上共同住宅,駐車（輪）場,50歳代,その他,施錠した
窃盗,自転車盗,習志野,谷津,122165,千葉県,習志野市,谷津３丁目,2023-09-08,17,４階建て以上共同住宅,その他,30歳代,その他,施錠せず
窃盗,自転車盗,習志野,谷津,122165,千葉県,習志野市,谷津３丁目,2023-09-28,17,４階建て以上共同住宅,駐車（輪）場,30歳代,その他,施錠せず
窃盗,自転車盗,習志野,谷津,122165,千葉県,習志野市,谷津３丁目,2023-09-29,21,４階建て以上共同住宅,駐車（輪）場,10歳代,中学生,施錠せず
窃盗,自転車盗,習志野,谷津,122165,千葉県,習志野市,谷津３丁目,2023-09-30,13,その他,駐車（輪）場,10歳代,高校生,施錠せず
窃盗,自転車盗,習志野,谷津,122165,千葉県,習志野市,谷津３丁目,2023-09-30,15,４階建て以上共同住宅,駐車（輪）場,10歳代,小学生,施錠せず
窃盗,自転車盗,習志野,谷津,122165,千葉県,習志野市,谷津３丁目,2023-10-14,07,４階建て以上共同住宅,駐車（輪）場,30歳代,その他,施錠せず
窃盗,自転車盗,習志野,谷津,122165,千葉県,習志野市,谷津３丁目,2023-10-16,07,４階建て以上共同住宅,駐車（輪）場,20歳代,大学生,施錠した
窃盗,自転車盗,習志野,谷津,122165,千葉県,習志野市,谷津４丁目,2023-07-20,17,その他,駐車（輪）場,20歳代,大学生,施錠した
窃盗,自転車盗,習志野,谷津,122165,千葉県,習志野市,谷津４丁目,2023-09-29,20,その他の住宅（３階建て以下共同住宅等）,駐車（輪）場,20歳代,その他,施錠せず
窃盗,自転車盗,習志野,谷津,122165,千葉県,習志野市,谷津６丁目,2023-06-25,17,４階建て以上共同住宅,駐車（輪）場,20歳代,その他,施錠せず
窃盗,自転車盗,習志野,谷津,122165,千葉県,習志野市,谷津６丁目,2023-09-09,20,その他の住宅（３階建て以下共同住宅等）,駐車（輪）場,20歳代,その他,施錠せず
窃盗,自転車盗,習志野,谷津,122165,千葉県,習志野市,谷津６丁目,2023-12-21,18,一戸建住宅,その他,10歳代,小学生,施錠せず
窃盗,自転車盗,船橋,中山駅前,122041,千葉県,船橋市,本中山２丁目,2022-12-19,08,駐車（輪）場,駐車（輪）場,20歳代,その他,施錠した
窃盗,自転車盗,船橋,中山駅前,122041,千葉県,船橋市,本中山２丁目,2023-01-03,12,その他,駐車（輪）場,20歳代,その他,施錠せず
窃盗,自転車盗,船橋,中山駅前,122041,千葉県,船橋市,本中山２丁目,2023-01-12,06,その他,駐車（輪）場,10歳代,高校生,施錠した
窃盗,自転車盗,船橋,中山駅前,122041,千葉県,船橋市,本中山２丁目,2023-01-20,17,その他,駐車（輪）場,10歳代,小学生,施錠せず
窃盗,自転車盗,船橋,中山駅前,122041,千葉県,船橋市,本中山２丁目,2023-01-25,23,その他,駐車（輪）場,20歳代,その他,施錠した
窃盗,自転車盗,船橋,中山駅前,122041,千葉県,船橋市,本中山２丁目,2023-02-19,15,その他,駐車（輪）場,30歳代,その他,施錠した
窃盗,自転車盗,船橋,中山駅前,122041,千葉県,船橋市,本中山２丁目,2023-03-25,21,一戸建住宅,その他,10歳代,高校生,施錠した
窃盗,自転車盗,船橋,中山駅前,122041,千葉県,船橋市,本中山２丁目,2023-04-03,23,その他,駐車（輪）場,30歳代,その他,施錠した
窃盗,自転車盗,船橋,中山駅前,122041,千葉県,船橋市,本中山２丁目,2023-04-27,07,その他,駐車（輪）場,10歳代,高校生,施錠した
窃盗,自転車盗,船橋,中山駅前,122041,千葉県,船橋市,本中山２丁目,2023-04-27,15,その他,駐車（輪）場,50歳代,その他,施錠した
窃盗,自転車盗,船橋,中山駅前,122041,千葉県,船橋市,本中山２丁目,2023-05-10,17,その他,駐車（輪）場,40歳代,その他,施錠した
窃盗,自転車盗,船橋,中山駅前,122041,千葉県,船橋市,本中山２丁目,2023-05-31,01,その他,その他,50歳代,その他,施錠せず
窃盗,自転車盗,船橋,中山駅前,122041,千葉県,船橋市,本中山２丁目,2023-06-01,11,その他の住宅（３階建て以下共同住宅等）,駐車（輪）場,20歳代,その他,施錠せず
窃盗,自転車盗,船橋,中山駅前,122041,千葉県,船橋市,本中山２丁目,2023-06-07,00,その他,駐車（輪）場,65-69歳,その他,施錠せず
窃盗,自転車盗,船橋,中山駅前,122041,千葉県,船橋市,本中山２丁目,2023-06-09,21,その他,駐車（輪）場,30歳代,その他,施錠せず
窃盗,自転車盗,船橋,中山駅前,122041,千葉県,船橋市,本中山２丁目,2023-06-21,15,その他,駐車（輪）場,10歳代,大学生,施錠せず
窃盗,自転車盗,船橋,中山駅前,122041,千葉県,船橋市,本中山２丁目,2023-07-05,14,その他,駐車（輪）場,40歳代,その他,施錠せず
窃盗,自転車盗,船橋,中山駅前,122041,千葉県,船橋市,本中山２丁目,2023-07-12,18,その他,駐車（輪）場,10歳代,その他,施錠した
窃盗,自転車盗,船橋,中山駅前,122041,千葉県,船橋市,本中山２丁目,2023-07-16,22,道路上,その他,10歳代,高校生,施錠した
窃盗,自転車盗,船橋,中山駅前,122041,千葉県,船橋市,本中山２丁目,2023-07-27,08,駐車（輪）場,駐車（輪）場,20歳代,その他,施錠した
窃盗,自転車盗,船橋,中山駅前,122041,千葉県,船橋市,本中山２丁目,2023-08-05,18,その他,駐車（輪）場,20歳代,その他,施錠せず
窃盗,自転車盗,船橋,中山駅前,122041,千葉県,船橋市,本中山２丁目,2023-08-08,16,その他,駐車（輪）場,30歳代,大学生,施錠せず
窃盗,自転車盗,船橋,中山駅前,122041,千葉県,船橋市,本中山２丁目,2023-08-24,11,その他,駐車（輪）場,10歳代,高校生,施錠せず
窃盗,自転車盗,船橋,中山駅前,122041,千葉県,船橋市,本中山２丁目,2023-08-27,10,駐車（輪）場,駐車（輪）場,20歳代,大学生,施錠せず
窃盗,自転車盗,船橋,中山駅前,122041,千葉県,船橋市,本中山２丁目,2023-09-11,16,その他,駐車（輪）場,10歳代,高校生,施錠せず
窃盗,自転車盗,船橋,中山駅前,122041,千葉県,船橋市,本中山２丁目,2023-09-15,21,道路上,その他,20歳代,その他,施錠せず
窃盗,自転車盗,船橋,中山駅前,122041,千葉県,船橋市,本中山２丁目,2023-09-17,12,その他,駐車（輪）場,70歳以上,その他,施錠せず
窃盗,自転車盗,船橋,中山駅前,122041,千葉県,船橋市,本中山２丁目,2023-09-21,17,その他,駐車（輪）場,20歳代,その他,施錠した
窃盗,自転車盗,船橋,中山駅前,122041,千葉県,船橋市,本中山２丁目,2023-10-01,09,その他,駐車（輪）場,10歳代,大学生,施錠した
窃盗,自転車盗,船橋,中山駅前,122041,千葉県,船橋市,本中山２丁目,2023-10-08,01,道路上,その他,30歳代,その他,施錠した
窃盗,自転車盗,船橋,中山駅前,122041,千葉県,船橋市,本中山２丁目,2023-10-13,23,その他,駐車（輪）場,30歳代,その他,施錠せず
窃盗,自転車盗,船橋,中山駅前,122041,千葉県,船橋市,本中山２丁目,2023-11-05,16,その他,駐車（輪）場,10歳代,高校生,施錠した
窃盗,自転車盗,船橋,中山駅前,122041,千葉県,船橋市,本中山２丁目,2023-11-12,17,その他,駐車（輪）場,10歳代,中学生,施錠せず
窃盗,自転車盗,船橋,中山駅前,122041,千葉県,船橋市,本中山２丁目,2023-11-19,19,その他,駐車（輪）場,10歳代,大学生,施錠した
窃盗,自転車盗,船橋,中山駅前,122041,千葉県,船橋市,本中山２丁目,2023-11-22,13,その他,駐車（輪）場,30歳代,その他,施錠せず
窃盗,自転車盗,船橋,中山駅前,122041,千葉県,船橋市,本中山２丁目,2023-11-28,23,その他,駐車（輪）場,10歳代,大学生,施錠せず
窃盗,自転車盗,船橋,中山駅前,122041,千葉県,船橋市,本中山２丁目,2023-12-01,07,道路上,その他,20歳代,その他,施錠せず
窃盗,自転車盗,船橋,中山駅前,122041,千葉県,船橋市,本中山２丁目,2023-12-04,07,駐車（輪）場,駐車（輪）場,50歳代,その他,施錠した
窃盗,自転車盗,船橋,中山駅前,122041,千葉県,船橋市,本中山２丁目,2023-12-08,06,その他,駐車（輪）場,10歳代,その他,施錠した
窃盗,自転車盗,船橋,中山駅前,122041,千葉県,船橋市,本中山２丁目,2023-12-08,12,道路上,その他,10歳代,高校生,施錠した
窃盗,自転車盗,船橋,中山駅前,122041,千葉県,船橋市,本中山２丁目,2023-12-21,18,その他,駐車（輪）場,40歳代,その他,施錠した
窃盗,自転車盗,船橋,中山駅前,122041,千葉県,船橋市,本中山３丁目,2023-01-01,16,４階建て以上共同住宅,駐車（輪）場,30歳代,その他,施錠した
窃盗,自転車盗,船橋,中山駅前,122041,千葉県,船橋市,本中山３丁目,2023-04-25,20,４階建て以上共同住宅,駐車（輪）場,40歳代,その他,施錠した
窃盗,自転車盗,船橋,中山駅前,122041,千葉県,船橋市,本中山３丁目,2023-05-17,23,一戸建住宅,駐車（輪）場,50歳代,その他,施錠した
窃盗,自転車盗,船橋,中山駅前,122041,千葉県,船橋市,本中山３丁目,2023-09-29,20,その他の住宅（３階建て以下共同住宅等）,駐車（輪）場,20歳代,その他,施錠した
窃盗,自転車盗,船橋,中山駅前,122041,千葉県,船橋市,本中山３丁目,2023-10-24,19,その他の住宅（３階建て以下共同住宅等）,駐車（輪）場,30歳代,その他,施錠せず
窃盗,自転車盗,船橋,中山駅前,122041,千葉県,船橋市,本中山３丁目,2023-11-09,10,駐車（輪）場,駐車（輪）場,20歳代,その他,施錠した
窃盗,自転車盗,船橋,中山駅前,122041,千葉県,船橋市,本中山４丁目,2023-04-12,15,４階建て以上共同住宅,駐車（輪）場,20歳代,その他,施錠せず
窃盗,自転車盗,船橋,中山駅前,122041,千葉県,船橋市,本中山６丁目,2023-02-09,20,一戸建住宅,駐車（輪）場,50歳代,その他,施錠した
窃盗,自転車盗,船橋,中山駅前,122041,千葉県,船橋市,本中山６丁目,2023-07-10,17,４階建て以上共同住宅,駐車（輪）場,50歳代,その他,施錠した
窃盗,自転車盗,船橋,中山駅前,122041,千葉県,船橋市,本中山７丁目,2023-01-25,17,その他,駐車（輪）場,10歳代,高校生,施錠せず
窃盗,自転車盗,船橋,中山駅前,122041,千葉県,船橋市,本中山７丁目,2023-02-08,10,道路上,その他,20歳代,その他,施錠した
窃盗,自転車盗,船橋,中山駅前,122041,千葉県,船橋市,本中山７丁目,2023-03-04,10,道路上,その他,65-69歳,その他,施錠した
窃盗,自転車盗,船橋,中山駅前,122041,千葉県,船橋市,本中山７丁目,2023-03-07,10,道路上,その他,65-69歳,その他,施錠した
窃盗,自転車盗,船橋,中山駅前,122041,千葉県,船橋市,本中山７丁目,2023-05-01,16,その他の住宅（３階建て以下共同住宅等）,駐車（輪）場,20歳代,その他,施錠した
窃盗,自転車盗,船橋,中山駅前,122041,千葉県,船橋市,本中山７丁目,2023-05-10,12,道路上,その他,20歳代,その他,施錠せず
窃盗,自転車盗,船橋,中山駅前,122041,千葉県,船橋市,本中山７丁目,2023-05-10,22,駐車（輪）場,駐車（輪）場,40歳代,その他,施錠した
窃盗,自転車盗,船橋,中山駅前,122041,千葉県,船橋市,本中山７丁目,2023-05-13,15,道路上,その他,60-64歳,その他,施錠した
窃盗,自転車盗,船橋,中山駅前,122041,千葉県,船橋市,本中山７丁目,2023-05-28,09,その他,駐車（輪）場,50歳代,その他,施錠した
窃盗,自転車盗,船橋,中山駅前,122041,千葉県,船橋市,本中山７丁目,2023-06-23,14,その他,駐車（輪）場,30歳代,その他,施錠せず
窃盗,自転車盗,船橋,中山駅前,122041,千葉県,船橋市,本中山７丁目,2023-06-24,12,その他,駐車（輪）場,60-64歳,その他,施錠せず
窃盗,自転車盗,船橋,中山駅前,122041,千葉県,船橋市,本中山７丁目,2023-07-18,07,駐車（輪）場,駐車（輪）場,50歳代,その他,施錠した
窃盗,自転車盗,船橋,中山駅前,122041,千葉県,船橋市,本中山７丁目,2023-07-19,06,その他,駐車（輪）場,10歳代,高校生,施錠した
窃盗,自転車盗,船橋,中山駅前,122041,千葉県,船橋市,本中山７丁目,2023-12-06,12,道路上,その他,10歳代,高校生,施錠した
窃盗,自転車盗,船橋,夏見,122041,千葉県,船橋市,旭町２丁目,2023-08-24,06,一戸建住宅,駐車（輪）場,10歳代,中学生,施錠した
窃盗,自転車盗,船橋,夏見,122041,千葉県,船橋市,旭町３丁目,2023-01-31,13,その他の住宅（３階建て以下共同住宅等）,駐車（輪）場,30歳代,その他,施錠せず
窃盗,自転車盗,船橋,夏見,122041,千葉県,船橋市,旭町３丁目,2023-03-10,18,その他の住宅（３階建て以下共同住宅等）,駐車（輪）場,40歳代,その他,施錠せず
窃盗,自転車盗,船橋,夏見,122041,千葉県,船橋市,旭町３丁目,2023-04-11,19,道路上,その他,10歳代,その他,施錠せず
窃盗,自転車盗,船橋,夏見,122041,千葉県,船橋市,旭町５丁目,2023-03-22,19,一戸建住宅,駐車（輪）場,10歳代,高校生,施錠した
窃盗,自転車盗,船橋,夏見,122041,千葉県,船橋市,新高根６丁目,2023-04-16,21,その他の住宅（３階建て以下共同住宅等）,その他,10歳代,高校生,施錠した
窃盗,自転車盗,船橋,夏見,122041,千葉県,船橋市,夏見４丁目,2022-12-29,14,４階建て以上共同住宅,駐車（輪）場,65-69歳,その他,施錠した
窃盗,自転車盗,船橋,夏見,122041,千葉県,船橋市,夏見４丁目,2023-10-02,07,その他の住宅（３階建て以下共同住宅等）,駐車（輪）場,10歳代,大学生,施錠した
窃盗,自転車盗,船橋,夏見,122041,千葉県,船橋市,夏見６丁目,2023-01-09,22,一戸建住宅,駐車（輪）場,10歳代,高校生,施錠した
窃盗,自転車盗,船橋,夏見,122041,千葉県,船橋市,夏見６丁目,2023-10-31,19,一戸建住宅,駐車（輪）場,40歳代,その他,施錠せず
窃盗,自転車盗,船橋,夏見,122041,千葉県,船橋市,夏見台１丁目,2022-12-25,20,４階建て以上共同住宅,駐車（輪）場,10歳代,高校生,施錠せず
窃盗,自転車盗,船橋,夏見,122041,千葉県,船橋市,夏見台１丁目,2023-06-05,01,その他,駐車（輪）場,10歳代,大学生,施錠せず
窃盗,自転車盗,船橋,夏見,122041,千葉県,船橋市,夏見台１丁目,2023-12-06,09,一戸建住宅,駐車（輪）場,20歳代,その他,施錠せず
窃盗,自転車盗,船橋,夏見,122041,千葉県,船橋市,夏見台１丁目,2023-12-06,20,４階建て以上共同住宅,駐車（輪）場,10歳代,その他,施錠した
窃盗,自転車盗,船橋,夏見,122041,千葉県,船橋市,夏見台１丁目,2023-12-09,16,その他,駐車（輪）場,10歳代,高校生,施錠せず
窃盗,自転車盗,船橋,夏見,122041,千葉県,船橋市,夏見台２丁目,2023-09-18,06,その他,駐車（輪）場,10歳代,その他,施錠した
窃盗,自転車盗,船橋,夏見,122041,千葉県,船橋市,夏見台３丁目,2023-08-23,06,一戸建住宅,駐車（輪）場,10歳代,高校生,施錠せず
窃盗,自転車盗,船橋,夏見,122041,千葉県,船橋市,夏見台４丁目,2023-04-01,19,その他の住宅（３階建て以下共同住宅等）,駐車（輪）場,60-64歳,その他,施錠した
窃盗,自転車盗,船橋,夏見,122041,千葉県,船橋市,夏見台４丁目,2023-11-03,22,その他の住宅（３階建て以下共同住宅等）,駐車（輪）場,10歳代,中学生,施錠せず
窃盗,自転車盗,船橋,夏見,122041,千葉県,船橋市,夏見台４丁目,2023-11-05,16,その他の住宅（３階建て以下共同住宅等）,駐車（輪）場,10歳代,高校生,施錠せず
窃盗,自転車盗,船橋,夏見,122041,千葉県,船橋市,夏見台４丁目,2023-12-02,10,４階建て以上共同住宅,駐車（輪）場,10歳代,中学生,施錠した
窃盗,自転車盗,船橋,夏見,122041,千葉県,船橋市,夏見台６丁目,2023-03-17,11,その他,駐車（輪）場,10歳代,中学生,施錠せず
窃盗,自転車盗,船橋,夏見,122041,千葉県,船橋市,夏見町２丁目,2023-06-04,09,その他,駐車（輪）場,20歳代,その他,施錠せず
窃盗,自転車盗,船橋,夏見,122041,千葉県,船橋市,本町７丁目,2023-06-11,01,４階建て以上共同住宅,駐車（輪）場,20歳代,その他,施錠せず
窃盗,自転車盗,船橋,宮本,122041,千葉県,船橋市,東船橋１丁目,2023-07-18,22,その他の住宅（３階建て以下共同住宅等）,駐車（輪）場,20歳代,その他,施錠せず
窃盗,自転車盗,船橋,宮本,122041,千葉県,船橋市,東船橋１丁目,2023-10-13,20,その他の住宅（３階建て以下共同住宅等）,駐車（輪）場,20歳代,その他,施錠した
窃盗,自転車盗,船橋,宮本,122041,千葉県,船橋市,東船橋４丁目,2023-02-27,11,その他の住宅（３階建て以下共同住宅等）,駐車（輪）場,20歳代,その他,施錠せず
窃盗,自転車盗,船橋,宮本,122041,千葉県,船橋市,東船橋４丁目,2023-05-06,23,その他の住宅（３階建て以下共同住宅等）,駐車（輪）場,20歳代,その他,施錠した
窃盗,自転車盗,船橋,宮本,122041,千葉県,船橋市,東船橋４丁目,2023-06-09,16,駐車（輪）場,駐車（輪）場,10歳代,大学生,施錠した
窃盗,自転車盗,船橋,宮本,122041,千葉県,船橋市,東船橋４丁目,2023-08-10,07,駐車（輪）場,駐車（輪）場,20歳代,その他,施錠せず
窃盗,自転車盗,船橋,宮本,122041,千葉県,船橋市,東船橋５丁目,2023-08-05,08,一戸建住宅,駐車（輪）場,20歳代,大学生,施錠せず
窃盗,自転車盗,船橋,宮本,122041,千葉県,船橋市,東船橋６丁目,2023-02-27,10,その他の住宅（３階建て以下共同住宅等）,駐車（輪）場,10歳代,中学生,施錠せず
窃盗,自転車盗,船橋,宮本,122041,千葉県,船橋市,東船橋７丁目,2023-03-02,18,一戸建住宅,駐車（輪）場,10歳代,高校生,施錠せず
窃盗,自転車盗,船橋,宮本,122041,千葉県,船橋市,宮本１丁目,2023-06-04,16,その他の住宅（３階建て以下共同住宅等）,駐車（輪）場,20歳代,その他,施錠せず
窃盗,自転車盗,船橋,宮本,122041,千葉県,船橋市,宮本５丁目,2023-04-28,20,４階建て以上共同住宅,駐車（輪）場,30歳代,その他,施錠せず
窃盗,自転車盗,船橋,宮本,122041,千葉県,船橋市,宮本５丁目,2023-06-13,18,その他の住宅（３階建て以下共同住宅等）,駐車（輪）場,20歳代,その他,施錠せず
窃盗,自転車盗,船橋,宮本,122041,千葉県,船橋市,宮本５丁目,2023-07-28,21,４階建て以上共同住宅,駐車（輪）場,20歳代,その他,施錠せず
窃盗,自転車盗,船橋,宮本,122041,千葉県,船橋市,宮本６丁目,2023-07-25,20,４階建て以上共同住宅,駐車（輪）場,20歳代,その他,施錠した
窃盗,自転車盗,船橋,宮本,122041,千葉県,船橋市,宮本６丁目,2023-09-17,14,４階建て以上共同住宅,駐車（輪）場,10歳代,高校生,施錠せず
窃盗,自転車盗,船橋,宮本,122041,千葉県,船橋市,宮本７丁目,2023-04-11,20,一戸建住宅,駐車（輪）場,30歳代,その他,施錠せず
窃盗,自転車盗,船橋,宮本,122041,千葉県,船橋市,宮本８丁目,2023-05-22,16,一戸建住宅,駐車（輪）場,70歳以上,その他,施錠せず
窃盗,自転車盗,船橋,宮本,122041,千葉県,船橋市,宮本８丁目,2023-07-11,22,一戸建住宅,駐車（輪）場,50歳代,その他,施錠せず
窃盗,自転車盗,船橋,宮本,122041,千葉県,船橋市,宮本８丁目,2023-09-15,07,駐車（輪）場,駐車（輪）場,10歳代,中学生,施錠した
窃盗,自転車盗,船橋,宮本,122041,千葉県,船橋市,宮本８丁目,2023-10-29,15,駐車（輪）場,駐車（輪）場,20歳代,その他,施錠した
窃盗,自転車盗,船橋,新船橋駅前,122041,千葉県,船橋市,海神２丁目,2023-04-08,00,その他の住宅（３階建て以下共同住宅等）,駐車（輪）場,20歳代,その他,施錠せず
窃盗,自転車盗,船橋,新船橋駅前,122041,千葉県,船橋市,海神２丁目,2023-09-08,17,駐車（輪）場,駐車（輪）場,40歳代,その他,施錠せず
窃盗,自転車盗,船橋,新船橋駅前,122041,千葉県,船橋市,海神２丁目,2023-11-17,07,駐車（輪）場,駐車（輪）場,30歳代,その他,施錠せず
窃盗,自転車盗,船橋,新船橋駅前,122041,千葉県,船橋市,海神２丁目,2023-11-20,08,駐車（輪）場,駐車（輪）場,40歳代,その他,施錠した
窃盗,自転車盗,船橋,新船橋駅前,122041,千葉県,船橋市,海神２丁目,2023-12-11,08,駐車（輪）場,駐車（輪）場,20歳代,その他,施錠せず
窃盗,自転車盗,船橋,新船橋駅前,122041,千葉県,船橋市,海神３丁目,2023-04-15,20,駐車（輪）場,駐車（輪）場,30歳代,その他,施錠せず
窃盗,自転車盗,船橋,新船橋駅前,122041,千葉県,船橋市,海神５丁目,2023-03-07,01,一戸建住宅,駐車（輪）場,50歳代,その他,施錠せず
窃盗,自転車盗,船橋,新船橋駅前,122041,千葉県,船橋市,北本町１丁目,2023-03-09,17,その他の住宅（３階建て以下共同住宅等）,駐車（輪）場,10歳代,高校生,施錠せず
窃盗,自転車盗,船橋,新船橋駅前,122041,千葉県,船橋市,北本町１丁目,2023-08-20,17,４階建て以上共同住宅,駐車（輪）場,40歳代,その他,施錠した
窃盗,自転車盗,船橋,新船橋駅前,122041,千葉県,船橋市,北本町１丁目,2023-10-25,21,その他の住宅（３階建て以下共同住宅等）,駐車（輪）場,40歳代,その他,施錠した
窃盗,自転車盗,船橋,新船橋駅前,122041,千葉県,船橋市,北本町２丁目,2023-05-15,03,その他の住宅（３階建て以下共同住宅等）,駐車（輪）場,20歳代,大学生,施錠せず
窃盗,自転車盗,船橋,新船橋駅前,122041,千葉県,船橋市,北本町２丁目,2023-11-23,13,その他,駐車（輪）場,20歳代,大学生,施錠せず
窃盗,自転車盗,船橋,新船橋駅前,122041,千葉県,船橋市,夏見２丁目,2023-03-28,19,その他の住宅（３階建て以下共同住宅等）,駐車（輪）場,10歳代,中学生,施錠した
窃盗,自転車盗,船橋,新船橋駅前,122041,千葉県,船橋市,夏見２丁目,2023-08-19,21,その他の住宅（３階建て以下共同住宅等）,駐車（輪）場,20歳代,その他,施錠した
窃盗,自転車盗,船橋,新船橋駅前,122041,千葉県,船橋市,夏見３丁目,2023-04-10,08,その他の住宅（３階建て以下共同住宅等）,駐車（輪）場,20歳代,その他,施錠した
窃盗,自転車盗,船橋,新船橋駅前,122041,千葉県,船橋市,夏見３丁目,2023-06-14,14,一戸建住宅,駐車（輪）場,10歳代,高校生,施錠せず
窃盗,自転車盗,船橋,新船橋駅前,122041,千葉県,船橋市,夏見３丁目,2023-10-05,19,道路上,その他,10歳代,高校生,施錠せず
窃盗,自転車盗,船橋,新船橋駅前,122041,千葉県,船橋市,夏見３丁目,2023-11-23,19,その他,駐車（輪）場,10歳代,高校生,施錠せず
窃盗,自転車盗,船橋,新船橋駅前,122041,千葉県,船橋市,前貝塚町,2023-01-04,14,駐車（輪）場,駐車（輪）場,30歳代,その他,施錠した
窃盗,自転車盗,船橋,新船橋駅前,122041,千葉県,船橋市,前貝塚町,2023-03-01,07,一戸建住宅,駐車（輪）場,40歳代,その他,施錠せず
窃盗,自転車盗,船橋,新船橋駅前,122041,千葉県,船橋市,前貝塚町,2023-05-25,07,駐車（輪）場,駐車（輪）場,60-64歳,その他,施錠した
窃盗,自転車盗,船橋,新船橋駅前,122041,千葉県,船橋市,前貝塚町,2023-05-27,01,一戸建住宅,駐車（輪）場,65-69歳,その他,施錠せず
窃盗,自転車盗,船橋,新船橋駅前,122041,千葉県,船橋市,前貝塚町,2023-06-20,18,その他,駐車（輪）場,20歳代,大学生,施錠した
窃盗,自転車盗,船橋,新船橋駅前,122041,千葉県,船橋市,前貝塚町,2023-07-05,07,一戸建住宅,駐車（輪）場,70歳以上,その他,施錠せず
窃盗,自転車盗,船橋,新船橋駅前,122041,千葉県,船橋市,前貝塚町,2023-07-23,13,道路上,その他,10歳代,中学生,施錠せず
窃盗,自転車盗,船橋,新船橋駅前,122041,千葉県,船橋市,前貝塚町,2023-08-15,09,その他の住宅（３階建て以下共同住宅等）,その他,40歳代,その他,施錠した
窃盗,自転車盗,船橋,新船橋駅前,122041,千葉県,船橋市,前貝塚町,2023-09-23,09,４階建て以上共同住宅,駐車（輪）場,10歳代,中学生,施錠した
窃盗,自転車盗,船橋,新船橋駅前,122041,千葉県,船橋市,山手１丁目,2022-05-31,20,その他,駐車（輪）場,20歳代,その他,施錠せず
窃盗,自転車盗,船橋,新船橋駅前,122041,千葉県,船橋市,山手１丁目,2023-02-02,10,その他,駐車（輪）場,40歳代,その他,施錠した
窃盗,自転車盗,船橋,新船橋駅前,122041,千葉県,船橋市,山手１丁目,2023-03-24,12,その他,駐車（輪）場,10歳代,中学生,施錠せず
窃盗,自転車盗,船橋,新船橋駅前,122041,千葉県,船橋市,山手１丁目,2023-06-18,09,その他,駐車（輪）場,10歳代,大学生,施錠した
窃盗,自転車盗,船橋,新船橋駅前,122041,千葉県,船橋市,山手１丁目,2023-06-21,18,その他,駐車（輪）場,10歳代,中学生,施錠せず
窃盗,自転車盗,船橋,新船橋駅前,122041,千葉県,船橋市,山手１丁目,2023-09-11,15,４階建て以上共同住宅,駐車（輪）場,20歳代,その他,施錠せず
窃盗,自転車盗,船橋,新船橋駅前,122041,千葉県,船橋市,山手２丁目,2023-12-22,10,４階建て以上共同住宅,駐車（輪）場,10歳代,高校生,施錠せず
窃盗,自転車盗,船橋,東船橋駅前,122041,千葉県,船橋市,市場３丁目,2023-01-09,09,４階建て以上共同住宅,駐車（輪）場,10歳代,大学生,施錠せず
窃盗,自転車盗,船橋,東船橋駅前,122041,千葉県,船橋市,市場３丁目,2023-02-18,11,４階建て以上共同住宅,駐車（輪）場,10歳代,高校生,施錠せず
窃盗,自転車盗,船橋,東船橋駅前,122041,千葉県,船橋市,市場３丁目,2023-03-10,11,その他の住宅（３階建て以下共同住宅等）,駐車（輪）場,10歳代,その他,施錠した
窃盗,自転車盗,船橋,東船橋駅前,122041,千葉県,船橋市,市場３丁目,2023-10-28,18,その他の住宅（３階建て以下共同住宅等）,駐車（輪）場,20歳代,その他,施錠せず
窃盗,自転車盗,船橋,東船橋駅前,122041,千葉県,船橋市,市場４丁目,2023-01-02,12,４階建て以上共同住宅,駐車（輪）場,40歳代,その他,施錠した
窃盗,自転車盗,船橋,東船橋駅前,122041,千葉県,船橋市,市場４丁目,2023-09-29,21,その他の住宅（３階建て以下共同住宅等）,駐車（輪）場,30歳代,その他,施錠せず
窃盗,自転車盗,船橋,東船橋駅前,122041,千葉県,船橋市,市場４丁目,2023-11-09,17,その他,駐車（輪）場,10歳代,高校生,施錠せず
窃盗,自転車盗,船橋,東船橋駅前,122041,千葉県,船橋市,市場５丁目,2023-12-10,17,４階建て以上共同住宅,駐車（輪）場,10歳代,中学生,施錠した
窃盗,自転車盗,船橋,東船橋駅前,122041,千葉県,船橋市,米ケ崎町,2023-08-18,17,その他,駐車（輪）場,10歳代,高校生,施錠せず
窃盗,自転車盗,船橋,東船橋駅前,122041,千葉県,船橋市,夏見１丁目,2023-04-09,13,４階建て以上共同住宅,駐車（輪）場,40歳代,その他,施錠した
窃盗,自転車盗,船橋,東船橋駅前,122041,千葉県,船橋市,東船橋１丁目,2023-01-17,20,一戸建住宅,その他,70歳以上,その他,施錠した
窃盗,自転車盗,船橋,東船橋駅前,122041,千葉県,船橋市,東船橋２丁目,2023-02-18,17,駐車（輪）場,駐車（輪）場,10歳代,高校生,施錠した
窃盗,自転車盗,船橋,東船橋駅前,122041,千葉県,船橋市,東船橋２丁目,2023-03-17,07,駐車（輪）場,駐車（輪）場,10歳代,高校生,施錠した
窃盗,自転車盗,船橋,東船橋駅前,122041,千葉県,船橋市,東船橋２丁目,2023-03-27,16,４階建て以上共同住宅,駐車（輪）場,20歳代,大学生,施錠した
窃盗,自転車盗,船橋,東船橋駅前,122041,千葉県,船橋市,東船橋２丁目,2023-05-04,18,駐車（輪）場,駐車（輪）場,10歳代,高校生,施錠せず
窃盗,自転車盗,船橋,東船橋駅前,122041,千葉県,船橋市,東船橋２丁目,2023-05-20,07,駐車（輪）場,駐車（輪）場,10歳代,高校生,施錠せず
窃盗,自転車盗,船橋,東船橋駅前,122041,千葉県,船橋市,東船橋２丁目,2023-07-01,20,駐車（輪）場,駐車（輪）場,20歳代,その他,施錠した
窃盗,自転車盗,船橋,東船橋駅前,122041,千葉県,船橋市,東船橋３丁目,2023-02-05,17,駐車（輪）場,駐車（輪）場,10歳代,中学生,施錠せず
窃盗,自転車盗,船橋,東船橋駅前,122041,千葉県,船橋市,東船橋３丁目,2023-03-01,18,一戸建住宅,駐車（輪）場,10歳代,高校生,施錠せず
窃盗,自転車盗,船橋,東船橋駅前,122041,千葉県,船橋市,東船橋３丁目,2023-07-02,21,４階建て以上共同住宅,駐車（輪）場,10歳代,その他,施錠した
窃盗,自転車盗,船橋,東船橋駅前,122041,千葉県,船橋市,東船橋３丁目,2023-10-14,09,駐車（輪）場,駐車（輪）場,10歳代,その他,施錠した
窃盗,自転車盗,船橋,東船橋駅前,122041,千葉県,船橋市,東船橋４丁目,2023-08-13,19,駐車（輪）場,駐車（輪）場,20歳代,大学生,施錠した
窃盗,自転車盗,船橋,東船橋駅前,122041,千葉県,船橋市,駿河台１丁目,2023-04-07,00,４階建て以上共同住宅,駐車（輪）場,10歳代,大学生,施錠せず
窃盗,自転車盗,船橋,東船橋駅前,122041,千葉県,船橋市,駿河台１丁目,2023-07-02,17,その他の住宅（３階建て以下共同住宅等）,駐車（輪）場,20歳代,その他,施錠せず
窃盗,自転車盗,船橋,東船橋駅前,122041,千葉県,船橋市,駿河台１丁目,2023-09-30,08,一戸建住宅,駐車（輪）場,40歳代,その他,施錠せず
窃盗,自転車盗,船橋,東船橋駅前,122041,千葉県,船橋市,駿河台２丁目,2023-02-16,20,その他の住宅（３階建て以下共同住宅等）,駐車（輪）場,40歳代,その他,施錠せず
窃盗,自転車盗,船橋,東船橋駅前,122041,千葉県,船橋市,駿河台２丁目,2023-04-16,23,その他の住宅（３階建て以下共同住宅等）,駐車（輪）場,20歳代,その他,施錠せず
窃盗,自転車盗,船橋,東船橋駅前,122041,千葉県,船橋市,駿河台２丁目,2023-08-26,19,その他の住宅（３階建て以下共同住宅等）,駐車（輪）場,20歳代,その他,施錠せず
窃盗,自転車盗,船橋,東船橋駅前,122041,千葉県,船橋市,駿河台２丁目,2023-09-16,12,その他の住宅（３階建て以下共同住宅等）,駐車（輪）場,40歳代,その他,施錠せず
窃盗,自転車盗,船橋,東船橋駅前,122041,千葉県,船橋市,駿河台２丁目,2023-10-28,21,一戸建住宅,駐車（輪）場,30歳代,その他,施錠せず
窃盗,自転車盗,船橋,法典,122041,千葉県,船橋市,馬込町,不明,不明,駐車（輪）場,駐車（輪）場,20歳代,大学生,施錠せず
窃盗,自転車盗,船橋,法典,122041,千葉県,船橋市,丸山３丁目,2023-06-12,17,一戸建住宅,駐車（輪）場,50歳代,その他,施錠した
窃盗,自転車盗,船橋,法典,122041,千葉県,船橋市,藤原３丁目,2023-01-06,15,その他の住宅（３階建て以下共同住宅等）,駐車（輪）場,30歳代,その他,施錠せず
窃盗,自転車盗,船橋,法典,122041,千葉県,船橋市,藤原３丁目,2023-12-13,23,４階建て以上共同住宅,駐車（輪）場,20歳代,大学生,施錠せず
窃盗,自転車盗,船橋,法典,122041,千葉県,船橋市,藤原４丁目,2022-10-21,13,その他,駐車（輪）場,10歳代,高校生,施錠せず
窃盗,自転車盗,船橋,法典,122041,千葉県,船橋市,藤原５丁目,2023-06-19,16,その他,駐車（輪）場,10歳代,中学生,施錠せず
窃盗,自転車盗,船橋,法典,122041,千葉県,船橋市,藤原５丁目,不明,不明,一戸建住宅,駐車（輪）場,30歳代,その他,施錠せず
窃盗,自転車盗,船橋,法典,122041,千葉県,船橋市,藤原６丁目,2023-09-09,16,４階建て以上共同住宅,駐車（輪）場,65-69歳,その他,施錠した
窃盗,自転車盗,船橋,法典,122041,千葉県,船橋市,藤原６丁目,2023-09-15,00,４階建て以上共同住宅,駐車（輪）場,20歳代,その他,施錠せず
窃盗,自転車盗,船橋,法典,122041,千葉県,船橋市,藤原７丁目,2023-04-10,18,その他,駐車（輪）場,10歳代,中学生,施錠せず
窃盗,自転車盗,船橋,法典,122041,千葉県,船橋市,藤原７丁目,2023-04-11,18,道路上,その他,50歳代,その他,施錠した
窃盗,自転車盗,船橋,法典,122041,千葉県,船橋市,藤原７丁目,2023-04-22,08,一戸建住宅,駐車（輪）場,10歳代,中学生,施錠せず
窃盗,自転車盗,船橋,法典,122041,千葉県,船橋市,藤原７丁目,2023-05-18,00,道路上,その他,20歳代,大学生,施錠せず
窃盗,自転車盗,船橋,法典,122041,千葉県,船橋市,藤原８丁目,2023-03-27,17,一戸建住宅,その他,10歳代,その他,施錠した
窃盗,自転車盗,船橋,浜町,122041,千葉県,船橋市,浜町１丁目,2023-03-16,16,４階建て以上共同住宅,駐車（輪）場,30歳代,その他,施錠した
窃盗,自転車盗,船橋,浜町,122041,千葉県,船橋市,浜町１丁目,2023-10-18,16,４階建て以上共同住宅,駐車（輪）場,30歳代,その他,施錠した
窃盗,自転車盗,船橋,浜町,122041,千葉県,船橋市,浜町１丁目,2023-11-02,07,その他の住宅（３階建て以下共同住宅等）,駐車（輪）場,20歳代,その他,施錠した
窃盗,自転車盗,船橋,浜町,122041,千葉県,船橋市,浜町２丁目,2023-01-13,19,その他,駐車（輪）場,30歳代,その他,施錠せず
窃盗,自転車盗,船橋,浜町,122041,千葉県,船橋市,浜町２丁目,2023-01-16,18,その他,駐車（輪）場,40歳代,その他,施錠せず
窃盗,自転車盗,船橋,浜町,122041,千葉県,船橋市,浜町２丁目,2023-02-12,14,その他,駐車（輪）場,20歳代,大学生,施錠せず
窃盗,自転車盗,船橋,浜町,122041,千葉県,船橋市,浜町２丁目,2023-02-12,16,その他,駐車（輪）場,10歳代,小学生,施錠せず
窃盗,自転車盗,船橋,浜町,122041,千葉県,船橋市,浜町２丁目,2023-02-28,07,その他,駐車（輪）場,10歳代,高校生,施錠せず
窃盗,自転車盗,船橋,浜町,122041,千葉県,船橋市,浜町２丁目,2023-03-01,13,その他,駐車（輪）場,10歳代,高校生,施錠せず
窃盗,自転車盗,船橋,浜町,122041,千葉県,船橋市,浜町２丁目,2023-03-24,11,その他,駐車（輪）場,10歳代,小学生,施錠せず
窃盗,自転車盗,船橋,浜町,122041,千葉県,船橋市,浜町２丁目,2023-03-24,12,その他,駐車（輪）場,10歳代,中学生,施錠せず
窃盗,自転車盗,船橋,浜町,122041,千葉県,船橋市,浜町２丁目,2023-03-26,18,その他,駐車（輪）場,10歳代,大学生,施錠した
窃盗,自転車盗,船橋,浜町,122041,千葉県,船橋市,浜町２丁目,2023-03-28,15,その他,その他,10歳代,高校生,施錠した
窃盗,自転車盗,船橋,浜町,122041,千葉県,船橋市,浜町２丁目,2023-04-09,12,その他,駐車（輪）場,10歳代,高校生,施錠した
窃盗,自転車盗,船橋,浜町,122041,千葉県,船橋市,浜町２丁目,2023-04-16,09,その他,駐車（輪）場,10歳代,高校生,施錠せず
窃盗,自転車盗,船橋,浜町,122041,千葉県,船橋市,浜町２丁目,2023-04-16,13,その他,駐車（輪）場,20歳代,その他,施錠した
窃盗,自転車盗,船橋,浜町,122041,千葉県,船橋市,浜町２丁目,2023-04-20,17,その他,駐車（輪）場,10歳代,高校生,施錠した
窃盗,自転車盗,船橋,浜町,122041,千葉県,船橋市,浜町２丁目,2023-04-22,14,その他,駐車（輪）場,10歳代,高校生,施錠せず
窃盗,自転車盗,船橋,浜町,122041,千葉県,船橋市,浜町２丁目,2023-04-24,19,その他,駐車（輪）場,10歳代,高校生,施錠せず
窃盗,自転車盗,船橋,浜町,122041,千葉県,船橋市,浜町２丁目,2023-05-06,10,その他,駐車（輪）場,10歳代,大学生,施錠した
窃盗,自転車盗,船橋,浜町,122041,千葉県,船橋市,浜町２丁目,2023-05-06,12,その他,駐車（輪）場,30歳代,その他,施錠した
窃盗,自転車盗,船橋,浜町,122041,千葉県,船橋市,浜町２丁目,2023-05-06,16,その他,駐車（輪）場,10歳代,高校生,施錠した
窃盗,自転車盗,船橋,浜町,122041,千葉県,船橋市,浜町２丁目,2023-05-16,17,その他,駐車（輪）場,10歳代,高校生,施錠せず
窃盗,自転車盗,船橋,浜町,122041,千葉県,船橋市,浜町２丁目,2023-05-22,18,その他,駐車（輪）場,10歳代,中学生,施錠せず
窃盗,自転車盗,船橋,浜町,122041,千葉県,船橋市,浜町２丁目,2023-05-25,15,その他,駐車（輪）場,10歳代,その他,施錠した
窃盗,自転車盗,船橋,浜町,122041,千葉県,船橋市,浜町２丁目,2023-05-25,15,その他,駐車（輪）場,10歳代,高校生,施錠した
窃盗,自転車盗,船橋,浜町,122041,千葉県,船橋市,浜町２丁目,2023-06-27,11,その他,駐車（輪）場,20歳代,その他,施錠した
窃盗,自転車盗,船橋,浜町,122041,千葉県,船橋市,浜町２丁目,2023-06-27,17,その他,駐車（輪）場,20歳代,大学生,施錠した
窃盗,自転車盗,船橋,浜町,122041,千葉県,船橋市,浜町２丁目,2023-06-28,17,その他,駐車（輪）場,10歳代,高校生,施錠した
窃盗,自転車盗,船橋,浜町,122041,千葉県,船橋市,浜町２丁目,2023-07-05,15,その他,駐車（輪）場,10歳代,中学生,施錠せず
窃盗,自転車盗,船橋,浜町,122041,千葉県,船橋市,浜町２丁目,2023-07-17,11,その他,駐車（輪）場,10歳代,高校生,施錠せず
窃盗,自転車盗,船橋,浜町,122041,千葉県,船橋市,浜町２丁目,2023-07-18,08,その他,駐車（輪）場,10歳代,その他,施錠せず
窃盗,自転車盗,船橋,浜町,122041,千葉県,船橋市,浜町２丁目,2023-07-18,09,その他,駐車（輪）場,10歳代,大学生,施錠せず
窃盗,自転車盗,船橋,浜町,122041,千葉県,船橋市,浜町２丁目,2023-07-31,17,その他,駐車（輪）場,10歳代,高校生,施錠した
窃盗,自転車盗,船橋,浜町,122041,千葉県,船橋市,浜町２丁目,2023-07-31,18,その他,駐車（輪）場,20歳代,大学生,施錠せず
窃盗,自転車盗,船橋,浜町,122041,千葉県,船橋市,浜町２丁目,2023-07-31,18,その他,駐車（輪）場,40歳代,その他,施錠せず
窃盗,自転車盗,船橋,浜町,122041,千葉県,船橋市,浜町２丁目,2023-08-19,18,その他,駐車（輪）場,10歳代,高校生,施錠せず
窃盗,自転車盗,船橋,浜町,122041,千葉県,船橋市,浜町２丁目,2023-08-28,17,その他,駐車（輪）場,10歳代,高校生,施錠せず
窃盗,自転車盗,船橋,浜町,122041,千葉県,船橋市,浜町２丁目,2023-08-29,16,その他,駐車（輪）場,10歳代,大学生,施錠せず
窃盗,自転車盗,船橋,浜町,122041,千葉県,船橋市,浜町２丁目,2023-09-03,10,その他,駐車（輪）場,10歳代,中学生,施錠した
窃盗,自転車盗,船橋,浜町,122041,千葉県,船橋市,浜町２丁目,2023-09-05,16,その他,駐車（輪）場,10歳代,高校生,施錠せず
窃盗,自転車盗,船橋,浜町,122041,千葉県,船橋市,浜町２丁目,2023-09-23,16,その他,駐車（輪）場,50歳代,その他,施錠した
窃盗,自転車盗,船橋,浜町,122041,千葉県,船橋市,浜町２丁目,2023-09-24,16,その他,駐車（輪）場,20歳代,大学生,施錠した
窃盗,自転車盗,船橋,浜町,122041,千葉県,船橋市,浜町２丁目,2023-09-24,17,道路上,その他,10歳代,中学生,施錠せず
窃盗,自転車盗,船橋,浜町,122041,千葉県,船橋市,浜町２丁目,2023-09-24,22,その他,駐車（輪）場,30歳代,その他,施錠せず
窃盗,自転車盗,船橋,浜町,122041,千葉県,船橋市,浜町２丁目,2023-10-03,16,その他,駐車（輪）場,10歳代,大学生,施錠した
窃盗,自転車盗,船橋,浜町,122041,千葉県,船橋市,浜町２丁目,2023-10-08,10,その他,駐車（輪）場,10歳代,大学生,施錠せず
窃盗,自転車盗,船橋,浜町,122041,千葉県,船橋市,浜町２丁目,2023-10-10,14,その他,駐車（輪）場,30歳代,その他,施錠せず
窃盗,自転車盗,船橋,浜町,122041,千葉県,船橋市,浜町２丁目,2023-10-20,17,その他,駐車（輪）場,10歳代,高校生,施錠せず
窃盗,自転車盗,船橋,浜町,122041,千葉県,船橋市,浜町２丁目,2023-10-22,13,その他,駐車（輪）場,10歳代,中学生,施錠せず
窃盗,自転車盗,船橋,浜町,122041,千葉県,船橋市,浜町２丁目,2023-10-24,17,その他,駐車（輪）場,10歳代,小学生,施錠せず
窃盗,自転車盗,船橋,浜町,122041,千葉県,船橋市,浜町２丁目,2023-10-28,17,その他,駐車（輪）場,10歳代,高校生,施錠した
窃盗,自転車盗,船橋,浜町,122041,千葉県,船橋市,浜町２丁目,2023-11-03,10,その他,駐車（輪）場,10歳代,高校生,施錠せず
窃盗,自転車盗,船橋,浜町,122041,千葉県,船橋市,浜町２丁目,2023-11-03,16,その他,駐車（輪）場,10歳代,高校生,施錠せず
窃盗,自転車盗,船橋,浜町,122041,千葉県,船橋市,浜町２丁目,2023-11-07,17,道路上,その他,10歳代,高校生,施錠した
窃盗,自転車盗,船橋,浜町,122041,千葉県,船橋市,浜町２丁目,2023-11-10,12,その他,駐車（輪）場,10歳代,高校生,施錠した
窃盗,自転車盗,船橋,浜町,122041,千葉県,船橋市,浜町２丁目,2023-11-16,18,その他,駐車（輪）場,10歳代,中学生,施錠した
窃盗,自転車盗,船橋,浜町,122041,千葉県,船橋市,浜町２丁目,2023-11-23,20,その他,駐車（輪）場,20歳代,大学生,施錠せず
窃盗,自転車盗,船橋,浜町,122041,千葉県,船橋市,浜町２丁目,2023-11-26,15,その他,駐車（輪）場,20歳代,大学生,施錠した
窃盗,自転車盗,船橋,浜町,122041,千葉県,船橋市,浜町２丁目,2023-12-01,08,その他,駐車（輪）場,20歳代,大学生,施錠せず
窃盗,自転車盗,船橋,浜町,122041,千葉県,船橋市,浜町２丁目,2023-12-03,10,その他,駐車（輪）場,10歳代,中学生,施錠した
窃盗,自転車盗,船橋,浜町,122041,千葉県,船橋市,宮本２丁目,2022-12-29,15,その他,駐車（輪）場,30歳代,その他,施錠せず
窃盗,自転車盗,船橋,浜町,122041,千葉県,船橋市,宮本２丁目,2023-05-17,13,４階建て以上共同住宅,駐車（輪）場,30歳代,その他,施錠した
窃盗,自転車盗,船橋,浜町,122041,千葉県,船橋市,宮本３丁目,2023-07-03,18,その他,駐車（輪）場,10歳代,高校生,施錠せず
窃盗,自転車盗,船橋,浜町,122041,千葉県,船橋市,宮本３丁目,2023-10-14,10,４階建て以上共同住宅,駐車（輪）場,20歳代,大学生,施錠せず
窃盗,自転車盗,船橋,浜町,122041,千葉県,船橋市,宮本４丁目,2023-04-19,13,その他の住宅（３階建て以下共同住宅等）,駐車（輪）場,20歳代,その他,施錠せず
窃盗,自転車盗,船橋,浜町,122041,千葉県,船橋市,宮本４丁目,2023-10-20,08,駐車（輪）場,駐車（輪）場,40歳代,その他,施錠した
窃盗,自転車盗,船橋,浜町,122041,千葉県,船橋市,宮本５丁目,2023-12-19,13,その他の住宅（３階建て以下共同住宅等）,駐車（輪）場,30歳代,その他,施錠した
窃盗,自転車盗,船橋,浜町,122041,千葉県,船橋市,宮本９丁目,2022-09-17,19,その他の住宅（３階建て以下共同住宅等）,駐車（輪）場,10歳代,中学生,施錠せず
窃盗,自転車盗,船橋,浜町,122041,千葉県,船橋市,宮本９丁目,2023-04-24,17,その他,駐車（輪）場,50歳代,その他,施錠した
窃盗,自転車盗,船橋,浜町,122041,千葉県,船橋市,若松１丁目,2023-06-29,18,その他,駐車（輪）場,40歳代,その他,施錠せず
窃盗,自転車盗,船橋,浜町,122041,千葉県,船橋市,若松２丁目,2022-11-08,18,その他,駐車（輪）場,30歳代,その他,施錠せず
窃盗,自転車盗,船橋,浜町,122041,千葉県,船橋市,若松２丁目,2022-12-10,10,４階建て以上共同住宅,駐車（輪）場,40歳代,その他,施錠せず
窃盗,自転車盗,船橋,浜町,122041,千葉県,船橋市,若松２丁目,2022-12-30,17,その他,駐車（輪）場,20歳代,大学生,施錠せず
窃盗,自転車盗,船橋,浜町,122041,千葉県,船橋市,若松２丁目,2023-01-28,07,駐車（輪）場,駐車（輪）場,10歳代,中学生,施錠せず
窃盗,自転車盗,船橋,浜町,122041,千葉県,船橋市,若松２丁目,2023-05-09,13,駐車（輪）場,駐車（輪）場,20歳代,その他,施錠した
窃盗,自転車盗,船橋,浜町,122041,千葉県,船橋市,若松２丁目,2023-05-20,19,４階建て以上共同住宅,駐車（輪）場,30歳代,その他,施錠した
窃盗,自転車盗,船橋,浜町,122041,千葉県,船橋市,若松２丁目,2023-06-13,08,駐車（輪）場,駐車（輪）場,20歳代,その他,施錠した
窃盗,自転車盗,船橋,浜町,122041,千葉県,船橋市,若松２丁目,2023-06-17,18,４階建て以上共同住宅,駐車（輪）場,50歳代,その他,施錠した
窃盗,自転車盗,船橋,浜町,122041,千葉県,船橋市,若松２丁目,2023-07-14,18,駐車（輪）場,駐車（輪）場,20歳代,その他,施錠した
窃盗,自転車盗,船橋,浜町,122041,千葉県,船橋市,若松２丁目,2023-09-20,18,駐車（輪）場,駐車（輪）場,20歳代,その他,施錠せず
窃盗,自転車盗,船橋,浜町,122041,千葉県,船橋市,若松２丁目,2023-10-10,10,駐車（輪）場,駐車（輪）場,20歳代,大学生,施錠した
窃盗,自転車盗,船橋,浜町,122041,千葉県,船橋市,若松２丁目,2023-10-12,05,駐車（輪）場,駐車（輪）場,30歳代,その他,施錠せず
窃盗,自転車盗,船橋,浜町,122041,千葉県,船橋市,若松２丁目,2023-12-16,14,駐車（輪）場,駐車（輪）場,40歳代,その他,施錠せず
窃盗,自転車盗,船橋,浜町,122041,千葉県,船橋市,若松２丁目,2023-12-16,17,駐車（輪）場,駐車（輪）場,10歳代,中学生,施錠した
窃盗,自転車盗,船橋,海神,122041,千葉県,船橋市,海神１丁目,2023-10-14,14,その他の住宅（３階建て以下共同住宅等）,駐車（輪）場,20歳代,その他,施錠せず
窃盗,自転車盗,船橋,海神,122041,千葉県,船橋市,海神３丁目,2023-02-06,17,一戸建住宅,駐車（輪）場,40歳代,その他,施錠せず
窃盗,自転車盗,船橋,海神,122041,千葉県,船橋市,海神３丁目,2023-07-22,15,その他の住宅（３階建て以下共同住宅等）,駐車（輪）場,20歳代,その他,施錠せず
窃盗,自転車盗,船橋,海神,122041,千葉県,船橋市,海神６丁目,2023-05-03,15,道路上,その他,10歳代,その他,施錠せず
窃盗,自転車盗,船橋,海神,122041,千葉県,船橋市,海神６丁目,2023-06-15,08,その他,駐車（輪）場,20歳代,その他,施錠せず
窃盗,自転車盗,船橋,海神,122041,千葉県,船橋市,海神６丁目,2023-07-06,15,その他,駐車（輪）場,20歳代,その他,施錠せず
窃盗,自転車盗,船橋,海神,122041,千葉県,船橋市,海神６丁目,2023-10-14,09,４階建て以上共同住宅,駐車（輪）場,10歳代,高校生,施錠した
窃盗,自転車盗,船橋,海神,122041,千葉県,船橋市,海神６丁目,2023-10-28,22,４階建て以上共同住宅,駐車（輪）場,20歳代,その他,施錠せず
窃盗,自転車盗,船橋,海神,122041,千葉県,船橋市,海神６丁目,2023-12-22,08,その他,駐車（輪）場,10歳代,高校生,施錠せず
窃盗,自転車盗,船橋,海神,122041,千葉県,船橋市,海神６丁目,不明,不明,その他の住宅（３階建て以下共同住宅等）,その他,30歳代,その他,施錠せず
窃盗,自転車盗,船橋,海神,122041,千葉県,船橋市,海神町２丁目,2023-07-02,18,４階建て以上共同住宅,駐車（輪）場,20歳代,その他,施錠した
窃盗,自転車盗,船橋,海神,122041,千葉県,船橋市,海神町２丁目,2023-11-28,17,４階建て以上共同住宅,駐車（輪）場,50歳代,その他,施錠した
窃盗,自転車盗,船橋,海神,122041,千葉県,船橋市,海神町２丁目,2023-12-17,20,その他の住宅（３階建て以下共同住宅等）,駐車（輪）場,30歳代,その他,施錠せず
窃盗,自転車盗,船橋,海神,122041,千葉県,船橋市,海神町西１丁目,2023-05-09,20,その他,駐車（輪）場,10歳代,高校生,施錠せず
窃盗,自転車盗,船橋,海神,122041,千葉県,船橋市,海神町西１丁目,2023-06-23,20,その他の住宅（３階建て以下共同住宅等）,駐車（輪）場,30歳代,その他,施錠した
窃盗,自転車盗,船橋,海神,122041,千葉県,船橋市,海神町南１丁目,2023-02-06,18,４階建て以上共同住宅,駐車（輪）場,10歳代,小学生,施錠せず
窃盗,自転車盗,船橋,海神,122041,千葉県,船橋市,海神町南１丁目,2023-03-24,22,４階建て以上共同住宅,駐車（輪）場,20歳代,その他,施錠した
窃盗,自転車盗,船橋,海神,122041,千葉県,船橋市,海神町南１丁目,2023-05-26,19,４階建て以上共同住宅,駐車（輪）場,40歳代,その他,施錠した
窃盗,自転車盗,船橋,海神,122041,千葉県,船橋市,海神町南１丁目,2023-07-12,08,４階建て以上共同住宅,駐車（輪）場,60-64歳,その他,施錠した
窃盗,自転車盗,船橋,海神,122041,千葉県,船橋市,海神町南１丁目,2023-08-26,20,４階建て以上共同住宅,駐車（輪）場,10歳代,高校生,施錠せず
窃盗,自転車盗,船橋,海神,122041,千葉県,船橋市,栄町１丁目,2023-01-17,18,４階建て以上共同住宅,その他,50歳代,その他,施錠した
窃盗,自転車盗,船橋,海神,122041,千葉県,船橋市,栄町１丁目,2023-01-17,19,４階建て以上共同住宅,駐車（輪）場,40歳代,その他,施錠せず
窃盗,自転車盗,船橋,海神,122041,千葉県,船橋市,栄町１丁目,2023-06-01,19,その他の住宅（３階建て以下共同住宅等）,駐車（輪）場,30歳代,その他,施錠せず
窃盗,自転車盗,船橋,海神,122041,千葉県,船橋市,栄町１丁目,2023-08-20,18,その他の住宅（３階建て以下共同住宅等）,駐車（輪）場,70歳以上,その他,施錠した
窃盗,自転車盗,船橋,海神,122041,千葉県,船橋市,栄町２丁目,2023-05-25,07,駐車（輪）場,駐車（輪）場,20歳代,その他,施錠した
窃盗,自転車盗,船橋,海神,122041,千葉県,船橋市,南本町,2023-03-27,10,その他の住宅（３階建て以下共同住宅等）,駐車（輪）場,30歳代,その他,施錠せず
窃盗,自転車盗,船橋,海神,122041,千葉県,船橋市,南本町,2023-04-22,15,その他の住宅（３階建て以下共同住宅等）,駐車（輪）場,40歳代,その他,施錠した
窃盗,自転車盗,船橋,海神,122041,千葉県,船橋市,南本町,2023-05-14,13,道路上,その他,10歳代,大学生,施錠せず
窃盗,自転車盗,船橋,海神,122041,千葉県,船橋市,南本町,2023-06-11,17,一戸建住宅,駐車（輪）場,10歳代,高校生,施錠せず
窃盗,自転車盗,船橋,海神,122041,千葉県,船橋市,南本町,2023-07-22,12,４階建て以上共同住宅,駐車（輪）場,20歳代,その他,施錠した
窃盗,自転車盗,船橋,海神,122041,千葉県,船橋市,南本町,2023-12-20,19,４階建て以上共同住宅,駐車（輪）場,10歳代,小学生,施錠せず
窃盗,自転車盗,船橋,緑台,122041,千葉県,船橋市,金杉３丁目,2023-04-02,13,その他の住宅（３階建て以下共同住宅等）,駐車（輪）場,10歳代,高校生,施錠せず
窃盗,自転車盗,船橋,緑台,122041,千葉県,船橋市,金杉６丁目,2022-12-31,23,その他,その他,10歳代,高校生,施錠せず
窃盗,自転車盗,船橋,緑台,122041,千葉県,船橋市,金杉６丁目,2023-03-08,21,その他の住宅（３階建て以下共同住宅等）,駐車（輪）場,10歳代,中学生,施錠した
窃盗,自転車盗,船橋,緑台,122041,千葉県,船橋市,金杉７丁目,2023-06-25,13,道路上,その他,10歳代,高校生,施錠せず
窃盗,自転車盗,船橋,緑台,122041,千葉県,船橋市,金杉７丁目,2023-11-29,17,その他,駐車（輪）場,70歳以上,その他,施錠せず
窃盗,自転車盗,船橋,緑台,122041,千葉県,船橋市,金杉９丁目,2023-05-27,05,その他,駐車（輪）場,50歳代,その他,施錠せず
窃盗,自転車盗,船橋,緑台,122041,千葉県,船橋市,金杉９丁目,2023-06-04,07,一戸建住宅,駐車（輪）場,70歳以上,その他,施錠せず
窃盗,自転車盗,船橋,緑台,122041,千葉県,船橋市,金杉台１丁目,2023-10-11,12,４階建て以上共同住宅,駐車（輪）場,30歳代,その他,施錠した
窃盗,自転車盗,船橋,緑台,122041,千葉県,船橋市,金杉台２丁目,2023-09-15,20,４階建て以上共同住宅,駐車（輪）場,30歳代,その他,施錠せず
窃盗,自転車盗,船橋,緑台,122041,千葉県,船橋市,新高根１丁目,2023-11-30,15,その他,駐車（輪）場,20歳代,大学生,施錠せず
窃盗,自転車盗,船橋,緑台,122041,千葉県,船橋市,新高根４丁目,2023-07-14,18,一戸建住宅,駐車（輪）場,50歳代,その他,施錠した
窃盗,自転車盗,船橋,緑台,122041,千葉県,船橋市,新高根６丁目,2023-06-23,23,道路上,その他,10歳代,高校生,施錠した
窃盗,自転車盗,船橋,緑台,122041,千葉県,船橋市,新高根６丁目,2023-10-05,10,一戸建住宅,その他,30歳代,その他,施錠した
窃盗,自転車盗,船橋,緑台,122041,千葉県,船橋市,新高根６丁目,2023-11-12,15,その他,駐車（輪）場,10歳代,高校生,施錠せず
窃盗,自転車盗,船橋,緑台,122041,千葉県,船橋市,新高根６丁目,2023-11-14,17,その他,駐車（輪）場,10歳代,高校生,施錠せず
窃盗,自転車盗,船橋,緑台,122041,千葉県,船橋市,新高根６丁目,2023-11-16,09,一戸建住宅,駐車（輪）場,10歳代,大学生,施錠した
窃盗,自転車盗,船橋,船橋駅前,122041,千葉県,船橋市,日の出１丁目,2023-09-06,09,４階建て以上共同住宅,駐車（輪）場,30歳代,その他,施錠した
窃盗,自転車盗,船橋,船橋駅前,122041,千葉県,船橋市,日の出１丁目,2023-09-29,10,４階建て以上共同住宅,駐車（輪）場,20歳代,その他,施錠せず
窃盗,自転車盗,船橋,船橋駅前,122041,千葉県,船橋市,日の出２丁目,2023-11-26,18,一戸建住宅,駐車（輪）場,20歳代,その他,施錠せず
窃盗,自転車盗,船橋,船橋駅前,122041,千葉県,船橋市,本町１丁目,2023-01-22,10,駐車（輪）場,駐車（輪）場,10歳代,高校生,施錠せず
窃盗,自転車盗,船橋,船橋駅前,122041,千葉県,船橋市,本町１丁目,2023-01-25,11,その他,駐車（輪）場,20歳代,大学生,施錠した
窃盗,自転車盗,船橋,船橋駅前,122041,千葉県,船橋市,本町１丁目,2023-02-14,06,駐車（輪）場,駐車（輪）場,10歳代,高校生,施錠せず
窃盗,自転車盗,船橋,船橋駅前,122041,千葉県,船橋市,本町１丁目,2023-02-23,17,道路上,その他,20歳代,その他,施錠した
窃盗,自転車盗,船橋,船橋駅前,122041,千葉県,船橋市,本町１丁目,2023-02-26,21,道路上,その他,20歳代,その他,施錠せず
窃盗,自転車盗,船橋,船橋駅前,122041,千葉県,船橋市,本町１丁目,2023-03-05,19,駐車（輪）場,駐車（輪）場,20歳代,その他,施錠せず
窃盗,自転車盗,船橋,船橋駅前,122041,千葉県,船橋市,本町１丁目,2023-03-11,06,駐車（輪）場,駐車（輪）場,20歳代,大学生,施錠した
窃盗,自転車盗,船橋,船橋駅前,122041,千葉県,船橋市,本町１丁目,2023-03-13,00,駐車（輪）場,駐車（輪）場,30歳代,その他,施錠した
窃盗,自転車盗,船橋,船橋駅前,122041,千葉県,船橋市,本町１丁目,2023-03-17,07,駐車（輪）場,駐車（輪）場,40歳代,その他,施錠した
窃盗,自転車盗,船橋,船橋駅前,122041,千葉県,船橋市,本町１丁目,2023-04-30,08,駐車（輪）場,駐車（輪）場,10歳代,高校生,施錠せず
窃盗,自転車盗,船橋,船橋駅前,122041,千葉県,船橋市,本町１丁目,2023-05-04,00,道路上,その他,20歳代,その他,施錠せず
窃盗,自転車盗,船橋,船橋駅前,122041,千葉県,船橋市,本町１丁目,2023-06-18,04,駐車（輪）場,駐車（輪）場,20歳代,その他,施錠せず
窃盗,自転車盗,船橋,船橋駅前,122041,千葉県,船橋市,本町１丁目,2023-07-01,18,駐車（輪）場,駐車（輪）場,20歳代,その他,施錠した
窃盗,自転車盗,船橋,船橋駅前,122041,千葉県,船橋市,本町１丁目,2023-07-18,04,駐車（輪）場,駐車（輪）場,50歳代,その他,施錠した
窃盗,自転車盗,船橋,船橋駅前,122041,千葉県,船橋市,本町１丁目,2023-08-12,19,道路上,その他,30歳代,その他,施錠せず
窃盗,自転車盗,船橋,船橋駅前,122041,千葉県,船橋市,本町１丁目,2023-08-21,08,駐車（輪）場,駐車（輪）場,30歳代,その他,施錠せず
窃盗,自転車盗,船橋,船橋駅前,122041,千葉県,船橋市,本町１丁目,2023-10-07,05,駐車（輪）場,駐車（輪）場,20歳代,その他,施錠した
窃盗,自転車盗,船橋,船橋駅前,122041,千葉県,船橋市,本町１丁目,2023-10-11,17,道路上,その他,10歳代,その他,施錠せず
窃盗,自転車盗,船橋,船橋駅前,122041,千葉県,船橋市,本町１丁目,2023-10-28,13,駐車（輪）場,駐車（輪）場,10歳代,その他,施錠せず
窃盗,自転車盗,船橋,船橋駅前,122041,千葉県,船橋市,本町１丁目,2023-10-29,16,駐車（輪）場,駐車（輪）場,10歳代,高校生,施錠した
窃盗,自転車盗,船橋,船橋駅前,122041,千葉県,船橋市,本町１丁目,2023-11-08,12,駐車（輪）場,駐車（輪）場,40歳代,その他,施錠した
窃盗,自転車盗,船橋,船橋駅前,122041,千葉県,船橋市,本町１丁目,2023-12-02,18,道路上,その他,30歳代,その他,施錠せず
窃盗,自転車盗,船橋,船橋駅前,122041,千葉県,船橋市,本町１丁目,2023-12-11,15,道路上,その他,30歳代,その他,施錠した
窃盗,自転車盗,船橋,船橋駅前,122041,千葉県,船橋市,本町１丁目,2023-12-14,18,道路上,その他,10歳代,中学生,施錠せず
窃盗,自転車盗,船橋,船橋駅前,122041,千葉県,船橋市,本町２丁目,2023-03-12,15,その他,駐車（輪）場,60-64歳,その他,施錠せず
窃盗,自転車盗,船橋,船橋駅前,122041,千葉県,船橋市,本町２丁目,2023-04-23,05,４階建て以上共同住宅,駐車（輪）場,20歳代,その他,施錠した
窃盗,自転車盗,船橋,船橋駅前,122041,千葉県,船橋市,本町２丁目,2023-05-01,19,４階建て以上共同住宅,駐車（輪）場,20歳代,その他,施錠した
窃盗,自転車盗,船橋,船橋駅前,122041,千葉県,船橋市,本町２丁目,2023-05-26,18,その他,駐車（輪）場,30歳代,その他,施錠した
窃盗,自転車盗,船橋,船橋駅前,122041,千葉県,船橋市,本町２丁目,2023-07-22,11,その他,駐車（輪）場,30歳代,その他,施錠せず
窃盗,自転車盗,船橋,船橋駅前,122041,千葉県,船橋市,本町２丁目,2023-10-31,15,４階建て以上共同住宅,駐車（輪）場,50歳代,その他,施錠した
窃盗,自転車盗,船橋,船橋駅前,122041,千葉県,船橋市,本町３丁目,2023-08-28,14,道路上,その他,40歳代,その他,施錠せず
窃盗,自転車盗,船橋,船橋駅前,122041,千葉県,船橋市,本町４丁目,2023-01-07,19,道路上,その他,20歳代,その他,施錠した
窃盗,自転車盗,船橋,船橋駅前,122041,千葉県,船橋市,本町４丁目,2023-04-21,19,道路上,その他,70歳以上,その他,施錠した
窃盗,自転車盗,船橋,船橋駅前,122041,千葉県,船橋市,本町４丁目,2023-06-19,10,その他,駐車（輪）場,20歳代,大学生,施錠せず
窃盗,自転車盗,船橋,船橋駅前,122041,千葉県,船橋市,本町４丁目,2023-08-15,15,道路上,その他,60-64歳,その他,施錠せず
窃盗,自転車盗,船橋,船橋駅前,122041,千葉県,船橋市,本町４丁目,2023-08-26,16,駐車（輪）場,駐車（輪）場,20歳代,その他,施錠せず
窃盗,自転車盗,船橋,船橋駅前,122041,千葉県,船橋市,本町４丁目,2023-08-29,18,道路上,その他,20歳代,その他,施錠せず
窃盗,自転車盗,船橋,船橋駅前,122041,千葉県,船橋市,本町４丁目,2023-10-08,19,４階建て以上共同住宅,駐車（輪）場,30歳代,その他,施錠せず
窃盗,自転車盗,船橋,船橋駅前,122041,千葉県,船橋市,本町４丁目,2023-10-21,00,駐車（輪）場,駐車（輪）場,20歳代,大学生,施錠した
窃盗,自転車盗,船橋,船橋駅前,122041,千葉県,船橋市,本町４丁目,2023-11-05,18,駐車（輪）場,駐車（輪）場,30歳代,その他,施錠した
窃盗,自転車盗,船橋,船橋駅前,122041,千葉県,船橋市,本町４丁目,2023-11-10,13,道路上,その他,20歳代,その他,施錠した
窃盗,自転車盗,船橋,船橋駅前,122041,千葉県,船橋市,本町４丁目,2023-11-13,23,駐車（輪）場,駐車（輪）場,10歳代,大学生,施錠した
窃盗,自転車盗,船橋,船橋駅前,122041,千葉県,船橋市,本町４丁目,2023-11-22,19,駐車（輪）場,駐車（輪）場,10歳代,高校生,施錠せず
窃盗,自転車盗,船橋,船橋駅前,122041,千葉県,船橋市,本町４丁目,2023-11-23,10,道路上,その他,10歳代,大学生,施錠せず
窃盗,自転車盗,船橋,船橋駅前,122041,千葉県,船橋市,本町４丁目,2023-11-30,07,駐車（輪）場,駐車（輪）場,10歳代,高校生,施錠した
窃盗,自転車盗,船橋,船橋駅前,122041,千葉県,船橋市,本町４丁目,2023-12-05,07,駐車（輪）場,駐車（輪）場,10歳代,高校生,施錠せず
窃盗,自転車盗,船橋,船橋駅前,122041,千葉県,船橋市,本町４丁目,2023-12-13,09,駐車（輪）場,駐車（輪）場,40歳代,その他,施錠した
窃盗,自転車盗,船橋,船橋駅前,122041,千葉県,船橋市,本町５丁目,2023-05-21,12,その他,その他,10歳代,中学生,施錠した
窃盗,自転車盗,船橋,船橋駅前,122041,千葉県,船橋市,本町５丁目,2023-05-30,17,駐車（輪）場,駐車（輪）場,65-69歳,その他,施錠せず
窃盗,自転車盗,船橋,船橋駅前,122041,千葉県,船橋市,本町５丁目,2023-07-11,04,駐車（輪）場,駐車（輪）場,50歳代,その他,施錠せず
窃盗,自転車盗,船橋,船橋駅前,122041,千葉県,船橋市,本町５丁目,2023-08-18,09,その他,駐車（輪）場,20歳代,その他,施錠せず
窃盗,自転車盗,船橋,船橋駅前,122041,千葉県,船橋市,本町５丁目,2023-09-16,17,駐車（輪）場,駐車（輪）場,30歳代,その他,施錠した
窃盗,自転車盗,船橋,船橋駅前,122041,千葉県,船橋市,本町５丁目,2023-11-06,18,４階建て以上共同住宅,駐車（輪）場,10歳代,高校生,施錠した
窃盗,自転車盗,船橋,船橋駅前,122041,千葉県,船橋市,本町５丁目,2023-11-11,17,４階建て以上共同住宅,駐車（輪）場,20歳代,その他,施錠せず
窃盗,自転車盗,船橋,船橋駅前,122041,千葉県,船橋市,本町６丁目,2023-01-07,11,道路上,その他,70歳以上,その他,施錠せず
窃盗,自転車盗,船橋,船橋駅前,122041,千葉県,船橋市,本町６丁目,2023-01-13,16,４階建て以上共同住宅,駐車（輪）場,10歳代,高校生,施錠した
窃盗,自転車盗,船橋,船橋駅前,122041,千葉県,船橋市,本町６丁目,2023-04-11,13,道路上,その他,10歳代,その他,施錠した
窃盗,自転車盗,船橋,船橋駅前,122041,千葉県,船橋市,本町６丁目,2023-09-22,22,その他,駐車（輪）場,10歳代,中学生,施錠せず
窃盗,自転車盗,船橋,船橋駅前,122041,千葉県,船橋市,本町６丁目,2023-10-13,11,その他,駐車（輪）場,70歳以上,その他,施錠した
窃盗,自転車盗,船橋,船橋駅前,122041,千葉県,船橋市,本町６丁目,2023-10-21,16,その他,駐車（輪）場,10歳代,中学生,施錠せず
窃盗,自転車盗,船橋,船橋駅前,122041,千葉県,船橋市,本町６丁目,2023-11-02,23,道路上,その他,40歳代,その他,施錠せず
窃盗,自転車盗,船橋,船橋駅前,122041,千葉県,船橋市,本町７丁目,2022-12-15,18,その他,駐車（輪）場,70歳以上,その他,施錠した
窃盗,自転車盗,船橋,船橋駅前,122041,千葉県,船橋市,本町７丁目,2022-12-31,17,駐車（輪）場,駐車（輪）場,20歳代,その他,施錠した
窃盗,自転車盗,船橋,船橋駅前,122041,千葉県,船橋市,本町７丁目,2023-01-01,14,その他の住宅（３階建て以下共同住宅等）,駐車（輪）場,20歳代,大学生,施錠した
窃盗,自転車盗,船橋,船橋駅前,122041,千葉県,船橋市,本町７丁目,2023-01-11,07,駐車（輪）場,駐車（輪）場,30歳代,その他,施錠した
窃盗,自転車盗,船橋,船橋駅前,122041,千葉県,船橋市,本町７丁目,2023-01-13,10,その他,駐車（輪）場,10歳代,大学生,施錠した
窃盗,自転車盗,船橋,船橋駅前,122041,千葉県,船橋市,本町７丁目,2023-01-13,16,その他,駐車（輪）場,30歳代,その他,施錠せず
窃盗,自転車盗,船橋,船橋駅前,122041,千葉県,船橋市,本町７丁目,2023-01-19,17,駐車（輪）場,駐車（輪）場,30歳代,その他,施錠した
窃盗,自転車盗,船橋,船橋駅前,122041,千葉県,船橋市,本町７丁目,2023-02-03,18,その他,その他,10歳代,中学生,施錠せず
窃盗,自転車盗,船橋,船橋駅前,122041,千葉県,船橋市,本町７丁目,2023-02-05,14,その他,その他,10歳代,中学生,施錠せず
窃盗,自転車盗,船橋,船橋駅前,122041,千葉県,船橋市,本町７丁目,2023-02-08,05,駐車（輪）場,駐車（輪）場,20歳代,高校生,施錠した
窃盗,自転車盗,船橋,船橋駅前,122041,千葉県,船橋市,本町７丁目,2023-02-08,06,駐車（輪）場,駐車（輪）場,40歳代,その他,施錠した
窃盗,自転車盗,船橋,船橋駅前,122041,千葉県,船橋市,本町７丁目,2023-02-12,15,その他,駐車（輪）場,10歳代,高校生,施錠せず
窃盗,自転車盗,船橋,船橋駅前,122041,千葉県,船橋市,本町７丁目,2023-03-01,18,その他,その他,10歳代,中学生,施錠せず
窃盗,自転車盗,船橋,船橋駅前,122041,千葉県,船橋市,本町７丁目,2023-03-11,16,道路上,その他,20歳代,その他,施錠せず
窃盗,自転車盗,船橋,船橋駅前,122041,千葉県,船橋市,本町７丁目,2023-03-16,08,駐車（輪）場,駐車（輪）場,20歳代,その他,施錠せず
窃盗,自転車盗,船橋,船橋駅前,122041,千葉県,船橋市,本町７丁目,2023-03-29,09,その他,その他,65-69歳,その他,施錠した
窃盗,自転車盗,船橋,船橋駅前,122041,千葉県,船橋市,本町７丁目,2023-03-31,08,駐車（輪）場,駐車（輪）場,20歳代,その他,施錠せず
窃盗,自転車盗,船橋,船橋駅前,122041,千葉県,船橋市,本町７丁目,2023-04-06,07,駐車（輪）場,駐車（輪）場,20歳代,その他,施錠した
窃盗,自転車盗,船橋,船橋駅前,122041,千葉県,船橋市,本町７丁目,2023-04-08,15,その他,駐車（輪）場,10歳代,大学生,施錠せず
窃盗,自転車盗,船橋,船橋駅前,122041,千葉県,船橋市,本町７丁目,2023-04-10,21,駐車（輪）場,駐車（輪）場,20歳代,その他,施錠せず
窃盗,自転車盗,船橋,船橋駅前,122041,千葉県,船橋市,本町７丁目,2023-04-11,12,その他,駐車（輪）場,20歳代,その他,施錠した
窃盗,自転車盗,船橋,船橋駅前,122041,千葉県,船橋市,本町７丁目,2023-04-16,07,駐車（輪）場,駐車（輪）場,10歳代,高校生,施錠した
窃盗,自転車盗,船橋,船橋駅前,122041,千葉県,船橋市,本町７丁目,2023-04-16,14,その他,その他,20歳代,その他,施錠せず
窃盗,自転車盗,船橋,船橋駅前,122041,千葉県,船橋市,本町７丁目,2023-04-17,13,その他,駐車（輪）場,10歳代,高校生,施錠せず
窃盗,自転車盗,船橋,船橋駅前,122041,千葉県,船橋市,本町７丁目,2023-04-20,08,駐車（輪）場,駐車（輪）場,10歳代,高校生,施錠した
窃盗,自転車盗,船橋,船橋駅前,122041,千葉県,船橋市,本町７丁目,2023-04-22,09,駐車（輪）場,駐車（輪）場,10歳代,その他,施錠せず
窃盗,自転車盗,船橋,船橋駅前,122041,千葉県,船橋市,本町７丁目,2023-04-27,19,その他,その他,10歳代,中学生,施錠せず
窃盗,自転車盗,船橋,船橋駅前,122041,千葉県,船橋市,本町７丁目,2023-05-03,23,その他,駐車（輪）場,20歳代,その他,施錠した
窃盗,自転車盗,船橋,船橋駅前,122041,千葉県,船橋市,本町７丁目,2023-05-06,15,その他,駐車（輪）場,50歳代,その他,施錠した
窃盗,自転車盗,船橋,船橋駅前,122041,千葉県,船橋市,本町７丁目,2023-05-12,08,駐車（輪）場,駐車（輪）場,20歳代,その他,施錠した
窃盗,自転車盗,船橋,船橋駅前,122041,千葉県,船橋市,本町７丁目,2023-05-12,08,駐車（輪）場,駐車（輪）場,30歳代,その他,施錠した
窃盗,自転車盗,船橋,船橋駅前,122041,千葉県,船橋市,本町７丁目,2023-05-26,07,駐車（輪）場,駐車（輪）場,65-69歳,その他,施錠した
窃盗,自転車盗,船橋,船橋駅前,122041,千葉県,船橋市,本町７丁目,2023-06-06,17,その他,その他,20歳代,大学生,施錠した
窃盗,自転車盗,船橋,船橋駅前,122041,千葉県,船橋市,本町７丁目,2023-06-07,08,その他,駐車（輪）場,20歳代,その他,施錠した
窃盗,自転車盗,船橋,船橋駅前,122041,千葉県,船橋市,本町７丁目,2023-06-28,15,その他,駐車（輪）場,20歳代,その他,施錠した
窃盗,自転車盗,船橋,船橋駅前,122041,千葉県,船橋市,本町７丁目,2023-06-29,23,道路上,その他,10歳代,その他,施錠せず
窃盗,自転車盗,船橋,船橋駅前,122041,千葉県,船橋市,本町７丁目,2023-06-30,07,駐車（輪）場,駐車（輪）場,30歳代,その他,施錠せず
窃盗,自転車盗,船橋,船橋駅前,122041,千葉県,船橋市,本町７丁目,2023-07-15,23,その他,駐車（輪）場,20歳代,その他,施錠せず
窃盗,自転車盗,船橋,船橋駅前,122041,千葉県,船橋市,本町７丁目,2023-07-17,11,その他,駐車（輪）場,10歳代,大学生,施錠せず
窃盗,自転車盗,船橋,船橋駅前,122041,千葉県,船橋市,本町７丁目,2023-07-19,15,駐車（輪）場,駐車（輪）場,40歳代,その他,施錠した
窃盗,自転車盗,船橋,船橋駅前,122041,千葉県,船橋市,本町７丁目,2023-07-21,08,道路上,その他,30歳代,その他,施錠した
窃盗,自転車盗,船橋,船橋駅前,122041,千葉県,船橋市,本町７丁目,2023-07-28,07,駐車（輪）場,駐車（輪）場,10歳代,中学生,施錠した
窃盗,自転車盗,船橋,船橋駅前,122041,千葉県,船橋市,本町７丁目,2023-08-05,13,その他,駐車（輪）場,10歳代,高校生,施錠した
窃盗,自転車盗,船橋,船橋駅前,122041,千葉県,船橋市,本町７丁目,2023-08-08,14,道路上,その他,20歳代,大学生,施錠せず
窃盗,自転車盗,船橋,船橋駅前,122041,千葉県,船橋市,本町７丁目,2023-08-09,17,その他,駐車（輪）場,10歳代,高校生,施錠した
窃盗,自転車盗,船橋,船橋駅前,122041,千葉県,船橋市,本町７丁目,2023-08-21,12,道路上,その他,10歳代,大学生,施錠した
窃盗,自転車盗,船橋,船橋駅前,122041,千葉県,船橋市,本町７丁目,2023-08-21,17,その他,駐車（輪）場,10歳代,その他,施錠せず
窃盗,自転車盗,船橋,船橋駅前,122041,千葉県,船橋市,本町７丁目,2023-08-24,13,その他,駐車（輪）場,10歳代,高校生,施錠せず
窃盗,自転車盗,船橋,船橋駅前,122041,千葉県,船橋市,本町７丁目,2023-08-29,17,道路上,その他,10歳代,高校生,施錠せず
窃盗,自転車盗,船橋,船橋駅前,122041,千葉県,船橋市,本町７丁目,2023-08-30,16,道路上,その他,10歳代,高校生,施錠した
窃盗,自転車盗,船橋,船橋駅前,122041,千葉県,船橋市,本町７丁目,2023-09-03,08,その他,その他,10歳代,高校生,施錠せず
窃盗,自転車盗,船橋,船橋駅前,122041,千葉県,船橋市,本町７丁目,2023-09-04,18,その他,駐車（輪）場,10歳代,高校生,施錠せず
窃盗,自転車盗,船橋,船橋駅前,122041,千葉県,船橋市,本町７丁目,2023-09-09,15,その他,駐車（輪）場,10歳代,大学生,施錠せず
窃盗,自転車盗,船橋,船橋駅前,122041,千葉県,船橋市,本町７丁目,2023-09-14,08,駐車（輪）場,駐車（輪）場,30歳代,その他,施錠せず
窃盗,自転車盗,船橋,船橋駅前,122041,千葉県,船橋市,本町７丁目,2023-09-16,17,その他,駐車（輪）場,10歳代,高校生,施錠せず
窃盗,自転車盗,船橋,船橋駅前,122041,千葉県,船橋市,本町７丁目,2023-09-21,05,駐車（輪）場,駐車（輪）場,40歳代,その他,施錠した
窃盗,自転車盗,船橋,船橋駅前,122041,千葉県,船橋市,本町７丁目,2023-09-29,16,その他,駐車（輪）場,10歳代,大学生,施錠した
窃盗,自転車盗,船橋,船橋駅前,122041,千葉県,船橋市,本町７丁目,2023-09-29,16,その他,駐車（輪）場,70歳以上,その他,施錠せず
窃盗,自転車盗,船橋,船橋駅前,122041,千葉県,船橋市,本町７丁目,2023-10-04,17,その他,駐車（輪）場,10歳代,高校生,施錠した
窃盗,自転車盗,船橋,船橋駅前,122041,千葉県,船橋市,本町７丁目,2023-10-12,08,その他,駐車（輪）場,20歳代,その他,施錠した
窃盗,自転車盗,船橋,船橋駅前,122041,千葉県,船橋市,本町７丁目,2023-10-19,04,駐車（輪）場,駐車（輪）場,40歳代,その他,施錠した
窃盗,自転車盗,船橋,船橋駅前,122041,千葉県,船橋市,本町７丁目,2023-10-19,07,駐車（輪）場,駐車（輪）場,30歳代,その他,施錠した
窃盗,自転車盗,船橋,船橋駅前,122041,千葉県,船橋市,本町７丁目,2023-10-20,08,駐車（輪）場,駐車（輪）場,20歳代,その他,施錠した
窃盗,自転車盗,船橋,船橋駅前,122041,千葉県,船橋市,本町７丁目,2023-10-22,20,その他,駐車（輪）場,10歳代,高校生,施錠した
窃盗,自転車盗,船橋,船橋駅前,122041,千葉県,船橋市,本町７丁目,2023-10-26,06,駐車（輪）場,駐車（輪）場,50歳代,その他,施錠した
窃盗,自転車盗,船橋,船橋駅前,122041,千葉県,船橋市,本町７丁目,2023-10-28,16,その他,駐車（輪）場,50歳代,その他,施錠した
窃盗,自転車盗,船橋,船橋駅前,122041,千葉県,船橋市,本町７丁目,2023-10-29,05,駐車（輪）場,駐車（輪）場,10歳代,高校生,施錠した
窃盗,自転車盗,船橋,船橋駅前,122041,千葉県,船橋市,本町７丁目,2023-10-29,15,その他,駐車（輪）場,20歳代,その他,施錠せず
窃盗,自転車盗,船橋,船橋駅前,122041,千葉県,船橋市,本町７丁目,2023-10-31,06,駐車（輪）場,駐車（輪）場,10歳代,高校生,施錠した
窃盗,自転車盗,船橋,船橋駅前,122041,千葉県,船橋市,本町７丁目,2023-10-31,07,駐車（輪）場,駐車（輪）場,20歳代,その他,施錠した
窃盗,自転車盗,船橋,船橋駅前,122041,千葉県,船橋市,本町７丁目,2023-11-01,17,その他,駐車（輪）場,20歳代,大学生,施錠せず
窃盗,自転車盗,船橋,船橋駅前,122041,千葉県,船橋市,本町７丁目,2023-11-04,11,その他,駐車（輪）場,20歳代,その他,施錠した
窃盗,自転車盗,船橋,船橋駅前,122041,千葉県,船橋市,本町７丁目,2023-11-06,18,その他,駐車（輪）場,20歳代,大学生,施錠せず
窃盗,自転車盗,船橋,船橋駅前,122041,千葉県,船橋市,本町７丁目,2023-11-16,14,その他,駐車（輪）場,50歳代,その他,施錠した
窃盗,自転車盗,船橋,船橋駅前,122041,千葉県,船橋市,本町７丁目,2023-11-16,18,その他,駐車（輪）場,10歳代,高校生,施錠した
窃盗,自転車盗,船橋,船橋駅前,122041,千葉県,船橋市,本町７丁目,2023-11-19,16,道路上,その他,10歳代,高校生,施錠せず
窃盗,自転車盗,船橋,船橋駅前,122041,千葉県,船橋市,本町７丁目,2023-11-20,17,その他,駐車（輪）場,10歳代,高校生,施錠した
窃盗,自転車盗,船橋,船橋駅前,122041,千葉県,船橋市,本町７丁目,2023-11-30,06,駐車（輪）場,駐車（輪）場,10歳代,高校生,施錠した
窃盗,自転車盗,船橋,船橋駅前,122041,千葉県,船橋市,本町７丁目,2023-12-01,07,駐車（輪）場,駐車（輪）場,50歳代,その他,施錠した
窃盗,自転車盗,船橋,船橋駅前,122041,千葉県,船橋市,本町７丁目,2023-12-02,14,その他,駐車（輪）場,10歳代,大学生,施錠した
窃盗,自転車盗,船橋,船橋駅前,122041,千葉県,船橋市,本町７丁目,2023-12-04,17,その他,駐車（輪）場,10歳代,大学生,施錠した
窃盗,自転車盗,船橋,船橋駅前,122041,千葉県,船橋市,本町７丁目,2023-12-07,11,その他,駐車（輪）場,60-64歳,その他,施錠した
窃盗,自転車盗,船橋,船橋駅前,122041,千葉県,船橋市,本町７丁目,2023-12-09,18,その他,その他,10歳代,高校生,施錠せず
窃盗,自転車盗,船橋,船橋駅前,122041,千葉県,船橋市,本町７丁目,2023-12-10,17,駐車（輪）場,駐車（輪）場,10歳代,大学生,施錠せず
窃盗,自転車盗,船橋,船橋駅前,122041,千葉県,船橋市,本町７丁目,2023-12-12,17,道路上,その他,10歳代,高校生,施錠せず
窃盗,自転車盗,船橋,船橋駅前,122041,千葉県,船橋市,本町７丁目,2023-12-17,07,その他,駐車（輪）場,10歳代,高校生,施錠した
窃盗,自転車盗,船橋,船橋駅前,122041,千葉県,船橋市,本町７丁目,2023-12-23,17,駐車（輪）場,駐車（輪）場,20歳代,大学生,施錠した
窃盗,自転車盗,船橋,船橋駅前,122041,千葉県,船橋市,湊町１丁目,2023-03-09,05,駐車（輪）場,駐車（輪）場,20歳代,その他,施錠した
窃盗,自転車盗,船橋,船橋駅前,122041,千葉県,船橋市,湊町１丁目,2023-04-17,19,その他の住宅（３階建て以下共同住宅等）,駐車（輪）場,20歳代,その他,施錠した
窃盗,自転車盗,船橋,船橋駅前,122041,千葉県,船橋市,湊町１丁目,2023-04-27,16,一戸建住宅,駐車（輪）場,10歳代,その他,施錠せず
窃盗,自転車盗,船橋,船橋駅前,122041,千葉県,船橋市,湊町１丁目,2023-08-30,20,４階建て以上共同住宅,駐車（輪）場,40歳代,その他,施錠せず
窃盗,自転車盗,船橋,船橋駅前,122041,千葉県,船橋市,湊町２丁目,2023-04-19,18,その他,駐車（輪）場,60-64歳,その他,施錠した
窃盗,自転車盗,船橋,船橋駅前,122041,千葉県,船橋市,湊町３丁目,2023-09-30,22,道路上,その他,10歳代,高校生,施錠せず
窃盗,自転車盗,船橋,船橋駅前,122041,千葉県,船橋市,湊町３丁目,2023-10-17,21,その他,駐車（輪）場,10歳代,その他,施錠せず
窃盗,自転車盗,船橋,船橋駅前,122041,千葉県,船橋市,湊町３丁目,2023-10-20,19,４階建て以上共同住宅,駐車（輪）場,20歳代,その他,施錠せず
窃盗,自転車盗,船橋,藤原,122041,千葉県,船橋市,藤原１丁目,2023-02-20,14,駐車（輪）場,駐車（輪）場,20歳代,その他,施錠せず
窃盗,自転車盗,船橋,藤原,122041,千葉県,船橋市,藤原１丁目,2023-03-12,05,駐車（輪）場,駐車（輪）場,20歳代,その他,施錠せず
窃盗,自転車盗,船橋,藤原,122041,千葉県,船橋市,藤原１丁目,2023-04-14,20,駐車（輪）場,駐車（輪）場,10歳代,高校生,施錠した
窃盗,自転車盗,船橋,藤原,122041,千葉県,船橋市,藤原１丁目,2023-06-01,07,駐車（輪）場,駐車（輪）場,20歳代,その他,施錠した
窃盗,自転車盗,船橋,藤原,122041,千葉県,船橋市,藤原１丁目,2023-08-03,08,駐車（輪）場,駐車（輪）場,40歳代,その他,施錠した
窃盗,自転車盗,船橋,藤原,122041,千葉県,船橋市,藤原１丁目,2023-08-03,11,駐車（輪）場,駐車（輪）場,40歳代,その他,施錠した
窃盗,自転車盗,船橋,藤原,122041,千葉県,船橋市,藤原１丁目,2023-08-04,08,その他,駐車（輪）場,20歳代,大学生,施錠せず
窃盗,自転車盗,船橋,藤原,122041,千葉県,船橋市,藤原１丁目,2023-08-16,07,駐車（輪）場,駐車（輪）場,30歳代,その他,施錠した
窃盗,自転車盗,船橋,藤原,122041,千葉県,船橋市,藤原１丁目,2023-08-28,07,その他,駐車（輪）場,10歳代,高校生,施錠せず
窃盗,自転車盗,船橋,藤原,122041,千葉県,船橋市,藤原１丁目,2023-10-19,22,４階建て以上共同住宅,駐車（輪）場,10歳代,高校生,施錠せず
窃盗,自転車盗,船橋,藤原,122041,千葉県,船橋市,藤原２丁目,2023-01-26,09,一戸建住宅,駐車（輪）場,70歳以上,その他,施錠した
窃盗,自転車盗,船橋,藤原,122041,千葉県,船橋市,藤原２丁目,2023-04-15,16,その他の住宅（３階建て以下共同住宅等）,駐車（輪）場,40歳代,その他,施錠せず
窃盗,自転車盗,船橋,藤原,122041,千葉県,船橋市,藤原２丁目,2023-04-21,09,その他,駐車（輪）場,50歳代,その他,施錠した
窃盗,自転車盗,船橋,藤原,122041,千葉県,船橋市,藤原２丁目,2023-06-21,17,その他,駐車（輪）場,10歳代,高校生,施錠せず
窃盗,自転車盗,船橋,藤原,122041,千葉県,船橋市,藤原２丁目,2023-09-09,19,その他,駐車（輪）場,50歳代,その他,施錠せず
窃盗,自転車盗,船橋,藤原,122041,千葉県,船橋市,藤原２丁目,2023-09-11,19,その他の住宅（３階建て以下共同住宅等）,駐車（輪）場,30歳代,その他,施錠せず
窃盗,自転車盗,船橋,藤原,122041,千葉県,船橋市,藤原２丁目,2023-09-30,07,駐車（輪）場,駐車（輪）場,10歳代,高校生,施錠した
窃盗,自転車盗,船橋,藤原,122041,千葉県,船橋市,藤原５丁目,2023-06-25,07,その他の住宅（３階建て以下共同住宅等）,駐車（輪）場,10歳代,高校生,施錠せず
窃盗,自転車盗,船橋,行田,122041,千葉県,船橋市,上山町１丁目,2023-05-14,21,駐車（輪）場,駐車（輪）場,60-64歳,その他,施錠せず
窃盗,自転車盗,船橋,行田,122041,千葉県,船橋市,上山町１丁目,2023-06-09,14,駐車（輪）場,駐車（輪）場,20歳代,大学生,施錠せず
窃盗,自転車盗,船橋,行田,122041,千葉県,船橋市,上山町１丁目,2023-09-19,20,その他の住宅（３階建て以下共同住宅等）,駐車（輪）場,10歳代,その他,施錠せず
窃盗,自転車盗,船橋,行田,122041,千葉県,船橋市,上山町１丁目,2023-09-22,16,駐車（輪）場,駐車（輪）場,10歳代,高校生,施錠せず
窃盗,自転車盗,船橋,行田,122041,千葉県,船橋市,上山町１丁目,2023-09-29,08,駐車（輪）場,駐車（輪）場,20歳代,その他,施錠せず
窃盗,自転車盗,船橋,行田,122041,千葉県,船橋市,上山町１丁目,2023-10-12,07,その他,駐車（輪）場,10歳代,高校生,施錠せず
窃盗,自転車盗,船橋,行田,122041,千葉県,船橋市,上山町１丁目,2023-11-15,17,駐車（輪）場,駐車（輪）場,10歳代,高校生,施錠せず
窃盗,自転車盗,船橋,行田,122041,千葉県,船橋市,上山町１丁目,2023-11-30,15,４階建て以上共同住宅,駐車（輪）場,10歳未満,小学生,施錠せず
窃盗,自転車盗,船橋,行田,122041,千葉県,船橋市,上山町１丁目,2023-12-10,16,駐車（輪）場,駐車（輪）場,10歳代,高校生,施錠せず
窃盗,自転車盗,船橋,行田,122041,千葉県,船橋市,上山町２丁目,2023-05-25,07,その他の住宅（３階建て以下共同住宅等）,駐車（輪）場,40歳代,その他,施錠せず
窃盗,自転車盗,船橋,行田,122041,千葉県,船橋市,上山町２丁目,2023-07-23,18,その他の住宅（３階建て以下共同住宅等）,駐車（輪）場,30歳代,その他,施錠した
窃盗,自転車盗,船橋,行田,122041,千葉県,船橋市,行田町,2023-01-31,19,その他の住宅（３階建て以下共同住宅等）,駐車（輪）場,20歳代,大学生,施錠せず
窃盗,自転車盗,船橋,行田,122041,千葉県,船橋市,行田町,2023-06-30,16,その他の住宅（３階建て以下共同住宅等）,駐車（輪）場,10歳代,高校生,施錠せず
窃盗,自転車盗,船橋,行田,122041,千葉県,船橋市,行田町,2023-09-20,15,その他の住宅（３階建て以下共同住宅等）,駐車（輪）場,20歳代,その他,施錠せず
窃盗,自転車盗,船橋,行田,122041,千葉県,船橋市,行田町,2023-11-14,17,その他の住宅（３階建て以下共同住宅等）,駐車（輪）場,30歳代,その他,施錠せず
窃盗,自転車盗,船橋,行田,122041,千葉県,船橋市,行田町,2023-11-23,07,その他の住宅（３階建て以下共同住宅等）,駐車（輪）場,20歳代,その他,施錠した
窃盗,自転車盗,船橋,行田,122041,千葉県,船橋市,行田１丁目,2023-10-06,10,その他,駐車（輪）場,20歳代,その他,施錠した
窃盗,自転車盗,船橋,行田,122041,千葉県,船橋市,行田２丁目,2023-08-03,00,４階建て以上共同住宅,駐車（輪）場,30歳代,その他,施錠せず
窃盗,自転車盗,船橋,行田,122041,千葉県,船橋市,行田３丁目,2023-10-06,14,４階建て以上共同住宅,駐車（輪）場,10歳代,その他,施錠した
窃盗,自転車盗,船橋,行田,122041,千葉県,船橋市,行田３丁目,2023-10-11,12,４階建て以上共同住宅,駐車（輪）場,40歳代,その他,施錠した
窃盗,自転車盗,船橋,行田,122041,千葉県,船橋市,行田３丁目,2023-12-04,22,４階建て以上共同住宅,駐車（輪）場,10歳代,中学生,施錠せず
窃盗,自転車盗,船橋,行田,122041,千葉県,船橋市,行田３丁目,2023-12-11,22,４階建て以上共同住宅,駐車（輪）場,10歳代,中学生,施錠せず
窃盗,自転車盗,船橋,行田,122041,千葉県,船橋市,行田３丁目,2023-12-15,09,道路上,その他,20歳代,その他,施錠せず
窃盗,自転車盗,船橋,行田,122041,千葉県,船橋市,古作３丁目,2023-07-04,02,道路上,その他,30歳代,その他,施錠せず
窃盗,自転車盗,船橋,西船橋駅前,122041,千葉県,船橋市,印内１丁目,2023-03-17,10,４階建て以上共同住宅,駐車（輪）場,30歳代,その他,施錠せず
窃盗,自転車盗,船橋,西船橋駅前,122041,千葉県,船橋市,印内１丁目,2023-07-04,17,その他の住宅（３階建て以下共同住宅等）,駐車（輪）場,50歳代,その他,施錠せず
窃盗,自転車盗,船橋,西船橋駅前,122041,千葉県,船橋市,印内２丁目,2023-05-11,19,４階建て以上共同住宅,駐車（輪）場,10歳代,中学生,施錠せず
窃盗,自転車盗,船橋,西船橋駅前,122041,千葉県,船橋市,印内２丁目,2023-05-27,12,その他の住宅（３階建て以下共同住宅等）,駐車（輪）場,20歳代,その他,施錠せず
窃盗,自転車盗,船橋,西船橋駅前,122041,千葉県,船橋市,印内２丁目,2023-08-23,18,その他の住宅（３階建て以下共同住宅等）,駐車（輪）場,20歳代,その他,施錠せず
窃盗,自転車盗,船橋,西船橋駅前,122041,千葉県,船橋市,印内２丁目,2023-10-29,20,４階建て以上共同住宅,駐車（輪）場,20歳代,その他,施錠せず
窃盗,自転車盗,船橋,西船橋駅前,122041,千葉県,船橋市,印内３丁目,2022-12-31,13,その他の住宅（３階建て以下共同住宅等）,駐車（輪）場,20歳代,その他,施錠せず
窃盗,自転車盗,船橋,西船橋駅前,122041,千葉県,船橋市,印内３丁目,2023-03-22,21,その他の住宅（３階建て以下共同住宅等）,駐車（輪）場,30歳代,その他,施錠せず
窃盗,自転車盗,船橋,西船橋駅前,122041,千葉県,船橋市,印内３丁目,2023-06-26,13,その他の住宅（３階建て以下共同住宅等）,駐車（輪）場,20歳代,その他,施錠せず
窃盗,自転車盗,船橋,西船橋駅前,122041,千葉県,船橋市,印内町,2023-03-11,20,４階建て以上共同住宅,駐車（輪）場,60-64歳,その他,施錠した
窃盗,自転車盗,船橋,西船橋駅前,122041,千葉県,船橋市,印内町,2023-03-28,09,駐車（輪）場,駐車（輪）場,10歳代,大学生,施錠せず
窃盗,自転車盗,船橋,西船橋駅前,122041,千葉県,船橋市,印内町,2023-04-06,07,駐車（輪）場,駐車（輪）場,40歳代,その他,施錠せず
窃盗,自転車盗,船橋,西船橋駅前,122041,千葉県,船橋市,印内町,2023-05-01,18,駐車（輪）場,駐車（輪）場,30歳代,その他,施錠した
窃盗,自転車盗,船橋,西船橋駅前,122041,千葉県,船橋市,印内町,2023-05-10,09,駐車（輪）場,駐車（輪）場,30歳代,その他,施錠せず
窃盗,自転車盗,船橋,西船橋駅前,122041,千葉県,船橋市,印内町,2023-05-11,06,駐車（輪）場,駐車（輪）場,70歳以上,その他,施錠した
窃盗,自転車盗,船橋,西船橋駅前,122041,千葉県,船橋市,印内町,2023-05-26,11,駐車（輪）場,駐車（輪）場,30歳代,その他,施錠した
窃盗,自転車盗,船橋,西船橋駅前,122041,千葉県,船橋市,印内町,2023-06-15,08,駐車（輪）場,駐車（輪）場,20歳代,その他,施錠した
窃盗,自転車盗,船橋,西船橋駅前,122041,千葉県,船橋市,印内町,2023-07-09,11,駐車（輪）場,駐車（輪）場,50歳代,その他,施錠せず
窃盗,自転車盗,船橋,西船橋駅前,122041,千葉県,船橋市,印内町,2023-08-23,07,駐車（輪）場,駐車（輪）場,20歳代,その他,施錠せず
窃盗,自転車盗,船橋,西船橋駅前,122041,千葉県,船橋市,印内町,2023-08-25,12,駐車（輪）場,駐車（輪）場,20歳代,その他,施錠せず
窃盗,自転車盗,船橋,西船橋駅前,122041,千葉県,船橋市,印内町,2023-08-26,07,駐車（輪）場,駐車（輪）場,20歳代,その他,施錠した
窃盗,自転車盗,船橋,西船橋駅前,122041,千葉県,船橋市,印内町,2023-09-05,15,駐車（輪）場,駐車（輪）場,20歳代,その他,施錠せず
窃盗,自転車盗,船橋,西船橋駅前,122041,千葉県,船橋市,印内町,2023-09-22,18,駐車（輪）場,駐車（輪）場,30歳代,その他,施錠した
窃盗,自転車盗,船橋,西船橋駅前,122041,千葉県,船橋市,印内町,2023-09-30,15,駐車（輪）場,駐車（輪）場,20歳代,その他,施錠せず
窃盗,自転車盗,船橋,西船橋駅前,122041,千葉県,船橋市,印内町,2023-10-17,05,駐車（輪）場,駐車（輪）場,20歳代,その他,施錠した
窃盗,自転車盗,船橋,西船橋駅前,122041,千葉県,船橋市,印内町,2023-11-14,19,その他,駐車（輪）場,40歳代,その他,施錠した
窃盗,自転車盗,船橋,西船橋駅前,122041,千葉県,船橋市,印内町,2023-11-17,08,駐車（輪）場,駐車（輪）場,50歳代,その他,施錠せず
窃盗,自転車盗,船橋,西船橋駅前,122041,千葉県,船橋市,印内町,2023-11-28,09,駐車（輪）場,駐車（輪）場,20歳代,その他,施錠せず
窃盗,自転車盗,船橋,西船橋駅前,122041,千葉県,船橋市,印内町,2023-12-18,09,駐車（輪）場,駐車（輪）場,10歳代,その他,施錠した
窃盗,自転車盗,船橋,西船橋駅前,122041,千葉県,船橋市,葛飾町２丁目,2023-02-23,17,駐車（輪）場,駐車（輪）場,30歳代,その他,施錠した
窃盗,自転車盗,船橋,西船橋駅前,122041,千葉県,船橋市,葛飾町２丁目,2023-03-03,06,駐車（輪）場,駐車（輪）場,40歳代,その他,施錠した
窃盗,自転車盗,船橋,西船橋駅前,122041,千葉県,船橋市,葛飾町２丁目,2023-03-06,17,駐車（輪）場,駐車（輪）場,20歳代,その他,施錠した
窃盗,自転車盗,船橋,西船橋駅前,122041,千葉県,船橋市,葛飾町２丁目,2023-03-16,14,駐車（輪）場,駐車（輪）場,20歳代,大学生,施錠せず
窃盗,自転車盗,船橋,西船橋駅前,122041,千葉県,船橋市,葛飾町２丁目,2023-04-06,17,駐車（輪）場,駐車（輪）場,20歳代,大学生,施錠せず
窃盗,自転車盗,船橋,西船橋駅前,122041,千葉県,船橋市,葛飾町２丁目,2023-04-08,08,駐車（輪）場,駐車（輪）場,20歳代,その他,施錠せず
窃盗,自転車盗,船橋,西船橋駅前,122041,千葉県,船橋市,葛飾町２丁目,2023-04-19,20,駐車（輪）場,駐車（輪）場,30歳代,その他,施錠せず
窃盗,自転車盗,船橋,西船橋駅前,122041,千葉県,船橋市,葛飾町２丁目,2023-05-02,06,駐車（輪）場,駐車（輪）場,20歳代,その他,施錠せず
窃盗,自転車盗,船橋,西船橋駅前,122041,千葉県,船橋市,葛飾町２丁目,2023-05-16,08,駐車（輪）場,駐車（輪）場,30歳代,その他,施錠した
窃盗,自転車盗,船橋,西船橋駅前,122041,千葉県,船橋市,葛飾町２丁目,2023-05-25,08,駐車（輪）場,駐車（輪）場,20歳代,その他,施錠せず
窃盗,自転車盗,船橋,西船橋駅前,122041,千葉県,船橋市,葛飾町２丁目,2023-05-30,17,駐車（輪）場,駐車（輪）場,10歳代,中学生,施錠せず
窃盗,自転車盗,船橋,西船橋駅前,122041,千葉県,船橋市,葛飾町２丁目,2023-05-30,17,駐車（輪）場,駐車（輪）場,20歳代,その他,施錠せず
窃盗,自転車盗,船橋,西船橋駅前,122041,千葉県,船橋市,葛飾町２丁目,2023-06-22,17,駐車（輪）場,駐車（輪）場,20歳代,その他,施錠せず
窃盗,自転車盗,船橋,西船橋駅前,122041,千葉県,船橋市,葛飾町２丁目,2023-06-23,05,駐車（輪）場,駐車（輪）場,30歳代,その他,施錠せず
窃盗,自転車盗,船橋,西船橋駅前,122041,千葉県,船橋市,葛飾町２丁目,2023-06-27,18,駐車（輪）場,駐車（輪）場,20歳代,その他,施錠せず
窃盗,自転車盗,船橋,西船橋駅前,122041,千葉県,船橋市,葛飾町２丁目,2023-07-07,08,駐車（輪）場,駐車（輪）場,20歳代,その他,施錠した
窃盗,自転車盗,船橋,西船橋駅前,122041,千葉県,船橋市,葛飾町２丁目,2023-07-11,19,その他の住宅（３階建て以下共同住宅等）,駐車（輪）場,40歳代,その他,施錠した
窃盗,自転車盗,船橋,西船橋駅前,122041,千葉県,船橋市,葛飾町２丁目,2023-07-13,11,駐車（輪）場,駐車（輪）場,10歳代,その他,施錠せず
窃盗,自転車盗,船橋,西船橋駅前,122041,千葉県,船橋市,葛飾町２丁目,2023-07-14,19,４階建て以上共同住宅,駐車（輪）場,10歳代,中学生,施錠せず
窃盗,自転車盗,船橋,西船橋駅前,122041,千葉県,船橋市,葛飾町２丁目,2023-07-19,19,駐車（輪）場,駐車（輪）場,30歳代,その他,施錠した
窃盗,自転車盗,船橋,西船橋駅前,122041,千葉県,船橋市,葛飾町２丁目,2023-07-21,23,駐車（輪）場,駐車（輪）場,10歳代,高校生,施錠せず
窃盗,自転車盗,船橋,西船橋駅前,122041,千葉県,船橋市,葛飾町２丁目,2023-07-22,13,４階建て以上共同住宅,駐車（輪）場,10歳代,その他,施錠せず
窃盗,自転車盗,船橋,西船橋駅前,122041,千葉県,船橋市,葛飾町２丁目,2023-07-28,14,駐車（輪）場,駐車（輪）場,10歳代,大学生,施錠せず
窃盗,自転車盗,船橋,西船橋駅前,122041,千葉県,船橋市,葛飾町２丁目,2023-08-06,08,駐車（輪）場,駐車（輪）場,20歳代,その他,施錠せず
窃盗,自転車盗,船橋,西船橋駅前,122041,千葉県,船橋市,葛飾町２丁目,2023-08-08,21,駐車（輪）場,駐車（輪）場,20歳代,その他,施錠せず
窃盗,自転車盗,船橋,西船橋駅前,122041,千葉県,船橋市,葛飾町２丁目,2023-08-09,09,駐車（輪）場,駐車（輪）場,10歳代,大学生,施錠せず
窃盗,自転車盗,船橋,西船橋駅前,122041,千葉県,船橋市,葛飾町２丁目,2023-08-21,08,駐車（輪）場,駐車（輪）場,30歳代,その他,施錠せず
窃盗,自転車盗,船橋,西船橋駅前,122041,千葉県,船橋市,葛飾町２丁目,2023-08-21,21,駐車（輪）場,駐車（輪）場,20歳代,その他,施錠した
窃盗,自転車盗,船橋,西船橋駅前,122041,千葉県,船橋市,葛飾町２丁目,2023-08-30,19,駐車（輪）場,駐車（輪）場,10歳代,高校生,施錠せず
窃盗,自転車盗,船橋,西船橋駅前,122041,千葉県,船橋市,葛飾町２丁目,2023-09-01,06,駐車（輪）場,駐車（輪）場,20歳代,その他,施錠した
窃盗,自転車盗,船橋,西船橋駅前,122041,千葉県,船橋市,葛飾町２丁目,2023-09-10,21,駐車（輪）場,駐車（輪）場,20歳代,大学生,施錠せず
窃盗,自転車盗,船橋,西船橋駅前,122041,千葉県,船橋市,葛飾町２丁目,2023-09-26,17,駐車（輪）場,駐車（輪）場,10歳代,高校生,施錠せず
窃盗,自転車盗,船橋,西船橋駅前,122041,千葉県,船橋市,葛飾町２丁目,2023-10-11,08,駐車（輪）場,駐車（輪）場,30歳代,その他,施錠した
窃盗,自転車盗,船橋,西船橋駅前,122041,千葉県,船橋市,葛飾町２丁目,2023-11-14,07,駐車（輪）場,駐車（輪）場,20歳代,その他,施錠した
窃盗,自転車盗,船橋,西船橋駅前,122041,千葉県,船橋市,西船１丁目,2023-01-22,14,道路上,その他,10歳代,高校生,施錠せず
窃盗,自転車盗,船橋,西船橋駅前,122041,千葉県,船橋市,西船１丁目,2023-02-26,10,一戸建住宅,駐車（輪）場,70歳以上,その他,施錠せず
窃盗,自転車盗,船橋,西船橋駅前,122041,千葉県,船橋市,西船１丁目,2023-02-26,12,その他の住宅（３階建て以下共同住宅等）,駐車（輪）場,70歳以上,その他,施錠せず
窃盗,自転車盗,船橋,西船橋駅前,122041,千葉県,船橋市,西船１丁目,2023-06-21,19,道路上,その他,50歳代,その他,施錠せず
窃盗,自転車盗,船橋,西船橋駅前,122041,千葉県,船橋市,西船１丁目,2023-07-21,17,道路上,その他,20歳代,大学生,施錠せず
窃盗,自転車盗,船橋,西船橋駅前,122041,千葉県,船橋市,西船１丁目,2023-08-02,05,その他の住宅（３階建て以下共同住宅等）,駐車（輪）場,10歳代,中学生,施錠せず
窃盗,自転車盗,船橋,西船橋駅前,122041,千葉県,船橋市,西船１丁目,2023-09-19,13,その他の住宅（３階建て以下共同住宅等）,駐車（輪）場,20歳代,その他,施錠せず
窃盗,自転車盗,船橋,西船橋駅前,122041,千葉県,船橋市,西船１丁目,2023-10-25,12,一戸建住宅,駐車（輪）場,40歳代,その他,施錠した
窃盗,自転車盗,船橋,西船橋駅前,122041,千葉県,船橋市,西船２丁目,2023-02-14,06,一戸建住宅,駐車（輪）場,40歳代,その他,施錠せず
窃盗,自転車盗,船橋,西船橋駅前,122041,千葉県,船橋市,西船２丁目,2023-09-29,19,その他,駐車（輪）場,70歳以上,その他,施錠せず
窃盗,自転車盗,船橋,西船橋駅前,122041,千葉県,船橋市,西船４丁目,2023-01-01,23,４階建て以上共同住宅,駐車（輪）場,30歳代,その他,施錠した
窃盗,自転車盗,船橋,西船橋駅前,122041,千葉県,船橋市,西船４丁目,2023-01-06,07,その他,駐車（輪）場,10歳代,高校生,施錠した
窃盗,自転車盗,船橋,西船橋駅前,122041,千葉県,船橋市,西船４丁目,2023-01-13,07,駐車（輪）場,駐車（輪）場,50歳代,その他,施錠せず
窃盗,自転車盗,船橋,西船橋駅前,122041,千葉県,船橋市,西船４丁目,2023-01-20,05,駐車（輪）場,駐車（輪）場,30歳代,その他,施錠した
窃盗,自転車盗,船橋,西船橋駅前,122041,千葉県,船橋市,西船４丁目,2023-03-18,15,駐車（輪）場,駐車（輪）場,30歳代,その他,施錠せず
窃盗,自転車盗,船橋,西船橋駅前,122041,千葉県,船橋市,西船４丁目,2023-04-04,00,道路上,その他,30歳代,その他,施錠せず
窃盗,自転車盗,船橋,西船橋駅前,122041,千葉県,船橋市,西船４丁目,2023-04-06,06,駐車（輪）場,駐車（輪）場,50歳代,その他,施錠せず
窃盗,自転車盗,船橋,西船橋駅前,122041,千葉県,船橋市,西船４丁目,2023-04-13,07,駐車（輪）場,駐車（輪）場,30歳代,その他,施錠した
窃盗,自転車盗,船橋,西船橋駅前,122041,千葉県,船橋市,西船４丁目,2023-04-24,09,駐車（輪）場,駐車（輪）場,50歳代,その他,施錠した
窃盗,自転車盗,船橋,西船橋駅前,122041,千葉県,船橋市,西船４丁目,2023-05-18,09,駐車（輪）場,駐車（輪）場,10歳代,大学生,施錠せず
窃盗,自転車盗,船橋,西船橋駅前,122041,千葉県,船橋市,西船４丁目,2023-05-22,09,道路上,その他,10歳代,その他,施錠した
窃盗,自転車盗,船橋,西船橋駅前,122041,千葉県,船橋市,西船４丁目,2023-05-24,15,駐車（輪）場,駐車（輪）場,20歳代,その他,施錠した
窃盗,自転車盗,船橋,西船橋駅前,122041,千葉県,船橋市,西船４丁目,2023-06-05,07,駐車（輪）場,駐車（輪）場,20歳代,その他,施錠せず
窃盗,自転車盗,船橋,西船橋駅前,122041,千葉県,船橋市,西船４丁目,2023-06-14,05,駐車（輪）場,駐車（輪）場,20歳代,その他,施錠せず
窃盗,自転車盗,船橋,西船橋駅前,122041,千葉県,船橋市,西船４丁目,2023-06-26,21,その他,駐車（輪）場,20歳代,その他,施錠せず
窃盗,自転車盗,船橋,西船橋駅前,122041,千葉県,船橋市,西船４丁目,2023-07-06,08,駐車（輪）場,駐車（輪）場,20歳代,その他,施錠せず
窃盗,自転車盗,船橋,西船橋駅前,122041,千葉県,船橋市,西船４丁目,2023-07-15,21,４階建て以上共同住宅,駐車（輪）場,40歳代,その他,施錠した
窃盗,自転車盗,船橋,西船橋駅前,122041,千葉県,船橋市,西船４丁目,2023-07-22,07,駐車（輪）場,駐車（輪）場,10歳代,大学生,施錠せず
窃盗,自転車盗,船橋,西船橋駅前,122041,千葉県,船橋市,西船４丁目,2023-08-04,08,４階建て以上共同住宅,駐車（輪）場,20歳代,その他,施錠した
窃盗,自転車盗,船橋,西船橋駅前,122041,千葉県,船橋市,西船４丁目,2023-08-21,08,駐車（輪）場,駐車（輪）場,10歳代,高校生,施錠せず
窃盗,自転車盗,船橋,西船橋駅前,122041,千葉県,船橋市,西船４丁目,2023-09-01,08,駐車（輪）場,駐車（輪）場,10歳代,高校生,施錠せず
窃盗,自転車盗,船橋,西船橋駅前,122041,千葉県,船橋市,西船４丁目,2023-09-06,07,駐車（輪）場,駐車（輪）場,10歳代,高校生,施錠せず
窃盗,自転車盗,船橋,西船橋駅前,122041,千葉県,船橋市,西船４丁目,2023-09-06,09,駐車（輪）場,駐車（輪）場,30歳代,その他,施錠した
窃盗,自転車盗,船橋,西船橋駅前,122041,千葉県,船橋市,西船４丁目,2023-09-09,13,道路上,その他,10歳代,大学生,施錠した
窃盗,自転車盗,船橋,西船橋駅前,122041,千葉県,船橋市,西船４丁目,2023-09-15,07,駐車（輪）場,駐車（輪）場,10歳代,中学生,施錠した
窃盗,自転車盗,船橋,西船橋駅前,122041,千葉県,船橋市,西船４丁目,2023-09-17,17,駐車（輪）場,駐車（輪）場,20歳代,その他,施錠せず
窃盗,自転車盗,船橋,西船橋駅前,122041,千葉県,船橋市,西船４丁目,2023-09-20,12,道路上,その他,30歳代,その他,施錠せず
窃盗,自転車盗,船橋,西船橋駅前,122041,千葉県,船橋市,西船４丁目,2023-09-22,08,駐車（輪）場,駐車（輪）場,20歳代,その他,施錠した
窃盗,自転車盗,船橋,西船橋駅前,122041,千葉県,船橋市,西船４丁目,2023-09-24,18,４階建て以上共同住宅,駐車（輪）場,20歳代,その他,施錠した
窃盗,自転車盗,船橋,西船橋駅前,122041,千葉県,船橋市,西船４丁目,2023-10-20,07,駐車（輪）場,駐車（輪）場,20歳代,その他,施錠した
窃盗,自転車盗,船橋,西船橋駅前,122041,千葉県,船橋市,西船４丁目,2023-10-20,09,駐車（輪）場,駐車（輪）場,20歳代,その他,施錠せず
窃盗,自転車盗,船橋,西船橋駅前,122041,千葉県,船橋市,西船４丁目,2023-11-01,17,道路上,その他,50歳代,その他,施錠せず
窃盗,自転車盗,船橋,西船橋駅前,122041,千葉県,船橋市,西船４丁目,2023-11-02,23,駐車（輪）場,駐車（輪）場,20歳代,その他,施錠せず
窃盗,自転車盗,船橋,西船橋駅前,122041,千葉県,船橋市,西船４丁目,2023-11-23,08,駐車（輪）場,駐車（輪）場,20歳代,その他,施錠せず
窃盗,自転車盗,船橋,西船橋駅前,122041,千葉県,船橋市,西船４丁目,2023-11-23,12,４階建て以上共同住宅,駐車（輪）場,20歳代,その他,施錠した
窃盗,自転車盗,船橋,西船橋駅前,122041,千葉県,船橋市,西船４丁目,2023-11-26,07,駐車（輪）場,駐車（輪）場,10歳代,高校生,施錠せず
窃盗,自転車盗,船橋,西船橋駅前,122041,千葉県,船橋市,西船４丁目,2023-11-27,06,駐車（輪）場,駐車（輪）場,60-64歳,その他,施錠した
窃盗,自転車盗,船橋,西船橋駅前,122041,千葉県,船橋市,西船４丁目,2023-12-01,06,駐車（輪）場,駐車（輪）場,40歳代,その他,施錠した
窃盗,自転車盗,船橋,西船橋駅前,122041,千葉県,船橋市,西船４丁目,2023-12-18,12,駐車（輪）場,駐車（輪）場,10歳代,高校生,施錠した
窃盗,自転車盗,船橋,西船橋駅前,122041,千葉県,船橋市,西船５丁目,2023-02-14,11,その他,その他,30歳代,その他,施錠した
窃盗,自転車盗,船橋,西船橋駅前,122041,千葉県,船橋市,西船５丁目,2023-07-08,23,道路上,その他,20歳代,その他,施錠せず
窃盗,自転車盗,船橋,西船橋駅前,122041,千葉県,船橋市,西船５丁目,2023-08-10,21,その他,駐車（輪）場,60-64歳,その他,施錠せず
窃盗,自転車盗,船橋,西船橋駅前,122041,千葉県,船橋市,西船６丁目,2023-10-06,13,その他の住宅（３階建て以下共同住宅等）,駐車（輪）場,30歳代,その他,施錠せず
窃盗,自転車盗,船橋,西船橋駅前,122041,千葉県,船橋市,西船６丁目,2023-10-19,17,４階建て以上共同住宅,駐車（輪）場,10歳代,中学生,施錠せず
窃盗,自転車盗,船橋,西船橋駅前,122041,千葉県,船橋市,西船７丁目,2023-01-16,08,その他の住宅（３階建て以下共同住宅等）,駐車（輪）場,20歳代,大学生,施錠せず
窃盗,自転車盗,船橋,西船橋駅前,122041,千葉県,船橋市,西船７丁目,2023-08-04,19,その他の住宅（３階建て以下共同住宅等）,駐車（輪）場,20歳代,その他,施錠せず
窃盗,自転車盗,船橋,西船橋駅前,122041,千葉県,船橋市,東中山１丁目,2023-10-19,13,一戸建住宅,駐車（輪）場,10歳代,高校生,施錠せず
窃盗,自転車盗,船橋,西船橋駅前,122041,千葉県,船橋市,東中山２丁目,2023-01-27,17,その他の住宅（３階建て以下共同住宅等）,駐車（輪）場,20歳代,その他,施錠した
窃盗,自転車盗,船橋,西船橋駅前,122041,千葉県,船橋市,東中山２丁目,2023-02-25,20,その他の住宅（３階建て以下共同住宅等）,駐車（輪）場,40歳代,その他,施錠せず
窃盗,自転車盗,船橋,西船橋駅前,122041,千葉県,船橋市,東中山２丁目,2023-12-14,07,一戸建住宅,その他,10歳代,小学生,施錠せず
窃盗,自転車盗,船橋,西船橋駅前,122041,千葉県,船橋市,二子町,2023-04-17,18,その他の住宅（３階建て以下共同住宅等）,駐車（輪）場,30歳代,その他,施錠せず
窃盗,自転車盗,船橋,西船橋駅前,122041,千葉県,船橋市,二子町,2023-05-03,14,その他,駐車（輪）場,70歳以上,その他,施錠せず
窃盗,自転車盗,船橋,西船橋駅前,122041,千葉県,船橋市,二子町,2023-05-11,11,道路上,その他,30歳代,その他,施錠せず
窃盗,自転車盗,船橋,西船橋駅前,122041,千葉県,船橋市,二子町,2023-07-17,20,４階建て以上共同住宅,駐車（輪）場,30歳代,その他,施錠せず
窃盗,自転車盗,船橋,西船橋駅前,122041,千葉県,船橋市,二子町,2023-08-09,19,４階建て以上共同住宅,駐車（輪）場,10歳代,高校生,施錠せず
窃盗,自転車盗,船橋,西船橋駅前,122041,千葉県,船橋市,二子町,2023-10-16,17,一戸建住宅,その他,30歳代,その他,施錠した
窃盗,自転車盗,船橋,西船橋駅前,122041,千葉県,船橋市,二子町,2023-10-16,22,その他の住宅（３階建て以下共同住宅等）,駐車（輪）場,20歳代,その他,施錠した
窃盗,自転車盗,船橋,西船橋駅前,122041,千葉県,船橋市,本郷町,2023-02-16,23,４階建て以上共同住宅,駐車（輪）場,30歳代,その他,施錠せず
窃盗,自転車盗,船橋,西船橋駅前,122041,千葉県,船橋市,本郷町,2023-04-11,01,道路上,その他,30歳代,その他,施錠した
窃盗,自転車盗,船橋,西船橋駅前,122041,千葉県,船橋市,本郷町,2023-04-21,16,４階建て以上共同住宅,駐車（輪）場,20歳代,その他,施錠せず
窃盗,自転車盗,船橋,西船橋駅前,122041,千葉県,船橋市,本郷町,2023-04-23,12,４階建て以上共同住宅,駐車（輪）場,20歳代,その他,施錠せず
窃盗,自転車盗,船橋,西船橋駅前,122041,千葉県,船橋市,本郷町,2023-04-30,12,４階建て以上共同住宅,駐車（輪）場,10歳代,その他,施錠せず
窃盗,自転車盗,船橋,西船橋駅前,122041,千葉県,船橋市,本郷町,2023-05-26,21,その他,駐車（輪）場,40歳代,その他,施錠せず
窃盗,自転車盗,船橋,西船橋駅前,122041,千葉県,船橋市,本郷町,2023-06-17,12,その他の住宅（３階建て以下共同住宅等）,駐車（輪）場,20歳代,その他,施錠した
窃盗,自転車盗,船橋,西船橋駅前,122041,千葉県,船橋市,本郷町,2023-06-17,12,その他の住宅（３階建て以下共同住宅等）,駐車（輪）場,65-69歳,その他,施錠した
窃盗,自転車盗,船橋,西船橋駅前,122041,千葉県,船橋市,本郷町,2023-06-30,19,４階建て以上共同住宅,駐車（輪）場,40歳代,その他,施錠せず
窃盗,自転車盗,船橋,西船橋駅前,122041,千葉県,船橋市,本郷町,2023-06-30,22,４階建て以上共同住宅,駐車（輪）場,10歳代,高校生,施錠せず
窃盗,自転車盗,船橋,西船橋駅前,122041,千葉県,船橋市,本郷町,2023-09-05,20,４階建て以上共同住宅,駐車（輪）場,20歳代,その他,施錠せず
窃盗,自転車盗,船橋,西船橋駅前,122041,千葉県,船橋市,本郷町,2023-09-15,17,その他の住宅（３階建て以下共同住宅等）,駐車（輪）場,10歳代,中学生,施錠せず
窃盗,自転車盗,船橋,西船橋駅前,122041,千葉県,船橋市,本郷町,2023-09-25,17,その他,駐車（輪）場,10歳代,中学生,施錠せず
窃盗,自転車盗,船橋,西船橋駅前,122041,千葉県,船橋市,本郷町,2023-10-23,21,４階建て以上共同住宅,駐車（輪）場,40歳代,その他,施錠せず
窃盗,自転車盗,船橋,西船橋駅前,122041,千葉県,船橋市,本郷町,2023-10-27,22,その他の住宅（３階建て以下共同住宅等）,駐車（輪）場,10歳代,高校生,施錠した
窃盗,自転車盗,船橋,西船橋駅前,122041,千葉県,船橋市,本郷町,2023-10-29,19,その他の住宅（３階建て以下共同住宅等）,駐車（輪）場,40歳代,その他,施錠した
窃盗,自転車盗,船橋,西船橋駅前,122041,千葉県,船橋市,本郷町,不明,不明,道路上,その他,10歳代,高校生,施錠せず
窃盗,自転車盗,船橋,西船橋駅前,122041,千葉県,船橋市,本郷町,不明,不明,４階建て以上共同住宅,駐車（輪）場,30歳代,その他,施錠した
窃盗,自転車盗,船橋,西船橋駅前,122041,千葉県,船橋市,山野町,2023-01-20,14,その他,駐車（輪）場,60-64歳,その他,施錠せず
窃盗,自転車盗,市川,中国分,122033,千葉県,市川市,北国分４丁目,2023-07-22,14,その他の住宅（３階建て以下共同住宅等）,駐車（輪）場,20歳代,その他,施錠した
窃盗,自転車盗,市川,中国分,122033,千葉県,市川市,国府台５丁目,2023-10-27,19,その他の住宅（３階建て以下共同住宅等）,駐車（輪）場,20歳代,大学生,施錠せず
窃盗,自転車盗,市川,中国分,122033,千葉県,市川市,中国分３丁目,2023-06-24,14,一戸建住宅,その他,50歳代,その他,施錠した
窃盗,自転車盗,市川,中国分,122033,千葉県,市川市,中国分５丁目,2023-09-28,17,一戸建住宅,駐車（輪）場,50歳代,その他,施錠せず
窃盗,自転車盗,市川,中国分,122033,千葉県,市川市,堀之内３丁目,2023-02-15,09,駐車（輪）場,駐車（輪）場,40歳代,その他,施錠した
窃盗,自転車盗,市川,中国分,122033,千葉県,市川市,堀之内３丁目,2023-03-17,11,駐車（輪）場,駐車（輪）場,20歳代,その他,施錠した
窃盗,自転車盗,市川,中国分,122033,千葉県,市川市,堀之内３丁目,2023-03-21,09,駐車（輪）場,駐車（輪）場,30歳代,その他,施錠した
窃盗,自転車盗,市川,中国分,122033,千葉県,市川市,堀之内３丁目,2023-05-09,07,駐車（輪）場,駐車（輪）場,40歳代,その他,施錠せず
窃盗,自転車盗,市川,中国分,122033,千葉県,市川市,堀之内３丁目,2023-07-18,09,駐車（輪）場,駐車（輪）場,10歳代,大学生,施錠せず
窃盗,自転車盗,市川,中国分,122033,千葉県,市川市,堀之内３丁目,2023-08-24,17,駐車（輪）場,駐車（輪）場,20歳代,その他,施錠した
窃盗,自転車盗,市川,中国分,122033,千葉県,市川市,堀之内３丁目,2023-11-03,09,駐車（輪）場,駐車（輪）場,40歳代,その他,施錠した
窃盗,自転車盗,市川,中国分,122033,千葉県,市川市,堀之内４丁目,2023-05-20,19,その他の住宅（３階建て以下共同住宅等）,駐車（輪）場,40歳代,その他,施錠せず
窃盗,自転車盗,市川,中国分,122033,千葉県,市川市,稲越２丁目,2023-09-09,14,その他,その他,10歳代,高校生,施錠せず
窃盗,自転車盗,市川,南八幡,122033,千葉県,市川市,鬼高１丁目,2023-01-03,21,その他,駐車（輪）場,20歳代,その他,施錠せず
窃盗,自転車盗,市川,南八幡,122033,千葉県,市川市,鬼高１丁目,2023-01-06,14,その他,駐車（輪）場,10歳代,中学生,施錠せず
窃盗,自転車盗,市川,南八幡,122033,千葉県,市川市,鬼高１丁目,2023-01-16,13,その他,駐車（輪）場,10歳代,高校生,施錠せず
窃盗,自転車盗,市川,南八幡,122033,千葉県,市川市,鬼高１丁目,2023-01-16,19,その他,駐車（輪）場,10歳代,小学生,施錠せず
窃盗,自転車盗,市川,南八幡,122033,千葉県,市川市,鬼高１丁目,2023-01-21,13,その他,駐車（輪）場,20歳代,大学生,施錠せず
窃盗,自転車盗,市川,南八幡,122033,千葉県,市川市,鬼高１丁目,2023-02-01,18,その他,駐車（輪）場,40歳代,その他,施錠せず
窃盗,自転車盗,市川,南八幡,122033,千葉県,市川市,鬼高１丁目,2023-02-07,不明,その他,駐車（輪）場,30歳代,その他,施錠した
窃盗,自転車盗,市川,南八幡,122033,千葉県,市川市,鬼高１丁目,2023-02-18,14,その他,駐車（輪）場,10歳代,高校生,施錠した
窃盗,自転車盗,市川,南八幡,122033,千葉県,市川市,鬼高１丁目,2023-03-03,10,その他,駐車（輪）場,10歳代,高校生,施錠せず
窃盗,自転車盗,市川,南八幡,122033,千葉県,市川市,鬼高１丁目,2023-03-04,13,その他,駐車（輪）場,10歳代,小学生,施錠せず
窃盗,自転車盗,市川,南八幡,122033,千葉県,市川市,鬼高１丁目,2023-03-19,15,その他,駐車（輪）場,20歳代,大学生,施錠せず
窃盗,自転車盗,市川,南八幡,122033,千葉県,市川市,鬼高１丁目,2023-03-27,14,その他,駐車（輪）場,10歳代,中学生,施錠した
窃盗,自転車盗,市川,南八幡,122033,千葉県,市川市,鬼高１丁目,2023-03-30,20,その他,駐車（輪）場,50歳代,その他,施錠せず
窃盗,自転車盗,市川,南八幡,122033,千葉県,市川市,鬼高１丁目,2023-04-13,10,その他,駐車（輪）場,20歳代,その他,施錠せず
窃盗,自転車盗,市川,南八幡,122033,千葉県,市川市,鬼高１丁目,2023-04-23,09,その他,駐車（輪）場,20歳代,その他,施錠せず
窃盗,自転車盗,市川,南八幡,122033,千葉県,市川市,鬼高１丁目,2023-05-06,16,その他,駐車（輪）場,10歳代,その他,施錠した
窃盗,自転車盗,市川,南八幡,122033,千葉県,市川市,鬼高１丁目,2023-05-16,11,その他,その他,50歳代,その他,施錠せず
窃盗,自転車盗,市川,南八幡,122033,千葉県,市川市,鬼高１丁目,2023-06-08,15,その他,駐車（輪）場,30歳代,その他,施錠せず
窃盗,自転車盗,市川,南八幡,122033,千葉県,市川市,鬼高１丁目,2023-06-16,19,その他,駐車（輪）場,30歳代,その他,施錠せず
窃盗,自転車盗,市川,南八幡,122033,千葉県,市川市,鬼高１丁目,2023-06-27,18,その他,駐車（輪）場,70歳以上,その他,施錠した
窃盗,自転車盗,市川,南八幡,122033,千葉県,市川市,鬼高１丁目,2023-07-12,16,その他,駐車（輪）場,10歳代,中学生,施錠せず
窃盗,自転車盗,市川,南八幡,122033,千葉県,市川市,鬼高１丁目,2023-07-21,08,その他,駐車（輪）場,50歳代,その他,施錠した
窃盗,自転車盗,市川,南八幡,122033,千葉県,市川市,鬼高１丁目,2023-08-21,00,その他の住宅（３階建て以下共同住宅等）,駐車（輪）場,30歳代,その他,施錠せず
窃盗,自転車盗,市川,南八幡,122033,千葉県,市川市,鬼高１丁目,2023-08-27,14,その他,駐車（輪）場,20歳代,その他,施錠せず
窃盗,自転車盗,市川,南八幡,122033,千葉県,市川市,鬼高１丁目,2023-09-13,14,その他,駐車（輪）場,10歳代,小学生,施錠せず
窃盗,自転車盗,市川,南八幡,122033,千葉県,市川市,鬼高１丁目,2023-09-21,16,その他,駐車（輪）場,10歳代,高校生,施錠せず
窃盗,自転車盗,市川,南八幡,122033,千葉県,市川市,鬼高１丁目,2023-09-23,17,その他,駐車（輪）場,10歳代,高校生,施錠せず
窃盗,自転車盗,市川,南八幡,122033,千葉県,市川市,鬼高１丁目,2023-10-05,10,その他,駐車（輪）場,20歳代,大学生,施錠した
窃盗,自転車盗,市川,南八幡,122033,千葉県,市川市,鬼高１丁目,2023-10-22,11,その他,駐車（輪）場,20歳代,大学生,施錠せず
窃盗,自転車盗,市川,南八幡,122033,千葉県,市川市,鬼高１丁目,2023-10-23,19,その他,駐車（輪）場,50歳代,その他,施錠せず
窃盗,自転車盗,市川,南八幡,122033,千葉県,市川市,鬼高１丁目,2023-10-25,13,その他,駐車（輪）場,10歳代,高校生,施錠せず
窃盗,自転車盗,市川,南八幡,122033,千葉県,市川市,鬼高１丁目,2023-10-28,16,その他,駐車（輪）場,10歳代,高校生,施錠せず
窃盗,自転車盗,市川,南八幡,122033,千葉県,市川市,鬼高１丁目,2023-11-06,19,その他,駐車（輪）場,10歳代,中学生,施錠せず
窃盗,自転車盗,市川,南八幡,122033,千葉県,市川市,鬼高１丁目,2023-11-19,18,その他,駐車（輪）場,10歳代,その他,施錠せず
窃盗,自転車盗,市川,南八幡,122033,千葉県,市川市,鬼高１丁目,2023-11-26,17,その他,駐車（輪）場,10歳代,高校生,施錠せず
窃盗,自転車盗,市川,南八幡,122033,千葉県,市川市,鬼高１丁目,2023-12-16,10,その他,駐車（輪）場,70歳以上,その他,施錠した
窃盗,自転車盗,市川,南八幡,122033,千葉県,市川市,鬼高１丁目,2023-12-19,14,その他,駐車（輪）場,10歳代,高校生,施錠せず
窃盗,自転車盗,市川,南八幡,122033,千葉県,市川市,鬼高２丁目,2023-02-16,12,４階建て以上共同住宅,駐車（輪）場,40歳代,その他,施錠した
窃盗,自転車盗,市川,南八幡,122033,千葉県,市川市,鬼高２丁目,2023-06-17,17,その他の住宅（３階建て以下共同住宅等）,その他,70歳以上,その他,施錠せず
窃盗,自転車盗,市川,南八幡,122033,千葉県,市川市,鬼高２丁目,2023-06-24,17,その他の住宅（３階建て以下共同住宅等）,その他,60-64歳,その他,施錠せず
窃盗,自転車盗,市川,南八幡,122033,千葉県,市川市,鬼高２丁目,2023-07-14,22,道路上,その他,70歳以上,その他,施錠せず
窃盗,自転車盗,市川,南八幡,122033,千葉県,市川市,鬼高２丁目,2023-08-15,19,その他の住宅（３階建て以下共同住宅等）,駐車（輪）場,20歳代,その他,施錠せず
窃盗,自転車盗,市川,南八幡,122033,千葉県,市川市,鬼高２丁目,2023-09-28,17,４階建て以上共同住宅,駐車（輪）場,40歳代,その他,施錠せず
窃盗,自転車盗,市川,南八幡,122033,千葉県,市川市,鬼高３丁目,2023-01-04,18,その他,駐車（輪）場,20歳代,その他,施錠せず
窃盗,自転車盗,市川,南八幡,122033,千葉県,市川市,鬼高３丁目,2023-01-04,19,その他,駐車（輪）場,10歳代,高校生,施錠せず
窃盗,自転車盗,市川,南八幡,122033,千葉県,市川市,鬼高３丁目,2023-04-13,16,その他,駐車（輪）場,10歳代,中学生,施錠せず
窃盗,自転車盗,市川,南八幡,122033,千葉県,市川市,鬼高３丁目,2023-05-04,15,その他,駐車（輪）場,10歳代,大学生,施錠した
窃盗,自転車盗,市川,南八幡,122033,千葉県,市川市,鬼高３丁目,2023-05-21,15,４階建て以上共同住宅,駐車（輪）場,40歳代,その他,施錠せず
窃盗,自転車盗,市川,南八幡,122033,千葉県,市川市,鬼高４丁目,2023-02-21,14,その他,駐車（輪）場,20歳代,大学生,施錠せず
窃盗,自転車盗,市川,南八幡,122033,千葉県,市川市,鬼高４丁目,2023-06-06,21,４階建て以上共同住宅,駐車（輪）場,20歳代,その他,施錠せず
窃盗,自転車盗,市川,南八幡,122033,千葉県,市川市,鬼高４丁目,2023-08-23,15,その他,駐車（輪）場,10歳代,高校生,施錠せず
窃盗,自転車盗,市川,南八幡,122033,千葉県,市川市,鬼高４丁目,2023-10-14,02,その他,その他,10歳代,その他,施錠せず
窃盗,自転車盗,市川,南八幡,122033,千葉県,市川市,鬼高４丁目,2023-10-21,15,その他,駐車（輪）場,10歳代,高校生,施錠せず
窃盗,自転車盗,市川,南八幡,122033,千葉県,市川市,鬼高４丁目,2023-10-22,16,その他,駐車（輪）場,10歳代,大学生,施錠せず
窃盗,自転車盗,市川,南八幡,122033,千葉県,市川市,鬼高４丁目,2023-11-13,16,その他,駐車（輪）場,10歳代,高校生,施錠せず
窃盗,自転車盗,市川,南八幡,122033,千葉県,市川市,稲荷木１丁目,2023-02-04,03,道路上,その他,20歳代,大学生,施錠せず
窃盗,自転車盗,市川,南八幡,122033,千葉県,市川市,稲荷木１丁目,2023-04-14,22,その他の住宅（３階建て以下共同住宅等）,駐車（輪）場,30歳代,その他,施錠せず
窃盗,自転車盗,市川,南八幡,122033,千葉県,市川市,稲荷木２丁目,2023-04-15,20,その他の住宅（３階建て以下共同住宅等）,駐車（輪）場,50歳代,その他,施錠した
窃盗,自転車盗,市川,南八幡,122033,千葉県,市川市,稲荷木２丁目,2023-08-07,00,一戸建住宅,その他,10歳代,小学生,施錠せず
窃盗,自転車盗,市川,南八幡,122033,千葉県,市川市,東大和田１丁目,2023-03-27,13,４階建て以上共同住宅,駐車（輪）場,40歳代,その他,施錠せず
窃盗,自転車盗,市川,南八幡,122033,千葉県,市川市,東大和田１丁目,2023-04-12,21,４階建て以上共同住宅,駐車（輪）場,40歳代,その他,施錠せず
窃盗,自転車盗,市川,南八幡,122033,千葉県,市川市,東大和田１丁目,2023-08-18,13,４階建て以上共同住宅,その他,50歳代,その他,施錠せず
窃盗,自転車盗,市川,南八幡,122033,千葉県,市川市,東大和田１丁目,2023-09-15,17,４階建て以上共同住宅,駐車（輪）場,10歳代,その他,施錠せず
窃盗,自転車盗,市川,南八幡,122033,千葉県,市川市,東大和田２丁目,2023-06-11,17,その他,駐車（輪）場,10歳代,中学生,施錠せず
窃盗,自転車盗,市川,南八幡,122033,千葉県,市川市,東大和田２丁目,2023-11-03,14,その他の住宅（３階建て以下共同住宅等）,駐車（輪）場,30歳代,その他,施錠せず
窃盗,自転車盗,市川,南八幡,122033,千葉県,市川市,二俣１丁目,2023-03-03,20,４階建て以上共同住宅,駐車（輪）場,60-64歳,その他,施錠した
窃盗,自転車盗,市川,南八幡,122033,千葉県,市川市,南八幡１丁目,不明,不明,その他の住宅（３階建て以下共同住宅等）,駐車（輪）場,40歳代,その他,施錠せず
窃盗,自転車盗,市川,南八幡,122033,千葉県,市川市,南八幡２丁目,2023-02-10,07,その他,駐車（輪）場,50歳代,その他,施錠した
窃盗,自転車盗,市川,南八幡,122033,千葉県,市川市,南八幡２丁目,2023-11-02,22,その他の住宅（３階建て以下共同住宅等）,駐車（輪）場,30歳代,その他,施錠した
窃盗,自転車盗,市川,南八幡,122033,千葉県,市川市,南八幡３丁目,2022-12-21,21,駐車（輪）場,駐車（輪）場,10歳代,中学生,施錠せず
窃盗,自転車盗,市川,南八幡,122033,千葉県,市川市,南八幡３丁目,2023-03-09,19,その他の住宅（３階建て以下共同住宅等）,駐車（輪）場,20歳代,その他,施錠せず
窃盗,自転車盗,市川,南八幡,122033,千葉県,市川市,南八幡３丁目,2023-04-18,14,その他,駐車（輪）場,20歳代,その他,施錠せず
窃盗,自転車盗,市川,南八幡,122033,千葉県,市川市,南八幡３丁目,2023-06-28,01,４階建て以上共同住宅,駐車（輪）場,40歳代,その他,施錠した
窃盗,自転車盗,市川,南八幡,122033,千葉県,市川市,南八幡３丁目,2023-07-03,18,その他,駐車（輪）場,20歳代,大学生,施錠せず
窃盗,自転車盗,市川,南八幡,122033,千葉県,市川市,南八幡３丁目,2023-08-15,22,４階建て以上共同住宅,駐車（輪）場,20歳代,大学生,施錠せず
窃盗,自転車盗,市川,南八幡,122033,千葉県,市川市,南八幡３丁目,2023-10-20,16,駐車（輪）場,駐車（輪）場,30歳代,その他,施錠した
窃盗,自転車盗,市川,南八幡,122033,千葉県,市川市,南八幡３丁目,2023-12-08,07,駐車（輪）場,駐車（輪）場,10歳代,大学生,施錠した
窃盗,自転車盗,市川,南八幡,122033,千葉県,市川市,南八幡３丁目,2023-12-16,21,４階建て以上共同住宅,駐車（輪）場,50歳代,その他,施錠せず
窃盗,自転車盗,市川,南八幡,122033,千葉県,市川市,南八幡４丁目,2022-12-08,09,道路上,その他,60-64歳,その他,施錠せず
窃盗,自転車盗,市川,南八幡,122033,千葉県,市川市,南八幡４丁目,2023-01-02,14,道路上,その他,20歳代,その他,施錠した
窃盗,自転車盗,市川,南八幡,122033,千葉県,市川市,南八幡４丁目,2023-02-04,22,駐車（輪）場,駐車（輪）場,20歳代,その他,施錠せず
窃盗,自転車盗,市川,南八幡,122033,千葉県,市川市,南八幡４丁目,2023-02-12,18,道路上,その他,20歳代,その他,施錠した
窃盗,自転車盗,市川,南八幡,122033,千葉県,市川市,南八幡４丁目,2023-02-28,10,道路上,その他,30歳代,その他,施錠せず
窃盗,自転車盗,市川,南八幡,122033,千葉県,市川市,南八幡４丁目,2023-02-28,18,駐車（輪）場,駐車（輪）場,10歳代,大学生,施錠せず
窃盗,自転車盗,市川,南八幡,122033,千葉県,市川市,南八幡４丁目,2023-03-11,07,その他,駐車（輪）場,20歳代,その他,施錠せず
窃盗,自転車盗,市川,南八幡,122033,千葉県,市川市,南八幡４丁目,2023-04-21,16,駐車（輪）場,駐車（輪）場,10歳代,小学生,施錠した
窃盗,自転車盗,市川,南八幡,122033,千葉県,市川市,南八幡４丁目,2023-05-17,16,駐車（輪）場,駐車（輪）場,20歳代,大学生,施錠せず
窃盗,自転車盗,市川,南八幡,122033,千葉県,市川市,南八幡４丁目,2023-05-27,17,駐車（輪）場,駐車（輪）場,20歳代,大学生,施錠せず
窃盗,自転車盗,市川,南八幡,122033,千葉県,市川市,南八幡４丁目,2023-05-30,10,４階建て以上共同住宅,その他,20歳代,その他,施錠した
窃盗,自転車盗,市川,南八幡,122033,千葉県,市川市,南八幡４丁目,2023-06-08,18,その他,駐車（輪）場,60-64歳,その他,施錠せず
窃盗,自転車盗,市川,南八幡,122033,千葉県,市川市,南八幡４丁目,2023-06-16,07,駐車（輪）場,駐車（輪）場,50歳代,その他,施錠した
窃盗,自転車盗,市川,南八幡,122033,千葉県,市川市,南八幡４丁目,2023-06-16,21,４階建て以上共同住宅,駐車（輪）場,20歳代,その他,施錠せず
窃盗,自転車盗,市川,南八幡,122033,千葉県,市川市,南八幡４丁目,2023-06-22,08,道路上,その他,30歳代,その他,施錠した
窃盗,自転車盗,市川,南八幡,122033,千葉県,市川市,南八幡４丁目,2023-06-24,13,駐車（輪）場,駐車（輪）場,40歳代,その他,施錠した
窃盗,自転車盗,市川,南八幡,122033,千葉県,市川市,南八幡４丁目,2023-06-30,18,道路上,その他,30歳代,その他,施錠せず
窃盗,自転車盗,市川,南八幡,122033,千葉県,市川市,南八幡４丁目,2023-07-21,21,その他,駐車（輪）場,20歳代,その他,施錠せず
窃盗,自転車盗,市川,南八幡,122033,千葉県,市川市,南八幡４丁目,2023-07-26,19,道路上,その他,20歳代,大学生,施錠した
窃盗,自転車盗,市川,南八幡,122033,千葉県,市川市,南八幡４丁目,2023-08-01,13,その他,駐車（輪）場,30歳代,その他,施錠せず
窃盗,自転車盗,市川,南八幡,122033,千葉県,市川市,南八幡４丁目,2023-08-02,07,駐車（輪）場,駐車（輪）場,10歳代,高校生,施錠せず
窃盗,自転車盗,市川,南八幡,122033,千葉県,市川市,南八幡４丁目,2023-08-03,22,道路上,その他,法人・団体、被害者なし,法人・団体、被害者なし,施錠せず
窃盗,自転車盗,市川,南八幡,122033,千葉県,市川市,南八幡４丁目,2023-08-04,10,駐車（輪）場,駐車（輪）場,20歳代,大学生,施錠せず
窃盗,自転車盗,市川,南八幡,122033,千葉県,市川市,南八幡４丁目,2023-08-04,18,駐車（輪）場,駐車（輪）場,20歳代,その他,施錠せず
窃盗,自転車盗,市川,南八幡,122033,千葉県,市川市,南八幡４丁目,2023-08-08,19,道路上,その他,20歳代,大学生,施錠せず
窃盗,自転車盗,市川,南八幡,122033,千葉県,市川市,南八幡４丁目,2023-08-09,00,道路上,その他,20歳代,大学生,施錠せず
窃盗,自転車盗,市川,南八幡,122033,千葉県,市川市,南八幡４丁目,2023-08-17,21,駐車（輪）場,駐車（輪）場,10歳代,大学生,施錠した
窃盗,自転車盗,市川,南八幡,122033,千葉県,市川市,南八幡４丁目,2023-09-02,14,駐車（輪）場,駐車（輪）場,10歳代,高校生,施錠せず
窃盗,自転車盗,市川,南八幡,122033,千葉県,市川市,南八幡４丁目,2023-09-02,19,駐車（輪）場,駐車（輪）場,20歳代,その他,施錠した
窃盗,自転車盗,市川,南八幡,122033,千葉県,市川市,南八幡４丁目,2023-09-16,10,駐車（輪）場,駐車（輪）場,10歳代,小学生,施錠した
窃盗,自転車盗,市川,南八幡,122033,千葉県,市川市,南八幡４丁目,2023-09-18,07,駐車（輪）場,駐車（輪）場,10歳代,高校生,施錠せず
窃盗,自転車盗,市川,南八幡,122033,千葉県,市川市,南八幡４丁目,2023-09-30,15,駐車（輪）場,駐車（輪）場,60-64歳,その他,施錠せず
窃盗,自転車盗,市川,南八幡,122033,千葉県,市川市,南八幡４丁目,2023-10-01,22,道路上,その他,40歳代,その他,施錠せず
窃盗,自転車盗,市川,南八幡,122033,千葉県,市川市,南八幡４丁目,2023-10-11,06,４階建て以上共同住宅,その他,20歳代,その他,施錠した
窃盗,自転車盗,市川,南八幡,122033,千葉県,市川市,南八幡４丁目,2023-10-30,17,道路上,その他,20歳代,大学生,施錠せず
窃盗,自転車盗,市川,南八幡,122033,千葉県,市川市,南八幡４丁目,2023-10-31,18,駐車（輪）場,駐車（輪）場,20歳代,その他,施錠せず
窃盗,自転車盗,市川,南八幡,122033,千葉県,市川市,南八幡４丁目,2023-11-06,18,その他,駐車（輪）場,10歳代,高校生,施錠せず
窃盗,自転車盗,市川,南八幡,122033,千葉県,市川市,南八幡４丁目,2023-11-11,10,道路上,その他,30歳代,その他,施錠した
窃盗,自転車盗,市川,南八幡,122033,千葉県,市川市,南八幡４丁目,2023-11-18,13,道路上,その他,10歳代,高校生,施錠した
窃盗,自転車盗,市川,南八幡,122033,千葉県,市川市,八幡２丁目,2023-03-02,15,４階建て以上共同住宅,駐車（輪）場,60-64歳,その他,施錠した
窃盗,自転車盗,市川,原木,122033,千葉県,市川市,高谷,2023-06-19,08,その他,駐車（輪）場,10歳代,高校生,施錠せず
窃盗,自転車盗,市川,原木,122033,千葉県,市川市,高谷,2023-07-10,08,その他,駐車（輪）場,10歳代,高校生,施錠せず
窃盗,自転車盗,市川,原木,122033,千葉県,市川市,高谷,2023-07-12,08,その他,駐車（輪）場,10歳代,高校生,施錠した
窃盗,自転車盗,市川,原木,122033,千葉県,市川市,高谷１丁目,2023-08-09,07,その他,駐車（輪）場,20歳代,その他,施錠せず
窃盗,自転車盗,市川,原木,122033,千葉県,市川市,高谷１丁目,2023-11-06,07,駐車（輪）場,駐車（輪）場,10歳代,高校生,施錠した
窃盗,自転車盗,市川,原木,122033,千葉県,市川市,高谷２丁目,2023-06-24,16,その他の住宅（３階建て以下共同住宅等）,駐車（輪）場,20歳代,その他,施錠せず
窃盗,自転車盗,市川,原木,122033,千葉県,市川市,高谷２丁目,2023-11-04,00,一戸建住宅,その他,50歳代,その他,施錠せず
窃盗,自転車盗,市川,原木,122033,千葉県,市川市,高谷２丁目,2023-11-23,20,４階建て以上共同住宅,駐車（輪）場,30歳代,その他,施錠した
窃盗,自転車盗,市川,原木,122033,千葉県,市川市,高谷３丁目,2023-12-06,19,４階建て以上共同住宅,駐車（輪）場,50歳代,その他,施錠せず
窃盗,自転車盗,市川,原木,122033,千葉県,市川市,田尻１丁目,2023-10-14,12,その他,その他,20歳代,大学生,施錠せず
窃盗,自転車盗,市川,原木,122033,千葉県,市川市,田尻２丁目,2023-10-14,16,その他の住宅（３階建て以下共同住宅等）,駐車（輪）場,20歳代,その他,施錠せず
窃盗,自転車盗,市川,原木,122033,千葉県,市川市,田尻３丁目,2023-01-21,18,４階建て以上共同住宅,駐車（輪）場,40歳代,その他,施錠せず
窃盗,自転車盗,市川,原木,122033,千葉県,市川市,田尻３丁目,2023-09-02,19,４階建て以上共同住宅,駐車（輪）場,10歳代,中学生,施錠せず
窃盗,自転車盗,市川,原木,122033,千葉県,市川市,田尻３丁目,2023-09-11,21,４階建て以上共同住宅,駐車（輪）場,10歳代,高校生,施錠せず
窃盗,自転車盗,市川,原木,122033,千葉県,市川市,田尻４丁目,2023-03-16,20,４階建て以上共同住宅,駐車（輪）場,20歳代,その他,施錠せず
窃盗,自転車盗,市川,原木,122033,千葉県,市川市,田尻４丁目,2023-04-09,13,４階建て以上共同住宅,駐車（輪）場,40歳代,その他,施錠した
窃盗,自転車盗,市川,原木,122033,千葉県,市川市,田尻４丁目,2023-08-01,18,その他の住宅（３階建て以下共同住宅等）,駐車（輪）場,20歳代,その他,施錠した
窃盗,自転車盗,市川,原木,122033,千葉県,市川市,田尻４丁目,2023-12-11,18,４階建て以上共同住宅,駐車（輪）場,20歳代,その他,施錠せず
窃盗,自転車盗,市川,原木,122033,千葉県,市川市,田尻４丁目,2023-12-17,17,４階建て以上共同住宅,駐車（輪）場,65-69歳,その他,施錠せず
窃盗,自転車盗,市川,原木,122033,千葉県,市川市,田尻５丁目,2023-01-16,21,その他の住宅（３階建て以下共同住宅等）,その他,20歳代,その他,施錠せず
窃盗,自転車盗,市川,原木,122033,千葉県,市川市,田尻５丁目,2023-05-10,22,その他の住宅（３階建て以下共同住宅等）,駐車（輪）場,20歳代,その他,施錠せず
窃盗,自転車盗,市川,原木,122033,千葉県,市川市,稲荷木２丁目,2023-08-30,17,一戸建住宅,駐車（輪）場,10歳代,高校生,施錠した
窃盗,自転車盗,市川,原木,122033,千葉県,市川市,原木,2023-04-21,09,その他,駐車（輪）場,20歳代,その他,施錠せず
窃盗,自転車盗,市川,原木,122033,千葉県,市川市,原木,2023-07-02,18,その他,駐車（輪）場,50歳代,その他,施錠せず
窃盗,自転車盗,市川,原木,122033,千葉県,市川市,原木,2023-08-08,17,その他,駐車（輪）場,10歳代,その他,施錠した
窃盗,自転車盗,市川,原木,122033,千葉県,市川市,原木１丁目,2023-02-18,17,その他の住宅（３階建て以下共同住宅等）,駐車（輪）場,20歳代,その他,施錠せず
窃盗,自転車盗,市川,原木,122033,千葉県,市川市,原木１丁目,2023-07-01,19,４階建て以上共同住宅,駐車（輪）場,10歳代,大学生,施錠せず
窃盗,自転車盗,市川,原木,122033,千葉県,市川市,原木１丁目,2023-08-25,18,その他の住宅（３階建て以下共同住宅等）,駐車（輪）場,30歳代,その他,施錠した
窃盗,自転車盗,市川,原木,122033,千葉県,市川市,原木１丁目,2023-10-22,22,４階建て以上共同住宅,駐車（輪）場,10歳代,高校生,施錠せず
窃盗,自転車盗,市川,原木,122033,千葉県,市川市,原木１丁目,2023-11-19,19,その他の住宅（３階建て以下共同住宅等）,駐車（輪）場,20歳代,その他,施錠せず
窃盗,自転車盗,市川,原木,122033,千葉県,市川市,原木３丁目,2023-01-20,20,一戸建住宅,駐車（輪）場,10歳代,高校生,施錠せず
窃盗,自転車盗,市川,原木,122033,千葉県,市川市,原木３丁目,2023-05-12,22,一戸建住宅,その他,40歳代,その他,施錠した
窃盗,自転車盗,市川,原木,122033,千葉県,市川市,原木３丁目,2023-06-25,10,その他の住宅（３階建て以下共同住宅等）,駐車（輪）場,30歳代,その他,施錠せず
窃盗,自転車盗,市川,原木,122033,千葉県,市川市,原木３丁目,2023-08-18,15,その他の住宅（３階建て以下共同住宅等）,駐車（輪）場,40歳代,その他,施錠せず
窃盗,自転車盗,市川,原木,122033,千葉県,市川市,原木３丁目,2023-12-04,13,その他の住宅（３階建て以下共同住宅等）,その他,30歳代,その他,施錠せず
窃盗,自転車盗,市川,原木,122033,千葉県,市川市,原木３丁目,不明,不明,その他の住宅（３階建て以下共同住宅等）,駐車（輪）場,20歳代,その他,施錠せず
窃盗,自転車盗,市川,原木,122033,千葉県,市川市,二俣１丁目,2023-02-10,00,その他の住宅（３階建て以下共同住宅等）,駐車（輪）場,20歳代,その他,施錠せず
窃盗,自転車盗,市川,原木,122033,千葉県,市川市,二俣１丁目,2023-04-16,18,４階建て以上共同住宅,駐車（輪）場,10歳代,大学生,施錠せず
窃盗,自転車盗,市川,原木,122033,千葉県,市川市,二俣１丁目,2023-05-05,13,その他の住宅（３階建て以下共同住宅等）,駐車（輪）場,20歳代,その他,施錠せず
窃盗,自転車盗,市川,原木,122033,千葉県,市川市,二俣１丁目,2023-05-10,19,４階建て以上共同住宅,駐車（輪）場,10歳代,中学生,施錠した
窃盗,自転車盗,市川,原木,122033,千葉県,市川市,二俣１丁目,2023-06-30,04,４階建て以上共同住宅,駐車（輪）場,50歳代,その他,施錠せず
窃盗,自転車盗,市川,原木,122033,千葉県,市川市,二俣１丁目,2023-10-24,17,その他の住宅（３階建て以下共同住宅等）,駐車（輪）場,20歳代,その他,施錠せず
窃盗,自転車盗,市川,原木,122033,千葉県,市川市,二俣１丁目,2023-11-30,07,その他の住宅（３階建て以下共同住宅等）,その他,30歳代,その他,施錠した
窃盗,自転車盗,市川,原木,122033,千葉県,市川市,二俣２丁目,2023-07-22,12,その他の住宅（３階建て以下共同住宅等）,駐車（輪）場,20歳代,その他,施錠した
窃盗,自転車盗,市川,原木,122033,千葉県,市川市,二俣２丁目,2023-11-22,10,４階建て以上共同住宅,駐車（輪）場,40歳代,その他,施錠せず
窃盗,自転車盗,市川,原木,122033,千葉県,市川市,二俣２丁目,2023-12-09,11,４階建て以上共同住宅,駐車（輪）場,50歳代,その他,施錠した
窃盗,自転車盗,市川,原木,122033,千葉県,市川市,二俣新町,2023-08-17,18,駐車（輪）場,駐車（輪）場,30歳代,その他,施錠せず
窃盗,自転車盗,市川,国分,122033,千葉県,市川市,国分１丁目,2023-07-10,18,一戸建住宅,その他,50歳代,その他,施錠せず
窃盗,自転車盗,市川,国分,122033,千葉県,市川市,国分３丁目,2023-03-25,08,一戸建住宅,その他,50歳代,その他,施錠せず
窃盗,自転車盗,市川,国分,122033,千葉県,市川市,国分５丁目,2023-02-03,05,一戸建住宅,駐車（輪）場,50歳代,その他,施錠せず
窃盗,自転車盗,市川,国分,122033,千葉県,市川市,国分７丁目,2023-07-15,19,道路上,その他,30歳代,その他,施錠した
窃盗,自転車盗,市川,国分,122033,千葉県,市川市,曽谷１丁目,2023-07-29,22,その他の住宅（３階建て以下共同住宅等）,その他,40歳代,その他,施錠せず
窃盗,自転車盗,市川,国分,122033,千葉県,市川市,曽谷１丁目,2023-09-03,12,一戸建住宅,駐車（輪）場,40歳代,その他,施錠せず
窃盗,自転車盗,市川,国分,122033,千葉県,市川市,曽谷２丁目,2023-02-25,22,その他の住宅（３階建て以下共同住宅等）,駐車（輪）場,20歳代,大学生,施錠せず
窃盗,自転車盗,市川,国分,122033,千葉県,市川市,曽谷２丁目,2023-03-12,16,その他の住宅（３階建て以下共同住宅等）,駐車（輪）場,40歳代,その他,施錠せず
窃盗,自転車盗,市川,国分,122033,千葉県,市川市,曽谷３丁目,2023-07-23,23,一戸建住宅,その他,20歳代,大学生,施錠せず
窃盗,自転車盗,市川,国分,122033,千葉県,市川市,曽谷３丁目,2023-09-07,21,一戸建住宅,駐車（輪）場,10歳代,高校生,施錠せず
窃盗,自転車盗,市川,国分,122033,千葉県,市川市,曽谷４丁目,2023-09-02,13,一戸建住宅,その他,50歳代,その他,施錠した
窃盗,自転車盗,市川,国分,122033,千葉県,市川市,曽谷５丁目,2023-01-08,02,一戸建住宅,その他,20歳代,その他,施錠せず
窃盗,自転車盗,市川,国分,122033,千葉県,市川市,曽谷６丁目,2023-07-08,20,その他,駐車（輪）場,法人・団体、被害者なし,法人・団体、被害者なし,施錠せず
窃盗,自転車盗,市川,国分,122033,千葉県,市川市,曽谷６丁目,2023-07-11,16,一戸建住宅,その他,10歳代,その他,施錠せず
窃盗,自転車盗,市川,国分,122033,千葉県,市川市,曽谷６丁目,2023-07-29,20,一戸建住宅,その他,40歳代,その他,施錠せず
窃盗,自転車盗,市川,国分,122033,千葉県,市川市,曽谷７丁目,2023-01-05,19,その他の住宅（３階建て以下共同住宅等）,駐車（輪）場,50歳代,その他,施錠せず
窃盗,自転車盗,市川,国分,122033,千葉県,市川市,曽谷７丁目,2023-07-20,05,一戸建住宅,駐車（輪）場,10歳代,高校生,施錠せず
窃盗,自転車盗,市川,国分,122033,千葉県,市川市,曽谷７丁目,2023-10-16,15,一戸建住宅,その他,50歳代,その他,施錠せず
窃盗,自転車盗,市川,国分,122033,千葉県,市川市,東国分１丁目,2022-12-30,16,一戸建住宅,その他,10歳代,中学生,施錠せず
窃盗,自転車盗,市川,国分,122033,千葉県,市川市,東国分１丁目,2023-05-28,08,その他,駐車（輪）場,10歳代,高校生,施錠せず
窃盗,自転車盗,市川,国分,122033,千葉県,市川市,堀之内３丁目,2023-04-21,09,駐車（輪）場,駐車（輪）場,40歳代,その他,施錠した
窃盗,自転車盗,市川,国分,122033,千葉県,市川市,稲越１丁目,2023-03-03,18,一戸建住宅,駐車（輪）場,40歳代,その他,施錠した
窃盗,自転車盗,市川,国分,122033,千葉県,市川市,稲越１丁目,2023-10-18,18,一戸建住宅,その他,10歳代,高校生,施錠せず
窃盗,自転車盗,市川,国分,122033,千葉県,市川市,稲越３丁目,2023-05-13,16,その他,駐車（輪）場,10歳代,大学生,施錠した
窃盗,自転車盗,市川,国分,122033,千葉県,市川市,稲越３丁目,2023-09-21,10,一戸建住宅,駐車（輪）場,30歳代,その他,施錠せず
窃盗,自転車盗,市川,国府台,122033,千葉県,市川市,市川２丁目,2023-04-19,12,４階建て以上共同住宅,駐車（輪）場,20歳代,その他,施錠した
窃盗,自転車盗,市川,国府台,122033,千葉県,市川市,市川２丁目,2023-05-10,14,駐車（輪）場,駐車（輪）場,20歳代,その他,施錠した
窃盗,自転車盗,市川,国府台,122033,千葉県,市川市,市川２丁目,2023-06-04,01,４階建て以上共同住宅,駐車（輪）場,20歳代,その他,施錠せず
窃盗,自転車盗,市川,国府台,122033,千葉県,市川市,市川２丁目,2023-06-12,05,駐車（輪）場,駐車（輪）場,10歳代,高校生,施錠せず
窃盗,自転車盗,市川,国府台,122033,千葉県,市川市,市川２丁目,2023-07-12,20,４階建て以上共同住宅,駐車（輪）場,30歳代,その他,施錠せず
窃盗,自転車盗,市川,国府台,122033,千葉県,市川市,市川２丁目,2023-12-01,06,駐車（輪）場,駐車（輪）場,40歳代,その他,施錠せず
窃盗,自転車盗,市川,国府台,122033,千葉県,市川市,市川２丁目,2023-12-22,20,一戸建住宅,駐車（輪）場,10歳代,中学生,施錠した
窃盗,自転車盗,市川,国府台,122033,千葉県,市川市,市川３丁目,2023-01-20,11,駐車（輪）場,駐車（輪）場,10歳代,高校生,施錠せず
窃盗,自転車盗,市川,国府台,122033,千葉県,市川市,市川３丁目,2023-03-04,23,一戸建住宅,その他,20歳代,大学生,施錠せず
窃盗,自転車盗,市川,国府台,122033,千葉県,市川市,市川３丁目,2023-03-09,10,一戸建住宅,その他,10歳代,中学生,施錠せず
窃盗,自転車盗,市川,国府台,122033,千葉県,市川市,市川３丁目,2023-07-18,17,４階建て以上共同住宅,駐車（輪）場,10歳代,小学生,施錠した
窃盗,自転車盗,市川,国府台,122033,千葉県,市川市,市川３丁目,2023-07-19,01,４階建て以上共同住宅,駐車（輪）場,20歳代,大学生,施錠せず
窃盗,自転車盗,市川,国府台,122033,千葉県,市川市,市川３丁目,2023-08-01,18,その他の住宅（３階建て以下共同住宅等）,駐車（輪）場,30歳代,その他,施錠せず
窃盗,自転車盗,市川,国府台,122033,千葉県,市川市,国府台１丁目,2023-05-28,13,その他,駐車（輪）場,10歳代,大学生,施錠せず
窃盗,自転車盗,市川,国府台,122033,千葉県,市川市,国府台１丁目,2023-10-23,09,その他,駐車（輪）場,20歳代,大学生,施錠せず
窃盗,自転車盗,市川,国府台,122033,千葉県,市川市,国府台２丁目,2023-10-28,22,その他,駐車（輪）場,20歳代,大学生,施錠せず
窃盗,自転車盗,市川,国府台,122033,千葉県,市川市,国府台３丁目,2023-03-08,14,一戸建住宅,駐車（輪）場,40歳代,その他,施錠せず
窃盗,自転車盗,市川,国府台,122033,千葉県,市川市,国府台５丁目,2023-06-30,19,４階建て以上共同住宅,駐車（輪）場,20歳代,その他,施錠せず
窃盗,自転車盗,市川,国府台,122033,千葉県,市川市,国府台５丁目,2023-07-06,21,その他の住宅（３階建て以下共同住宅等）,駐車（輪）場,10歳代,大学生,施錠せず
窃盗,自転車盗,市川,国府台,122033,千葉県,市川市,真間２丁目,2023-02-10,22,道路上,その他,30歳代,その他,施錠した
窃盗,自転車盗,市川,国府台,122033,千葉県,市川市,真間４丁目,2023-10-08,09,その他,その他,50歳代,その他,施錠した
窃盗,自転車盗,市川,国府台,122033,千葉県,市川市,真間４丁目,2023-10-27,14,一戸建住宅,その他,20歳代,その他,施錠せず
窃盗,自転車盗,市川,大洲,122033,千葉県,市川市,市川南２丁目,2023-08-15,20,４階建て以上共同住宅,駐車（輪）場,40歳代,その他,施錠した
窃盗,自転車盗,市川,大洲,122033,千葉県,市川市,市川南２丁目,2023-08-18,21,４階建て以上共同住宅,駐車（輪）場,30歳代,その他,施錠した
窃盗,自転車盗,市川,大洲,122033,千葉県,市川市,市川南３丁目,2023-05-17,01,道路上,その他,20歳代,大学生,施錠せず
窃盗,自転車盗,市川,大洲,122033,千葉県,市川市,市川南３丁目,2023-08-18,18,４階建て以上共同住宅,その他,70歳以上,その他,施錠せず
窃盗,自転車盗,市川,大洲,122033,千葉県,市川市,市川南４丁目,2023-02-26,09,道路上,その他,40歳代,その他,施錠した
窃盗,自転車盗,市川,大洲,122033,千葉県,市川市,市川南４丁目,2023-09-18,15,その他の住宅（３階建て以下共同住宅等）,駐車（輪）場,10歳代,高校生,施錠せず
窃盗,自転車盗,市川,大洲,122033,千葉県,市川市,市川南４丁目,不明,不明,一戸建住宅,その他,60-64歳,その他,施錠せず
窃盗,自転車盗,市川,大洲,122033,千葉県,市川市,市川南５丁目,2023-06-07,08,４階建て以上共同住宅,駐車（輪）場,10歳代,大学生,施錠した
窃盗,自転車盗,市川,大洲,122033,千葉県,市川市,大洲１丁目,2023-07-19,22,一戸建住宅,駐車（輪）場,10歳代,高校生,施錠せず
窃盗,自転車盗,市川,大洲,122033,千葉県,市川市,大洲１丁目,2023-08-05,18,その他,その他,10歳代,中学生,施錠せず
窃盗,自転車盗,市川,大洲,122033,千葉県,市川市,大洲１丁目,2023-08-05,18,その他,駐車（輪）場,10歳代,中学生,施錠せず
窃盗,自転車盗,市川,大洲,122033,千葉県,市川市,大洲１丁目,2023-09-29,11,道路上,その他,50歳代,その他,施錠した
窃盗,自転車盗,市川,大洲,122033,千葉県,市川市,大洲４丁目,2023-05-18,21,４階建て以上共同住宅,駐車（輪）場,30歳代,その他,施錠した
窃盗,自転車盗,市川,大洲,122033,千葉県,市川市,大洲４丁目,2023-06-12,17,４階建て以上共同住宅,駐車（輪）場,10歳代,中学生,施錠せず
窃盗,自転車盗,市川,大洲,122033,千葉県,市川市,大洲４丁目,2023-10-26,12,その他の住宅（３階建て以下共同住宅等）,駐車（輪）場,30歳代,その他,施錠した
窃盗,自転車盗,市川,大洲,122033,千葉県,市川市,大和田１丁目,2023-06-16,19,その他,駐車（輪）場,10歳代,中学生,施錠せず
窃盗,自転車盗,市川,大洲,122033,千葉県,市川市,大和田１丁目,2023-08-15,20,その他,駐車（輪）場,30歳代,その他,施錠せず
窃盗,自転車盗,市川,大洲,122033,千葉県,市川市,大和田２丁目,2023-10-22,14,その他の住宅（３階建て以下共同住宅等）,駐車（輪）場,20歳代,その他,施錠せず
窃盗,自転車盗,市川,大洲,122033,千葉県,市川市,大和田３丁目,2023-10-15,07,その他の住宅（３階建て以下共同住宅等）,駐車（輪）場,20歳代,その他,施錠せず
窃盗,自転車盗,市川,大洲,122033,千葉県,市川市,大和田３丁目,2023-10-18,08,その他の住宅（３階建て以下共同住宅等）,駐車（輪）場,30歳代,その他,施錠した
窃盗,自転車盗,市川,大洲,122033,千葉県,市川市,大和田４丁目,2023-04-09,16,その他,駐車（輪）場,40歳代,その他,施錠した
窃盗,自転車盗,市川,大洲,122033,千葉県,市川市,大和田４丁目,2023-04-17,09,一戸建住宅,駐車（輪）場,20歳代,大学生,施錠せず
窃盗,自転車盗,市川,大洲,122033,千葉県,市川市,大和田４丁目,2023-07-23,19,一戸建住宅,その他,10歳代,高校生,施錠せず
窃盗,自転車盗,市川,大洲,122033,千葉県,市川市,大和田４丁目,2023-08-10,19,４階建て以上共同住宅,駐車（輪）場,10歳代,中学生,施錠せず
窃盗,自転車盗,市川,大洲,122033,千葉県,市川市,大和田５丁目,2023-03-05,11,道路上,その他,20歳代,大学生,施錠せず
窃盗,自転車盗,市川,大洲,122033,千葉県,市川市,大和田５丁目,2023-04-01,10,その他の住宅（３階建て以下共同住宅等）,駐車（輪）場,70歳以上,その他,施錠せず
窃盗,自転車盗,市川,大野駅前,122033,千葉県,市川市,大野町２丁目,2023-03-10,17,その他の住宅（３階建て以下共同住宅等）,駐車（輪）場,50歳代,その他,施錠した
窃盗,自転車盗,市川,大野駅前,122033,千葉県,市川市,大野町２丁目,2023-04-12,10,駐車（輪）場,駐車（輪）場,10歳代,中学生,施錠した
窃盗,自転車盗,市川,大野駅前,122033,千葉県,市川市,大野町２丁目,2023-04-16,22,その他の住宅（３階建て以下共同住宅等）,駐車（輪）場,10歳未満,小学生,施錠せず
窃盗,自転車盗,市川,大野駅前,122033,千葉県,市川市,大野町２丁目,2023-04-20,20,一戸建住宅,その他,10歳代,中学生,施錠した
窃盗,自転車盗,市川,大野駅前,122033,千葉県,市川市,大野町２丁目,2023-05-11,08,駐車（輪）場,駐車（輪）場,20歳代,その他,施錠した
窃盗,自転車盗,市川,大野駅前,122033,千葉県,市川市,大野町２丁目,2023-05-12,14,その他の住宅（３階建て以下共同住宅等）,駐車（輪）場,20歳代,その他,施錠せず
窃盗,自転車盗,市川,大野駅前,122033,千葉県,市川市,大野町２丁目,2023-05-19,07,駐車（輪）場,駐車（輪）場,10歳代,中学生,施錠せず
窃盗,自転車盗,市川,大野駅前,122033,千葉県,市川市,大野町２丁目,2023-09-02,06,駐車（輪）場,駐車（輪）場,10歳代,高校生,施錠せず
窃盗,自転車盗,市川,大野駅前,122033,千葉県,市川市,大野町２丁目,2023-10-06,07,駐車（輪）場,駐車（輪）場,70歳以上,その他,施錠した
窃盗,自転車盗,市川,大野駅前,122033,千葉県,市川市,大野町２丁目,2023-10-26,10,駐車（輪）場,駐車（輪）場,20歳代,その他,施錠した
窃盗,自転車盗,市川,大野駅前,122033,千葉県,市川市,大野町３丁目,2023-05-06,11,駐車（輪）場,駐車（輪）場,10歳代,高校生,施錠した
窃盗,自転車盗,市川,大野駅前,122033,千葉県,市川市,大野町３丁目,2023-06-14,15,駐車（輪）場,駐車（輪）場,10歳代,高校生,施錠した
窃盗,自転車盗,市川,大野駅前,122033,千葉県,市川市,大野町３丁目,2023-07-14,23,その他の住宅（３階建て以下共同住宅等）,駐車（輪）場,20歳代,大学生,施錠せず
窃盗,自転車盗,市川,大野駅前,122033,千葉県,市川市,大野町３丁目,2023-10-05,17,駐車（輪）場,駐車（輪）場,10歳代,高校生,施錠せず
窃盗,自転車盗,市川,大野駅前,122033,千葉県,市川市,大野町３丁目,2023-10-10,18,駐車（輪）場,駐車（輪）場,10歳代,高校生,施錠せず
窃盗,自転車盗,市川,大野駅前,122033,千葉県,市川市,大野町３丁目,2023-11-08,16,駐車（輪）場,駐車（輪）場,20歳代,大学生,施錠せず
窃盗,自転車盗,市川,大野駅前,122033,千葉県,市川市,大野町３丁目,2023-11-10,17,駐車（輪）場,駐車（輪）場,10歳代,高校生,施錠せず
窃盗,自転車盗,市川,大野駅前,122033,千葉県,市川市,大野町３丁目,2023-11-27,07,駐車（輪）場,駐車（輪）場,10歳代,大学生,施錠せず
窃盗,自転車盗,市川,大野駅前,122033,千葉県,市川市,大野町４丁目,2023-03-20,00,一戸建住宅,その他,60-64歳,その他,施錠せず
窃盗,自転車盗,市川,大野駅前,122033,千葉県,市川市,大野町４丁目,2023-09-15,22,その他の住宅（３階建て以下共同住宅等）,駐車（輪）場,20歳代,その他,施錠せず
窃盗,自転車盗,市川,大野駅前,122033,千葉県,市川市,大町,2022-12-31,15,その他,駐車（輪）場,10歳代,高校生,施錠せず
窃盗,自転車盗,市川,大野駅前,122033,千葉県,市川市,大町,2023-01-12,07,駐車（輪）場,駐車（輪）場,10歳代,中学生,施錠せず
窃盗,自転車盗,市川,大野駅前,122033,千葉県,市川市,大町,2023-06-05,10,道路上,その他,70歳以上,その他,施錠した
窃盗,自転車盗,市川,大野駅前,122033,千葉県,市川市,大町,2023-06-16,15,駐車（輪）場,駐車（輪）場,40歳代,その他,施錠した
窃盗,自転車盗,市川,大野駅前,122033,千葉県,市川市,大町,2023-12-01,16,その他,駐車（輪）場,10歳代,高校生,施錠せず
窃盗,自転車盗,市川,大野駅前,122033,千葉県,市川市,柏井町３丁目,2023-09-21,18,その他,駐車（輪）場,10歳代,中学生,施錠せず
窃盗,自転車盗,市川,大野駅前,122033,千葉県,市川市,北方町４丁目,2023-10-12,18,４階建て以上共同住宅,駐車（輪）場,70歳以上,その他,施錠せず
窃盗,自転車盗,市川,大野駅前,122033,千葉県,市川市,本北方１丁目,2023-04-22,18,一戸建住宅,駐車（輪）場,10歳代,高校生,施錠せず
窃盗,自転車盗,市川,大野駅前,122033,千葉県,市川市,南大野１丁目,2023-04-22,22,一戸建住宅,その他,10歳代,高校生,施錠せず
窃盗,自転車盗,市川,大野駅前,122033,千葉県,市川市,南大野１丁目,2023-07-05,12,その他の住宅（３階建て以下共同住宅等）,駐車（輪）場,10歳代,高校生,施錠した
窃盗,自転車盗,市川,大野駅前,122033,千葉県,市川市,南大野１丁目,2023-09-02,17,一戸建住宅,駐車（輪）場,30歳代,その他,施錠せず
窃盗,自転車盗,市川,大野駅前,122033,千葉県,市川市,南大野２丁目,2023-03-30,22,４階建て以上共同住宅,駐車（輪）場,10歳代,中学生,施錠した
窃盗,自転車盗,市川,大野駅前,122033,千葉県,市川市,南大野２丁目,2023-04-06,13,４階建て以上共同住宅,駐車（輪）場,10歳代,高校生,施錠せず
窃盗,自転車盗,市川,大野駅前,122033,千葉県,市川市,南大野２丁目,2023-04-06,21,一戸建住宅,その他,10歳代,中学生,施錠せず
窃盗,自転車盗,市川,大野駅前,122033,千葉県,市川市,南大野２丁目,2023-07-26,16,４階建て以上共同住宅,駐車（輪）場,10歳代,高校生,施錠した
窃盗,自転車盗,市川,大野駅前,122033,千葉県,市川市,南大野２丁目,2023-07-26,20,４階建て以上共同住宅,駐車（輪）場,20歳代,その他,施錠した
窃盗,自転車盗,市川,大野駅前,122033,千葉県,市川市,南大野２丁目,2023-08-10,17,４階建て以上共同住宅,駐車（輪）場,10歳代,中学生,施錠せず
窃盗,自転車盗,市川,大野駅前,122033,千葉県,市川市,南大野２丁目,2023-10-21,20,４階建て以上共同住宅,駐車（輪）場,10歳代,中学生,施錠した
窃盗,自転車盗,市川,大野駅前,122033,千葉県,市川市,南大野２丁目,2023-11-17,17,その他,駐車（輪）場,20歳代,その他,施錠せず
窃盗,自転車盗,市川,大野駅前,122033,千葉県,市川市,南大野３丁目,2023-03-18,09,その他の住宅（３階建て以下共同住宅等）,駐車（輪）場,30歳代,その他,施錠した
窃盗,自転車盗,市川,大野駅前,122033,千葉県,市川市,南大野３丁目,2023-04-21,17,その他の住宅（３階建て以下共同住宅等）,その他,40歳代,その他,施錠した
窃盗,自転車盗,市川,大野駅前,122033,千葉県,市川市,南大野３丁目,2023-06-06,13,道路上,その他,10歳代,中学生,施錠した
窃盗,自転車盗,市川,大野駅前,122033,千葉県,市川市,南大野３丁目,2023-07-02,08,その他,駐車（輪）場,30歳代,その他,施錠した
窃盗,自転車盗,市川,大野駅前,122033,千葉県,市川市,南大野３丁目,2023-08-10,16,４階建て以上共同住宅,駐車（輪）場,20歳代,その他,施錠した
窃盗,自転車盗,市川,大野駅前,122033,千葉県,市川市,南大野３丁目,2023-10-26,22,一戸建住宅,駐車（輪）場,20歳代,大学生,施錠せず
窃盗,自転車盗,市川,市川駅前,122033,千葉県,市川市,市川１丁目,2022-12-27,12,その他,駐車（輪）場,20歳代,その他,施錠した
窃盗,自転車盗,市川,市川駅前,122033,千葉県,市川市,市川１丁目,2023-02-04,18,駐車（輪）場,駐車（輪）場,30歳代,その他,施錠せず
窃盗,自転車盗,市川,市川駅前,122033,千葉県,市川市,市川１丁目,2023-03-03,11,その他,駐車（輪）場,40歳代,その他,施錠せず
窃盗,自転車盗,市川,市川駅前,122033,千葉県,市川市,市川１丁目,2023-03-09,19,駐車（輪）場,駐車（輪）場,10歳代,中学生,施錠せず
窃盗,自転車盗,市川,市川駅前,122033,千葉県,市川市,市川１丁目,2023-03-10,18,駐車（輪）場,駐車（輪）場,10歳代,その他,施錠した
窃盗,自転車盗,市川,市川駅前,122033,千葉県,市川市,市川１丁目,2023-03-11,19,４階建て以上共同住宅,駐車（輪）場,20歳代,その他,施錠した
窃盗,自転車盗,市川,市川駅前,122033,千葉県,市川市,市川１丁目,2023-03-21,00,道路上,その他,20歳代,大学生,施錠した
窃盗,自転車盗,市川,市川駅前,122033,千葉県,市川市,市川１丁目,2023-04-10,19,駐車（輪）場,駐車（輪）場,20歳代,その他,施錠せず
窃盗,自転車盗,市川,市川駅前,122033,千葉県,市川市,市川１丁目,2023-04-17,00,道路上,その他,20歳代,その他,施錠せず
窃盗,自転車盗,市川,市川駅前,122033,千葉県,市川市,市川１丁目,2023-05-26,07,駐車（輪）場,駐車（輪）場,50歳代,その他,施錠した
窃盗,自転車盗,市川,市川駅前,122033,千葉県,市川市,市川１丁目,2023-05-30,16,その他,駐車（輪）場,10歳代,高校生,施錠せず
窃盗,自転車盗,市川,市川駅前,122033,千葉県,市川市,市川１丁目,2023-06-01,07,４階建て以上共同住宅,駐車（輪）場,20歳代,その他,施錠した
窃盗,自転車盗,市川,市川駅前,122033,千葉県,市川市,市川１丁目,2023-06-04,01,道路上,その他,10歳代,大学生,施錠せず
窃盗,自転車盗,市川,市川駅前,122033,千葉県,市川市,市川１丁目,2023-06-04,20,駐車（輪）場,駐車（輪）場,50歳代,その他,施錠した
窃盗,自転車盗,市川,市川駅前,122033,千葉県,市川市,市川１丁目,2023-06-09,16,その他の住宅（３階建て以下共同住宅等）,その他,50歳代,その他,施錠せず
窃盗,自転車盗,市川,市川駅前,122033,千葉県,市川市,市川１丁目,2023-06-17,18,駐車（輪）場,駐車（輪）場,10歳代,中学生,施錠せず
窃盗,自転車盗,市川,市川駅前,122033,千葉県,市川市,市川１丁目,2023-06-28,17,駐車（輪）場,駐車（輪）場,10歳代,大学生,施錠せず
窃盗,自転車盗,市川,市川駅前,122033,千葉県,市川市,市川１丁目,2023-07-16,22,その他,駐車（輪）場,50歳代,その他,施錠せず
窃盗,自転車盗,市川,市川駅前,122033,千葉県,市川市,市川１丁目,2023-08-05,10,駐車（輪）場,駐車（輪）場,10歳代,中学生,施錠せず
窃盗,自転車盗,市川,市川駅前,122033,千葉県,市川市,市川１丁目,2023-08-27,16,４階建て以上共同住宅,駐車（輪）場,50歳代,その他,施錠した
窃盗,自転車盗,市川,市川駅前,122033,千葉県,市川市,市川１丁目,2023-08-29,08,道路上,その他,10歳代,中学生,施錠した
窃盗,自転車盗,市川,市川駅前,122033,千葉県,市川市,市川１丁目,2023-09-07,14,駐車（輪）場,駐車（輪）場,20歳代,大学生,施錠せず
窃盗,自転車盗,市川,市川駅前,122033,千葉県,市川市,市川１丁目,2023-09-14,19,駐車（輪）場,駐車（輪）場,10歳代,中学生,施錠せず
窃盗,自転車盗,市川,市川駅前,122033,千葉県,市川市,市川１丁目,2023-09-15,17,駐車（輪）場,駐車（輪）場,10歳代,小学生,施錠せず
窃盗,自転車盗,市川,市川駅前,122033,千葉県,市川市,市川１丁目,2023-09-22,07,駐車（輪）場,駐車（輪）場,10歳代,高校生,施錠せず
窃盗,自転車盗,市川,市川駅前,122033,千葉県,市川市,市川１丁目,2023-10-08,08,駐車（輪）場,駐車（輪）場,20歳代,その他,施錠せず
窃盗,自転車盗,市川,市川駅前,122033,千葉県,市川市,市川１丁目,2023-10-08,12,駐車（輪）場,駐車（輪）場,10歳代,高校生,施錠せず
窃盗,自転車盗,市川,市川駅前,122033,千葉県,市川市,市川１丁目,2023-10-10,21,道路上,その他,10歳代,大学生,施錠せず
窃盗,自転車盗,市川,市川駅前,122033,千葉県,市川市,市川１丁目,2023-10-30,10,駐車（輪）場,駐車（輪）場,65-69歳,その他,施錠した
窃盗,自転車盗,市川,市川駅前,122033,千葉県,市川市,市川１丁目,2023-11-21,13,駐車（輪）場,駐車（輪）場,70歳以上,その他,施錠せず
窃盗,自転車盗,市川,市川駅前,122033,千葉県,市川市,市川１丁目,2023-12-09,11,道路上,その他,20歳代,大学生,施錠した
窃盗,自転車盗,市川,市川駅前,122033,千葉県,市川市,市川１丁目,2023-12-12,14,４階建て以上共同住宅,その他,40歳代,その他,施錠せず
窃盗,自転車盗,市川,市川駅前,122033,千葉県,市川市,市川１丁目,2023-12-16,12,駐車（輪）場,駐車（輪）場,20歳代,その他,施錠せず
窃盗,自転車盗,市川,市川駅前,122033,千葉県,市川市,市川２丁目,2023-03-04,08,駐車（輪）場,駐車（輪）場,20歳代,大学生,施錠した
窃盗,自転車盗,市川,市川駅前,122033,千葉県,市川市,市川２丁目,2023-11-17,15,駐車（輪）場,駐車（輪）場,10歳代,高校生,施錠せず
窃盗,自転車盗,市川,市川駅前,122033,千葉県,市川市,市川南１丁目,2023-01-18,00,道路上,その他,20歳代,その他,施錠した
窃盗,自転車盗,市川,市川駅前,122033,千葉県,市川市,市川南１丁目,2023-02-28,15,４階建て以上共同住宅,その他,50歳代,その他,施錠した
窃盗,自転車盗,市川,市川駅前,122033,千葉県,市川市,市川南１丁目,2023-03-06,22,道路上,その他,30歳代,その他,施錠せず
窃盗,自転車盗,市川,市川駅前,122033,千葉県,市川市,市川南１丁目,2023-03-16,09,駐車（輪）場,駐車（輪）場,30歳代,その他,施錠せず
窃盗,自転車盗,市川,市川駅前,122033,千葉県,市川市,市川南１丁目,2023-03-24,19,その他,駐車（輪）場,10歳代,高校生,施錠せず
窃盗,自転車盗,市川,市川駅前,122033,千葉県,市川市,市川南１丁目,2023-05-07,19,その他,駐車（輪）場,20歳代,その他,施錠せず
窃盗,自転車盗,市川,市川駅前,122033,千葉県,市川市,市川南１丁目,2023-08-05,08,４階建て以上共同住宅,駐車（輪）場,10歳代,高校生,施錠した
窃盗,自転車盗,市川,市川駅前,122033,千葉県,市川市,市川南１丁目,2023-08-05,09,その他の住宅（３階建て以下共同住宅等）,その他,50歳代,その他,施錠した
窃盗,自転車盗,市川,市川駅前,122033,千葉県,市川市,市川南１丁目,2023-08-05,17,４階建て以上共同住宅,駐車（輪）場,10歳代,高校生,施錠した
窃盗,自転車盗,市川,市川駅前,122033,千葉県,市川市,市川南１丁目,2023-08-31,12,４階建て以上共同住宅,駐車（輪）場,20歳代,その他,施錠した
窃盗,自転車盗,市川,市川駅前,122033,千葉県,市川市,市川南１丁目,2023-12-08,22,その他,駐車（輪）場,20歳代,大学生,施錠せず
窃盗,自転車盗,市川,市川駅前,122033,千葉県,市川市,大野町２丁目,2023-11-23,08,駐車（輪）場,駐車（輪）場,20歳代,大学生,施錠せず
窃盗,自転車盗,市川,市川駅前,122033,千葉県,市川市,新田１丁目,2023-07-02,15,その他の住宅（３階建て以下共同住宅等）,駐車（輪）場,40歳代,その他,施錠した
窃盗,自転車盗,市川,市川駅前,122033,千葉県,市川市,新田２丁目,2023-02-21,06,駐車（輪）場,駐車（輪）場,20歳代,その他,施錠せず
窃盗,自転車盗,市川,市川駅前,122033,千葉県,市川市,新田２丁目,2023-04-13,17,一戸建住宅,駐車（輪）場,70歳以上,その他,施錠した
窃盗,自転車盗,市川,市川駅前,122033,千葉県,市川市,新田２丁目,2023-07-27,23,４階建て以上共同住宅,駐車（輪）場,20歳代,その他,施錠した
窃盗,自転車盗,市川,市川駅前,122033,千葉県,市川市,新田２丁目,2023-09-25,22,４階建て以上共同住宅,駐車（輪）場,60-64歳,その他,施錠した
窃盗,自転車盗,市川,市川駅前,122033,千葉県,市川市,新田２丁目,2023-11-03,17,一戸建住宅,その他,40歳代,その他,施錠した
窃盗,自転車盗,市川,市川駅前,122033,千葉県,市川市,新田３丁目,2023-02-16,16,その他,駐車（輪）場,10歳代,その他,施錠した
窃盗,自転車盗,市川,市川駅前,122033,千葉県,市川市,新田３丁目,2023-05-10,16,一戸建住宅,その他,10歳代,中学生,施錠した
窃盗,自転車盗,市川,市川駅前,122033,千葉県,市川市,新田３丁目,2023-07-18,15,一戸建住宅,その他,10歳代,大学生,施錠せず
窃盗,自転車盗,市川,市川駅前,122033,千葉県,市川市,新田３丁目,2023-09-29,21,その他の住宅（３階建て以下共同住宅等）,駐車（輪）場,10歳代,中学生,施錠せず
窃盗,自転車盗,市川,市川駅前,122033,千葉県,市川市,新田４丁目,2023-11-01,18,４階建て以上共同住宅,駐車（輪）場,40歳代,その他,施錠せず
窃盗,自転車盗,市川,市川駅前,122033,千葉県,市川市,新田４丁目,2023-12-16,20,４階建て以上共同住宅,駐車（輪）場,20歳代,その他,施錠せず
窃盗,自転車盗,市川,市川駅前,122033,千葉県,市川市,新田５丁目,2023-03-10,17,その他の住宅（３階建て以下共同住宅等）,その他,20歳代,その他,施錠せず
窃盗,自転車盗,市川,市川駅前,122033,千葉県,市川市,新田５丁目,2023-05-22,00,その他,駐車（輪）場,20歳代,大学生,施錠せず
窃盗,自転車盗,市川,市川駅前,122033,千葉県,市川市,新田５丁目,2023-07-19,13,４階建て以上共同住宅,駐車（輪）場,40歳代,その他,施錠した
窃盗,自転車盗,市川,市川駅前,122033,千葉県,市川市,新田５丁目,2023-08-02,17,駐車（輪）場,駐車（輪）場,50歳代,その他,施錠した
窃盗,自転車盗,市川,市川駅前,122033,千葉県,市川市,新田５丁目,2023-08-09,19,４階建て以上共同住宅,その他,20歳代,その他,施錠した
窃盗,自転車盗,市川,市川駅前,122033,千葉県,市川市,新田５丁目,2023-11-02,12,その他の住宅（３階建て以下共同住宅等）,駐車（輪）場,10歳代,小学生,施錠した
窃盗,自転車盗,市川,市川駅前,122033,千葉県,市川市,新田５丁目,2023-12-09,17,その他,駐車（輪）場,10歳代,高校生,施錠した
窃盗,自転車盗,市川,本八幡,122033,千葉県,市川市,鬼高１丁目,2023-10-15,14,その他,駐車（輪）場,10歳代,高校生,施錠した
窃盗,自転車盗,市川,本八幡,122033,千葉県,市川市,平田１丁目,2023-02-01,23,一戸建住宅,駐車（輪）場,50歳代,その他,施錠せず
窃盗,自転車盗,市川,本八幡,122033,千葉県,市川市,平田１丁目,2023-04-22,19,４階建て以上共同住宅,駐車（輪）場,30歳代,その他,施錠せず
窃盗,自転車盗,市川,本八幡,122033,千葉県,市川市,平田１丁目,2023-05-14,16,一戸建住宅,駐車（輪）場,30歳代,その他,施錠せず
窃盗,自転車盗,市川,本八幡,122033,千葉県,市川市,平田１丁目,2023-07-03,21,一戸建住宅,その他,40歳代,その他,施錠した
窃盗,自転車盗,市川,本八幡,122033,千葉県,市川市,平田１丁目,2023-09-14,18,その他,駐車（輪）場,10歳代,高校生,施錠せず
窃盗,自転車盗,市川,本八幡,122033,千葉県,市川市,平田２丁目,2023-06-13,16,その他の住宅（３階建て以下共同住宅等）,駐車（輪）場,20歳代,その他,施錠せず
窃盗,自転車盗,市川,本八幡,122033,千葉県,市川市,平田２丁目,2023-08-18,19,一戸建住宅,その他,10歳代,高校生,施錠せず
窃盗,自転車盗,市川,本八幡,122033,千葉県,市川市,平田２丁目,2023-10-26,18,その他の住宅（３階建て以下共同住宅等）,駐車（輪）場,20歳代,その他,施錠した
窃盗,自転車盗,市川,本八幡,122033,千葉県,市川市,平田３丁目,2023-01-09,13,その他の住宅（３階建て以下共同住宅等）,その他,30歳代,その他,施錠せず
窃盗,自転車盗,市川,本八幡,122033,千葉県,市川市,平田３丁目,2023-02-17,06,道路上,その他,70歳以上,その他,施錠せず
窃盗,自転車盗,市川,本八幡,122033,千葉県,市川市,平田３丁目,2023-03-05,17,４階建て以上共同住宅,駐車（輪）場,30歳代,その他,施錠せず
窃盗,自転車盗,市川,本八幡,122033,千葉県,市川市,平田３丁目,2023-08-12,23,その他,その他,法人・団体、被害者なし,法人・団体、被害者なし,施錠せず
窃盗,自転車盗,市川,本八幡,122033,千葉県,市川市,南八幡２丁目,2023-01-20,22,４階建て以上共同住宅,その他,50歳代,その他,施錠せず
窃盗,自転車盗,市川,本八幡,122033,千葉県,市川市,南八幡２丁目,2023-03-14,23,道路上,その他,40歳代,その他,施錠せず
窃盗,自転車盗,市川,本八幡,122033,千葉県,市川市,南八幡３丁目,2023-07-28,06,道路上,その他,50歳代,その他,施錠した
窃盗,自転車盗,市川,本八幡,122033,千葉県,市川市,南八幡３丁目,2023-09-07,19,駐車（輪）場,駐車（輪）場,10歳代,高校生,施錠せず
窃盗,自転車盗,市川,本八幡,122033,千葉県,市川市,八幡１丁目,2023-02-03,11,駐車（輪）場,駐車（輪）場,20歳代,その他,施錠した
窃盗,自転車盗,市川,本八幡,122033,千葉県,市川市,八幡１丁目,2023-05-02,08,その他,駐車（輪）場,30歳代,その他,施錠した
窃盗,自転車盗,市川,本八幡,122033,千葉県,市川市,八幡１丁目,2023-06-17,10,駐車（輪）場,駐車（輪）場,20歳代,大学生,施錠せず
窃盗,自転車盗,市川,本八幡,122033,千葉県,市川市,八幡１丁目,2023-08-07,08,その他,駐車（輪）場,50歳代,その他,施錠した
窃盗,自転車盗,市川,本八幡,122033,千葉県,市川市,八幡１丁目,2023-10-17,07,駐車（輪）場,駐車（輪）場,10歳代,高校生,施錠せず
窃盗,自転車盗,市川,本八幡,122033,千葉県,市川市,八幡１丁目,2023-12-01,18,その他,駐車（輪）場,30歳代,その他,施錠した
窃盗,自転車盗,市川,本八幡,122033,千葉県,市川市,八幡２丁目,2023-01-27,18,その他,駐車（輪）場,20歳代,その他,施錠せず
窃盗,自転車盗,市川,本八幡,122033,千葉県,市川市,八幡２丁目,2023-02-03,07,その他,駐車（輪）場,10歳代,高校生,施錠せず
窃盗,自転車盗,市川,本八幡,122033,千葉県,市川市,八幡２丁目,2023-02-05,13,駐車（輪）場,駐車（輪）場,10歳代,高校生,施錠せず
窃盗,自転車盗,市川,本八幡,122033,千葉県,市川市,八幡２丁目,2023-02-06,17,その他,駐車（輪）場,30歳代,その他,施錠せず
窃盗,自転車盗,市川,本八幡,122033,千葉県,市川市,八幡２丁目,2023-03-16,07,駐車（輪）場,駐車（輪）場,40歳代,その他,施錠せず
窃盗,自転車盗,市川,本八幡,122033,千葉県,市川市,八幡２丁目,2023-04-23,10,駐車（輪）場,駐車（輪）場,10歳代,高校生,施錠せず
窃盗,自転車盗,市川,本八幡,122033,千葉県,市川市,八幡２丁目,2023-05-04,12,駐車（輪）場,駐車（輪）場,10歳代,中学生,施錠せず
窃盗,自転車盗,市川,本八幡,122033,千葉県,市川市,八幡２丁目,2023-05-12,10,その他,その他,40歳代,その他,施錠した
窃盗,自転車盗,市川,本八幡,122033,千葉県,市川市,八幡２丁目,2023-05-20,17,駐車（輪）場,駐車（輪）場,10歳代,高校生,施錠せず
窃盗,自転車盗,市川,本八幡,122033,千葉県,市川市,八幡２丁目,2023-06-02,10,４階建て以上共同住宅,駐車（輪）場,30歳代,その他,施錠せず
窃盗,自転車盗,市川,本八幡,122033,千葉県,市川市,八幡２丁目,2023-06-11,18,駐車（輪）場,駐車（輪）場,20歳代,その他,施錠した
窃盗,自転車盗,市川,本八幡,122033,千葉県,市川市,八幡２丁目,2023-06-23,16,道路上,その他,30歳代,その他,施錠した
窃盗,自転車盗,市川,本八幡,122033,千葉県,市川市,八幡２丁目,2023-06-25,10,駐車（輪）場,駐車（輪）場,10歳代,高校生,施錠した
窃盗,自転車盗,市川,本八幡,122033,千葉県,市川市,八幡２丁目,2023-07-09,23,一戸建住宅,駐車（輪）場,40歳代,その他,施錠せず
窃盗,自転車盗,市川,本八幡,122033,千葉県,市川市,八幡２丁目,2023-08-09,10,駐車（輪）場,駐車（輪）場,20歳代,大学生,施錠せず
窃盗,自転車盗,市川,本八幡,122033,千葉県,市川市,八幡２丁目,2023-08-12,06,駐車（輪）場,駐車（輪）場,20歳代,その他,施錠した
窃盗,自転車盗,市川,本八幡,122033,千葉県,市川市,八幡２丁目,2023-08-15,17,４階建て以上共同住宅,駐車（輪）場,10歳代,小学生,施錠せず
窃盗,自転車盗,市川,本八幡,122033,千葉県,市川市,八幡２丁目,2023-08-17,15,駐車（輪）場,駐車（輪）場,50歳代,その他,施錠した
窃盗,自転車盗,市川,本八幡,122033,千葉県,市川市,八幡２丁目,2023-09-01,18,駐車（輪）場,駐車（輪）場,10歳代,その他,施錠した
窃盗,自転車盗,市川,本八幡,122033,千葉県,市川市,八幡２丁目,2023-09-02,08,駐車（輪）場,駐車（輪）場,20歳代,大学生,施錠せず
窃盗,自転車盗,市川,本八幡,122033,千葉県,市川市,八幡２丁目,2023-10-28,15,道路上,その他,20歳代,その他,施錠せず
窃盗,自転車盗,市川,本八幡,122033,千葉県,市川市,八幡２丁目,2023-11-15,07,駐車（輪）場,駐車（輪）場,10歳代,大学生,施錠せず
窃盗,自転車盗,市川,本八幡,122033,千葉県,市川市,八幡２丁目,2023-11-22,14,駐車（輪）場,駐車（輪）場,20歳代,その他,施錠した
窃盗,自転車盗,市川,本八幡,122033,千葉県,市川市,八幡２丁目,2023-11-28,22,４階建て以上共同住宅,駐車（輪）場,20歳代,その他,施錠せず
窃盗,自転車盗,市川,本八幡,122033,千葉県,市川市,八幡３丁目,2022-12-22,06,駐車（輪）場,駐車（輪）場,50歳代,その他,施錠した
窃盗,自転車盗,市川,本八幡,122033,千葉県,市川市,八幡３丁目,2023-01-19,19,道路上,その他,10歳代,中学生,施錠せず
窃盗,自転車盗,市川,本八幡,122033,千葉県,市川市,八幡３丁目,2023-02-11,08,駐車（輪）場,駐車（輪）場,20歳代,大学生,施錠した
窃盗,自転車盗,市川,本八幡,122033,千葉県,市川市,八幡３丁目,2023-03-05,12,駐車（輪）場,駐車（輪）場,70歳以上,その他,施錠した
窃盗,自転車盗,市川,本八幡,122033,千葉県,市川市,八幡３丁目,2023-03-30,18,道路上,その他,10歳代,高校生,施錠せず
窃盗,自転車盗,市川,本八幡,122033,千葉県,市川市,八幡３丁目,2023-04-19,15,駐車（輪）場,駐車（輪）場,10歳代,高校生,施錠せず
窃盗,自転車盗,市川,本八幡,122033,千葉県,市川市,八幡３丁目,2023-05-09,17,駐車（輪）場,駐車（輪）場,10歳代,高校生,施錠した
窃盗,自転車盗,市川,本八幡,122033,千葉県,市川市,八幡３丁目,2023-05-14,10,駐車（輪）場,駐車（輪）場,40歳代,その他,施錠せず
窃盗,自転車盗,市川,本八幡,122033,千葉県,市川市,八幡３丁目,2023-05-19,09,駐車（輪）場,駐車（輪）場,20歳代,その他,施錠せず
窃盗,自転車盗,市川,本八幡,122033,千葉県,市川市,八幡３丁目,2023-06-06,18,駐車（輪）場,駐車（輪）場,20歳代,その他,施錠した
窃盗,自転車盗,市川,本八幡,122033,千葉県,市川市,八幡３丁目,2023-06-09,16,道路上,その他,10歳代,大学生,施錠した
窃盗,自転車盗,市川,本八幡,122033,千葉県,市川市,八幡３丁目,2023-06-15,06,駐車（輪）場,駐車（輪）場,20歳代,その他,施錠せず
窃盗,自転車盗,市川,本八幡,122033,千葉県,市川市,八幡３丁目,2023-06-22,08,駐車（輪）場,駐車（輪）場,40歳代,その他,施錠した
窃盗,自転車盗,市川,本八幡,122033,千葉県,市川市,八幡３丁目,2023-08-01,13,その他,駐車（輪）場,10歳代,中学生,施錠せず
窃盗,自転車盗,市川,本八幡,122033,千葉県,市川市,八幡３丁目,2023-08-03,18,４階建て以上共同住宅,駐車（輪）場,30歳代,その他,施錠した
窃盗,自転車盗,市川,本八幡,122033,千葉県,市川市,八幡３丁目,2023-08-08,11,駐車（輪）場,駐車（輪）場,20歳代,その他,施錠した
窃盗,自転車盗,市川,本八幡,122033,千葉県,市川市,八幡３丁目,2023-08-10,07,駐車（輪）場,駐車（輪）場,20歳代,大学生,施錠せず
窃盗,自転車盗,市川,本八幡,122033,千葉県,市川市,八幡３丁目,2023-08-13,09,駐車（輪）場,駐車（輪）場,20歳代,その他,施錠せず
窃盗,自転車盗,市川,本八幡,122033,千葉県,市川市,八幡３丁目,2023-08-15,11,その他,駐車（輪）場,20歳代,大学生,施錠せず
窃盗,自転車盗,市川,本八幡,122033,千葉県,市川市,八幡３丁目,2023-08-31,01,道路上,その他,20歳代,その他,施錠せず
窃盗,自転車盗,市川,本八幡,122033,千葉県,市川市,八幡３丁目,2023-10-09,00,その他の住宅（３階建て以下共同住宅等）,駐車（輪）場,20歳代,その他,施錠せず
窃盗,自転車盗,市川,本八幡,122033,千葉県,市川市,八幡３丁目,2023-10-17,04,駐車（輪）場,駐車（輪）場,30歳代,その他,施錠せず
窃盗,自転車盗,市川,本八幡,122033,千葉県,市川市,八幡３丁目,2023-10-17,15,駐車（輪）場,駐車（輪）場,10歳代,高校生,施錠せず
窃盗,自転車盗,市川,本八幡,122033,千葉県,市川市,八幡３丁目,2023-10-18,07,駐車（輪）場,駐車（輪）場,10歳代,高校生,施錠せず
窃盗,自転車盗,市川,本八幡,122033,千葉県,市川市,八幡３丁目,2023-11-01,14,その他,駐車（輪）場,50歳代,その他,施錠せず
窃盗,自転車盗,市川,本八幡,122033,千葉県,市川市,八幡３丁目,2023-11-03,01,駐車（輪）場,駐車（輪）場,40歳代,その他,施錠した
窃盗,自転車盗,市川,本八幡,122033,千葉県,市川市,八幡３丁目,2023-11-08,15,駐車（輪）場,駐車（輪）場,30歳代,その他,施錠した
窃盗,自転車盗,市川,本八幡,122033,千葉県,市川市,八幡３丁目,2023-11-14,07,駐車（輪）場,駐車（輪）場,20歳代,その他,施錠せず
窃盗,自転車盗,市川,本八幡,122033,千葉県,市川市,八幡３丁目,2023-11-20,07,駐車（輪）場,駐車（輪）場,20歳代,その他,施錠した
窃盗,自転車盗,市川,本八幡,122033,千葉県,市川市,八幡３丁目,2023-12-20,09,駐車（輪）場,駐車（輪）場,10歳代,大学生,施錠せず
窃盗,自転車盗,市川,本八幡,122033,千葉県,市川市,八幡４丁目,2023-01-01,09,その他,その他,10歳代,高校生,施錠せず
窃盗,自転車盗,市川,本八幡,122033,千葉県,市川市,八幡４丁目,2023-03-13,12,一戸建住宅,その他,70歳以上,その他,施錠せず
窃盗,自転車盗,市川,本八幡,122033,千葉県,市川市,八幡５丁目,2023-10-03,16,その他の住宅（３階建て以下共同住宅等）,駐車（輪）場,30歳代,その他,施錠せず
窃盗,自転車盗,市川,本八幡,122033,千葉県,市川市,八幡６丁目,2023-03-10,10,一戸建住宅,駐車（輪）場,40歳代,その他,施錠せず
窃盗,自転車盗,市川,本八幡,122033,千葉県,市川市,八幡６丁目,2023-07-22,11,道路上,その他,70歳以上,その他,施錠せず
窃盗,自転車盗,市川,本八幡,122033,千葉県,市川市,八幡６丁目,2023-07-28,21,一戸建住宅,その他,50歳代,その他,施錠せず
窃盗,自転車盗,市川,本八幡,122033,千葉県,市川市,八幡６丁目,2023-10-31,22,一戸建住宅,その他,20歳代,その他,施錠せず
窃盗,自転車盗,市川,本八幡,122033,千葉県,市川市,八幡６丁目,2023-11-01,10,その他の住宅（３階建て以下共同住宅等）,駐車（輪）場,70歳以上,その他,施錠せず
窃盗,自転車盗,市川,柏井,122033,千葉県,市川市,柏井町１丁目,2023-10-24,22,その他,駐車（輪）場,10歳代,その他,施錠せず
窃盗,自転車盗,市川,柏井,122033,千葉県,市川市,柏井町２丁目,2023-06-06,11,一戸建住宅,その他,10歳代,中学生,施錠せず
窃盗,自転車盗,市川,柏井,122033,千葉県,市川市,柏井町２丁目,2023-12-22,19,道路上,その他,10歳代,その他,施錠した
窃盗,自転車盗,市川,柏井,122033,千葉県,市川市,柏井町３丁目,2023-06-07,17,道路上,その他,10歳代,中学生,施錠した
窃盗,自転車盗,市川,柏井,122033,千葉県,市川市,北方町４丁目,2023-07-23,20,一戸建住宅,駐車（輪）場,10歳代,大学生,施錠せず
窃盗,自転車盗,市川,柏井,122033,千葉県,市川市,北方町４丁目,2023-08-21,16,道路上,その他,50歳代,その他,施錠せず
窃盗,自転車盗,市川,柏井,122033,千葉県,市川市,北方町４丁目,2023-11-01,18,その他の住宅（３階建て以下共同住宅等）,駐車（輪）場,20歳代,その他,施錠した
窃盗,自転車盗,市川,柏井,122033,千葉県,市川市,北方町４丁目,2023-11-18,12,道路上,その他,10歳代,小学生,施錠せず
窃盗,自転車盗,市川,柏井,122033,千葉県,市川市,北方町４丁目,2023-11-30,16,その他,駐車（輪）場,10歳代,高校生,施錠せず
窃盗,自転車盗,市川,柏井,122033,千葉県,市川市,北方町４丁目,2023-12-14,00,４階建て以上共同住宅,駐車（輪）場,40歳代,その他,施錠せず
窃盗,自転車盗,市川,柏井,122033,千葉県,市川市,南大野３丁目,2023-08-25,21,その他の住宅（３階建て以下共同住宅等）,駐車（輪）場,50歳代,その他,施錠した
窃盗,自転車盗,市川,真間,122033,千葉県,市川市,菅野５丁目,2023-08-01,15,一戸建住宅,その他,10歳代,高校生,施錠せず
窃盗,自転車盗,市川,真間,122033,千葉県,市川市,菅野５丁目,2023-10-06,22,一戸建住宅,駐車（輪）場,40歳代,その他,施錠せず
窃盗,自転車盗,市川,真間,122033,千葉県,市川市,菅野６丁目,2023-06-18,23,その他の住宅（３階建て以下共同住宅等）,その他,20歳代,その他,施錠せず
窃盗,自転車盗,市川,真間,122033,千葉県,市川市,須和田１丁目,2023-06-16,22,その他の住宅（３階建て以下共同住宅等）,駐車（輪）場,30歳代,その他,施錠せず
窃盗,自転車盗,市川,真間,122033,千葉県,市川市,須和田１丁目,2023-07-24,19,その他の住宅（３階建て以下共同住宅等）,駐車（輪）場,20歳代,その他,施錠せず
窃盗,自転車盗,市川,真間,122033,千葉県,市川市,須和田１丁目,2023-08-16,19,一戸建住宅,駐車（輪）場,20歳代,その他,施錠せず
窃盗,自転車盗,市川,真間,122033,千葉県,市川市,須和田１丁目,2023-10-06,19,一戸建住宅,その他,10歳代,その他,施錠せず
窃盗,自転車盗,市川,真間,122033,千葉県,市川市,真間１丁目,2023-05-14,18,その他の住宅（３階建て以下共同住宅等）,駐車（輪）場,30歳代,その他,施錠した
窃盗,自転車盗,市川,真間,122033,千葉県,市川市,真間１丁目,2023-08-12,05,駐車（輪）場,駐車（輪）場,10歳代,大学生,施錠した
窃盗,自転車盗,市川,真間,122033,千葉県,市川市,真間１丁目,2023-09-23,14,駐車（輪）場,駐車（輪）場,10歳代,高校生,施錠せず
窃盗,自転車盗,市川,真間,122033,千葉県,市川市,真間１丁目,2023-10-03,16,一戸建住宅,駐車（輪）場,40歳代,その他,施錠した
窃盗,自転車盗,市川,真間,122033,千葉県,市川市,真間２丁目,2023-10-01,22,道路上,その他,30歳代,その他,施錠した
窃盗,自転車盗,市川,若宮,122033,千葉県,市川市,鬼越１丁目,2022-11-05,23,道路上,その他,30歳代,その他,施錠せず
窃盗,自転車盗,市川,若宮,122033,千葉県,市川市,鬼越１丁目,2023-05-02,19,道路上,その他,20歳代,その他,施錠せず
窃盗,自転車盗,市川,若宮,122033,千葉県,市川市,鬼越１丁目,2023-05-16,09,道路上,その他,20歳代,その他,施錠した
窃盗,自転車盗,市川,若宮,122033,千葉県,市川市,鬼越１丁目,2023-06-07,11,その他の住宅（３階建て以下共同住宅等）,駐車（輪）場,20歳代,大学生,施錠せず
窃盗,自転車盗,市川,若宮,122033,千葉県,市川市,鬼越１丁目,2023-06-24,06,道路上,その他,10歳代,高校生,施錠せず
窃盗,自転車盗,市川,若宮,122033,千葉県,市川市,鬼越１丁目,2023-06-26,11,その他,駐車（輪）場,30歳代,その他,施錠せず
窃盗,自転車盗,市川,若宮,122033,千葉県,市川市,鬼越１丁目,2023-07-09,12,道路上,その他,10歳代,高校生,施錠せず
窃盗,自転車盗,市川,若宮,122033,千葉県,市川市,鬼越１丁目,2023-08-03,16,道路上,その他,20歳代,大学生,施錠せず
窃盗,自転車盗,市川,若宮,122033,千葉県,市川市,鬼越１丁目,2023-08-17,10,一戸建住宅,駐車（輪）場,50歳代,その他,施錠せず
窃盗,自転車盗,市川,若宮,122033,千葉県,市川市,鬼越２丁目,2023-11-24,15,一戸建住宅,その他,60-64歳,その他,施錠せず
窃盗,自転車盗,市川,若宮,122033,千葉県,市川市,北方２丁目,2023-05-16,19,その他の住宅（３階建て以下共同住宅等）,その他,50歳代,その他,施錠せず
窃盗,自転車盗,市川,若宮,122033,千葉県,市川市,北方３丁目,2023-03-24,09,その他の住宅（３階建て以下共同住宅等）,その他,20歳代,その他,施錠せず
窃盗,自転車盗,市川,若宮,122033,千葉県,市川市,北方３丁目,2023-06-01,18,その他の住宅（３階建て以下共同住宅等）,その他,10歳代,小学生,施錠せず
窃盗,自転車盗,市川,若宮,122033,千葉県,市川市,北方３丁目,2023-06-01,23,その他の住宅（３階建て以下共同住宅等）,その他,10歳代,中学生,施錠せず
窃盗,自転車盗,市川,若宮,122033,千葉県,市川市,北方３丁目,2023-10-19,20,一戸建住宅,駐車（輪）場,60-64歳,その他,施錠せず
窃盗,自転車盗,市川,若宮,122033,千葉県,市川市,中山３丁目,2023-09-18,19,一戸建住宅,駐車（輪）場,40歳代,その他,施錠した
窃盗,自転車盗,市川,若宮,122033,千葉県,市川市,中山４丁目,2023-09-23,23,一戸建住宅,駐車（輪）場,10歳代,高校生,施錠せず
窃盗,自転車盗,市川,若宮,122033,千葉県,市川市,本北方１丁目,2023-10-26,15,一戸建住宅,駐車（輪）場,40歳代,その他,施錠せず
窃盗,自転車盗,市川,若宮,122033,千葉県,市川市,本北方１丁目,2023-11-09,06,一戸建住宅,その他,20歳代,大学生,施錠せず
窃盗,自転車盗,市川,若宮,122033,千葉県,市川市,本北方２丁目,2023-04-16,17,その他の住宅（３階建て以下共同住宅等）,駐車（輪）場,50歳代,その他,施錠せず
窃盗,自転車盗,市川,若宮,122033,千葉県,市川市,本北方２丁目,2023-06-26,12,その他,駐車（輪）場,10歳代,高校生,施錠せず
窃盗,自転車盗,市川,若宮,122033,千葉県,市川市,本北方２丁目,2023-07-31,13,４階建て以上共同住宅,駐車（輪）場,10歳代,高校生,施錠せず
窃盗,自転車盗,市川,若宮,122033,千葉県,市川市,本北方３丁目,2023-06-29,17,一戸建住宅,駐車（輪）場,30歳代,その他,施錠した
窃盗,自転車盗,市川,若宮,122033,千葉県,市川市,若宮１丁目,2023-11-01,19,その他の住宅（３階建て以下共同住宅等）,駐車（輪）場,20歳代,その他,施錠せず
窃盗,自転車盗,市川,若宮,122033,千葉県,市川市,若宮２丁目,2023-06-25,17,その他,駐車（輪）場,20歳代,その他,施錠せず
窃盗,自転車盗,市川,若宮,122033,千葉県,市川市,若宮３丁目,2023-10-26,21,一戸建住宅,その他,40歳代,その他,施錠せず
窃盗,自転車盗,市川,菅野,122033,千葉県,市川市,下貝塚１丁目,2023-11-17,20,一戸建住宅,駐車（輪）場,10歳代,中学生,施錠せず
窃盗,自転車盗,市川,菅野,122033,千葉県,市川市,下貝塚１丁目,2023-11-28,16,その他の住宅（３階建て以下共同住宅等）,駐車（輪）場,20歳代,その他,施錠せず
窃盗,自転車盗,市川,菅野,122033,千葉県,市川市,菅野１丁目,2023-07-28,14,４階建て以上共同住宅,駐車（輪）場,70歳以上,その他,施錠した
窃盗,自転車盗,市川,菅野,122033,千葉県,市川市,菅野２丁目,2023-05-14,22,一戸建住宅,その他,50歳代,その他,施錠せず
窃盗,自転車盗,市川,菅野,122033,千葉県,市川市,菅野２丁目,2023-09-17,06,道路上,その他,20歳代,その他,施錠せず
窃盗,自転車盗,市川,菅野,122033,千葉県,市川市,菅野５丁目,2023-07-28,18,一戸建住宅,その他,10歳代,高校生,施錠せず
窃盗,自転車盗,市川,菅野,122033,千葉県,市川市,菅野５丁目,2023-08-02,19,一戸建住宅,駐車（輪）場,10歳代,中学生,施錠せず
窃盗,自転車盗,市川,菅野,122033,千葉県,市川市,菅野５丁目,2023-11-22,17,道路上,その他,10歳代,大学生,施錠せず
窃盗,自転車盗,市川,菅野,122033,千葉県,市川市,東国分１丁目,2023-12-16,21,４階建て以上共同住宅,駐車（輪）場,65-69歳,その他,施錠した
窃盗,自転車盗,市川,菅野,122033,千葉県,市川市,東菅野１丁目,2022-10-15,09,その他の住宅（３階建て以下共同住宅等）,駐車（輪）場,20歳代,その他,施錠した
窃盗,自転車盗,市川,菅野,122033,千葉県,市川市,東菅野１丁目,2023-10-11,11,４階建て以上共同住宅,駐車（輪）場,50歳代,その他,施錠した
窃盗,自転車盗,市川,菅野,122033,千葉県,市川市,東菅野２丁目,2023-06-26,11,一戸建住宅,その他,50歳代,その他,施錠せず
窃盗,自転車盗,市川,菅野,122033,千葉県,市川市,東菅野２丁目,2023-06-30,08,その他,駐車（輪）場,10歳代,高校生,施錠した
窃盗,自転車盗,市川,菅野,122033,千葉県,市川市,東菅野２丁目,2023-07-15,21,その他,駐車（輪）場,40歳代,その他,施錠した
窃盗,自転車盗,市川,菅野,122033,千葉県,市川市,東菅野２丁目,2023-07-21,18,一戸建住宅,その他,40歳代,その他,施錠せず
窃盗,自転車盗,市川,菅野,122033,千葉県,市川市,東菅野２丁目,2023-08-17,20,その他の住宅（３階建て以下共同住宅等）,駐車（輪）場,40歳代,その他,施錠せず
窃盗,自転車盗,市川,菅野,122033,千葉県,市川市,東菅野２丁目,2023-09-07,06,その他,駐車（輪）場,10歳代,高校生,施錠せず
窃盗,自転車盗,市川,菅野,122033,千葉県,市川市,東菅野２丁目,2023-09-24,12,その他,駐車（輪）場,10歳代,高校生,施錠せず
窃盗,自転車盗,市川,菅野,122033,千葉県,市川市,東菅野２丁目,2023-09-28,21,一戸建住宅,駐車（輪）場,30歳代,その他,施錠せず
窃盗,自転車盗,市川,菅野,122033,千葉県,市川市,東菅野２丁目,2023-11-18,08,その他,駐車（輪）場,40歳代,その他,施錠した
窃盗,自転車盗,市川,菅野,122033,千葉県,市川市,東菅野２丁目,2023-11-30,08,その他,駐車（輪）場,30歳代,その他,施錠した
窃盗,自転車盗,市川,菅野,122033,千葉県,市川市,東菅野３丁目,2023-03-13,23,その他の住宅（３階建て以下共同住宅等）,駐車（輪）場,20歳代,その他,施錠せず
窃盗,自転車盗,市川,菅野,122033,千葉県,市川市,東菅野３丁目,2023-08-10,19,４階建て以上共同住宅,駐車（輪）場,20歳代,大学生,施錠せず
窃盗,自転車盗,市川,菅野,122033,千葉県,市川市,東菅野４丁目,2023-05-27,17,一戸建住宅,その他,40歳代,その他,施錠せず
窃盗,自転車盗,市川,菅野,122033,千葉県,市川市,東菅野５丁目,2022-12-30,19,その他の住宅（３階建て以下共同住宅等）,駐車（輪）場,60-64歳,その他,施錠した
窃盗,自転車盗,市川,菅野,122033,千葉県,市川市,東菅野５丁目,2023-03-11,21,道路上,その他,10歳代,高校生,施錠せず
窃盗,自転車盗,市川,菅野,122033,千葉県,市川市,東菅野５丁目,2023-11-27,13,その他,駐車（輪）場,40歳代,その他,施錠せず
窃盗,自転車盗,市川,菅野,122033,千葉県,市川市,平田１丁目,2023-09-10,17,その他,駐車（輪）場,10歳代,高校生,施錠せず
窃盗,自転車盗,市川,菅野,122033,千葉県,市川市,宮久保１丁目,2023-02-10,21,一戸建住宅,その他,50歳代,その他,施錠した
窃盗,自転車盗,市川,菅野,122033,千葉県,市川市,宮久保１丁目,2023-07-09,07,道路上,その他,50歳代,その他,施錠した
窃盗,自転車盗,市川,菅野,122033,千葉県,市川市,宮久保１丁目,2023-07-12,18,道路上,その他,40歳代,その他,施錠した
窃盗,自転車盗,市川,菅野,122033,千葉県,市川市,宮久保１丁目,2023-08-02,09,その他,駐車（輪）場,50歳代,その他,施錠せず
窃盗,自転車盗,市川,菅野,122033,千葉県,市川市,宮久保１丁目,2023-09-07,11,その他の住宅（３階建て以下共同住宅等）,駐車（輪）場,50歳代,その他,施錠した
窃盗,自転車盗,市川,菅野,122033,千葉県,市川市,宮久保１丁目,2023-11-11,14,道路上,その他,10歳代,中学生,施錠せず
窃盗,自転車盗,市川,菅野,122033,千葉県,市川市,宮久保２丁目,2023-06-01,23,一戸建住宅,駐車（輪）場,30歳代,その他,施錠せず
窃盗,自転車盗,市川,菅野,122033,千葉県,市川市,宮久保３丁目,2023-09-11,00,その他,駐車（輪）場,20歳代,大学生,施錠せず
窃盗,自転車盗,市川,菅野,122033,千葉県,市川市,宮久保３丁目,2023-10-11,19,一戸建住宅,駐車（輪）場,40歳代,その他,施錠せず
窃盗,自転車盗,市川,菅野,122033,千葉県,市川市,宮久保４丁目,2023-03-11,18,その他,駐車（輪）場,20歳代,その他,施錠せず
窃盗,自転車盗,市川,菅野,122033,千葉県,市川市,宮久保４丁目,2023-07-31,13,一戸建住宅,その他,10歳代,小学生,施錠した
窃盗,自転車盗,市川,菅野,122033,千葉県,市川市,八幡２丁目,2023-03-18,11,その他,その他,70歳以上,その他,施錠せず
窃盗,自転車盗,市川,菅野,122033,千葉県,市川市,八幡３丁目,2023-03-27,08,その他,駐車（輪）場,30歳代,その他,施錠した
窃盗,自転車盗,浦安,富士見,122271,千葉県,浦安市,東野１丁目,2023-05-06,07,その他の住宅（３階建て以下共同住宅等）,駐車（輪）場,30歳代,その他,施錠した
窃盗,自転車盗,浦安,富士見,122271,千葉県,浦安市,東野１丁目,2023-05-25,16,道路上,その他,30歳代,その他,施錠せず
窃盗,自転車盗,浦安,富士見,122271,千葉県,浦安市,東野１丁目,2023-05-25,17,その他の住宅（３階建て以下共同住宅等）,駐車（輪）場,40歳代,その他,施錠せず
窃盗,自転車盗,浦安,富士見,122271,千葉県,浦安市,東野１丁目,2023-08-07,18,その他,駐車（輪）場,10歳代,中学生,施錠した
窃盗,自転車盗,浦安,富士見,122271,千葉県,浦安市,東野１丁目,2023-08-22,12,その他,駐車（輪）場,40歳代,その他,施錠せず
窃盗,自転車盗,浦安,富士見,122271,千葉県,浦安市,東野２丁目,2023-05-26,18,その他の住宅（３階建て以下共同住宅等）,駐車（輪）場,30歳代,その他,施錠した
窃盗,自転車盗,浦安,富士見,122271,千葉県,浦安市,東野２丁目,2023-07-31,16,その他,駐車（輪）場,10歳代,中学生,施錠せず
窃盗,自転車盗,浦安,富士見,122271,千葉県,浦安市,東野２丁目,2023-09-06,15,その他,駐車（輪）場,70歳以上,その他,施錠した
窃盗,自転車盗,浦安,富士見,122271,千葉県,浦安市,東野２丁目,2023-09-16,09,その他,駐車（輪）場,10歳代,高校生,施錠した
窃盗,自転車盗,浦安,富士見,122271,千葉県,浦安市,東野２丁目,2023-10-10,17,４階建て以上共同住宅,駐車（輪）場,10歳代,高校生,施錠せず
窃盗,自転車盗,浦安,富士見,122271,千葉県,浦安市,東野３丁目,2023-05-22,08,その他,駐車（輪）場,10歳代,高校生,施錠せず
窃盗,自転車盗,浦安,富士見,122271,千葉県,浦安市,東野３丁目,2023-06-07,21,その他,駐車（輪）場,20歳代,その他,施錠せず
窃盗,自転車盗,浦安,富士見,122271,千葉県,浦安市,東野３丁目,2023-10-07,12,その他,駐車（輪）場,10歳代,中学生,施錠せず
窃盗,自転車盗,浦安,富士見,122271,千葉県,浦安市,堀江１丁目,2023-06-18,17,一戸建住宅,駐車（輪）場,30歳代,その他,施錠した
窃盗,自転車盗,浦安,富士見,122271,千葉県,浦安市,堀江１丁目,2023-06-18,23,一戸建住宅,その他,50歳代,その他,施錠した
窃盗,自転車盗,浦安,富士見,122271,千葉県,浦安市,堀江１丁目,2023-08-02,21,４階建て以上共同住宅,駐車（輪）場,20歳代,その他,施錠した
窃盗,自転車盗,浦安,富士見,122271,千葉県,浦安市,堀江１丁目,2023-10-17,19,４階建て以上共同住宅,駐車（輪）場,20歳代,その他,施錠した
窃盗,自転車盗,浦安,富士見,122271,千葉県,浦安市,堀江２丁目,2023-08-06,22,４階建て以上共同住宅,駐車（輪）場,50歳代,その他,施錠せず
窃盗,自転車盗,浦安,富士見,122271,千葉県,浦安市,堀江２丁目,2023-10-24,01,４階建て以上共同住宅,駐車（輪）場,40歳代,その他,施錠した
窃盗,自転車盗,浦安,富士見,122271,千葉県,浦安市,堀江２丁目,2023-11-06,19,一戸建住宅,その他,40歳代,その他,施錠せず
窃盗,自転車盗,浦安,富士見,122271,千葉県,浦安市,堀江２丁目,2023-11-11,11,４階建て以上共同住宅,駐車（輪）場,20歳代,その他,施錠せず
窃盗,自転車盗,浦安,富士見,122271,千葉県,浦安市,堀江３丁目,2023-02-03,17,４階建て以上共同住宅,駐車（輪）場,30歳代,その他,施錠せず
窃盗,自転車盗,浦安,富士見,122271,千葉県,浦安市,堀江３丁目,2023-03-25,22,４階建て以上共同住宅,駐車（輪）場,20歳代,その他,施錠せず
窃盗,自転車盗,浦安,富士見,122271,千葉県,浦安市,堀江４丁目,2023-07-15,01,一戸建住宅,その他,40歳代,その他,施錠せず
窃盗,自転車盗,浦安,富士見,122271,千葉県,浦安市,堀江４丁目,2023-08-26,16,４階建て以上共同住宅,駐車（輪）場,40歳代,その他,施錠せず
窃盗,自転車盗,浦安,富士見,122271,千葉県,浦安市,堀江４丁目,2023-10-21,22,４階建て以上共同住宅,駐車（輪）場,10歳代,中学生,施錠せず
窃盗,自転車盗,浦安,富士見,122271,千葉県,浦安市,堀江４丁目,2023-10-23,17,一戸建住宅,その他,40歳代,その他,施錠せず
窃盗,自転車盗,浦安,富士見,122271,千葉県,浦安市,堀江４丁目,2023-10-23,19,一戸建住宅,その他,30歳代,その他,施錠せず
窃盗,自転車盗,浦安,富士見,122271,千葉県,浦安市,堀江４丁目,2023-11-16,19,４階建て以上共同住宅,駐車（輪）場,40歳代,その他,施錠した
窃盗,自転車盗,浦安,富士見,122271,千葉県,浦安市,堀江４丁目,2023-12-20,14,４階建て以上共同住宅,駐車（輪）場,65-69歳,その他,施錠せず
窃盗,自転車盗,浦安,富士見,122271,千葉県,浦安市,堀江５丁目,2022-12-31,18,一戸建住宅,その他,50歳代,その他,施錠した
窃盗,自転車盗,浦安,富士見,122271,千葉県,浦安市,堀江５丁目,2023-01-07,18,道路上,その他,40歳代,その他,施錠せず
窃盗,自転車盗,浦安,富士見,122271,千葉県,浦安市,堀江５丁目,2023-06-13,14,４階建て以上共同住宅,駐車（輪）場,50歳代,その他,施錠せず
窃盗,自転車盗,浦安,富士見,122271,千葉県,浦安市,堀江５丁目,2023-06-27,21,その他の住宅（３階建て以下共同住宅等）,駐車（輪）場,50歳代,その他,施錠した
窃盗,自転車盗,浦安,富士見,122271,千葉県,浦安市,堀江５丁目,2023-08-25,17,４階建て以上共同住宅,その他,50歳代,その他,施錠した
窃盗,自転車盗,浦安,富士見,122271,千葉県,浦安市,堀江６丁目,2023-05-25,16,一戸建住宅,駐車（輪）場,40歳代,その他,施錠した
窃盗,自転車盗,浦安,富士見,122271,千葉県,浦安市,堀江６丁目,2023-06-04,09,その他の住宅（３階建て以下共同住宅等）,駐車（輪）場,20歳代,その他,施錠せず
窃盗,自転車盗,浦安,富士見,122271,千葉県,浦安市,堀江６丁目,2023-07-13,09,道路上,その他,20歳代,その他,施錠せず
窃盗,自転車盗,浦安,富士見,122271,千葉県,浦安市,堀江６丁目,2023-08-20,18,道路上,その他,20歳代,その他,施錠せず
窃盗,自転車盗,浦安,富士見,122271,千葉県,浦安市,富士見１丁目,2023-07-23,21,一戸建住宅,その他,10歳代,高校生,施錠した
窃盗,自転車盗,浦安,富士見,122271,千葉県,浦安市,富士見１丁目,2023-08-10,17,道路上,その他,70歳以上,その他,施錠した
窃盗,自転車盗,浦安,富士見,122271,千葉県,浦安市,富士見１丁目,2023-08-30,22,４階建て以上共同住宅,駐車（輪）場,20歳代,その他,施錠せず
窃盗,自転車盗,浦安,富士見,122271,千葉県,浦安市,富士見１丁目,2023-11-12,17,その他,駐車（輪）場,10歳代,高校生,施錠した
窃盗,自転車盗,浦安,富士見,122271,千葉県,浦安市,富士見２丁目,2023-07-24,15,４階建て以上共同住宅,駐車（輪）場,20歳代,その他,施錠せず
窃盗,自転車盗,浦安,富士見,122271,千葉県,浦安市,富士見２丁目,2023-08-04,01,４階建て以上共同住宅,駐車（輪）場,40歳代,その他,施錠した
窃盗,自転車盗,浦安,富士見,122271,千葉県,浦安市,富士見２丁目,2023-09-01,18,４階建て以上共同住宅,駐車（輪）場,20歳代,その他,施錠せず
窃盗,自転車盗,浦安,富士見,122271,千葉県,浦安市,富士見２丁目,2023-10-24,08,その他,その他,40歳代,その他,施錠せず
窃盗,自転車盗,浦安,富士見,122271,千葉県,浦安市,富士見２丁目,2023-11-02,22,４階建て以上共同住宅,駐車（輪）場,40歳代,その他,施錠した
窃盗,自転車盗,浦安,富士見,122271,千葉県,浦安市,富士見２丁目,2023-11-06,17,４階建て以上共同住宅,駐車（輪）場,30歳代,その他,施錠した
窃盗,自転車盗,浦安,富士見,122271,千葉県,浦安市,富士見２丁目,2023-11-14,21,４階建て以上共同住宅,その他,30歳代,その他,施錠した
窃盗,自転車盗,浦安,富士見,122271,千葉県,浦安市,富士見３丁目,2023-05-29,18,一戸建住宅,駐車（輪）場,30歳代,その他,施錠せず
窃盗,自転車盗,浦安,富士見,122271,千葉県,浦安市,富士見３丁目,2023-06-03,14,その他の住宅（３階建て以下共同住宅等）,駐車（輪）場,20歳代,その他,施錠せず
窃盗,自転車盗,浦安,富士見,122271,千葉県,浦安市,富士見３丁目,2023-10-16,18,４階建て以上共同住宅,駐車（輪）場,10歳代,中学生,施錠した
窃盗,自転車盗,浦安,富士見,122271,千葉県,浦安市,富士見３丁目,2023-10-30,18,その他,その他,40歳代,その他,施錠せず
窃盗,自転車盗,浦安,富士見,122271,千葉県,浦安市,富士見３丁目,2023-11-07,19,４階建て以上共同住宅,駐車（輪）場,30歳代,その他,施錠した
窃盗,自転車盗,浦安,富士見,122271,千葉県,浦安市,富士見３丁目,2023-11-27,14,４階建て以上共同住宅,駐車（輪）場,10歳代,大学生,施錠した
窃盗,自転車盗,浦安,富士見,122271,千葉県,浦安市,富士見３丁目,2023-12-03,16,４階建て以上共同住宅,駐車（輪）場,20歳代,その他,施錠せず
窃盗,自転車盗,浦安,富士見,122271,千葉県,浦安市,富士見３丁目,2023-12-09,22,その他,駐車（輪）場,20歳代,その他,施錠せず
窃盗,自転車盗,浦安,富士見,122271,千葉県,浦安市,富士見３丁目,2023-12-24,20,４階建て以上共同住宅,駐車（輪）場,40歳代,その他,施錠した
窃盗,自転車盗,浦安,富士見,122271,千葉県,浦安市,富士見４丁目,2022-12-28,00,４階建て以上共同住宅,駐車（輪）場,20歳代,その他,施錠せず
窃盗,自転車盗,浦安,富士見,122271,千葉県,浦安市,富士見４丁目,2023-06-18,22,４階建て以上共同住宅,駐車（輪）場,10歳代,小学生,施錠した
窃盗,自転車盗,浦安,富士見,122271,千葉県,浦安市,富士見４丁目,2023-06-25,15,４階建て以上共同住宅,駐車（輪）場,20歳代,その他,施錠せず
窃盗,自転車盗,浦安,富士見,122271,千葉県,浦安市,富士見４丁目,2023-10-14,20,道路上,その他,30歳代,その他,施錠せず
窃盗,自転車盗,浦安,富士見,122271,千葉県,浦安市,富士見４丁目,2023-10-23,20,道路上,その他,30歳代,その他,施錠せず
窃盗,自転車盗,浦安,富岡,122271,千葉県,浦安市,今川１丁目,2023-09-27,16,４階建て以上共同住宅,駐車（輪）場,50歳代,大学生,施錠した
窃盗,自転車盗,浦安,富岡,122271,千葉県,浦安市,今川１丁目,2023-11-01,13,４階建て以上共同住宅,駐車（輪）場,20歳代,その他,施錠した
窃盗,自転車盗,浦安,富岡,122271,千葉県,浦安市,今川２丁目,2022-09-30,19,その他の住宅（３階建て以下共同住宅等）,駐車（輪）場,30歳代,その他,施錠した
窃盗,自転車盗,浦安,富岡,122271,千葉県,浦安市,今川２丁目,2023-01-20,12,その他の住宅（３階建て以下共同住宅等）,駐車（輪）場,20歳代,その他,施錠した
窃盗,自転車盗,浦安,富岡,122271,千葉県,浦安市,今川２丁目,2023-01-23,17,その他の住宅（３階建て以下共同住宅等）,駐車（輪）場,20歳代,その他,施錠した
窃盗,自転車盗,浦安,富岡,122271,千葉県,浦安市,今川２丁目,2023-07-27,23,４階建て以上共同住宅,駐車（輪）場,30歳代,その他,施錠せず
窃盗,自転車盗,浦安,富岡,122271,千葉県,浦安市,今川２丁目,2023-12-01,21,４階建て以上共同住宅,駐車（輪）場,20歳代,その他,施錠せず
窃盗,自転車盗,浦安,富岡,122271,千葉県,浦安市,今川３丁目,2023-01-26,21,４階建て以上共同住宅,その他,20歳代,大学生,施錠した
窃盗,自転車盗,浦安,富岡,122271,千葉県,浦安市,今川３丁目,2023-06-24,20,その他の住宅（３階建て以下共同住宅等）,駐車（輪）場,20歳代,大学生,施錠せず
窃盗,自転車盗,浦安,富岡,122271,千葉県,浦安市,今川３丁目,2023-11-22,19,４階建て以上共同住宅,その他,20歳代,その他,施錠せず
窃盗,自転車盗,浦安,富岡,122271,千葉県,浦安市,今川４丁目,2023-01-06,20,その他,駐車（輪）場,40歳代,その他,施錠せず
窃盗,自転車盗,浦安,富岡,122271,千葉県,浦安市,今川４丁目,2023-03-05,12,４階建て以上共同住宅,その他,30歳代,その他,施錠せず
窃盗,自転車盗,浦安,富岡,122271,千葉県,浦安市,富岡２丁目,2023-08-09,11,その他,駐車（輪）場,10歳代,その他,施錠せず
窃盗,自転車盗,浦安,富岡,122271,千葉県,浦安市,富岡２丁目,2023-11-06,15,その他,駐車（輪）場,30歳代,その他,施錠せず
窃盗,自転車盗,浦安,富岡,122271,千葉県,浦安市,富岡３丁目,2023-01-07,19,４階建て以上共同住宅,駐車（輪）場,10歳代,中学生,施錠した
窃盗,自転車盗,浦安,富岡,122271,千葉県,浦安市,富岡３丁目,2023-02-06,16,４階建て以上共同住宅,駐車（輪）場,10歳代,高校生,施錠せず
窃盗,自転車盗,浦安,富岡,122271,千葉県,浦安市,富岡３丁目,2023-03-09,18,４階建て以上共同住宅,その他,10歳代,中学生,施錠せず
窃盗,自転車盗,浦安,富岡,122271,千葉県,浦安市,富岡３丁目,2023-05-02,18,その他,駐車（輪）場,10歳代,大学生,施錠せず
窃盗,自転車盗,浦安,富岡,122271,千葉県,浦安市,富岡３丁目,2023-05-08,20,４階建て以上共同住宅,駐車（輪）場,30歳代,その他,施錠せず
窃盗,自転車盗,浦安,富岡,122271,千葉県,浦安市,富岡３丁目,2023-06-24,16,４階建て以上共同住宅,駐車（輪）場,20歳代,その他,施錠した
窃盗,自転車盗,浦安,富岡,122271,千葉県,浦安市,富岡３丁目,2023-09-05,20,４階建て以上共同住宅,駐車（輪）場,10歳代,高校生,施錠した
窃盗,自転車盗,浦安,富岡,122271,千葉県,浦安市,富岡３丁目,2023-09-11,16,４階建て以上共同住宅,駐車（輪）場,10歳代,高校生,施錠せず
窃盗,自転車盗,浦安,富岡,122271,千葉県,浦安市,富岡３丁目,2023-11-22,17,４階建て以上共同住宅,駐車（輪）場,40歳代,その他,施錠せず
窃盗,自転車盗,浦安,富岡,122271,千葉県,浦安市,富岡３丁目,2023-11-22,23,４階建て以上共同住宅,駐車（輪）場,50歳代,その他,施錠した
窃盗,自転車盗,浦安,富岡,122271,千葉県,浦安市,富岡３丁目,不明,不明,４階建て以上共同住宅,駐車（輪）場,20歳代,大学生,施錠せず
窃盗,自転車盗,浦安,富岡,122271,千葉県,浦安市,富岡４丁目,2023-03-10,22,４階建て以上共同住宅,駐車（輪）場,20歳代,その他,施錠せず
窃盗,自転車盗,浦安,富岡,122271,千葉県,浦安市,弁天１丁目,2023-06-22,17,４階建て以上共同住宅,駐車（輪）場,30歳代,その他,施錠した
窃盗,自転車盗,浦安,富岡,122271,千葉県,浦安市,弁天２丁目,2023-12-17,15,道路上,その他,10歳代,高校生,施錠せず
窃盗,自転車盗,浦安,富岡,122271,千葉県,浦安市,弁天４丁目,2023-09-22,20,４階建て以上共同住宅,駐車（輪）場,20歳代,その他,施錠せず
窃盗,自転車盗,浦安,新浦安駅前,122271,千葉県,浦安市,入船１丁目,2022-12-10,19,その他,駐車（輪）場,10歳代,中学生,施錠せず
窃盗,自転車盗,浦安,新浦安駅前,122271,千葉県,浦安市,入船１丁目,2022-12-20,17,その他,駐車（輪）場,20歳代,大学生,施錠した
窃盗,自転車盗,浦安,新浦安駅前,122271,千葉県,浦安市,入船１丁目,2022-12-29,18,その他,その他,20歳代,その他,施錠した
窃盗,自転車盗,浦安,新浦安駅前,122271,千葉県,浦安市,入船１丁目,2023-01-05,06,その他,駐車（輪）場,20歳代,大学生,施錠した
窃盗,自転車盗,浦安,新浦安駅前,122271,千葉県,浦安市,入船１丁目,2023-01-24,21,その他,駐車（輪）場,20歳代,その他,施錠せず
窃盗,自転車盗,浦安,新浦安駅前,122271,千葉県,浦安市,入船１丁目,2023-01-28,11,その他,駐車（輪）場,30歳代,その他,施錠せず
窃盗,自転車盗,浦安,新浦安駅前,122271,千葉県,浦安市,入船１丁目,2023-02-12,14,その他,駐車（輪）場,10歳代,高校生,施錠せず
窃盗,自転車盗,浦安,新浦安駅前,122271,千葉県,浦安市,入船１丁目,2023-02-13,08,その他,駐車（輪）場,50歳代,その他,施錠せず
窃盗,自転車盗,浦安,新浦安駅前,122271,千葉県,浦安市,入船１丁目,2023-02-13,09,その他,駐車（輪）場,10歳代,大学生,施錠せず
窃盗,自転車盗,浦安,新浦安駅前,122271,千葉県,浦安市,入船１丁目,2023-02-28,10,その他,その他,10歳代,高校生,施錠せず
窃盗,自転車盗,浦安,新浦安駅前,122271,千葉県,浦安市,入船１丁目,2023-03-03,18,駐車（輪）場,駐車（輪）場,20歳代,その他,施錠した
窃盗,自転車盗,浦安,新浦安駅前,122271,千葉県,浦安市,入船１丁目,2023-03-07,08,その他,駐車（輪）場,20歳代,その他,施錠した
窃盗,自転車盗,浦安,新浦安駅前,122271,千葉県,浦安市,入船１丁目,2023-03-30,16,駐車（輪）場,駐車（輪）場,20歳代,その他,施錠せず
窃盗,自転車盗,浦安,新浦安駅前,122271,千葉県,浦安市,入船１丁目,2023-04-01,09,その他,駐車（輪）場,60-64歳,その他,施錠した
窃盗,自転車盗,浦安,新浦安駅前,122271,千葉県,浦安市,入船１丁目,2023-04-16,09,その他,駐車（輪）場,10歳代,高校生,施錠せず
窃盗,自転車盗,浦安,新浦安駅前,122271,千葉県,浦安市,入船１丁目,2023-04-19,07,駐車（輪）場,駐車（輪）場,40歳代,その他,施錠した
窃盗,自転車盗,浦安,新浦安駅前,122271,千葉県,浦安市,入船１丁目,2023-04-21,07,その他,駐車（輪）場,20歳代,その他,施錠した
窃盗,自転車盗,浦安,新浦安駅前,122271,千葉県,浦安市,入船１丁目,2023-04-25,08,駐車（輪）場,駐車（輪）場,30歳代,その他,施錠した
窃盗,自転車盗,浦安,新浦安駅前,122271,千葉県,浦安市,入船１丁目,2023-04-28,06,駐車（輪）場,駐車（輪）場,10歳代,高校生,施錠した
窃盗,自転車盗,浦安,新浦安駅前,122271,千葉県,浦安市,入船１丁目,2023-05-01,08,駐車（輪）場,駐車（輪）場,20歳代,その他,施錠せず
窃盗,自転車盗,浦安,新浦安駅前,122271,千葉県,浦安市,入船１丁目,2023-05-03,17,駐車（輪）場,駐車（輪）場,20歳代,大学生,施錠せず
窃盗,自転車盗,浦安,新浦安駅前,122271,千葉県,浦安市,入船１丁目,2023-05-31,20,駐車（輪）場,駐車（輪）場,20歳代,その他,施錠せず
窃盗,自転車盗,浦安,新浦安駅前,122271,千葉県,浦安市,入船１丁目,2023-06-03,22,その他,駐車（輪）場,20歳代,その他,施錠せず
窃盗,自転車盗,浦安,新浦安駅前,122271,千葉県,浦安市,入船１丁目,2023-06-05,10,駐車（輪）場,駐車（輪）場,30歳代,その他,施錠した
窃盗,自転車盗,浦安,新浦安駅前,122271,千葉県,浦安市,入船１丁目,2023-06-12,07,その他,駐車（輪）場,30歳代,その他,施錠した
窃盗,自転車盗,浦安,新浦安駅前,122271,千葉県,浦安市,入船１丁目,2023-06-15,13,その他,駐車（輪）場,10歳代,中学生,施錠せず
窃盗,自転車盗,浦安,新浦安駅前,122271,千葉県,浦安市,入船１丁目,2023-06-16,15,その他,駐車（輪）場,20歳代,大学生,施錠せず
窃盗,自転車盗,浦安,新浦安駅前,122271,千葉県,浦安市,入船１丁目,2023-06-19,16,その他,駐車（輪）場,10歳代,高校生,施錠せず
窃盗,自転車盗,浦安,新浦安駅前,122271,千葉県,浦安市,入船１丁目,2023-06-20,08,駐車（輪）場,駐車（輪）場,10歳代,高校生,施錠した
窃盗,自転車盗,浦安,新浦安駅前,122271,千葉県,浦安市,入船１丁目,2023-06-21,17,その他,駐車（輪）場,10歳代,中学生,施錠せず
窃盗,自転車盗,浦安,新浦安駅前,122271,千葉県,浦安市,入船１丁目,2023-06-23,20,その他,駐車（輪）場,20歳代,大学生,施錠せず
窃盗,自転車盗,浦安,新浦安駅前,122271,千葉県,浦安市,入船１丁目,2023-06-24,07,駐車（輪）場,駐車（輪）場,10歳代,高校生,施錠せず
窃盗,自転車盗,浦安,新浦安駅前,122271,千葉県,浦安市,入船１丁目,2023-06-25,10,駐車（輪）場,駐車（輪）場,20歳代,大学生,施錠せず
窃盗,自転車盗,浦安,新浦安駅前,122271,千葉県,浦安市,入船１丁目,2023-06-27,07,駐車（輪）場,駐車（輪）場,10歳代,高校生,施錠せず
窃盗,自転車盗,浦安,新浦安駅前,122271,千葉県,浦安市,入船１丁目,2023-06-28,16,駐車（輪）場,駐車（輪）場,20歳代,大学生,施錠せず
窃盗,自転車盗,浦安,新浦安駅前,122271,千葉県,浦安市,入船１丁目,2023-06-29,07,駐車（輪）場,駐車（輪）場,10歳代,高校生,施錠せず
窃盗,自転車盗,浦安,新浦安駅前,122271,千葉県,浦安市,入船１丁目,2023-07-02,18,その他,駐車（輪）場,40歳代,その他,施錠した
窃盗,自転車盗,浦安,新浦安駅前,122271,千葉県,浦安市,入船１丁目,2023-07-06,16,その他,駐車（輪）場,70歳以上,その他,施錠した
窃盗,自転車盗,浦安,新浦安駅前,122271,千葉県,浦安市,入船１丁目,2023-07-14,18,駐車（輪）場,駐車（輪）場,20歳代,その他,施錠せず
窃盗,自転車盗,浦安,新浦安駅前,122271,千葉県,浦安市,入船１丁目,2023-07-15,06,その他,駐車（輪）場,10歳代,中学生,施錠せず
窃盗,自転車盗,浦安,新浦安駅前,122271,千葉県,浦安市,入船１丁目,2023-07-15,17,その他,駐車（輪）場,30歳代,その他,施錠した
窃盗,自転車盗,浦安,新浦安駅前,122271,千葉県,浦安市,入船１丁目,2023-07-21,11,駐車（輪）場,駐車（輪）場,40歳代,その他,施錠した
窃盗,自転車盗,浦安,新浦安駅前,122271,千葉県,浦安市,入船１丁目,2023-07-28,07,駐車（輪）場,駐車（輪）場,10歳代,中学生,施錠せず
窃盗,自転車盗,浦安,新浦安駅前,122271,千葉県,浦安市,入船１丁目,2023-07-31,07,駐車（輪）場,駐車（輪）場,20歳代,その他,施錠した
窃盗,自転車盗,浦安,新浦安駅前,122271,千葉県,浦安市,入船１丁目,2023-08-01,13,駐車（輪）場,駐車（輪）場,10歳代,小学生,施錠せず
窃盗,自転車盗,浦安,新浦安駅前,122271,千葉県,浦安市,入船１丁目,2023-08-12,09,その他,駐車（輪）場,10歳代,大学生,施錠せず
窃盗,自転車盗,浦安,新浦安駅前,122271,千葉県,浦安市,入船１丁目,2023-08-17,18,その他,駐車（輪）場,10歳代,高校生,施錠せず
窃盗,自転車盗,浦安,新浦安駅前,122271,千葉県,浦安市,入船１丁目,2023-08-23,21,その他,駐車（輪）場,10歳代,高校生,施錠した
窃盗,自転車盗,浦安,新浦安駅前,122271,千葉県,浦安市,入船１丁目,2023-08-24,09,駐車（輪）場,駐車（輪）場,30歳代,その他,施錠した
窃盗,自転車盗,浦安,新浦安駅前,122271,千葉県,浦安市,入船１丁目,2023-08-25,08,駐車（輪）場,駐車（輪）場,40歳代,その他,施錠した
窃盗,自転車盗,浦安,新浦安駅前,122271,千葉県,浦安市,入船１丁目,2023-08-25,09,駐車（輪）場,駐車（輪）場,30歳代,その他,施錠した
窃盗,自転車盗,浦安,新浦安駅前,122271,千葉県,浦安市,入船１丁目,2023-08-26,05,駐車（輪）場,駐車（輪）場,40歳代,その他,施錠せず
窃盗,自転車盗,浦安,新浦安駅前,122271,千葉県,浦安市,入船１丁目,2023-08-27,20,その他,駐車（輪）場,10歳代,高校生,施錠した
窃盗,自転車盗,浦安,新浦安駅前,122271,千葉県,浦安市,入船１丁目,2023-08-28,09,その他,駐車（輪）場,20歳代,その他,施錠した
窃盗,自転車盗,浦安,新浦安駅前,122271,千葉県,浦安市,入船１丁目,2023-08-28,17,その他,駐車（輪）場,10歳未満,小学生,施錠せず
窃盗,自転車盗,浦安,新浦安駅前,122271,千葉県,浦安市,入船１丁目,2023-08-29,11,駐車（輪）場,駐車（輪）場,20歳代,その他,施錠せず
窃盗,自転車盗,浦安,新浦安駅前,122271,千葉県,浦安市,入船１丁目,2023-08-30,16,駐車（輪）場,駐車（輪）場,10歳代,高校生,施錠せず
窃盗,自転車盗,浦安,新浦安駅前,122271,千葉県,浦安市,入船１丁目,2023-09-06,11,その他,駐車（輪）場,20歳代,大学生,施錠した
窃盗,自転車盗,浦安,新浦安駅前,122271,千葉県,浦安市,入船１丁目,2023-09-19,04,駐車（輪）場,駐車（輪）場,50歳代,その他,施錠した
窃盗,自転車盗,浦安,新浦安駅前,122271,千葉県,浦安市,入船１丁目,2023-09-19,06,駐車（輪）場,駐車（輪）場,20歳代,その他,施錠した
窃盗,自転車盗,浦安,新浦安駅前,122271,千葉県,浦安市,入船１丁目,2023-09-24,19,その他,駐車（輪）場,20歳代,大学生,施錠せず
窃盗,自転車盗,浦安,新浦安駅前,122271,千葉県,浦安市,入船１丁目,2023-09-25,10,その他,駐車（輪）場,10歳代,高校生,施錠した
窃盗,自転車盗,浦安,新浦安駅前,122271,千葉県,浦安市,入船１丁目,2023-09-28,08,駐車（輪）場,駐車（輪）場,40歳代,その他,施錠した
窃盗,自転車盗,浦安,新浦安駅前,122271,千葉県,浦安市,入船１丁目,2023-10-08,12,駐車（輪）場,駐車（輪）場,50歳代,その他,施錠せず
窃盗,自転車盗,浦安,新浦安駅前,122271,千葉県,浦安市,入船１丁目,2023-10-14,15,その他,駐車（輪）場,20歳代,大学生,施錠せず
窃盗,自転車盗,浦安,新浦安駅前,122271,千葉県,浦安市,入船１丁目,2023-10-17,08,駐車（輪）場,駐車（輪）場,20歳代,その他,施錠せず
窃盗,自転車盗,浦安,新浦安駅前,122271,千葉県,浦安市,入船１丁目,2023-10-28,00,その他,駐車（輪）場,20歳代,大学生,施錠せず
窃盗,自転車盗,浦安,新浦安駅前,122271,千葉県,浦安市,入船１丁目,2023-10-30,06,駐車（輪）場,駐車（輪）場,10歳代,高校生,施錠した
窃盗,自転車盗,浦安,新浦安駅前,122271,千葉県,浦安市,入船１丁目,2023-11-02,07,駐車（輪）場,駐車（輪）場,10歳代,高校生,施錠せず
窃盗,自転車盗,浦安,新浦安駅前,122271,千葉県,浦安市,入船１丁目,2023-11-03,15,駐車（輪）場,駐車（輪）場,10歳代,大学生,施錠した
窃盗,自転車盗,浦安,新浦安駅前,122271,千葉県,浦安市,入船１丁目,2023-11-07,07,駐車（輪）場,駐車（輪）場,10歳代,高校生,施錠せず
窃盗,自転車盗,浦安,新浦安駅前,122271,千葉県,浦安市,入船１丁目,2023-11-10,06,駐車（輪）場,駐車（輪）場,10歳代,その他,施錠した
窃盗,自転車盗,浦安,新浦安駅前,122271,千葉県,浦安市,入船１丁目,2023-11-11,13,駐車（輪）場,駐車（輪）場,10歳代,高校生,施錠せず
窃盗,自転車盗,浦安,新浦安駅前,122271,千葉県,浦安市,入船１丁目,2023-11-13,12,駐車（輪）場,駐車（輪）場,10歳代,高校生,施錠した
窃盗,自転車盗,浦安,新浦安駅前,122271,千葉県,浦安市,入船１丁目,2023-11-28,06,駐車（輪）場,駐車（輪）場,10歳代,高校生,施錠せず
窃盗,自転車盗,浦安,新浦安駅前,122271,千葉県,浦安市,入船１丁目,2023-12-12,09,その他,駐車（輪）場,20歳代,大学生,施錠せず
窃盗,自転車盗,浦安,新浦安駅前,122271,千葉県,浦安市,入船１丁目,2023-12-18,09,駐車（輪）場,駐車（輪）場,20歳代,その他,施錠した
窃盗,自転車盗,浦安,新浦安駅前,122271,千葉県,浦安市,入船１丁目,2023-12-20,06,駐車（輪）場,駐車（輪）場,20歳代,その他,施錠せず
窃盗,自転車盗,浦安,新浦安駅前,122271,千葉県,浦安市,入船１丁目,2023-12-24,05,駐車（輪）場,駐車（輪）場,30歳代,その他,施錠した
窃盗,自転車盗,浦安,新浦安駅前,122271,千葉県,浦安市,入船２丁目,2022-07-03,12,４階建て以上共同住宅,駐車（輪）場,10歳代,高校生,施錠せず
窃盗,自転車盗,浦安,新浦安駅前,122271,千葉県,浦安市,入船２丁目,2022-12-27,16,その他,駐車（輪）場,20歳代,大学生,施錠せず
窃盗,自転車盗,浦安,新浦安駅前,122271,千葉県,浦安市,入船２丁目,2023-01-11,05,その他,駐車（輪）場,20歳代,大学生,施錠した
窃盗,自転車盗,浦安,新浦安駅前,122271,千葉県,浦安市,入船２丁目,2023-03-19,07,その他,駐車（輪）場,20歳代,大学生,施錠した
窃盗,自転車盗,浦安,新浦安駅前,122271,千葉県,浦安市,入船２丁目,2023-03-23,07,駐車（輪）場,駐車（輪）場,10歳代,高校生,施錠した
窃盗,自転車盗,浦安,新浦安駅前,122271,千葉県,浦安市,入船２丁目,2023-03-23,20,駐車（輪）場,駐車（輪）場,10歳代,大学生,施錠した
窃盗,自転車盗,浦安,新浦安駅前,122271,千葉県,浦安市,入船２丁目,2023-06-17,15,４階建て以上共同住宅,駐車（輪）場,30歳代,その他,施錠した
窃盗,自転車盗,浦安,新浦安駅前,122271,千葉県,浦安市,入船２丁目,2023-06-23,07,４階建て以上共同住宅,駐車（輪）場,10歳代,高校生,施錠した
窃盗,自転車盗,浦安,新浦安駅前,122271,千葉県,浦安市,入船２丁目,2023-06-26,13,駐車（輪）場,駐車（輪）場,10歳代,大学生,施錠した
窃盗,自転車盗,浦安,新浦安駅前,122271,千葉県,浦安市,入船２丁目,2023-08-25,13,駐車（輪）場,駐車（輪）場,20歳代,その他,施錠した
窃盗,自転車盗,浦安,新浦安駅前,122271,千葉県,浦安市,入船２丁目,2023-10-27,17,駐車（輪）場,駐車（輪）場,20歳代,大学生,施錠せず
窃盗,自転車盗,浦安,新浦安駅前,122271,千葉県,浦安市,入船２丁目,2023-10-31,13,駐車（輪）場,駐車（輪）場,20歳代,大学生,施錠した
窃盗,自転車盗,浦安,新浦安駅前,122271,千葉県,浦安市,入船２丁目,2023-11-07,17,その他,駐車（輪）場,10歳代,大学生,施錠した
窃盗,自転車盗,浦安,新浦安駅前,122271,千葉県,浦安市,入船２丁目,不明,不明,駐車（輪）場,駐車（輪）場,10歳代,高校生,施錠せず
窃盗,自転車盗,浦安,新浦安駅前,122271,千葉県,浦安市,入船３丁目,2023-06-20,16,その他,駐車（輪）場,10歳代,高校生,施錠せず
窃盗,自転車盗,浦安,新浦安駅前,122271,千葉県,浦安市,入船３丁目,2023-10-09,14,４階建て以上共同住宅,駐車（輪）場,70歳以上,その他,施錠せず
窃盗,自転車盗,浦安,新浦安駅前,122271,千葉県,浦安市,入船４丁目,2023-02-20,23,その他の住宅（３階建て以下共同住宅等）,その他,10歳代,大学生,施錠せず
窃盗,自転車盗,浦安,新浦安駅前,122271,千葉県,浦安市,入船４丁目,2023-03-22,05,一戸建住宅,その他,20歳代,大学生,施錠せず
窃盗,自転車盗,浦安,新浦安駅前,122271,千葉県,浦安市,入船４丁目,2023-03-22,21,その他の住宅（３階建て以下共同住宅等）,駐車（輪）場,40歳代,その他,施錠した
窃盗,自転車盗,浦安,新浦安駅前,122271,千葉県,浦安市,入船４丁目,2023-07-24,17,その他,駐車（輪）場,10歳代,中学生,施錠した
窃盗,自転車盗,浦安,新浦安駅前,122271,千葉県,浦安市,入船４丁目,2023-11-02,09,その他,その他,20歳代,その他,施錠せず
窃盗,自転車盗,浦安,新浦安駅前,122271,千葉県,浦安市,入船４丁目,2023-11-11,08,４階建て以上共同住宅,駐車（輪）場,20歳代,その他,施錠した
窃盗,自転車盗,浦安,新浦安駅前,122271,千葉県,浦安市,入船４丁目,不明,不明,４階建て以上共同住宅,駐車（輪）場,30歳代,その他,施錠した
窃盗,自転車盗,浦安,新浦安駅前,122271,千葉県,浦安市,入船６丁目,2023-09-04,21,駐車（輪）場,駐車（輪）場,10歳代,中学生,施錠せず
窃盗,自転車盗,浦安,新浦安駅前,122271,千葉県,浦安市,入船６丁目,2023-09-05,13,駐車（輪）場,駐車（輪）場,20歳代,大学生,施錠せず
窃盗,自転車盗,浦安,新浦安駅前,122271,千葉県,浦安市,海楽１丁目,2023-03-11,12,道路上,その他,40歳代,その他,施錠せず
窃盗,自転車盗,浦安,新浦安駅前,122271,千葉県,浦安市,海楽１丁目,2023-06-07,09,一戸建住宅,駐車（輪）場,65-69歳,その他,施錠せず
窃盗,自転車盗,浦安,新浦安駅前,122271,千葉県,浦安市,海楽１丁目,2023-07-19,21,４階建て以上共同住宅,その他,65-69歳,その他,施錠した
窃盗,自転車盗,浦安,新浦安駅前,122271,千葉県,浦安市,海楽１丁目,2023-11-18,22,道路上,その他,20歳代,大学生,施錠せず
窃盗,自転車盗,浦安,新浦安駅前,122271,千葉県,浦安市,海楽２丁目,2023-01-14,18,４階建て以上共同住宅,その他,10歳代,大学生,施錠せず
窃盗,自転車盗,浦安,新浦安駅前,122271,千葉県,浦安市,海楽２丁目,2023-07-31,02,道路上,その他,10歳代,大学生,施錠した
窃盗,自転車盗,浦安,新浦安駅前,122271,千葉県,浦安市,海楽２丁目,2023-09-22,12,一戸建住宅,駐車（輪）場,65-69歳,その他,施錠した
窃盗,自転車盗,浦安,新浦安駅前,122271,千葉県,浦安市,北栄１丁目,2023-04-10,03,道路上,その他,20歳代,その他,施錠した
窃盗,自転車盗,浦安,新浦安駅前,122271,千葉県,浦安市,猫実４丁目,2023-04-15,15,駐車（輪）場,駐車（輪）場,30歳代,その他,施錠せず
窃盗,自転車盗,浦安,新浦安駅前,122271,千葉県,浦安市,堀江１丁目,2023-08-30,19,４階建て以上共同住宅,駐車（輪）場,20歳代,その他,施錠せず
窃盗,自転車盗,浦安,新浦安駅前,122271,千葉県,浦安市,美浜１丁目,2023-02-08,15,４階建て以上共同住宅,駐車（輪）場,30歳代,その他,施錠した
窃盗,自転車盗,浦安,新浦安駅前,122271,千葉県,浦安市,美浜１丁目,2023-04-07,17,４階建て以上共同住宅,駐車（輪）場,30歳代,その他,施錠した
窃盗,自転車盗,浦安,新浦安駅前,122271,千葉県,浦安市,美浜１丁目,2023-05-24,07,４階建て以上共同住宅,駐車（輪）場,10歳代,その他,施錠せず
窃盗,自転車盗,浦安,新浦安駅前,122271,千葉県,浦安市,美浜１丁目,2023-06-08,17,その他,駐車（輪）場,70歳以上,その他,施錠せず
窃盗,自転車盗,浦安,新浦安駅前,122271,千葉県,浦安市,美浜１丁目,2023-07-04,19,駐車（輪）場,駐車（輪）場,40歳代,その他,施錠せず
窃盗,自転車盗,浦安,新浦安駅前,122271,千葉県,浦安市,美浜１丁目,2023-09-27,10,駐車（輪）場,駐車（輪）場,20歳代,大学生,施錠せず
窃盗,自転車盗,浦安,新浦安駅前,122271,千葉県,浦安市,美浜１丁目,2023-12-24,13,４階建て以上共同住宅,駐車（輪）場,70歳以上,その他,施錠せず
窃盗,自転車盗,浦安,新浦安駅前,122271,千葉県,浦安市,美浜２丁目,2023-01-31,11,４階建て以上共同住宅,駐車（輪）場,10歳代,中学生,施錠した
窃盗,自転車盗,浦安,新浦安駅前,122271,千葉県,浦安市,美浜２丁目,2023-06-14,09,４階建て以上共同住宅,駐車（輪）場,10歳代,高校生,施錠した
窃盗,自転車盗,浦安,新浦安駅前,122271,千葉県,浦安市,美浜２丁目,2023-06-23,07,４階建て以上共同住宅,駐車（輪）場,10歳代,高校生,施錠した
窃盗,自転車盗,浦安,新浦安駅前,122271,千葉県,浦安市,美浜２丁目,2023-08-08,19,４階建て以上共同住宅,駐車（輪）場,10歳代,小学生,施錠せず
窃盗,自転車盗,浦安,新浦安駅前,122271,千葉県,浦安市,美浜２丁目,2023-08-13,08,４階建て以上共同住宅,駐車（輪）場,10歳代,大学生,施錠せず
窃盗,自転車盗,浦安,新浦安駅前,122271,千葉県,浦安市,美浜２丁目,2023-10-07,18,４階建て以上共同住宅,駐車（輪）場,10歳代,高校生,施錠せず
窃盗,自転車盗,浦安,新浦安駅前,122271,千葉県,浦安市,美浜２丁目,2023-10-20,08,４階建て以上共同住宅,駐車（輪）場,10歳代,中学生,施錠せず
窃盗,自転車盗,浦安,新浦安駅前,122271,千葉県,浦安市,美浜４丁目,2023-06-05,20,一戸建住宅,駐車（輪）場,30歳代,その他,施錠せず
窃盗,自転車盗,浦安,新浦安駅前,122271,千葉県,浦安市,美浜５丁目,2023-05-31,17,４階建て以上共同住宅,駐車（輪）場,30歳代,その他,施錠せず
窃盗,自転車盗,浦安,新浦安駅前,122271,千葉県,浦安市,富士見４丁目,2023-05-15,21,道路上,その他,70歳以上,その他,施錠せず
窃盗,自転車盗,浦安,日の出,122271,千葉県,浦安市,,2023-09-18,07,その他,その他,20歳代,大学生,施錠せず
窃盗,自転車盗,浦安,日の出,122271,千葉県,浦安市,,2023-09-19,19,一戸建住宅,その他,10歳代,大学生,施錠せず
窃盗,自転車盗,浦安,日の出,122271,千葉県,浦安市,,2023-11-12,19,４階建て以上共同住宅,駐車（輪）場,20歳代,大学生,施錠せず
窃盗,自転車盗,浦安,日の出,122271,千葉県,浦安市,,2023-11-15,19,４階建て以上共同住宅,駐車（輪）場,30歳代,その他,施錠せず
窃盗,自転車盗,浦安,日の出,122271,千葉県,浦安市,,2023-12-12,16,４階建て以上共同住宅,駐車（輪）場,10歳代,大学生,施錠せず
窃盗,自転車盗,浦安,日の出,122271,千葉県,浦安市,明海１丁目,2023-04-04,17,４階建て以上共同住宅,駐車（輪）場,50歳代,その他,施錠した
窃盗,自転車盗,浦安,日の出,122271,千葉県,浦安市,明海１丁目,2023-04-18,14,その他,駐車（輪）場,20歳代,大学生,施錠した
窃盗,自転車盗,浦安,日の出,122271,千葉県,浦安市,明海１丁目,2023-05-09,10,その他,駐車（輪）場,20歳代,大学生,施錠せず
窃盗,自転車盗,浦安,日の出,122271,千葉県,浦安市,明海１丁目,2023-11-07,10,その他,駐車（輪）場,10歳代,大学生,施錠せず
窃盗,自転車盗,浦安,日の出,122271,千葉県,浦安市,明海１丁目,2023-11-14,10,その他,駐車（輪）場,10歳代,大学生,施錠せず
窃盗,自転車盗,浦安,日の出,122271,千葉県,浦安市,明海３丁目,2023-06-22,13,４階建て以上共同住宅,駐車（輪）場,50歳代,その他,施錠した
窃盗,自転車盗,浦安,日の出,122271,千葉県,浦安市,明海３丁目,2023-06-22,18,４階建て以上共同住宅,駐車（輪）場,20歳代,その他,施錠した
窃盗,自転車盗,浦安,日の出,122271,千葉県,浦安市,明海３丁目,2023-06-23,08,４階建て以上共同住宅,駐車（輪）場,30歳代,その他,施錠した
窃盗,自転車盗,浦安,日の出,122271,千葉県,浦安市,明海３丁目,2023-07-09,18,４階建て以上共同住宅,駐車（輪）場,10歳未満,小学生,施錠せず
窃盗,自転車盗,浦安,日の出,122271,千葉県,浦安市,明海３丁目,2023-07-12,19,４階建て以上共同住宅,駐車（輪）場,30歳代,その他,施錠した
窃盗,自転車盗,浦安,日の出,122271,千葉県,浦安市,明海４丁目,2022-12-29,00,４階建て以上共同住宅,駐車（輪）場,40歳代,その他,施錠せず
窃盗,自転車盗,浦安,日の出,122271,千葉県,浦安市,明海４丁目,2023-03-08,13,その他,駐車（輪）場,60-64歳,その他,施錠せず
窃盗,自転車盗,浦安,日の出,122271,千葉県,浦安市,明海４丁目,2023-03-10,06,その他,その他,10歳代,中学生,施錠せず
窃盗,自転車盗,浦安,日の出,122271,千葉県,浦安市,明海４丁目,2023-03-17,08,４階建て以上共同住宅,駐車（輪）場,10歳代,小学生,施錠した
窃盗,自転車盗,浦安,日の出,122271,千葉県,浦安市,明海４丁目,2023-04-03,16,その他,駐車（輪）場,10歳代,中学生,施錠した
窃盗,自転車盗,浦安,日の出,122271,千葉県,浦安市,明海４丁目,2023-04-17,09,その他,駐車（輪）場,60-64歳,その他,施錠せず
窃盗,自転車盗,浦安,日の出,122271,千葉県,浦安市,明海４丁目,2023-11-03,14,その他,駐車（輪）場,10歳代,小学生,施錠せず
窃盗,自転車盗,浦安,日の出,122271,千葉県,浦安市,明海５丁目,2023-07-07,22,その他,駐車（輪）場,20歳代,大学生,施錠せず
窃盗,自転車盗,浦安,日の出,122271,千葉県,浦安市,入船３丁目,2023-09-23,18,その他の住宅（３階建て以下共同住宅等）,その他,40歳代,その他,施錠せず
窃盗,自転車盗,浦安,日の出,122271,千葉県,浦安市,高洲１丁目,2023-01-19,19,４階建て以上共同住宅,その他,20歳代,その他,施錠せず
窃盗,自転車盗,浦安,日の出,122271,千葉県,浦安市,高洲２丁目,2023-03-15,16,４階建て以上共同住宅,駐車（輪）場,20歳代,その他,施錠した
窃盗,自転車盗,浦安,日の出,122271,千葉県,浦安市,高洲３丁目,2023-01-07,15,一戸建住宅,駐車（輪）場,30歳代,その他,施錠せず
窃盗,自転車盗,浦安,日の出,122271,千葉県,浦安市,高洲４丁目,2023-08-06,01,４階建て以上共同住宅,駐車（輪）場,50歳代,その他,施錠した
窃盗,自転車盗,浦安,日の出,122271,千葉県,浦安市,高洲５丁目,2023-07-05,15,４階建て以上共同住宅,駐車（輪）場,10歳代,高校生,施錠せず
窃盗,自転車盗,浦安,日の出,122271,千葉県,浦安市,高洲６丁目,2022-10-01,16,４階建て以上共同住宅,駐車（輪）場,30歳代,その他,施錠した
窃盗,自転車盗,浦安,日の出,122271,千葉県,浦安市,高洲６丁目,2023-03-02,17,４階建て以上共同住宅,駐車（輪）場,10歳代,高校生,施錠した
窃盗,自転車盗,浦安,日の出,122271,千葉県,浦安市,高洲６丁目,2023-06-22,15,４階建て以上共同住宅,駐車（輪）場,10歳代,中学生,施錠した
窃盗,自転車盗,浦安,日の出,122271,千葉県,浦安市,日の出１丁目,2022-12-26,13,４階建て以上共同住宅,駐車（輪）場,10歳代,小学生,施錠せず
窃盗,自転車盗,浦安,日の出,122271,千葉県,浦安市,日の出１丁目,2023-04-01,15,４階建て以上共同住宅,駐車（輪）場,40歳代,その他,施錠した
窃盗,自転車盗,浦安,日の出,122271,千葉県,浦安市,日の出１丁目,2023-08-29,11,４階建て以上共同住宅,駐車（輪）場,70歳以上,その他,施錠した
窃盗,自転車盗,浦安,日の出,122271,千葉県,浦安市,日の出３丁目,2023-04-20,08,４階建て以上共同住宅,駐車（輪）場,10歳代,中学生,施錠せず
窃盗,自転車盗,浦安,日の出,122271,千葉県,浦安市,日の出３丁目,2023-07-28,19,４階建て以上共同住宅,駐車（輪）場,20歳代,大学生,施錠せず
窃盗,自転車盗,浦安,日の出,122271,千葉県,浦安市,日の出３丁目,2023-09-28,18,４階建て以上共同住宅,駐車（輪）場,10歳代,中学生,施錠せず
窃盗,自転車盗,浦安,日の出,122271,千葉県,浦安市,日の出５丁目,2023-06-29,15,道路上,その他,10歳未満,小学生,施錠せず
窃盗,自転車盗,浦安,日の出,122271,千葉県,浦安市,日の出６丁目,2023-12-20,10,４階建て以上共同住宅,駐車（輪）場,10歳代,中学生,施錠せず
窃盗,自転車盗,浦安,浦安駅前,122271,千葉県,浦安市,入船１丁目,2023-07-22,12,その他,駐車（輪）場,20歳代,大学生,施錠せず
窃盗,自転車盗,浦安,浦安駅前,122271,千葉県,浦安市,入船１丁目,2023-09-30,16,駐車（輪）場,駐車（輪）場,10歳代,高校生,施錠した
窃盗,自転車盗,浦安,浦安駅前,122271,千葉県,浦安市,北栄１丁目,2022-12-26,21,４階建て以上共同住宅,駐車（輪）場,10歳代,高校生,施錠せず
窃盗,自転車盗,浦安,浦安駅前,122271,千葉県,浦安市,北栄１丁目,2022-12-30,08,４階建て以上共同住宅,駐車（輪）場,30歳代,その他,施錠した
窃盗,自転車盗,浦安,浦安駅前,122271,千葉県,浦安市,北栄１丁目,2022-12-31,18,その他,駐車（輪）場,20歳代,その他,施錠した
窃盗,自転車盗,浦安,浦安駅前,122271,千葉県,浦安市,北栄１丁目,2023-01-17,17,その他,駐車（輪）場,30歳代,その他,施錠せず
窃盗,自転車盗,浦安,浦安駅前,122271,千葉県,浦安市,北栄１丁目,2023-01-23,22,その他,その他,20歳代,その他,施錠した
窃盗,自転車盗,浦安,浦安駅前,122271,千葉県,浦安市,北栄１丁目,2023-01-31,12,その他,駐車（輪）場,70歳以上,その他,施錠した
窃盗,自転車盗,浦安,浦安駅前,122271,千葉県,浦安市,北栄１丁目,2023-02-03,15,道路上,その他,20歳代,大学生,施錠せず
窃盗,自転車盗,浦安,浦安駅前,122271,千葉県,浦安市,北栄１丁目,2023-02-04,18,その他,駐車（輪）場,10歳代,大学生,施錠した
窃盗,自転車盗,浦安,浦安駅前,122271,千葉県,浦安市,北栄１丁目,2023-02-11,20,その他,駐車（輪）場,30歳代,その他,施錠せず
窃盗,自転車盗,浦安,浦安駅前,122271,千葉県,浦安市,北栄１丁目,2023-02-15,18,その他,その他,20歳代,その他,施錠した
窃盗,自転車盗,浦安,浦安駅前,122271,千葉県,浦安市,北栄１丁目,2023-02-27,13,その他,その他,20歳代,その他,施錠した
窃盗,自転車盗,浦安,浦安駅前,122271,千葉県,浦安市,北栄１丁目,2023-03-13,19,その他,その他,40歳代,その他,施錠した
窃盗,自転車盗,浦安,浦安駅前,122271,千葉県,浦安市,北栄１丁目,2023-03-17,17,その他,駐車（輪）場,30歳代,その他,施錠せず
窃盗,自転車盗,浦安,浦安駅前,122271,千葉県,浦安市,北栄１丁目,2023-03-20,20,その他,駐車（輪）場,20歳代,その他,施錠せず
窃盗,自転車盗,浦安,浦安駅前,122271,千葉県,浦安市,北栄１丁目,2023-03-29,09,その他,駐車（輪）場,20歳代,大学生,施錠した
窃盗,自転車盗,浦安,浦安駅前,122271,千葉県,浦安市,北栄１丁目,2023-04-04,07,その他,駐車（輪）場,20歳代,その他,施錠した
窃盗,自転車盗,浦安,浦安駅前,122271,千葉県,浦安市,北栄１丁目,2023-04-10,09,その他,駐車（輪）場,20歳代,その他,施錠せず
窃盗,自転車盗,浦安,浦安駅前,122271,千葉県,浦安市,北栄１丁目,2023-04-14,07,駐車（輪）場,駐車（輪）場,10歳代,高校生,施錠せず
窃盗,自転車盗,浦安,浦安駅前,122271,千葉県,浦安市,北栄１丁目,2023-04-14,15,道路上,その他,10歳代,大学生,施錠せず
窃盗,自転車盗,浦安,浦安駅前,122271,千葉県,浦安市,北栄１丁目,2023-04-18,14,その他,駐車（輪）場,60-64歳,その他,施錠した
窃盗,自転車盗,浦安,浦安駅前,122271,千葉県,浦安市,北栄１丁目,2023-04-28,22,その他,駐車（輪）場,10歳代,高校生,施錠せず
窃盗,自転車盗,浦安,浦安駅前,122271,千葉県,浦安市,北栄１丁目,2023-05-10,07,駐車（輪）場,駐車（輪）場,40歳代,その他,施錠せず
窃盗,自転車盗,浦安,浦安駅前,122271,千葉県,浦安市,北栄１丁目,2023-05-10,22,その他,駐車（輪）場,20歳代,大学生,施錠せず
窃盗,自転車盗,浦安,浦安駅前,122271,千葉県,浦安市,北栄１丁目,2023-05-26,10,駐車（輪）場,駐車（輪）場,40歳代,その他,施錠せず
窃盗,自転車盗,浦安,浦安駅前,122271,千葉県,浦安市,北栄１丁目,2023-05-27,20,その他,駐車（輪）場,30歳代,その他,施錠した
窃盗,自転車盗,浦安,浦安駅前,122271,千葉県,浦安市,北栄１丁目,2023-06-15,06,駐車（輪）場,駐車（輪）場,20歳代,その他,施錠せず
窃盗,自転車盗,浦安,浦安駅前,122271,千葉県,浦安市,北栄１丁目,2023-06-17,12,駐車（輪）場,駐車（輪）場,40歳代,その他,施錠した
窃盗,自転車盗,浦安,浦安駅前,122271,千葉県,浦安市,北栄１丁目,2023-06-18,10,その他,駐車（輪）場,10歳代,その他,施錠せず
窃盗,自転車盗,浦安,浦安駅前,122271,千葉県,浦安市,北栄１丁目,2023-06-27,08,駐車（輪）場,駐車（輪）場,50歳代,その他,施錠した
窃盗,自転車盗,浦安,浦安駅前,122271,千葉県,浦安市,北栄１丁目,2023-07-05,05,駐車（輪）場,駐車（輪）場,30歳代,その他,施錠した
窃盗,自転車盗,浦安,浦安駅前,122271,千葉県,浦安市,北栄１丁目,2023-07-13,00,道路上,その他,20歳代,その他,施錠せず
窃盗,自転車盗,浦安,浦安駅前,122271,千葉県,浦安市,北栄１丁目,2023-08-01,08,その他,駐車（輪）場,20歳代,その他,施錠した
窃盗,自転車盗,浦安,浦安駅前,122271,千葉県,浦安市,北栄１丁目,2023-08-06,07,駐車（輪）場,駐車（輪）場,30歳代,その他,施錠した
窃盗,自転車盗,浦安,浦安駅前,122271,千葉県,浦安市,北栄１丁目,2023-08-10,07,駐車（輪）場,駐車（輪）場,20歳代,その他,施錠した
窃盗,自転車盗,浦安,浦安駅前,122271,千葉県,浦安市,北栄１丁目,2023-08-15,16,その他,駐車（輪）場,10歳代,大学生,施錠せず
窃盗,自転車盗,浦安,浦安駅前,122271,千葉県,浦安市,北栄１丁目,2023-08-16,09,駐車（輪）場,駐車（輪）場,10歳代,中学生,施錠した
窃盗,自転車盗,浦安,浦安駅前,122271,千葉県,浦安市,北栄１丁目,2023-08-19,13,駐車（輪）場,駐車（輪）場,20歳代,その他,施錠した
窃盗,自転車盗,浦安,浦安駅前,122271,千葉県,浦安市,北栄１丁目,2023-08-20,19,駐車（輪）場,駐車（輪）場,20歳代,大学生,施錠せず
窃盗,自転車盗,浦安,浦安駅前,122271,千葉県,浦安市,北栄１丁目,2023-08-20,23,その他,駐車（輪）場,10歳代,大学生,施錠せず
窃盗,自転車盗,浦安,浦安駅前,122271,千葉県,浦安市,北栄１丁目,2023-08-25,11,一戸建住宅,その他,10歳代,高校生,施錠した
窃盗,自転車盗,浦安,浦安駅前,122271,千葉県,浦安市,北栄１丁目,2023-08-30,19,４階建て以上共同住宅,駐車（輪）場,20歳代,その他,施錠せず
窃盗,自転車盗,浦安,浦安駅前,122271,千葉県,浦安市,北栄１丁目,2023-09-04,06,駐車（輪）場,駐車（輪）場,40歳代,その他,施錠せず
窃盗,自転車盗,浦安,浦安駅前,122271,千葉県,浦安市,北栄１丁目,2023-09-15,13,その他,その他,10歳代,高校生,施錠せず
窃盗,自転車盗,浦安,浦安駅前,122271,千葉県,浦安市,北栄１丁目,2023-09-17,16,その他,駐車（輪）場,10歳代,高校生,施錠せず
窃盗,自転車盗,浦安,浦安駅前,122271,千葉県,浦安市,北栄１丁目,2023-09-22,17,駐車（輪）場,駐車（輪）場,10歳代,その他,施錠せず
窃盗,自転車盗,浦安,浦安駅前,122271,千葉県,浦安市,北栄１丁目,2023-09-25,22,その他の住宅（３階建て以下共同住宅等）,駐車（輪）場,20歳代,その他,施錠した
窃盗,自転車盗,浦安,浦安駅前,122271,千葉県,浦安市,北栄１丁目,2023-09-29,20,４階建て以上共同住宅,その他,10歳代,高校生,施錠した
窃盗,自転車盗,浦安,浦安駅前,122271,千葉県,浦安市,北栄１丁目,2023-10-06,18,４階建て以上共同住宅,駐車（輪）場,40歳代,その他,施錠した
窃盗,自転車盗,浦安,浦安駅前,122271,千葉県,浦安市,北栄１丁目,2023-10-16,12,４階建て以上共同住宅,その他,10歳代,大学生,施錠した
窃盗,自転車盗,浦安,浦安駅前,122271,千葉県,浦安市,北栄１丁目,2023-10-19,12,駐車（輪）場,駐車（輪）場,40歳代,その他,施錠せず
窃盗,自転車盗,浦安,浦安駅前,122271,千葉県,浦安市,北栄１丁目,2023-10-24,12,その他,駐車（輪）場,20歳代,その他,施錠した
窃盗,自転車盗,浦安,浦安駅前,122271,千葉県,浦安市,北栄１丁目,2023-11-02,09,その他,その他,50歳代,その他,施錠せず
窃盗,自転車盗,浦安,浦安駅前,122271,千葉県,浦安市,北栄１丁目,2023-11-05,18,その他の住宅（３階建て以下共同住宅等）,その他,30歳代,その他,施錠した
窃盗,自転車盗,浦安,浦安駅前,122271,千葉県,浦安市,北栄１丁目,2023-11-06,07,駐車（輪）場,駐車（輪）場,20歳代,その他,施錠せず
窃盗,自転車盗,浦安,浦安駅前,122271,千葉県,浦安市,北栄１丁目,2023-11-07,18,その他,駐車（輪）場,50歳代,その他,施錠せず
窃盗,自転車盗,浦安,浦安駅前,122271,千葉県,浦安市,北栄１丁目,2023-11-09,11,駐車（輪）場,駐車（輪）場,20歳代,大学生,施錠せず
窃盗,自転車盗,浦安,浦安駅前,122271,千葉県,浦安市,北栄１丁目,2023-11-20,06,駐車（輪）場,駐車（輪）場,10歳代,中学生,施錠せず
窃盗,自転車盗,浦安,浦安駅前,122271,千葉県,浦安市,北栄１丁目,2023-11-25,13,駐車（輪）場,駐車（輪）場,20歳代,その他,施錠せず
窃盗,自転車盗,浦安,浦安駅前,122271,千葉県,浦安市,北栄１丁目,2023-11-28,19,駐車（輪）場,駐車（輪）場,20歳代,その他,施錠せず
窃盗,自転車盗,浦安,浦安駅前,122271,千葉県,浦安市,北栄１丁目,2023-12-07,18,その他,駐車（輪）場,20歳代,その他,施錠した
窃盗,自転車盗,浦安,浦安駅前,122271,千葉県,浦安市,北栄２丁目,2023-01-19,01,４階建て以上共同住宅,駐車（輪）場,30歳代,その他,施錠せず
窃盗,自転車盗,浦安,浦安駅前,122271,千葉県,浦安市,北栄２丁目,2023-05-04,20,一戸建住宅,駐車（輪）場,40歳代,その他,施錠した
窃盗,自転車盗,浦安,浦安駅前,122271,千葉県,浦安市,北栄２丁目,2023-05-08,10,その他の住宅（３階建て以下共同住宅等）,駐車（輪）場,20歳代,その他,施錠した
窃盗,自転車盗,浦安,浦安駅前,122271,千葉県,浦安市,北栄２丁目,2023-05-15,17,道路上,その他,40歳代,その他,施錠せず
窃盗,自転車盗,浦安,浦安駅前,122271,千葉県,浦安市,北栄２丁目,2023-06-01,17,道路上,その他,10歳代,中学生,施錠した
窃盗,自転車盗,浦安,浦安駅前,122271,千葉県,浦安市,北栄２丁目,2023-06-04,00,その他の住宅（３階建て以下共同住宅等）,駐車（輪）場,20歳代,その他,施錠せず
窃盗,自転車盗,浦安,浦安駅前,122271,千葉県,浦安市,北栄２丁目,2023-07-09,19,４階建て以上共同住宅,その他,20歳代,その他,施錠した
窃盗,自転車盗,浦安,浦安駅前,122271,千葉県,浦安市,北栄２丁目,2023-08-25,03,道路上,その他,40歳代,その他,施錠せず
窃盗,自転車盗,浦安,浦安駅前,122271,千葉県,浦安市,北栄２丁目,2023-09-29,10,その他,駐車（輪）場,20歳代,大学生,施錠した
窃盗,自転車盗,浦安,浦安駅前,122271,千葉県,浦安市,北栄３丁目,2023-02-03,19,その他の住宅（３階建て以下共同住宅等）,その他,60-64歳,その他,施錠した
窃盗,自転車盗,浦安,浦安駅前,122271,千葉県,浦安市,北栄３丁目,2023-05-25,16,その他の住宅（３階建て以下共同住宅等）,駐車（輪）場,20歳代,その他,施錠せず
窃盗,自転車盗,浦安,浦安駅前,122271,千葉県,浦安市,北栄３丁目,2023-05-25,16,その他の住宅（３階建て以下共同住宅等）,駐車（輪）場,20歳代,その他,施錠せず
窃盗,自転車盗,浦安,浦安駅前,122271,千葉県,浦安市,北栄３丁目,2023-05-25,18,４階建て以上共同住宅,駐車（輪）場,40歳代,その他,施錠した
窃盗,自転車盗,浦安,浦安駅前,122271,千葉県,浦安市,北栄３丁目,2023-06-24,15,４階建て以上共同住宅,駐車（輪）場,10歳代,その他,施錠した
窃盗,自転車盗,浦安,浦安駅前,122271,千葉県,浦安市,北栄３丁目,2023-07-06,21,一戸建住宅,その他,20歳代,その他,施錠せず
窃盗,自転車盗,浦安,浦安駅前,122271,千葉県,浦安市,北栄３丁目,2023-07-21,16,４階建て以上共同住宅,駐車（輪）場,50歳代,その他,施錠せず
窃盗,自転車盗,浦安,浦安駅前,122271,千葉県,浦安市,北栄３丁目,2023-08-10,17,道路上,その他,20歳代,大学生,施錠せず
窃盗,自転車盗,浦安,浦安駅前,122271,千葉県,浦安市,北栄３丁目,2023-09-21,09,４階建て以上共同住宅,駐車（輪）場,40歳代,その他,施錠した
窃盗,自転車盗,浦安,浦安駅前,122271,千葉県,浦安市,北栄３丁目,2023-09-27,08,その他の住宅（３階建て以下共同住宅等）,駐車（輪）場,10歳代,小学生,施錠した
窃盗,自転車盗,浦安,浦安駅前,122271,千葉県,浦安市,北栄３丁目,2023-10-08,08,その他,駐車（輪）場,20歳代,その他,施錠せず
窃盗,自転車盗,浦安,浦安駅前,122271,千葉県,浦安市,北栄３丁目,2023-10-21,00,４階建て以上共同住宅,その他,30歳代,その他,施錠した
窃盗,自転車盗,浦安,浦安駅前,122271,千葉県,浦安市,北栄３丁目,2023-10-23,19,道路上,その他,20歳代,その他,施錠せず
窃盗,自転車盗,浦安,浦安駅前,122271,千葉県,浦安市,北栄３丁目,2023-10-31,18,その他の住宅（３階建て以下共同住宅等）,駐車（輪）場,20歳代,大学生,施錠せず
窃盗,自転車盗,浦安,浦安駅前,122271,千葉県,浦安市,北栄３丁目,2023-11-18,16,一戸建住宅,その他,50歳代,その他,施錠した
窃盗,自転車盗,浦安,浦安駅前,122271,千葉県,浦安市,北栄４丁目,2023-01-28,00,その他の住宅（３階建て以下共同住宅等）,駐車（輪）場,40歳代,その他,施錠せず
窃盗,自転車盗,浦安,浦安駅前,122271,千葉県,浦安市,北栄４丁目,2023-02-07,17,その他,駐車（輪）場,20歳代,大学生,施錠せず
窃盗,自転車盗,浦安,浦安駅前,122271,千葉県,浦安市,北栄４丁目,2023-03-16,16,４階建て以上共同住宅,駐車（輪）場,10歳代,小学生,施錠した
窃盗,自転車盗,浦安,浦安駅前,122271,千葉県,浦安市,北栄４丁目,2023-03-23,00,４階建て以上共同住宅,駐車（輪）場,40歳代,その他,施錠せず
窃盗,自転車盗,浦安,浦安駅前,122271,千葉県,浦安市,北栄４丁目,2023-05-25,12,駐車（輪）場,駐車（輪）場,10歳代,大学生,施錠せず
窃盗,自転車盗,浦安,浦安駅前,122271,千葉県,浦安市,北栄４丁目,2023-06-22,15,その他,駐車（輪）場,20歳代,大学生,施錠せず
窃盗,自転車盗,浦安,浦安駅前,122271,千葉県,浦安市,北栄４丁目,2023-07-02,21,４階建て以上共同住宅,駐車（輪）場,10歳代,高校生,施錠せず
窃盗,自転車盗,浦安,浦安駅前,122271,千葉県,浦安市,北栄４丁目,2023-07-16,16,４階建て以上共同住宅,駐車（輪）場,20歳代,その他,施錠せず
窃盗,自転車盗,浦安,浦安駅前,122271,千葉県,浦安市,北栄４丁目,2023-08-11,16,４階建て以上共同住宅,駐車（輪）場,40歳代,その他,施錠した
窃盗,自転車盗,浦安,浦安駅前,122271,千葉県,浦安市,北栄４丁目,2023-09-07,17,その他の住宅（３階建て以下共同住宅等）,その他,30歳代,その他,施錠せず
窃盗,自転車盗,浦安,浦安駅前,122271,千葉県,浦安市,北栄４丁目,2023-10-07,17,４階建て以上共同住宅,その他,10歳代,高校生,施錠した
窃盗,自転車盗,浦安,浦安駅前,122271,千葉県,浦安市,北栄４丁目,2023-10-27,09,その他,駐車（輪）場,10歳代,大学生,施錠せず
窃盗,自転車盗,浦安,浦安駅前,122271,千葉県,浦安市,北栄４丁目,2023-10-27,19,その他の住宅（３階建て以下共同住宅等）,駐車（輪）場,20歳代,その他,施錠した
窃盗,自転車盗,浦安,浦安駅前,122271,千葉県,浦安市,当代島１丁目,2022-12-18,13,４階建て以上共同住宅,その他,20歳代,その他,施錠した
窃盗,自転車盗,浦安,浦安駅前,122271,千葉県,浦安市,当代島１丁目,2023-03-09,10,その他,駐車（輪）場,20歳代,その他,施錠せず
窃盗,自転車盗,浦安,浦安駅前,122271,千葉県,浦安市,当代島１丁目,2023-03-15,19,道路上,その他,40歳代,その他,施錠した
窃盗,自転車盗,浦安,浦安駅前,122271,千葉県,浦安市,当代島１丁目,2023-03-30,01,その他,駐車（輪）場,20歳代,その他,施錠した
窃盗,自転車盗,浦安,浦安駅前,122271,千葉県,浦安市,当代島１丁目,2023-04-15,12,４階建て以上共同住宅,駐車（輪）場,10歳代,高校生,施錠した
窃盗,自転車盗,浦安,浦安駅前,122271,千葉県,浦安市,当代島１丁目,2023-04-21,11,４階建て以上共同住宅,駐車（輪）場,20歳代,その他,施錠した
窃盗,自転車盗,浦安,浦安駅前,122271,千葉県,浦安市,当代島１丁目,2023-05-25,13,その他,駐車（輪）場,30歳代,その他,施錠した
窃盗,自転車盗,浦安,浦安駅前,122271,千葉県,浦安市,当代島１丁目,2023-07-08,00,道路上,その他,20歳代,その他,施錠せず
窃盗,自転車盗,浦安,浦安駅前,122271,千葉県,浦安市,当代島１丁目,2023-07-30,10,その他,駐車（輪）場,10歳代,大学生,施錠した
窃盗,自転車盗,浦安,浦安駅前,122271,千葉県,浦安市,当代島１丁目,2023-08-27,19,道路上,その他,20歳代,その他,施錠せず
窃盗,自転車盗,浦安,浦安駅前,122271,千葉県,浦安市,当代島１丁目,2023-09-11,00,４階建て以上共同住宅,駐車（輪）場,20歳代,大学生,施錠した
窃盗,自転車盗,浦安,浦安駅前,122271,千葉県,浦安市,当代島１丁目,2023-09-20,15,道路上,その他,30歳代,その他,施錠せず
窃盗,自転車盗,浦安,浦安駅前,122271,千葉県,浦安市,当代島１丁目,2023-10-01,08,４階建て以上共同住宅,駐車（輪）場,20歳代,その他,施錠した
窃盗,自転車盗,浦安,浦安駅前,122271,千葉県,浦安市,当代島１丁目,2023-10-28,21,４階建て以上共同住宅,その他,20歳代,その他,施錠せず
窃盗,自転車盗,浦安,浦安駅前,122271,千葉県,浦安市,当代島２丁目,2023-01-04,10,４階建て以上共同住宅,駐車（輪）場,10歳代,大学生,施錠せず
窃盗,自転車盗,浦安,浦安駅前,122271,千葉県,浦安市,当代島２丁目,2023-02-11,20,４階建て以上共同住宅,駐車（輪）場,50歳代,その他,施錠した
窃盗,自転車盗,浦安,浦安駅前,122271,千葉県,浦安市,当代島２丁目,2023-07-29,16,その他の住宅（３階建て以下共同住宅等）,駐車（輪）場,20歳代,その他,施錠した
窃盗,自転車盗,浦安,浦安駅前,122271,千葉県,浦安市,当代島２丁目,2023-08-25,18,４階建て以上共同住宅,駐車（輪）場,10歳代,高校生,施錠した
窃盗,自転車盗,浦安,浦安駅前,122271,千葉県,浦安市,当代島２丁目,2023-11-20,08,４階建て以上共同住宅,その他,30歳代,その他,施錠せず
窃盗,自転車盗,浦安,浦安駅前,122271,千葉県,浦安市,当代島２丁目,2023-11-23,23,一戸建住宅,その他,20歳代,その他,施錠せず
窃盗,自転車盗,浦安,浦安駅前,122271,千葉県,浦安市,当代島３丁目,2023-08-12,15,その他,駐車（輪）場,20歳代,その他,施錠せず
窃盗,自転車盗,浦安,浦安駅前,122271,千葉県,浦安市,当代島３丁目,2023-08-27,11,その他,駐車（輪）場,30歳代,その他,施錠せず
窃盗,自転車盗,浦安,浦安駅前,122271,千葉県,浦安市,猫実１丁目,2023-01-25,11,４階建て以上共同住宅,その他,50歳代,その他,施錠した
窃盗,自転車盗,浦安,浦安駅前,122271,千葉県,浦安市,猫実１丁目,2023-02-24,22,その他の住宅（３階建て以下共同住宅等）,駐車（輪）場,10歳代,大学生,施錠せず
窃盗,自転車盗,浦安,浦安駅前,122271,千葉県,浦安市,猫実１丁目,2023-06-30,18,その他の住宅（３階建て以下共同住宅等）,その他,20歳代,大学生,施錠せず
窃盗,自転車盗,浦安,浦安駅前,122271,千葉県,浦安市,猫実２丁目,2023-02-27,15,一戸建住宅,その他,50歳代,その他,施錠せず
窃盗,自転車盗,浦安,浦安駅前,122271,千葉県,浦安市,猫実２丁目,2023-04-28,07,その他の住宅（３階建て以下共同住宅等）,駐車（輪）場,30歳代,その他,施錠せず
窃盗,自転車盗,浦安,浦安駅前,122271,千葉県,浦安市,猫実２丁目,2023-08-15,16,４階建て以上共同住宅,その他,30歳代,その他,施錠せず
窃盗,自転車盗,浦安,浦安駅前,122271,千葉県,浦安市,猫実２丁目,2023-09-11,09,４階建て以上共同住宅,その他,30歳代,その他,施錠せず
窃盗,自転車盗,浦安,浦安駅前,122271,千葉県,浦安市,猫実３丁目,2023-09-21,13,４階建て以上共同住宅,駐車（輪）場,40歳代,その他,施錠せず
窃盗,自転車盗,浦安,浦安駅前,122271,千葉県,浦安市,猫実３丁目,2023-11-02,12,一戸建住宅,その他,65-69歳,その他,施錠せず
窃盗,自転車盗,浦安,浦安駅前,122271,千葉県,浦安市,猫実４丁目,2023-01-17,15,その他,駐車（輪）場,10歳代,中学生,施錠せず
窃盗,自転車盗,浦安,浦安駅前,122271,千葉県,浦安市,猫実４丁目,2023-01-22,10,その他,駐車（輪）場,40歳代,その他,施錠した
窃盗,自転車盗,浦安,浦安駅前,122271,千葉県,浦安市,猫実４丁目,2023-02-06,20,その他,駐車（輪）場,10歳代,中学生,施錠せず
窃盗,自転車盗,浦安,浦安駅前,122271,千葉県,浦安市,猫実４丁目,2023-03-10,08,その他,その他,10歳代,高校生,施錠した
窃盗,自転車盗,浦安,浦安駅前,122271,千葉県,浦安市,猫実４丁目,2023-04-02,07,駐車（輪）場,駐車（輪）場,20歳代,その他,施錠した
窃盗,自転車盗,浦安,浦安駅前,122271,千葉県,浦安市,猫実４丁目,2023-04-07,13,駐車（輪）場,駐車（輪）場,20歳代,その他,施錠せず
窃盗,自転車盗,浦安,浦安駅前,122271,千葉県,浦安市,猫実４丁目,2023-04-27,07,駐車（輪）場,駐車（輪）場,20歳代,その他,施錠せず
窃盗,自転車盗,浦安,浦安駅前,122271,千葉県,浦安市,猫実４丁目,2023-05-12,09,駐車（輪）場,駐車（輪）場,30歳代,その他,施錠した
窃盗,自転車盗,浦安,浦安駅前,122271,千葉県,浦安市,猫実４丁目,2023-05-15,09,その他,駐車（輪）場,20歳代,その他,施錠した
窃盗,自転車盗,浦安,浦安駅前,122271,千葉県,浦安市,猫実４丁目,2023-06-24,14,その他,駐車（輪）場,10歳代,高校生,施錠せず
窃盗,自転車盗,浦安,浦安駅前,122271,千葉県,浦安市,猫実４丁目,2023-08-14,16,その他,駐車（輪）場,20歳代,その他,施錠した
窃盗,自転車盗,浦安,浦安駅前,122271,千葉県,浦安市,猫実４丁目,2023-08-22,22,駐車（輪）場,駐車（輪）場,20歳代,その他,施錠せず
窃盗,自転車盗,浦安,浦安駅前,122271,千葉県,浦安市,猫実４丁目,2023-08-31,19,駐車（輪）場,駐車（輪）場,30歳代,その他,施錠せず
窃盗,自転車盗,浦安,浦安駅前,122271,千葉県,浦安市,猫実４丁目,2023-09-07,08,駐車（輪）場,駐車（輪）場,20歳代,その他,施錠せず
窃盗,自転車盗,浦安,浦安駅前,122271,千葉県,浦安市,猫実４丁目,2023-09-30,17,駐車（輪）場,駐車（輪）場,20歳代,大学生,施錠せず
窃盗,自転車盗,浦安,浦安駅前,122271,千葉県,浦安市,猫実４丁目,2023-11-01,08,その他,駐車（輪）場,20歳代,大学生,施錠せず
窃盗,自転車盗,浦安,浦安駅前,122271,千葉県,浦安市,猫実４丁目,2023-11-03,10,駐車（輪）場,駐車（輪）場,10歳代,大学生,施錠した
窃盗,自転車盗,浦安,浦安駅前,122271,千葉県,浦安市,猫実４丁目,2023-11-03,10,駐車（輪）場,駐車（輪）場,20歳代,大学生,施錠せず
窃盗,自転車盗,浦安,浦安駅前,122271,千葉県,浦安市,猫実４丁目,2023-11-29,13,道路上,その他,30歳代,その他,施錠した
窃盗,自転車盗,浦安,浦安駅前,122271,千葉県,浦安市,猫実４丁目,2023-12-12,15,駐車（輪）場,駐車（輪）場,10歳代,高校生,施錠せず
窃盗,自転車盗,浦安,浦安駅前,122271,千葉県,浦安市,猫実４丁目,2023-12-14,07,駐車（輪）場,駐車（輪）場,20歳代,大学生,施錠した
窃盗,自転車盗,浦安,浦安駅前,122271,千葉県,浦安市,猫実４丁目,2023-12-21,18,駐車（輪）場,駐車（輪）場,20歳代,大学生,施錠せず
窃盗,自転車盗,浦安,浦安駅前,122271,千葉県,浦安市,猫実５丁目,2023-05-20,23,その他の住宅（３階建て以下共同住宅等）,駐車（輪）場,20歳代,その他,施錠した
窃盗,自転車盗,浦安,浦安駅前,122271,千葉県,浦安市,猫実５丁目,2023-07-25,12,駐車（輪）場,駐車（輪）場,10歳代,高校生,施錠せず
窃盗,自転車盗,浦安,浦安駅前,122271,千葉県,浦安市,猫実５丁目,2023-12-05,13,駐車（輪）場,駐車（輪）場,20歳代,その他,施錠した
窃盗,自転車盗,浦安,浦安駅前,122271,千葉県,浦安市,東野１丁目,2023-04-14,16,一戸建住宅,駐車（輪）場,50歳代,その他,施錠せず
窃盗,自転車盗,浦安,浦安駅前,122271,千葉県,浦安市,堀江１丁目,2023-10-20,16,４階建て以上共同住宅,駐車（輪）場,20歳代,その他,施錠せず
窃盗,自転車盗,浦安,浦安駅前,122271,千葉県,浦安市,堀江６丁目,2023-08-10,09,その他の住宅（３階建て以下共同住宅等）,駐車（輪）場,20歳代,その他,施錠せず
窃盗,自転車盗,浦安,浦安駅前,122271,千葉県,浦安市,美浜２丁目,2023-11-19,20,４階建て以上共同住宅,駐車（輪）場,20歳代,その他,施錠せず
窃盗,自転車盗,浦安,舞浜駅前,122271,千葉県,浦安市,東野３丁目,2023-11-11,12,その他,駐車（輪）場,10歳代,中学生,施錠せず
窃盗,自転車盗,浦安,舞浜駅前,122271,千葉県,浦安市,舞浜,2022-12-28,16,その他,駐車（輪）場,10歳代,大学生,施錠した
窃盗,自転車盗,浦安,舞浜駅前,122271,千葉県,浦安市,舞浜,2023-01-08,15,その他,駐車（輪）場,10歳代,中学生,施錠せず
窃盗,自転車盗,浦安,舞浜駅前,122271,千葉県,浦安市,舞浜,2023-02-05,08,その他,駐車（輪）場,40歳代,その他,施錠した
窃盗,自転車盗,浦安,舞浜駅前,122271,千葉県,浦安市,舞浜,2023-02-08,07,その他,駐車（輪）場,10歳代,高校生,施錠せず
窃盗,自転車盗,浦安,舞浜駅前,122271,千葉県,浦安市,舞浜,2023-02-16,14,その他,駐車（輪）場,50歳代,その他,施錠せず
窃盗,自転車盗,浦安,舞浜駅前,122271,千葉県,浦安市,舞浜,2023-02-19,12,その他,駐車（輪）場,20歳代,その他,施錠した
窃盗,自転車盗,浦安,舞浜駅前,122271,千葉県,浦安市,舞浜,2023-02-26,08,その他,駐車（輪）場,20歳代,大学生,施錠せず
窃盗,自転車盗,浦安,舞浜駅前,122271,千葉県,浦安市,舞浜,2023-03-29,18,その他,駐車（輪）場,30歳代,その他,施錠せず
窃盗,自転車盗,浦安,舞浜駅前,122271,千葉県,浦安市,舞浜,2023-04-06,09,その他,駐車（輪）場,20歳代,その他,施錠せず
窃盗,自転車盗,浦安,舞浜駅前,122271,千葉県,浦安市,舞浜,2023-04-21,20,その他,駐車（輪）場,20歳代,その他,施錠した
窃盗,自転車盗,浦安,舞浜駅前,122271,千葉県,浦安市,舞浜,2023-04-28,07,駐車（輪）場,駐車（輪）場,20歳代,その他,施錠した
窃盗,自転車盗,浦安,舞浜駅前,122271,千葉県,浦安市,舞浜,2023-05-09,18,その他,駐車（輪）場,10歳代,高校生,施錠した
窃盗,自転車盗,浦安,舞浜駅前,122271,千葉県,浦安市,舞浜,2023-05-12,16,その他,駐車（輪）場,40歳代,その他,施錠せず
窃盗,自転車盗,浦安,舞浜駅前,122271,千葉県,浦安市,舞浜,2023-05-13,06,その他,駐車（輪）場,30歳代,その他,施錠せず
窃盗,自転車盗,浦安,舞浜駅前,122271,千葉県,浦安市,舞浜,2023-05-31,07,駐車（輪）場,駐車（輪）場,10歳代,高校生,施錠せず
窃盗,自転車盗,浦安,舞浜駅前,122271,千葉県,浦安市,舞浜,2023-06-04,11,駐車（輪）場,駐車（輪）場,10歳代,その他,施錠した
窃盗,自転車盗,浦安,舞浜駅前,122271,千葉県,浦安市,舞浜,2023-07-04,14,その他,駐車（輪）場,20歳代,その他,施錠せず
窃盗,自転車盗,浦安,舞浜駅前,122271,千葉県,浦安市,舞浜,2023-07-12,17,その他,駐車（輪）場,20歳代,その他,施錠した
窃盗,自転車盗,浦安,舞浜駅前,122271,千葉県,浦安市,舞浜,2023-08-03,11,その他,駐車（輪）場,20歳代,その他,施錠した
窃盗,自転車盗,浦安,舞浜駅前,122271,千葉県,浦安市,舞浜,2023-08-26,12,その他,駐車（輪）場,30歳代,その他,施錠せず
窃盗,自転車盗,浦安,舞浜駅前,122271,千葉県,浦安市,舞浜,2023-09-04,08,その他,駐車（輪）場,50歳代,その他,施錠せず
窃盗,自転車盗,浦安,舞浜駅前,122271,千葉県,浦安市,舞浜,2023-09-20,07,その他,駐車（輪）場,40歳代,その他,施錠した
窃盗,自転車盗,浦安,舞浜駅前,122271,千葉県,浦安市,舞浜,2023-09-21,11,駐車（輪）場,駐車（輪）場,20歳代,その他,施錠せず
窃盗,自転車盗,浦安,舞浜駅前,122271,千葉県,浦安市,舞浜,2023-09-29,17,その他,駐車（輪）場,20歳代,その他,施錠した
窃盗,自転車盗,浦安,舞浜駅前,122271,千葉県,浦安市,舞浜,2023-09-30,17,その他,駐車（輪）場,50歳代,その他,施錠せず
窃盗,自転車盗,浦安,舞浜駅前,122271,千葉県,浦安市,舞浜,2023-10-02,06,その他,駐車（輪）場,20歳代,その他,施錠せず
窃盗,自転車盗,浦安,舞浜駅前,122271,千葉県,浦安市,舞浜,2023-10-02,10,駐車（輪）場,駐車（輪）場,20歳代,その他,施錠した
窃盗,自転車盗,浦安,舞浜駅前,122271,千葉県,浦安市,舞浜,2023-10-03,07,駐車（輪）場,駐車（輪）場,20歳代,その他,施錠せず
窃盗,自転車盗,浦安,舞浜駅前,122271,千葉県,浦安市,舞浜,2023-10-14,20,その他,駐車（輪）場,20歳代,その他,施錠せず
窃盗,自転車盗,浦安,舞浜駅前,122271,千葉県,浦安市,舞浜,2023-10-23,06,駐車（輪）場,駐車（輪）場,10歳代,高校生,施錠せず
窃盗,自転車盗,浦安,舞浜駅前,122271,千葉県,浦安市,舞浜,2023-10-23,13,その他,駐車（輪）場,40歳代,その他,施錠せず
窃盗,自転車盗,浦安,舞浜駅前,122271,千葉県,浦安市,舞浜,2023-10-29,16,その他,駐車（輪）場,10歳代,大学生,施錠せず
窃盗,自転車盗,浦安,舞浜駅前,122271,千葉県,浦安市,舞浜,2023-11-01,05,その他,その他,20歳代,その他,施錠せず
窃盗,自転車盗,浦安,舞浜駅前,122271,千葉県,浦安市,舞浜,2023-11-02,14,その他,駐車（輪）場,50歳代,その他,施錠せず
窃盗,自転車盗,浦安,舞浜駅前,122271,千葉県,浦安市,舞浜,2023-11-17,00,その他,駐車（輪）場,20歳代,その他,施錠せず
窃盗,自転車盗,浦安,舞浜駅前,122271,千葉県,浦安市,舞浜,2023-11-22,08,その他,その他,50歳代,その他,施錠した
窃盗,自転車盗,浦安,舞浜駅前,122271,千葉県,浦安市,舞浜,2023-11-30,23,駐車（輪）場,駐車（輪）場,20歳代,大学生,施錠せず
窃盗,自転車盗,浦安,舞浜駅前,122271,千葉県,浦安市,舞浜,2023-12-12,07,その他,駐車（輪）場,20歳代,その他,施錠せず
窃盗,自転車盗,浦安,舞浜駅前,122271,千葉県,浦安市,舞浜３丁目,2023-11-04,12,駐車（輪）場,駐車（輪）場,20歳代,その他,施錠せず
窃盗,自転車盗,浦安,舞浜駅前,122271,千葉県,浦安市,富士見５丁目,2023-06-18,22,４階建て以上共同住宅,駐車（輪）場,30歳代,その他,施錠せず
窃盗,自転車盗,浦安,舞浜駅前,122271,千葉県,浦安市,富士見５丁目,2023-06-22,06,駐車（輪）場,駐車（輪）場,50歳代,その他,施錠した
窃盗,自転車盗,浦安,舞浜駅前,122271,千葉県,浦安市,富士見５丁目,2023-10-26,19,４階建て以上共同住宅,その他,20歳代,その他,施錠せず
窃盗,自転車盗,松戸,二十世紀が丘,122076,千葉県,松戸市,,2023-09-16,06,その他,その他,10歳代,小学生,施錠せず
窃盗,自転車盗,松戸,二十世紀が丘,122076,千葉県,松戸市,秋山,2022-10-12,16,その他,駐車（輪）場,10歳代,高校生,施錠せず
窃盗,自転車盗,松戸,二十世紀が丘,122076,千葉県,松戸市,秋山,2023-03-26,16,駐車（輪）場,駐車（輪）場,10歳代,高校生,施錠せず
窃盗,自転車盗,松戸,二十世紀が丘,122076,千葉県,松戸市,秋山,2023-08-27,06,駐車（輪）場,駐車（輪）場,20歳代,大学生,施錠せず
窃盗,自転車盗,松戸,二十世紀が丘,122076,千葉県,松戸市,秋山,2023-11-20,08,その他,駐車（輪）場,10歳代,高校生,施錠せず
窃盗,自転車盗,松戸,二十世紀が丘,122076,千葉県,松戸市,秋山,2023-11-27,08,その他,駐車（輪）場,10歳代,高校生,施錠せず
窃盗,自転車盗,松戸,二十世紀が丘,122076,千葉県,松戸市,秋山,2023-12-06,08,その他,駐車（輪）場,10歳代,高校生,施錠せず
窃盗,自転車盗,松戸,二十世紀が丘,122076,千葉県,松戸市,秋山１丁目,2023-04-12,22,４階建て以上共同住宅,駐車（輪）場,10歳代,高校生,施錠せず
窃盗,自転車盗,松戸,二十世紀が丘,122076,千葉県,松戸市,秋山１丁目,2023-08-08,17,その他,その他,10歳代,大学生,施錠した
窃盗,自転車盗,松戸,二十世紀が丘,122076,千葉県,松戸市,秋山１丁目,2023-08-29,19,駐車（輪）場,駐車（輪）場,20歳代,その他,施錠した
窃盗,自転車盗,松戸,二十世紀が丘,122076,千葉県,松戸市,大橋,2023-01-15,20,その他の住宅（３階建て以下共同住宅等）,駐車（輪）場,30歳代,その他,施錠せず
窃盗,自転車盗,松戸,二十世紀が丘,122076,千葉県,松戸市,大橋,2023-04-09,09,その他,駐車（輪）場,10歳代,高校生,施錠せず
窃盗,自転車盗,松戸,二十世紀が丘,122076,千葉県,松戸市,大橋,2023-05-06,21,一戸建住宅,駐車（輪）場,10歳代,高校生,施錠せず
窃盗,自転車盗,松戸,二十世紀が丘,122076,千葉県,松戸市,大橋,2023-05-10,21,道路上,その他,10歳代,高校生,施錠せず
窃盗,自転車盗,松戸,二十世紀が丘,122076,千葉県,松戸市,二十世紀が丘戸山町,2023-06-29,18,一戸建住宅,駐車（輪）場,10歳代,中学生,施錠せず
窃盗,自転車盗,松戸,二十世紀が丘,122076,千葉県,松戸市,二十世紀が丘萩町,2023-03-17,08,その他の住宅（３階建て以下共同住宅等）,その他,40歳代,その他,施錠せず
窃盗,自転車盗,松戸,二十世紀が丘,122076,千葉県,松戸市,二十世紀が丘丸山町,2023-03-04,17,その他,駐車（輪）場,10歳代,高校生,施錠せず
窃盗,自転車盗,松戸,二十世紀が丘,122076,千葉県,松戸市,二十世紀が丘美野里町,2023-05-13,16,その他の住宅（３階建て以下共同住宅等）,駐車（輪）場,10歳代,高校生,施錠せず
窃盗,自転車盗,松戸,二十世紀が丘,122076,千葉県,松戸市,二十世紀が丘美野里町,2023-07-11,12,一戸建住宅,その他,10歳代,高校生,施錠せず
窃盗,自転車盗,松戸,二十世紀が丘,122076,千葉県,松戸市,松戸,2023-03-07,12,その他の住宅（３階建て以下共同住宅等）,その他,50歳代,その他,施錠せず
窃盗,自転車盗,松戸,二十世紀が丘,122076,千葉県,松戸市,松戸,2023-06-10,14,一戸建住宅,駐車（輪）場,10歳代,高校生,施錠せず
窃盗,自転車盗,松戸,二十世紀が丘,122076,千葉県,松戸市,和名ケ谷,2023-08-25,12,一戸建住宅,その他,20歳代,その他,施錠した
窃盗,自転車盗,松戸,二十世紀が丘,122076,千葉県,松戸市,和名ケ谷,2023-09-04,21,その他,駐車（輪）場,20歳代,大学生,施錠せず
窃盗,自転車盗,松戸,二十世紀が丘,122076,千葉県,松戸市,和名ケ谷,2023-09-06,19,一戸建住宅,その他,20歳代,その他,施錠した
窃盗,自転車盗,松戸,二十世紀が丘,122076,千葉県,松戸市,和名ケ谷,2023-09-29,15,その他の住宅（３階建て以下共同住宅等）,駐車（輪）場,40歳代,その他,施錠せず
窃盗,自転車盗,松戸,二十世紀が丘,122076,千葉県,松戸市,和名ケ谷,2023-12-14,13,４階建て以上共同住宅,駐車（輪）場,10歳代,高校生,施錠せず
窃盗,自転車盗,松戸,八柱,122076,千葉県,松戸市,金ケ作,2023-02-27,06,駐車（輪）場,駐車（輪）場,10歳代,高校生,施錠せず
窃盗,自転車盗,松戸,八柱,122076,千葉県,松戸市,金ケ作,2023-06-06,07,駐車（輪）場,駐車（輪）場,20歳代,その他,施錠した
窃盗,自転車盗,松戸,八柱,122076,千葉県,松戸市,金ケ作,2023-07-27,07,駐車（輪）場,駐車（輪）場,20歳代,その他,施錠した
窃盗,自転車盗,松戸,八柱,122076,千葉県,松戸市,金ケ作,2023-09-29,19,駐車（輪）場,駐車（輪）場,10歳代,高校生,施錠せず
窃盗,自転車盗,松戸,八柱,122076,千葉県,松戸市,金ケ作,2023-10-22,21,駐車（輪）場,駐車（輪）場,60-64歳,その他,施錠せず
窃盗,自転車盗,松戸,八柱,122076,千葉県,松戸市,河原塚,2023-05-06,14,その他の住宅（３階建て以下共同住宅等）,駐車（輪）場,30歳代,その他,施錠した
窃盗,自転車盗,松戸,八柱,122076,千葉県,松戸市,河原塚,2023-05-23,08,その他の住宅（３階建て以下共同住宅等）,その他,10歳代,高校生,施錠した
窃盗,自転車盗,松戸,八柱,122076,千葉県,松戸市,千駄堀,2023-04-02,20,駐車（輪）場,駐車（輪）場,10歳代,高校生,施錠せず
窃盗,自転車盗,松戸,八柱,122076,千葉県,松戸市,千駄堀,2023-06-27,07,その他,駐車（輪）場,20歳代,その他,施錠せず
窃盗,自転車盗,松戸,八柱,122076,千葉県,松戸市,千駄堀,2023-11-24,18,その他の住宅（３階建て以下共同住宅等）,駐車（輪）場,10歳代,小学生,施錠せず
窃盗,自転車盗,松戸,八柱,122076,千葉県,松戸市,常盤平陣屋前,2023-08-09,13,その他,駐車（輪）場,10歳代,高校生,施錠せず
窃盗,自転車盗,松戸,八柱,122076,千葉県,松戸市,日暮１丁目,2023-02-08,06,その他,駐車（輪）場,40歳代,その他,施錠せず
窃盗,自転車盗,松戸,八柱,122076,千葉県,松戸市,日暮１丁目,2023-02-20,06,駐車（輪）場,駐車（輪）場,20歳代,大学生,施錠した
窃盗,自転車盗,松戸,八柱,122076,千葉県,松戸市,日暮１丁目,2023-07-19,18,駐車（輪）場,駐車（輪）場,10歳代,高校生,施錠した
窃盗,自転車盗,松戸,八柱,122076,千葉県,松戸市,日暮１丁目,2023-07-29,13,その他,駐車（輪）場,20歳代,大学生,施錠せず
窃盗,自転車盗,松戸,八柱,122076,千葉県,松戸市,日暮１丁目,2023-08-12,12,その他,駐車（輪）場,10歳代,高校生,施錠せず
窃盗,自転車盗,松戸,八柱,122076,千葉県,松戸市,日暮１丁目,2023-08-30,17,その他,駐車（輪）場,20歳代,大学生,施錠せず
窃盗,自転車盗,松戸,八柱,122076,千葉県,松戸市,日暮１丁目,2023-09-17,07,駐車（輪）場,駐車（輪）場,10歳代,高校生,施錠せず
窃盗,自転車盗,松戸,八柱,122076,千葉県,松戸市,日暮１丁目,2023-09-20,19,その他,駐車（輪）場,10歳代,高校生,施錠せず
窃盗,自転車盗,松戸,八柱,122076,千葉県,松戸市,日暮１丁目,2023-10-03,08,駐車（輪）場,駐車（輪）場,50歳代,その他,施錠した
窃盗,自転車盗,松戸,八柱,122076,千葉県,松戸市,日暮１丁目,2023-10-17,13,道路上,その他,70歳以上,その他,施錠した
窃盗,自転車盗,松戸,八柱,122076,千葉県,松戸市,日暮１丁目,2023-10-27,17,道路上,その他,50歳代,その他,施錠した
窃盗,自転車盗,松戸,八柱,122076,千葉県,松戸市,日暮１丁目,2023-11-07,18,その他,駐車（輪）場,10歳代,高校生,施錠せず
窃盗,自転車盗,松戸,八柱,122076,千葉県,松戸市,日暮１丁目,2023-11-25,17,駐車（輪）場,駐車（輪）場,10歳代,高校生,施錠した
窃盗,自転車盗,松戸,八柱,122076,千葉県,松戸市,日暮２丁目,2023-02-24,16,その他,駐車（輪）場,40歳代,その他,施錠せず
窃盗,自転車盗,松戸,八柱,122076,千葉県,松戸市,日暮２丁目,2023-08-04,09,駐車（輪）場,駐車（輪）場,10歳代,大学生,施錠せず
窃盗,自転車盗,松戸,八柱,122076,千葉県,松戸市,日暮３丁目,2022-12-27,07,駐車（輪）場,駐車（輪）場,10歳代,高校生,施錠せず
窃盗,自転車盗,松戸,八柱,122076,千葉県,松戸市,日暮３丁目,2023-02-03,17,駐車（輪）場,駐車（輪）場,10歳代,高校生,施錠せず
窃盗,自転車盗,松戸,八柱,122076,千葉県,松戸市,日暮３丁目,2023-06-02,18,駐車（輪）場,駐車（輪）場,10歳代,高校生,施錠せず
窃盗,自転車盗,松戸,八柱,122076,千葉県,松戸市,日暮３丁目,2023-07-20,16,駐車（輪）場,駐車（輪）場,10歳代,高校生,施錠した
窃盗,自転車盗,松戸,八柱,122076,千葉県,松戸市,日暮３丁目,2023-10-12,19,駐車（輪）場,駐車（輪）場,10歳代,高校生,施錠せず
窃盗,自転車盗,松戸,八柱,122076,千葉県,松戸市,日暮３丁目,2023-11-15,15,駐車（輪）場,駐車（輪）場,10歳代,高校生,施錠した
窃盗,自転車盗,松戸,八柱,122076,千葉県,松戸市,日暮３丁目,2023-11-29,16,駐車（輪）場,駐車（輪）場,10歳代,高校生,施錠せず
窃盗,自転車盗,松戸,八柱,122076,千葉県,松戸市,日暮３丁目,2023-12-05,16,駐車（輪）場,駐車（輪）場,10歳代,高校生,施錠せず
窃盗,自転車盗,松戸,八柱,122076,千葉県,松戸市,日暮３丁目,2023-12-08,11,駐車（輪）場,駐車（輪）場,10歳代,高校生,施錠せず
窃盗,自転車盗,松戸,八柱,122076,千葉県,松戸市,日暮５丁目,2023-07-29,21,その他の住宅（３階建て以下共同住宅等）,駐車（輪）場,20歳代,その他,施錠せず
窃盗,自転車盗,松戸,八柱,122076,千葉県,松戸市,日暮７丁目,2023-08-04,08,道路上,その他,20歳代,その他,施錠せず
窃盗,自転車盗,松戸,八柱,122076,千葉県,松戸市,日暮８丁目,2023-07-27,19,一戸建住宅,その他,10歳代,小学生,施錠せず
窃盗,自転車盗,松戸,八柱,122076,千葉県,松戸市,日暮８丁目,2023-10-11,21,一戸建住宅,駐車（輪）場,10歳代,中学生,施錠せず
窃盗,自転車盗,松戸,八柱,122076,千葉県,松戸市,牧の原１丁目,2023-07-17,20,その他の住宅（３階建て以下共同住宅等）,駐車（輪）場,30歳代,その他,施錠した
窃盗,自転車盗,松戸,八柱,122076,千葉県,松戸市,牧の原２丁目,2022-12-29,00,一戸建住宅,その他,70歳以上,その他,施錠せず
窃盗,自転車盗,松戸,八柱,122076,千葉県,松戸市,牧の原２丁目,2023-06-29,19,その他の住宅（３階建て以下共同住宅等）,駐車（輪）場,10歳代,中学生,施錠した
窃盗,自転車盗,松戸,八柱,122076,千葉県,松戸市,三矢小台３丁目,不明,不明,その他の住宅（３階建て以下共同住宅等）,駐車（輪）場,20歳代,その他,施錠せず
窃盗,自転車盗,松戸,北松戸,122076,千葉県,松戸市,上本郷,2023-01-20,20,その他,駐車（輪）場,20歳代,その他,施錠せず
窃盗,自転車盗,松戸,北松戸,122076,千葉県,松戸市,上本郷,2023-03-03,07,駐車（輪）場,駐車（輪）場,30歳代,その他,施錠せず
窃盗,自転車盗,松戸,北松戸,122076,千葉県,松戸市,上本郷,2023-03-05,14,駐車（輪）場,駐車（輪）場,40歳代,その他,施錠した
窃盗,自転車盗,松戸,北松戸,122076,千葉県,松戸市,上本郷,2023-03-08,18,一戸建住宅,駐車（輪）場,10歳代,高校生,施錠せず
窃盗,自転車盗,松戸,北松戸,122076,千葉県,松戸市,上本郷,2023-03-15,20,その他の住宅（３階建て以下共同住宅等）,その他,40歳代,その他,施錠せず
窃盗,自転車盗,松戸,北松戸,122076,千葉県,松戸市,上本郷,2023-03-24,13,駐車（輪）場,駐車（輪）場,20歳代,その他,施錠した
窃盗,自転車盗,松戸,北松戸,122076,千葉県,松戸市,上本郷,2023-04-07,22,一戸建住宅,駐車（輪）場,10歳代,大学生,施錠せず
窃盗,自転車盗,松戸,北松戸,122076,千葉県,松戸市,上本郷,2023-04-09,08,駐車（輪）場,駐車（輪）場,50歳代,その他,施錠した
窃盗,自転車盗,松戸,北松戸,122076,千葉県,松戸市,上本郷,2023-04-11,17,４階建て以上共同住宅,駐車（輪）場,10歳代,中学生,施錠せず
窃盗,自転車盗,松戸,北松戸,122076,千葉県,松戸市,上本郷,2023-04-30,11,駐車（輪）場,駐車（輪）場,10歳代,高校生,施錠せず
窃盗,自転車盗,松戸,北松戸,122076,千葉県,松戸市,上本郷,2023-05-06,12,その他,駐車（輪）場,10歳代,大学生,施錠せず
窃盗,自転車盗,松戸,北松戸,122076,千葉県,松戸市,上本郷,2023-05-26,18,４階建て以上共同住宅,駐車（輪）場,50歳代,その他,施錠した
窃盗,自転車盗,松戸,北松戸,122076,千葉県,松戸市,上本郷,2023-05-27,18,その他の住宅（３階建て以下共同住宅等）,駐車（輪）場,60-64歳,その他,施錠せず
窃盗,自転車盗,松戸,北松戸,122076,千葉県,松戸市,上本郷,2023-06-11,07,駐車（輪）場,駐車（輪）場,40歳代,その他,施錠せず
窃盗,自転車盗,松戸,北松戸,122076,千葉県,松戸市,上本郷,2023-07-09,13,駐車（輪）場,駐車（輪）場,10歳代,高校生,施錠せず
窃盗,自転車盗,松戸,北松戸,122076,千葉県,松戸市,上本郷,2023-08-02,12,その他の住宅（３階建て以下共同住宅等）,その他,30歳代,その他,施錠した
窃盗,自転車盗,松戸,北松戸,122076,千葉県,松戸市,上本郷,2023-09-12,08,駐車（輪）場,駐車（輪）場,40歳代,その他,施錠した
窃盗,自転車盗,松戸,北松戸,122076,千葉県,松戸市,上本郷,2023-10-05,10,駐車（輪）場,駐車（輪）場,40歳代,その他,施錠せず
窃盗,自転車盗,松戸,北松戸,122076,千葉県,松戸市,上本郷,2023-10-12,07,駐車（輪）場,駐車（輪）場,20歳代,その他,施錠せず
窃盗,自転車盗,松戸,北松戸,122076,千葉県,松戸市,北松戸１丁目,2023-07-06,11,道路上,その他,10歳代,大学生,施錠した
窃盗,自転車盗,松戸,北松戸,122076,千葉県,松戸市,北松戸１丁目,2023-09-20,08,その他,その他,10歳代,高校生,施錠した
窃盗,自転車盗,松戸,北松戸,122076,千葉県,松戸市,北松戸２丁目,2023-06-14,15,４階建て以上共同住宅,駐車（輪）場,20歳代,その他,施錠した
窃盗,自転車盗,松戸,北松戸,122076,千葉県,松戸市,北松戸２丁目,2023-08-06,16,その他の住宅（３階建て以下共同住宅等）,その他,20歳代,その他,施錠せず
窃盗,自転車盗,松戸,北松戸,122076,千葉県,松戸市,北松戸２丁目,2023-09-02,09,その他の住宅（３階建て以下共同住宅等）,駐車（輪）場,20歳代,その他,施錠した
窃盗,自転車盗,松戸,北松戸,122076,千葉県,松戸市,栄町５丁目,2023-07-12,21,一戸建住宅,その他,50歳代,その他,施錠せず
窃盗,自転車盗,松戸,北松戸,122076,千葉県,松戸市,新作,2023-03-11,19,その他の住宅（３階建て以下共同住宅等）,駐車（輪）場,10歳未満,小学生,施錠せず
窃盗,自転車盗,松戸,北松戸,122076,千葉県,松戸市,新作,2023-05-17,17,その他の住宅（３階建て以下共同住宅等）,駐車（輪）場,20歳代,その他,施錠せず
窃盗,自転車盗,松戸,北松戸,122076,千葉県,松戸市,新作,2023-08-31,17,その他の住宅（３階建て以下共同住宅等）,駐車（輪）場,20歳代,その他,施錠せず
窃盗,自転車盗,松戸,北松戸,122076,千葉県,松戸市,新作,2023-10-16,08,その他の住宅（３階建て以下共同住宅等）,駐車（輪）場,30歳代,その他,施錠した
窃盗,自転車盗,松戸,北松戸,122076,千葉県,松戸市,中根,2023-11-14,16,４階建て以上共同住宅,駐車（輪）場,30歳代,その他,施錠した
窃盗,自転車盗,松戸,北松戸,122076,千葉県,松戸市,中和倉,2023-10-12,23,４階建て以上共同住宅,駐車（輪）場,20歳代,大学生,施錠せず
窃盗,自転車盗,松戸,北松戸,122076,千葉県,松戸市,中和倉,2023-10-28,23,一戸建住宅,駐車（輪）場,30歳代,その他,施錠した
窃盗,自転車盗,松戸,北松戸,122076,千葉県,松戸市,中和倉,2023-11-04,16,その他の住宅（３階建て以下共同住宅等）,その他,50歳代,その他,施錠した
窃盗,自転車盗,松戸,北松戸,122076,千葉県,松戸市,南花島２丁目,2023-02-23,22,その他の住宅（３階建て以下共同住宅等）,その他,30歳代,その他,施錠せず
窃盗,自転車盗,松戸,北松戸,122076,千葉県,松戸市,南花島２丁目,2023-08-04,05,その他,駐車（輪）場,20歳代,大学生,施錠せず
窃盗,自転車盗,松戸,北松戸,122076,千葉県,松戸市,南花島３丁目,2023-01-03,11,一戸建住宅,その他,10歳代,中学生,施錠せず
窃盗,自転車盗,松戸,北松戸,122076,千葉県,松戸市,南花島３丁目,2023-07-13,12,４階建て以上共同住宅,その他,60-64歳,その他,施錠せず
窃盗,自転車盗,松戸,北松戸,122076,千葉県,松戸市,南花島４丁目,2023-04-09,18,４階建て以上共同住宅,駐車（輪）場,30歳代,その他,施錠した
窃盗,自転車盗,松戸,北松戸,122076,千葉県,松戸市,南花島中町,2023-11-02,23,４階建て以上共同住宅,駐車（輪）場,20歳代,その他,施錠した
窃盗,自転車盗,松戸,北松戸,122076,千葉県,松戸市,南花島向町,不明,不明,その他,駐車（輪）場,20歳代,その他,施錠せず
窃盗,自転車盗,松戸,小根本,122076,千葉県,松戸市,岩瀬,2022-12-21,08,駐車（輪）場,駐車（輪）場,10歳代,その他,施錠した
窃盗,自転車盗,松戸,小根本,122076,千葉県,松戸市,岩瀬,2023-03-11,21,その他の住宅（３階建て以下共同住宅等）,駐車（輪）場,30歳代,その他,施錠せず
窃盗,自転車盗,松戸,小根本,122076,千葉県,松戸市,岩瀬,2023-07-07,14,駐車（輪）場,駐車（輪）場,30歳代,その他,施錠せず
窃盗,自転車盗,松戸,小根本,122076,千葉県,松戸市,小根本,2022-12-27,07,駐車（輪）場,駐車（輪）場,20歳代,その他,施錠した
窃盗,自転車盗,松戸,小根本,122076,千葉県,松戸市,小根本,2023-02-26,12,その他の住宅（３階建て以下共同住宅等）,駐車（輪）場,20歳代,その他,施錠した
窃盗,自転車盗,松戸,小根本,122076,千葉県,松戸市,小根本,2023-03-07,15,４階建て以上共同住宅,その他,30歳代,その他,施錠せず
窃盗,自転車盗,松戸,小根本,122076,千葉県,松戸市,小根本,2023-05-24,18,一戸建住宅,駐車（輪）場,30歳代,その他,施錠した
窃盗,自転車盗,松戸,小根本,122076,千葉県,松戸市,小根本,2023-11-06,07,駐車（輪）場,駐車（輪）場,50歳代,その他,施錠せず
窃盗,自転車盗,松戸,小根本,122076,千葉県,松戸市,小根本,2023-12-08,12,駐車（輪）場,駐車（輪）場,10歳代,高校生,施錠せず
窃盗,自転車盗,松戸,小根本,122076,千葉県,松戸市,胡録台,2023-09-14,19,その他の住宅（３階建て以下共同住宅等）,駐車（輪）場,20歳代,その他,施錠せず
窃盗,自転車盗,松戸,小根本,122076,千葉県,松戸市,竹ケ花,2023-01-21,不明,その他の住宅（３階建て以下共同住宅等）,駐車（輪）場,20歳代,その他,施錠せず
窃盗,自転車盗,松戸,小根本,122076,千葉県,松戸市,竹ケ花,2023-02-18,04,道路上,その他,30歳代,その他,施錠した
窃盗,自転車盗,松戸,小根本,122076,千葉県,松戸市,竹ケ花,2023-03-21,18,４階建て以上共同住宅,駐車（輪）場,40歳代,その他,施錠した
窃盗,自転車盗,松戸,小根本,122076,千葉県,松戸市,竹ケ花,2023-05-27,20,その他の住宅（３階建て以下共同住宅等）,駐車（輪）場,20歳代,その他,施錠せず
窃盗,自転車盗,松戸,小根本,122076,千葉県,松戸市,根本,2023-01-13,09,その他,その他,30歳代,その他,施錠せず
窃盗,自転車盗,松戸,小根本,122076,千葉県,松戸市,根本,2023-04-02,21,駐車（輪）場,駐車（輪）場,20歳代,大学生,施錠せず
窃盗,自転車盗,松戸,小根本,122076,千葉県,松戸市,根本,2023-04-07,09,駐車（輪）場,駐車（輪）場,20歳代,大学生,施錠せず
窃盗,自転車盗,松戸,小根本,122076,千葉県,松戸市,根本,2023-06-09,20,駐車（輪）場,駐車（輪）場,20歳代,大学生,施錠せず
窃盗,自転車盗,松戸,小根本,122076,千葉県,松戸市,根本,2023-06-17,00,その他,その他,30歳代,その他,施錠せず
窃盗,自転車盗,松戸,小根本,122076,千葉県,松戸市,根本,2023-06-22,08,駐車（輪）場,駐車（輪）場,20歳代,その他,施錠せず
窃盗,自転車盗,松戸,小根本,122076,千葉県,松戸市,根本,2023-07-31,14,道路上,その他,30歳代,その他,施錠した
窃盗,自転車盗,松戸,小根本,122076,千葉県,松戸市,根本,2023-08-08,08,駐車（輪）場,駐車（輪）場,10歳代,高校生,施錠した
窃盗,自転車盗,松戸,小根本,122076,千葉県,松戸市,根本,2023-10-05,09,駐車（輪）場,駐車（輪）場,40歳代,その他,施錠した
窃盗,自転車盗,松戸,小根本,122076,千葉県,松戸市,松戸,2023-02-15,06,駐車（輪）場,駐車（輪）場,20歳代,その他,施錠した
窃盗,自転車盗,松戸,小根本,122076,千葉県,松戸市,松戸,2023-03-20,05,駐車（輪）場,駐車（輪）場,20歳代,その他,施錠した
窃盗,自転車盗,松戸,小根本,122076,千葉県,松戸市,松戸,2023-03-25,16,駐車（輪）場,駐車（輪）場,30歳代,その他,施錠した
窃盗,自転車盗,松戸,小根本,122076,千葉県,松戸市,松戸,2023-04-03,13,その他,駐車（輪）場,10歳代,その他,施錠した
窃盗,自転車盗,松戸,小根本,122076,千葉県,松戸市,松戸,2023-04-21,19,駐車（輪）場,駐車（輪）場,20歳代,その他,施錠せず
窃盗,自転車盗,松戸,小根本,122076,千葉県,松戸市,松戸,2023-04-28,21,駐車（輪）場,駐車（輪）場,20歳代,大学生,施錠した
窃盗,自転車盗,松戸,小根本,122076,千葉県,松戸市,松戸,2023-04-28,23,駐車（輪）場,駐車（輪）場,10歳代,大学生,施錠した
窃盗,自転車盗,松戸,小根本,122076,千葉県,松戸市,松戸,2023-05-01,10,道路上,その他,20歳代,その他,施錠した
窃盗,自転車盗,松戸,小根本,122076,千葉県,松戸市,松戸,2023-05-12,11,駐車（輪）場,駐車（輪）場,10歳代,その他,施錠せず
窃盗,自転車盗,松戸,小根本,122076,千葉県,松戸市,松戸,2023-05-19,07,駐車（輪）場,駐車（輪）場,10歳代,高校生,施錠せず
窃盗,自転車盗,松戸,小根本,122076,千葉県,松戸市,松戸,2023-05-23,02,その他,駐車（輪）場,30歳代,その他,施錠せず
窃盗,自転車盗,松戸,小根本,122076,千葉県,松戸市,松戸,2023-05-23,06,駐車（輪）場,駐車（輪）場,20歳代,その他,施錠せず
窃盗,自転車盗,松戸,小根本,122076,千葉県,松戸市,松戸,2023-05-28,13,その他,駐車（輪）場,10歳代,中学生,施錠した
窃盗,自転車盗,松戸,小根本,122076,千葉県,松戸市,松戸,2023-06-05,06,駐車（輪）場,駐車（輪）場,20歳代,その他,施錠した
窃盗,自転車盗,松戸,小根本,122076,千葉県,松戸市,松戸,2023-06-05,14,その他,駐車（輪）場,10歳代,中学生,施錠した
窃盗,自転車盗,松戸,小根本,122076,千葉県,松戸市,松戸,2023-06-10,18,その他,駐車（輪）場,50歳代,その他,施錠せず
窃盗,自転車盗,松戸,小根本,122076,千葉県,松戸市,松戸,2023-07-08,14,道路上,その他,10歳代,高校生,施錠せず
窃盗,自転車盗,松戸,小根本,122076,千葉県,松戸市,松戸,2023-07-19,06,駐車（輪）場,駐車（輪）場,10歳代,高校生,施錠せず
窃盗,自転車盗,松戸,小根本,122076,千葉県,松戸市,松戸,2023-09-19,17,駐車（輪）場,駐車（輪）場,10歳代,大学生,施錠せず
窃盗,自転車盗,松戸,小根本,122076,千葉県,松戸市,松戸,2023-09-19,19,その他,駐車（輪）場,30歳代,その他,施錠せず
窃盗,自転車盗,松戸,小根本,122076,千葉県,松戸市,松戸,2023-09-29,20,その他,駐車（輪）場,30歳代,その他,施錠せず
窃盗,自転車盗,松戸,小根本,122076,千葉県,松戸市,松戸,2023-10-01,22,その他,駐車（輪）場,20歳代,その他,施錠した
窃盗,自転車盗,松戸,小根本,122076,千葉県,松戸市,松戸,2023-10-16,11,その他,その他,65-69歳,その他,施錠せず
窃盗,自転車盗,松戸,小根本,122076,千葉県,松戸市,松戸,2023-10-22,22,駐車（輪）場,駐車（輪）場,20歳代,その他,施錠せず
窃盗,自転車盗,松戸,小根本,122076,千葉県,松戸市,松戸,2023-11-02,19,その他,駐車（輪）場,20歳代,その他,施錠した
窃盗,自転車盗,松戸,小根本,122076,千葉県,松戸市,松戸,2023-11-07,11,駐車（輪）場,駐車（輪）場,10歳代,その他,施錠した
窃盗,自転車盗,松戸,小根本,122076,千葉県,松戸市,松戸,2023-11-08,05,駐車（輪）場,駐車（輪）場,20歳代,その他,施錠した
窃盗,自転車盗,松戸,小根本,122076,千葉県,松戸市,松戸,2023-11-13,06,駐車（輪）場,駐車（輪）場,10歳代,その他,施錠せず
窃盗,自転車盗,松戸,小根本,122076,千葉県,松戸市,松戸,2023-11-24,05,駐車（輪）場,駐車（輪）場,40歳代,その他,施錠した
窃盗,自転車盗,松戸,小根本,122076,千葉県,松戸市,松戸,2023-11-28,19,駐車（輪）場,駐車（輪）場,30歳代,その他,施錠せず
窃盗,自転車盗,松戸,小根本,122076,千葉県,松戸市,松戸,2023-12-01,15,駐車（輪）場,駐車（輪）場,30歳代,その他,施錠せず
窃盗,自転車盗,松戸,小根本,122076,千葉県,松戸市,松戸,2023-12-09,06,駐車（輪）場,駐車（輪）場,60-64歳,その他,施錠した
窃盗,自転車盗,松戸,小根本,122076,千葉県,松戸市,松戸,2023-12-21,13,その他,駐車（輪）場,10歳代,その他,施錠せず
窃盗,自転車盗,松戸,小根本,122076,千葉県,松戸市,松戸,不明,不明,４階建て以上共同住宅,駐車（輪）場,10歳代,中学生,施錠せず
窃盗,自転車盗,松戸,新松戸,122076,千葉県,松戸市,幸谷,2022-12-28,11,駐車（輪）場,駐車（輪）場,20歳代,その他,施錠せず
窃盗,自転車盗,松戸,新松戸,122076,千葉県,松戸市,幸谷,2023-02-05,23,道路上,その他,10歳代,その他,施錠せず
窃盗,自転車盗,松戸,新松戸,122076,千葉県,松戸市,幸谷,2023-05-02,12,駐車（輪）場,駐車（輪）場,20歳代,大学生,施錠した
窃盗,自転車盗,松戸,新松戸,122076,千葉県,松戸市,幸谷,2023-05-03,15,駐車（輪）場,駐車（輪）場,20歳代,大学生,施錠せず
窃盗,自転車盗,松戸,新松戸,122076,千葉県,松戸市,幸谷,2023-05-31,09,一戸建住宅,その他,50歳代,その他,施錠せず
窃盗,自転車盗,松戸,新松戸,122076,千葉県,松戸市,幸谷,2023-09-25,10,駐車（輪）場,駐車（輪）場,70歳以上,その他,施錠した
窃盗,自転車盗,松戸,新松戸,122076,千葉県,松戸市,幸谷,2023-11-17,07,その他の住宅（３階建て以下共同住宅等）,駐車（輪）場,30歳代,その他,施錠せず
窃盗,自転車盗,松戸,新松戸,122076,千葉県,松戸市,小金,2023-08-14,14,一戸建住宅,その他,20歳代,大学生,施錠せず
窃盗,自転車盗,松戸,新松戸,122076,千葉県,松戸市,新松戸１丁目,2023-02-19,12,駐車（輪）場,駐車（輪）場,10歳代,高校生,施錠せず
窃盗,自転車盗,松戸,新松戸,122076,千葉県,松戸市,新松戸１丁目,2023-02-27,07,駐車（輪）場,駐車（輪）場,10歳代,高校生,施錠せず
窃盗,自転車盗,松戸,新松戸,122076,千葉県,松戸市,新松戸１丁目,2023-03-19,08,駐車（輪）場,駐車（輪）場,40歳代,その他,施錠せず
窃盗,自転車盗,松戸,新松戸,122076,千葉県,松戸市,新松戸１丁目,2023-03-30,23,その他の住宅（３階建て以下共同住宅等）,駐車（輪）場,10歳代,大学生,施錠せず
窃盗,自転車盗,松戸,新松戸,122076,千葉県,松戸市,新松戸１丁目,2023-04-01,07,駐車（輪）場,駐車（輪）場,10歳代,高校生,施錠せず
窃盗,自転車盗,松戸,新松戸,122076,千葉県,松戸市,新松戸１丁目,2023-04-07,17,駐車（輪）場,駐車（輪）場,10歳代,高校生,施錠せず
窃盗,自転車盗,松戸,新松戸,122076,千葉県,松戸市,新松戸１丁目,2023-04-08,16,駐車（輪）場,駐車（輪）場,20歳代,その他,施錠せず
窃盗,自転車盗,松戸,新松戸,122076,千葉県,松戸市,新松戸１丁目,2023-04-11,07,駐車（輪）場,駐車（輪）場,10歳代,高校生,施錠せず
窃盗,自転車盗,松戸,新松戸,122076,千葉県,松戸市,新松戸１丁目,2023-04-24,10,その他の住宅（３階建て以下共同住宅等）,駐車（輪）場,30歳代,その他,施錠した
窃盗,自転車盗,松戸,新松戸,122076,千葉県,松戸市,新松戸１丁目,2023-04-28,19,駐車（輪）場,駐車（輪）場,20歳代,その他,施錠せず
窃盗,自転車盗,松戸,新松戸,122076,千葉県,松戸市,新松戸１丁目,2023-05-31,20,駐車（輪）場,駐車（輪）場,20歳代,その他,施錠した
窃盗,自転車盗,松戸,新松戸,122076,千葉県,松戸市,新松戸１丁目,2023-06-09,07,その他,駐車（輪）場,20歳代,その他,施錠せず
窃盗,自転車盗,松戸,新松戸,122076,千葉県,松戸市,新松戸１丁目,2023-07-07,18,その他の住宅（３階建て以下共同住宅等）,その他,50歳代,その他,施錠した
窃盗,自転車盗,松戸,新松戸,122076,千葉県,松戸市,新松戸１丁目,2023-07-12,07,その他の住宅（３階建て以下共同住宅等）,駐車（輪）場,10歳代,大学生,施錠した
窃盗,自転車盗,松戸,新松戸,122076,千葉県,松戸市,新松戸１丁目,2023-07-16,11,駐車（輪）場,駐車（輪）場,10歳代,大学生,施錠せず
窃盗,自転車盗,松戸,新松戸,122076,千葉県,松戸市,新松戸１丁目,2023-09-26,19,駐車（輪）場,駐車（輪）場,30歳代,その他,施錠した
窃盗,自転車盗,松戸,新松戸,122076,千葉県,松戸市,新松戸１丁目,2023-10-14,12,駐車（輪）場,駐車（輪）場,20歳代,大学生,施錠した
窃盗,自転車盗,松戸,新松戸,122076,千葉県,松戸市,新松戸１丁目,2023-12-18,06,駐車（輪）場,駐車（輪）場,10歳代,高校生,施錠せず
窃盗,自転車盗,松戸,新松戸,122076,千葉県,松戸市,新松戸２丁目,2022-12-11,不明,その他の住宅（３階建て以下共同住宅等）,駐車（輪）場,20歳代,その他,施錠した
窃盗,自転車盗,松戸,新松戸,122076,千葉県,松戸市,新松戸２丁目,2023-01-06,16,４階建て以上共同住宅,駐車（輪）場,20歳代,その他,施錠した
窃盗,自転車盗,松戸,新松戸,122076,千葉県,松戸市,新松戸２丁目,2023-01-13,07,駐車（輪）場,駐車（輪）場,10歳代,高校生,施錠せず
窃盗,自転車盗,松戸,新松戸,122076,千葉県,松戸市,新松戸２丁目,2023-02-02,18,その他の住宅（３階建て以下共同住宅等）,駐車（輪）場,70歳以上,その他,施錠した
窃盗,自転車盗,松戸,新松戸,122076,千葉県,松戸市,新松戸２丁目,2023-03-30,11,駐車（輪）場,駐車（輪）場,20歳代,大学生,施錠せず
窃盗,自転車盗,松戸,新松戸,122076,千葉県,松戸市,新松戸２丁目,2023-09-10,00,その他,駐車（輪）場,10歳代,その他,施錠した
窃盗,自転車盗,松戸,新松戸,122076,千葉県,松戸市,新松戸２丁目,2023-09-18,17,駐車（輪）場,駐車（輪）場,10歳代,高校生,施錠した
窃盗,自転車盗,松戸,新松戸,122076,千葉県,松戸市,新松戸２丁目,2023-10-02,08,駐車（輪）場,駐車（輪）場,50歳代,その他,施錠せず
窃盗,自転車盗,松戸,新松戸,122076,千葉県,松戸市,新松戸３丁目,2022-09-03,14,４階建て以上共同住宅,駐車（輪）場,20歳代,その他,施錠した
窃盗,自転車盗,松戸,新松戸,122076,千葉県,松戸市,新松戸３丁目,2023-01-28,13,その他,駐車（輪）場,10歳代,中学生,施錠せず
窃盗,自転車盗,松戸,新松戸,122076,千葉県,松戸市,新松戸３丁目,2023-04-01,17,その他,駐車（輪）場,10歳代,高校生,施錠せず
窃盗,自転車盗,松戸,新松戸,122076,千葉県,松戸市,新松戸３丁目,2023-05-02,23,その他の住宅（３階建て以下共同住宅等）,駐車（輪）場,20歳代,その他,施錠せず
窃盗,自転車盗,松戸,新松戸,122076,千葉県,松戸市,新松戸３丁目,2023-05-18,11,その他,駐車（輪）場,70歳以上,その他,施錠した
窃盗,自転車盗,松戸,新松戸,122076,千葉県,松戸市,新松戸３丁目,2023-06-12,00,その他の住宅（３階建て以下共同住宅等）,その他,20歳代,その他,施錠せず
窃盗,自転車盗,松戸,新松戸,122076,千葉県,松戸市,新松戸３丁目,2023-06-25,14,一戸建住宅,駐車（輪）場,40歳代,その他,施錠せず
窃盗,自転車盗,松戸,新松戸,122076,千葉県,松戸市,新松戸３丁目,2023-07-03,12,その他,駐車（輪）場,20歳代,その他,施錠せず
窃盗,自転車盗,松戸,新松戸,122076,千葉県,松戸市,新松戸３丁目,2023-07-06,00,その他の住宅（３階建て以下共同住宅等）,駐車（輪）場,20歳代,その他,施錠せず
窃盗,自転車盗,松戸,新松戸,122076,千葉県,松戸市,新松戸３丁目,2023-09-04,16,その他,駐車（輪）場,10歳代,中学生,施錠せず
窃盗,自転車盗,松戸,新松戸,122076,千葉県,松戸市,新松戸３丁目,2023-09-17,01,その他の住宅（３階建て以下共同住宅等）,その他,20歳代,その他,施錠した
窃盗,自転車盗,松戸,新松戸,122076,千葉県,松戸市,新松戸３丁目,2023-11-03,10,その他,駐車（輪）場,70歳以上,その他,施錠せず
窃盗,自転車盗,松戸,新松戸,122076,千葉県,松戸市,新松戸３丁目,2023-11-21,17,その他,駐車（輪）場,10歳代,高校生,施錠した
窃盗,自転車盗,松戸,新松戸,122076,千葉県,松戸市,新松戸３丁目,不明,不明,その他,その他,65-69歳,その他,施錠した
窃盗,自転車盗,松戸,新松戸,122076,千葉県,松戸市,新松戸４丁目,2023-05-31,08,駐車（輪）場,駐車（輪）場,10歳代,高校生,施錠せず
窃盗,自転車盗,松戸,新松戸,122076,千葉県,松戸市,新松戸４丁目,2023-08-19,11,道路上,その他,40歳代,その他,施錠した
窃盗,自転車盗,松戸,新松戸,122076,千葉県,松戸市,新松戸４丁目,2023-09-09,22,その他の住宅（３階建て以下共同住宅等）,駐車（輪）場,20歳代,大学生,施錠した
窃盗,自転車盗,松戸,新松戸,122076,千葉県,松戸市,新松戸４丁目,2023-09-14,20,駐車（輪）場,駐車（輪）場,10歳代,中学生,施錠した
窃盗,自転車盗,松戸,新松戸,122076,千葉県,松戸市,新松戸４丁目,2023-12-07,15,４階建て以上共同住宅,駐車（輪）場,20歳代,その他,施錠した
窃盗,自転車盗,松戸,新松戸,122076,千葉県,松戸市,新松戸５丁目,2023-03-23,15,４階建て以上共同住宅,駐車（輪）場,10歳代,大学生,施錠せず
窃盗,自転車盗,松戸,新松戸,122076,千葉県,松戸市,新松戸５丁目,2023-05-22,11,４階建て以上共同住宅,駐車（輪）場,70歳以上,その他,施錠せず
窃盗,自転車盗,松戸,新松戸,122076,千葉県,松戸市,新松戸５丁目,2023-07-05,12,４階建て以上共同住宅,駐車（輪）場,70歳以上,その他,施錠せず
窃盗,自転車盗,松戸,新松戸,122076,千葉県,松戸市,新松戸５丁目,2023-10-08,14,４階建て以上共同住宅,駐車（輪）場,10歳代,高校生,施錠せず
窃盗,自転車盗,松戸,新松戸,122076,千葉県,松戸市,新松戸６丁目,2023-04-13,15,一戸建住宅,その他,30歳代,その他,施錠した
窃盗,自転車盗,松戸,新松戸,122076,千葉県,松戸市,新松戸６丁目,2023-12-10,15,４階建て以上共同住宅,駐車（輪）場,40歳代,その他,施錠せず
窃盗,自転車盗,松戸,新松戸,122076,千葉県,松戸市,横須賀２丁目,2022-11-30,19,その他の住宅（３階建て以下共同住宅等）,駐車（輪）場,20歳代,その他,施錠した
窃盗,自転車盗,松戸,新松戸,122076,千葉県,松戸市,新松戸南１丁目,不明,不明,４階建て以上共同住宅,駐車（輪）場,10歳代,その他,施錠した
窃盗,自転車盗,松戸,新松戸,122076,千葉県,松戸市,新松戸北１丁目,2023-05-05,20,４階建て以上共同住宅,その他,30歳代,その他,施錠せず
窃盗,自転車盗,松戸,新松戸,122076,千葉県,松戸市,新松戸北２丁目,2023-05-05,18,一戸建住宅,その他,30歳代,その他,施錠せず
窃盗,自転車盗,松戸,新松戸,122076,千葉県,松戸市,新松戸北２丁目,2023-07-13,13,４階建て以上共同住宅,駐車（輪）場,40歳代,その他,施錠せず
窃盗,自転車盗,松戸,新松戸,122076,千葉県,松戸市,新松戸北２丁目,2023-07-29,13,４階建て以上共同住宅,駐車（輪）場,50歳代,その他,施錠せず
窃盗,自転車盗,松戸,東松戸,122076,千葉県,松戸市,秋山,2023-03-25,13,駐車（輪）場,駐車（輪）場,10歳代,高校生,施錠した
窃盗,自転車盗,松戸,東松戸,122076,千葉県,松戸市,紙敷１丁目,2023-03-10,11,駐車（輪）場,駐車（輪）場,10歳代,高校生,施錠した
窃盗,自転車盗,松戸,東松戸,122076,千葉県,松戸市,紙敷１丁目,2023-09-02,18,駐車（輪）場,駐車（輪）場,10歳代,高校生,施錠せず
窃盗,自転車盗,松戸,東松戸,122076,千葉県,松戸市,紙敷１丁目,2023-09-14,20,その他の住宅（３階建て以下共同住宅等）,駐車（輪）場,10歳代,小学生,施錠せず
窃盗,自転車盗,松戸,東松戸,122076,千葉県,松戸市,紙敷１丁目,2023-09-15,16,道路上,その他,40歳代,その他,施錠せず
窃盗,自転車盗,松戸,東松戸,122076,千葉県,松戸市,紙敷１丁目,2023-10-16,12,駐車（輪）場,駐車（輪）場,10歳代,高校生,施錠せず
窃盗,自転車盗,松戸,東松戸,122076,千葉県,松戸市,紙敷１丁目,2023-11-29,18,駐車（輪）場,駐車（輪）場,10歳代,高校生,施錠した
窃盗,自転車盗,松戸,東松戸,122076,千葉県,松戸市,高塚新田,2023-01-01,17,一戸建住宅,その他,40歳代,その他,施錠せず
窃盗,自転車盗,松戸,東松戸,122076,千葉県,松戸市,高塚新田,2023-03-06,21,４階建て以上共同住宅,駐車（輪）場,10歳代,その他,施錠せず
窃盗,自転車盗,松戸,東松戸,122076,千葉県,松戸市,高塚新田,2023-07-01,16,４階建て以上共同住宅,駐車（輪）場,65-69歳,その他,施錠した
窃盗,自転車盗,松戸,東松戸,122076,千葉県,松戸市,高塚新田,2023-08-17,12,その他,駐車（輪）場,10歳代,高校生,施錠せず
窃盗,自転車盗,松戸,東松戸,122076,千葉県,松戸市,高塚新田,2023-09-21,19,その他の住宅（３階建て以下共同住宅等）,駐車（輪）場,10歳代,中学生,施錠した
窃盗,自転車盗,松戸,東松戸,122076,千葉県,松戸市,高塚新田,2023-09-25,15,その他,その他,10歳代,高校生,施錠せず
窃盗,自転車盗,松戸,東松戸,122076,千葉県,松戸市,高塚新田,2023-11-12,16,その他,駐車（輪）場,10歳代,中学生,施錠せず
窃盗,自転車盗,松戸,東松戸,122076,千葉県,松戸市,高塚新田,2023-12-05,16,その他,駐車（輪）場,20歳代,大学生,施錠せず
窃盗,自転車盗,松戸,東松戸,122076,千葉県,松戸市,高塚新田,2023-12-13,20,その他,駐車（輪）場,10歳代,高校生,施錠した
窃盗,自転車盗,松戸,東松戸,122076,千葉県,松戸市,東松戸１丁目,2023-12-08,07,駐車（輪）場,駐車（輪）場,10歳代,高校生,施錠した
窃盗,自転車盗,松戸,東松戸,122076,千葉県,松戸市,東松戸１丁目,2023-12-17,12,４階建て以上共同住宅,駐車（輪）場,10歳代,中学生,施錠せず
窃盗,自転車盗,松戸,東松戸,122076,千葉県,松戸市,東松戸２丁目,2023-01-15,10,その他,駐車（輪）場,10歳代,中学生,施錠した
窃盗,自転車盗,松戸,東松戸,122076,千葉県,松戸市,東松戸２丁目,2023-01-15,14,その他,駐車（輪）場,10歳代,高校生,施錠せず
窃盗,自転車盗,松戸,東松戸,122076,千葉県,松戸市,東松戸２丁目,2023-02-11,16,駐車（輪）場,駐車（輪）場,10歳代,高校生,施錠せず
窃盗,自転車盗,松戸,東松戸,122076,千葉県,松戸市,東松戸２丁目,2023-02-12,13,その他,駐車（輪）場,10歳代,高校生,施錠した
窃盗,自転車盗,松戸,東松戸,122076,千葉県,松戸市,東松戸２丁目,2023-02-21,04,その他,駐車（輪）場,10歳代,高校生,施錠せず
窃盗,自転車盗,松戸,東松戸,122076,千葉県,松戸市,東松戸２丁目,2023-03-14,09,駐車（輪）場,駐車（輪）場,10歳代,中学生,施錠せず
窃盗,自転車盗,松戸,東松戸,122076,千葉県,松戸市,東松戸２丁目,2023-04-02,16,その他,駐車（輪）場,10歳代,高校生,施錠せず
窃盗,自転車盗,松戸,東松戸,122076,千葉県,松戸市,東松戸２丁目,2023-05-10,07,駐車（輪）場,駐車（輪）場,10歳代,高校生,施錠した
窃盗,自転車盗,松戸,東松戸,122076,千葉県,松戸市,東松戸２丁目,2023-06-28,12,駐車（輪）場,駐車（輪）場,10歳代,高校生,施錠せず
窃盗,自転車盗,松戸,東松戸,122076,千葉県,松戸市,東松戸２丁目,2023-08-05,12,駐車（輪）場,駐車（輪）場,10歳代,高校生,施錠せず
窃盗,自転車盗,松戸,東松戸,122076,千葉県,松戸市,東松戸２丁目,2023-08-19,11,その他,駐車（輪）場,10歳代,大学生,施錠せず
窃盗,自転車盗,松戸,東松戸,122076,千葉県,松戸市,東松戸２丁目,2023-09-20,17,その他,駐車（輪）場,10歳代,高校生,施錠せず
窃盗,自転車盗,松戸,東松戸,122076,千葉県,松戸市,東松戸２丁目,2023-09-25,08,その他,駐車（輪）場,10歳代,大学生,施錠せず
窃盗,自転車盗,松戸,東松戸,122076,千葉県,松戸市,東松戸２丁目,2023-09-28,12,駐車（輪）場,駐車（輪）場,10歳代,高校生,施錠せず
窃盗,自転車盗,松戸,東松戸,122076,千葉県,松戸市,東松戸２丁目,2023-09-29,06,駐車（輪）場,駐車（輪）場,10歳代,高校生,施錠せず
窃盗,自転車盗,松戸,東松戸,122076,千葉県,松戸市,東松戸２丁目,2023-10-01,11,その他,駐車（輪）場,10歳代,大学生,施錠した
窃盗,自転車盗,松戸,東松戸,122076,千葉県,松戸市,東松戸２丁目,2023-10-06,07,駐車（輪）場,駐車（輪）場,10歳代,高校生,施錠せず
窃盗,自転車盗,松戸,東松戸,122076,千葉県,松戸市,東松戸２丁目,2023-11-14,11,その他,駐車（輪）場,20歳代,大学生,施錠せず
窃盗,自転車盗,松戸,東松戸,122076,千葉県,松戸市,東松戸２丁目,2023-11-23,12,その他,駐車（輪）場,70歳以上,その他,施錠せず
窃盗,自転車盗,松戸,東松戸,122076,千葉県,松戸市,東松戸２丁目,2023-12-04,10,駐車（輪）場,駐車（輪）場,10歳代,大学生,施錠した
窃盗,自転車盗,松戸,東松戸,122076,千葉県,松戸市,東松戸３丁目,2023-01-28,14,その他,駐車（輪）場,10歳代,中学生,施錠せず
窃盗,自転車盗,松戸,東松戸,122076,千葉県,松戸市,東松戸３丁目,2023-11-04,21,４階建て以上共同住宅,駐車（輪）場,10歳代,大学生,施錠せず
窃盗,自転車盗,松戸,東松戸,122076,千葉県,松戸市,東松戸３丁目,2023-11-11,06,その他の住宅（３階建て以下共同住宅等）,駐車（輪）場,10歳代,高校生,施錠せず
窃盗,自転車盗,松戸,松戸駅前,122076,千葉県,松戸市,古ケ崎,2023-02-01,22,一戸建住宅,その他,65-69歳,その他,施錠せず
窃盗,自転車盗,松戸,松戸駅前,122076,千葉県,松戸市,古ケ崎,2023-02-09,20,その他の住宅（３階建て以下共同住宅等）,駐車（輪）場,20歳代,その他,施錠した
窃盗,自転車盗,松戸,松戸駅前,122076,千葉県,松戸市,古ケ崎,2023-04-23,16,一戸建住宅,駐車（輪）場,40歳代,その他,施錠した
窃盗,自転車盗,松戸,松戸駅前,122076,千葉県,松戸市,古ケ崎,2023-08-17,16,その他,その他,65-69歳,その他,施錠した
窃盗,自転車盗,松戸,松戸駅前,122076,千葉県,松戸市,根本,2023-01-08,16,その他,駐車（輪）場,30歳代,その他,施錠した
窃盗,自転車盗,松戸,松戸駅前,122076,千葉県,松戸市,根本,2023-02-23,17,その他,駐車（輪）場,60-64歳,その他,施錠せず
窃盗,自転車盗,松戸,松戸駅前,122076,千葉県,松戸市,根本,2023-03-15,20,その他,駐車（輪）場,20歳代,その他,施錠せず
窃盗,自転車盗,松戸,松戸駅前,122076,千葉県,松戸市,根本,2023-03-20,11,駐車（輪）場,駐車（輪）場,10歳代,高校生,施錠せず
窃盗,自転車盗,松戸,松戸駅前,122076,千葉県,松戸市,根本,2023-03-31,07,その他,駐車（輪）場,20歳代,その他,施錠せず
窃盗,自転車盗,松戸,松戸駅前,122076,千葉県,松戸市,根本,2023-04-07,07,駐車（輪）場,駐車（輪）場,50歳代,その他,施錠した
窃盗,自転車盗,松戸,松戸駅前,122076,千葉県,松戸市,根本,2023-04-16,14,４階建て以上共同住宅,駐車（輪）場,10歳代,大学生,施錠せず
窃盗,自転車盗,松戸,松戸駅前,122076,千葉県,松戸市,根本,2023-04-25,13,駐車（輪）場,駐車（輪）場,20歳代,その他,施錠した
窃盗,自転車盗,松戸,松戸駅前,122076,千葉県,松戸市,根本,2023-04-30,22,４階建て以上共同住宅,駐車（輪）場,10歳代,中学生,施錠した
窃盗,自転車盗,松戸,松戸駅前,122076,千葉県,松戸市,根本,2023-05-04,13,その他,駐車（輪）場,70歳以上,その他,施錠せず
窃盗,自転車盗,松戸,松戸駅前,122076,千葉県,松戸市,根本,2023-05-13,14,その他,駐車（輪）場,40歳代,その他,施錠せず
窃盗,自転車盗,松戸,松戸駅前,122076,千葉県,松戸市,根本,2023-05-13,22,駐車（輪）場,駐車（輪）場,20歳代,大学生,施錠せず
窃盗,自転車盗,松戸,松戸駅前,122076,千葉県,松戸市,根本,2023-05-23,09,駐車（輪）場,駐車（輪）場,20歳代,大学生,施錠した
窃盗,自転車盗,松戸,松戸駅前,122076,千葉県,松戸市,根本,2023-06-16,20,駐車（輪）場,駐車（輪）場,50歳代,その他,施錠した
窃盗,自転車盗,松戸,松戸駅前,122076,千葉県,松戸市,根本,2023-07-10,07,駐車（輪）場,駐車（輪）場,10歳代,高校生,施錠せず
窃盗,自転車盗,松戸,松戸駅前,122076,千葉県,松戸市,根本,2023-07-28,11,駐車（輪）場,駐車（輪）場,10歳代,その他,施錠した
窃盗,自転車盗,松戸,松戸駅前,122076,千葉県,松戸市,根本,2023-08-10,20,４階建て以上共同住宅,駐車（輪）場,10歳代,小学生,施錠した
窃盗,自転車盗,松戸,松戸駅前,122076,千葉県,松戸市,根本,2023-08-17,09,その他,駐車（輪）場,30歳代,その他,施錠せず
窃盗,自転車盗,松戸,松戸駅前,122076,千葉県,松戸市,根本,2023-08-24,17,駐車（輪）場,駐車（輪）場,10歳代,その他,施錠せず
窃盗,自転車盗,松戸,松戸駅前,122076,千葉県,松戸市,根本,2023-08-30,07,駐車（輪）場,駐車（輪）場,40歳代,その他,施錠した
窃盗,自転車盗,松戸,松戸駅前,122076,千葉県,松戸市,根本,2023-09-11,16,その他,駐車（輪）場,10歳代,高校生,施錠した
窃盗,自転車盗,松戸,松戸駅前,122076,千葉県,松戸市,根本,2023-09-14,17,その他,駐車（輪）場,20歳代,その他,施錠せず
窃盗,自転車盗,松戸,松戸駅前,122076,千葉県,松戸市,根本,2023-09-19,18,その他,駐車（輪）場,10歳代,中学生,施錠せず
窃盗,自転車盗,松戸,松戸駅前,122076,千葉県,松戸市,根本,2023-09-20,12,駐車（輪）場,駐車（輪）場,20歳代,その他,施錠した
窃盗,自転車盗,松戸,松戸駅前,122076,千葉県,松戸市,根本,2023-10-01,10,駐車（輪）場,駐車（輪）場,10歳代,中学生,施錠した
窃盗,自転車盗,松戸,松戸駅前,122076,千葉県,松戸市,根本,2023-11-05,11,その他,駐車（輪）場,30歳代,その他,施錠した
窃盗,自転車盗,松戸,松戸駅前,122076,千葉県,松戸市,根本,2023-11-13,10,駐車（輪）場,駐車（輪）場,20歳代,大学生,施錠した
窃盗,自転車盗,松戸,松戸駅前,122076,千葉県,松戸市,根本,2023-12-13,09,駐車（輪）場,駐車（輪）場,30歳代,その他,施錠せず
窃盗,自転車盗,松戸,松戸駅前,122076,千葉県,松戸市,根本,不明,不明,駐車（輪）場,駐車（輪）場,30歳代,その他,施錠した
窃盗,自転車盗,松戸,松戸駅前,122076,千葉県,松戸市,樋野口,2023-03-29,22,その他の住宅（３階建て以下共同住宅等）,その他,30歳代,その他,施錠せず
窃盗,自転車盗,松戸,松戸駅前,122076,千葉県,松戸市,樋野口,2023-05-07,16,一戸建住宅,その他,70歳以上,その他,施錠せず
窃盗,自転車盗,松戸,松戸駅前,122076,千葉県,松戸市,樋野口,2023-08-05,11,その他の住宅（３階建て以下共同住宅等）,駐車（輪）場,20歳代,その他,施錠せず
窃盗,自転車盗,松戸,松戸駅前,122076,千葉県,松戸市,樋野口,2023-09-18,18,その他の住宅（３階建て以下共同住宅等）,駐車（輪）場,10歳代,中学生,施錠した
窃盗,自転車盗,松戸,松戸駅前,122076,千葉県,松戸市,樋野口,2023-10-07,19,４階建て以上共同住宅,駐車（輪）場,20歳代,大学生,施錠した
窃盗,自転車盗,松戸,松戸駅前,122076,千葉県,松戸市,樋野口,不明,不明,４階建て以上共同住宅,駐車（輪）場,40歳代,その他,施錠した
窃盗,自転車盗,松戸,松戸駅前,122076,千葉県,松戸市,本町,2022-12-22,17,駐車（輪）場,駐車（輪）場,70歳以上,その他,施錠した
窃盗,自転車盗,松戸,松戸駅前,122076,千葉県,松戸市,本町,2023-01-28,10,駐車（輪）場,駐車（輪）場,50歳代,その他,施錠した
窃盗,自転車盗,松戸,松戸駅前,122076,千葉県,松戸市,本町,2023-04-03,10,駐車（輪）場,駐車（輪）場,20歳代,大学生,施錠した
窃盗,自転車盗,松戸,松戸駅前,122076,千葉県,松戸市,本町,2023-04-14,08,駐車（輪）場,駐車（輪）場,30歳代,その他,施錠せず
窃盗,自転車盗,松戸,松戸駅前,122076,千葉県,松戸市,本町,2023-04-28,07,駐車（輪）場,駐車（輪）場,10歳代,高校生,施錠せず
窃盗,自転車盗,松戸,松戸駅前,122076,千葉県,松戸市,本町,2023-05-22,16,道路上,その他,60-64歳,その他,施錠した
窃盗,自転車盗,松戸,松戸駅前,122076,千葉県,松戸市,本町,2023-06-10,17,駐車（輪）場,駐車（輪）場,50歳代,その他,施錠した
窃盗,自転車盗,松戸,松戸駅前,122076,千葉県,松戸市,本町,2023-08-17,10,その他,その他,10歳代,中学生,施錠せず
窃盗,自転車盗,松戸,松戸駅前,122076,千葉県,松戸市,本町,2023-09-11,09,その他,駐車（輪）場,30歳代,その他,施錠した
窃盗,自転車盗,松戸,松戸駅前,122076,千葉県,松戸市,本町,2023-11-30,07,道路上,その他,20歳代,その他,施錠せず
窃盗,自転車盗,松戸,松戸駅前,122076,千葉県,松戸市,松戸,2022-12-28,12,その他,駐車（輪）場,10歳代,高校生,施錠せず
窃盗,自転車盗,松戸,松戸駅前,122076,千葉県,松戸市,松戸,2023-01-10,09,駐車（輪）場,駐車（輪）場,10歳代,高校生,施錠した
窃盗,自転車盗,松戸,松戸駅前,122076,千葉県,松戸市,松戸,2023-01-25,20,駐車（輪）場,駐車（輪）場,30歳代,その他,施錠した
窃盗,自転車盗,松戸,松戸駅前,122076,千葉県,松戸市,松戸,2023-01-27,19,その他,駐車（輪）場,10歳代,高校生,施錠した
窃盗,自転車盗,松戸,松戸駅前,122076,千葉県,松戸市,松戸,2023-02-08,07,駐車（輪）場,駐車（輪）場,30歳代,その他,施錠せず
窃盗,自転車盗,松戸,松戸駅前,122076,千葉県,松戸市,松戸,2023-02-14,17,駐車（輪）場,駐車（輪）場,10歳代,高校生,施錠した
窃盗,自転車盗,松戸,松戸駅前,122076,千葉県,松戸市,松戸,2023-03-06,19,駐車（輪）場,駐車（輪）場,10歳代,中学生,施錠せず
窃盗,自転車盗,松戸,松戸駅前,122076,千葉県,松戸市,松戸,2023-03-10,20,駐車（輪）場,駐車（輪）場,30歳代,その他,施錠せず
窃盗,自転車盗,松戸,松戸駅前,122076,千葉県,松戸市,松戸,2023-03-19,10,駐車（輪）場,駐車（輪）場,20歳代,その他,施錠した
窃盗,自転車盗,松戸,松戸駅前,122076,千葉県,松戸市,松戸,2023-03-23,11,駐車（輪）場,駐車（輪）場,10歳代,その他,施錠せず
窃盗,自転車盗,松戸,松戸駅前,122076,千葉県,松戸市,松戸,2023-04-24,11,その他,駐車（輪）場,30歳代,その他,施錠せず
窃盗,自転車盗,松戸,松戸駅前,122076,千葉県,松戸市,松戸,2023-06-28,06,その他,駐車（輪）場,10歳代,高校生,施錠せず
窃盗,自転車盗,松戸,松戸駅前,122076,千葉県,松戸市,松戸,2023-07-01,16,４階建て以上共同住宅,駐車（輪）場,20歳代,大学生,施錠した
窃盗,自転車盗,松戸,松戸駅前,122076,千葉県,松戸市,松戸,2023-07-03,17,その他,駐車（輪）場,10歳代,高校生,施錠した
窃盗,自転車盗,松戸,松戸駅前,122076,千葉県,松戸市,松戸,2023-07-13,01,４階建て以上共同住宅,その他,40歳代,その他,施錠せず
窃盗,自転車盗,松戸,松戸駅前,122076,千葉県,松戸市,松戸,2023-07-15,06,駐車（輪）場,駐車（輪）場,20歳代,その他,施錠した
窃盗,自転車盗,松戸,松戸駅前,122076,千葉県,松戸市,松戸,2023-07-20,11,その他,駐車（輪）場,10歳代,中学生,施錠した
窃盗,自転車盗,松戸,松戸駅前,122076,千葉県,松戸市,松戸,2023-07-24,21,４階建て以上共同住宅,駐車（輪）場,20歳代,その他,施錠せず
窃盗,自転車盗,松戸,松戸駅前,122076,千葉県,松戸市,松戸,2023-07-27,07,その他,駐車（輪）場,20歳代,その他,施錠せず
窃盗,自転車盗,松戸,松戸駅前,122076,千葉県,松戸市,松戸,2023-07-31,18,駐車（輪）場,駐車（輪）場,20歳代,その他,施錠せず
窃盗,自転車盗,松戸,松戸駅前,122076,千葉県,松戸市,松戸,2023-08-14,01,一戸建住宅,駐車（輪）場,65-69歳,その他,施錠せず
窃盗,自転車盗,松戸,松戸駅前,122076,千葉県,松戸市,松戸,2023-08-20,22,駐車（輪）場,駐車（輪）場,10歳代,大学生,施錠せず
窃盗,自転車盗,松戸,松戸駅前,122076,千葉県,松戸市,松戸,2023-08-21,07,駐車（輪）場,駐車（輪）場,20歳代,その他,施錠した
窃盗,自転車盗,松戸,松戸駅前,122076,千葉県,松戸市,松戸,2023-08-26,21,４階建て以上共同住宅,駐車（輪）場,20歳代,大学生,施錠した
窃盗,自転車盗,松戸,松戸駅前,122076,千葉県,松戸市,松戸,2023-09-06,18,４階建て以上共同住宅,その他,30歳代,その他,施錠せず
窃盗,自転車盗,松戸,松戸駅前,122076,千葉県,松戸市,松戸,2023-09-11,22,その他の住宅（３階建て以下共同住宅等）,その他,30歳代,その他,施錠せず
窃盗,自転車盗,松戸,松戸駅前,122076,千葉県,松戸市,松戸,2023-09-13,11,その他,駐車（輪）場,20歳代,大学生,施錠せず
窃盗,自転車盗,松戸,松戸駅前,122076,千葉県,松戸市,松戸,2023-09-15,12,駐車（輪）場,駐車（輪）場,20歳代,その他,施錠した
窃盗,自転車盗,松戸,松戸駅前,122076,千葉県,松戸市,松戸,2023-09-15,15,その他,駐車（輪）場,10歳代,中学生,施錠せず
窃盗,自転車盗,松戸,松戸駅前,122076,千葉県,松戸市,松戸,2023-09-15,19,駐車（輪）場,駐車（輪）場,20歳代,その他,施錠せず
窃盗,自転車盗,松戸,松戸駅前,122076,千葉県,松戸市,松戸,2023-09-16,14,その他,駐車（輪）場,40歳代,その他,施錠せず
窃盗,自転車盗,松戸,松戸駅前,122076,千葉県,松戸市,松戸,2023-09-17,19,駐車（輪）場,駐車（輪）場,10歳代,中学生,施錠せず
窃盗,自転車盗,松戸,松戸駅前,122076,千葉県,松戸市,松戸,2023-10-17,09,駐車（輪）場,駐車（輪）場,10歳代,大学生,施錠した
窃盗,自転車盗,松戸,松戸駅前,122076,千葉県,松戸市,松戸,2023-10-21,19,駐車（輪）場,駐車（輪）場,20歳代,その他,施錠した
窃盗,自転車盗,松戸,松飛台,122076,千葉県,松戸市,紙敷３丁目,2023-11-01,19,駐車（輪）場,駐車（輪）場,10歳代,高校生,施錠せず
窃盗,自転車盗,松戸,松飛台,122076,千葉県,松戸市,串崎新田,2023-06-17,23,一戸建住宅,その他,40歳代,その他,施錠せず
窃盗,自転車盗,松戸,松飛台,122076,千葉県,松戸市,牧の原,2023-05-19,15,４階建て以上共同住宅,駐車（輪）場,10歳代,大学生,施錠せず
窃盗,自転車盗,松戸,松飛台,122076,千葉県,松戸市,牧の原,2023-06-27,18,４階建て以上共同住宅,駐車（輪）場,70歳以上,その他,施錠した
窃盗,自転車盗,松戸,松飛台,122076,千葉県,松戸市,牧の原,2023-07-02,17,４階建て以上共同住宅,駐車（輪）場,40歳代,その他,施錠した
窃盗,自転車盗,松戸,松飛台,122076,千葉県,松戸市,牧の原,2023-09-26,22,４階建て以上共同住宅,駐車（輪）場,50歳代,その他,施錠せず
窃盗,自転車盗,松戸,松飛台,122076,千葉県,松戸市,松飛台,2023-01-10,19,その他,駐車（輪）場,20歳代,その他,施錠せず
窃盗,自転車盗,松戸,松飛台,122076,千葉県,松戸市,松飛台,2023-01-11,12,一戸建住宅,その他,20歳代,その他,施錠せず
窃盗,自転車盗,松戸,松飛台,122076,千葉県,松戸市,松飛台,2023-03-11,17,一戸建住宅,駐車（輪）場,60-64歳,その他,施錠せず
窃盗,自転車盗,松戸,松飛台,122076,千葉県,松戸市,松飛台,2023-04-27,18,一戸建住宅,その他,30歳代,その他,施錠せず
窃盗,自転車盗,松戸,松飛台,122076,千葉県,松戸市,松飛台,2023-07-26,13,その他の住宅（３階建て以下共同住宅等）,駐車（輪）場,30歳代,その他,施錠せず
窃盗,自転車盗,松戸,松飛台,122076,千葉県,松戸市,松飛台,2023-08-10,20,道路上,その他,70歳以上,その他,施錠せず
窃盗,自転車盗,松戸,松飛台,122076,千葉県,松戸市,松飛台,2023-11-05,08,道路上,その他,70歳以上,その他,施錠せず
窃盗,自転車盗,松戸,松飛台,122076,千葉県,松戸市,五香西１丁目,2023-09-16,18,その他,駐車（輪）場,20歳代,大学生,施錠せず
窃盗,自転車盗,松戸,松飛台,122076,千葉県,松戸市,五香西２丁目,2023-07-04,18,道路上,その他,10歳代,小学生,施錠せず
窃盗,自転車盗,松戸,松飛台,122076,千葉県,松戸市,五香西２丁目,2023-07-21,18,その他の住宅（３階建て以下共同住宅等）,その他,50歳代,その他,施錠せず
窃盗,自転車盗,松戸,栄町,122076,千葉県,松戸市,上本郷,2022-04-15,09,その他の住宅（３階建て以下共同住宅等）,駐車（輪）場,65-69歳,その他,施錠せず
窃盗,自転車盗,松戸,栄町,122076,千葉県,松戸市,上本郷,2023-01-14,23,その他,駐車（輪）場,30歳代,その他,施錠した
窃盗,自転車盗,松戸,栄町,122076,千葉県,松戸市,上本郷,2023-01-28,19,駐車（輪）場,駐車（輪）場,20歳代,その他,施錠した
窃盗,自転車盗,松戸,栄町,122076,千葉県,松戸市,上本郷,2023-02-24,21,その他の住宅（３階建て以下共同住宅等）,その他,50歳代,その他,施錠した
窃盗,自転車盗,松戸,栄町,122076,千葉県,松戸市,上本郷,2023-06-04,07,駐車（輪）場,駐車（輪）場,10歳代,高校生,施錠した
窃盗,自転車盗,松戸,栄町,122076,千葉県,松戸市,上本郷,2023-07-24,06,駐車（輪）場,駐車（輪）場,30歳代,その他,施錠せず
窃盗,自転車盗,松戸,栄町,122076,千葉県,松戸市,上本郷,2023-11-07,20,駐車（輪）場,駐車（輪）場,10歳代,高校生,施錠せず
窃盗,自転車盗,松戸,栄町,122076,千葉県,松戸市,上本郷,2023-12-10,13,駐車（輪）場,駐車（輪）場,10歳代,中学生,施錠せず
窃盗,自転車盗,松戸,栄町,122076,千葉県,松戸市,古ケ崎,2023-04-05,20,その他の住宅（３階建て以下共同住宅等）,駐車（輪）場,30歳代,その他,施錠した
窃盗,自転車盗,松戸,栄町,122076,千葉県,松戸市,古ケ崎,2023-04-07,18,一戸建住宅,駐車（輪）場,10歳代,高校生,施錠せず
窃盗,自転車盗,松戸,栄町,122076,千葉県,松戸市,古ケ崎,2023-07-23,18,その他の住宅（３階建て以下共同住宅等）,駐車（輪）場,20歳代,その他,施錠せず
窃盗,自転車盗,松戸,栄町,122076,千葉県,松戸市,古ケ崎１丁目,2022-12-28,18,一戸建住宅,その他,20歳代,その他,施錠した
窃盗,自転車盗,松戸,栄町,122076,千葉県,松戸市,古ケ崎２丁目,2023-08-12,16,その他,駐車（輪）場,70歳以上,その他,施錠せず
窃盗,自転車盗,松戸,栄町,122076,千葉県,松戸市,古ケ崎２丁目,2023-09-26,06,その他,駐車（輪）場,10歳代,中学生,施錠せず
窃盗,自転車盗,松戸,栄町,122076,千葉県,松戸市,古ケ崎３丁目,2023-05-20,18,その他の住宅（３階建て以下共同住宅等）,駐車（輪）場,20歳代,その他,施錠した
窃盗,自転車盗,松戸,栄町,122076,千葉県,松戸市,古ケ崎３丁目,2023-06-09,22,その他の住宅（３階建て以下共同住宅等）,駐車（輪）場,20歳代,その他,施錠した
窃盗,自転車盗,松戸,栄町,122076,千葉県,松戸市,古ケ崎３丁目,2023-07-09,02,その他,その他,30歳代,その他,施錠せず
窃盗,自転車盗,松戸,栄町,122076,千葉県,松戸市,古ケ崎４丁目,2023-04-01,17,その他,駐車（輪）場,10歳代,その他,施錠した
窃盗,自転車盗,松戸,栄町,122076,千葉県,松戸市,古ケ崎４丁目,2023-04-06,14,その他,その他,10歳未満,小学生,施錠せず
窃盗,自転車盗,松戸,栄町,122076,千葉県,松戸市,栄町２丁目,2023-04-10,19,一戸建住宅,その他,20歳代,その他,施錠せず
窃盗,自転車盗,松戸,栄町,122076,千葉県,松戸市,栄町３丁目,2023-04-26,04,一戸建住宅,その他,30歳代,その他,施錠せず
窃盗,自転車盗,松戸,栄町,122076,千葉県,松戸市,栄町３丁目,2023-08-04,18,その他の住宅（３階建て以下共同住宅等）,駐車（輪）場,30歳代,その他,施錠せず
窃盗,自転車盗,松戸,栄町,122076,千葉県,松戸市,栄町４丁目,2023-05-28,17,一戸建住宅,その他,20歳代,大学生,施錠せず
窃盗,自転車盗,松戸,栄町,122076,千葉県,松戸市,栄町５丁目,2023-07-03,02,その他の住宅（３階建て以下共同住宅等）,駐車（輪）場,20歳代,大学生,施錠せず
窃盗,自転車盗,松戸,栄町,122076,千葉県,松戸市,栄町５丁目,2023-10-23,10,その他の住宅（３階建て以下共同住宅等）,その他,60-64歳,その他,施錠せず
窃盗,自転車盗,松戸,栄町,122076,千葉県,松戸市,栄町６丁目,2022-12-31,11,その他の住宅（３階建て以下共同住宅等）,駐車（輪）場,20歳代,その他,施錠した
窃盗,自転車盗,松戸,栄町,122076,千葉県,松戸市,栄町６丁目,2023-10-01,19,その他の住宅（３階建て以下共同住宅等）,駐車（輪）場,20歳代,その他,施錠した
窃盗,自転車盗,松戸,栄町,122076,千葉県,松戸市,栄町８丁目,2023-04-21,20,一戸建住宅,その他,50歳代,その他,施錠せず
窃盗,自転車盗,松戸,栄町,122076,千葉県,松戸市,栄町８丁目,2023-06-24,08,その他の住宅（３階建て以下共同住宅等）,駐車（輪）場,60-64歳,その他,施錠した
窃盗,自転車盗,松戸,栄町,122076,千葉県,松戸市,栄町西１丁目,2023-01-29,02,その他,駐車（輪）場,40歳代,その他,施錠せず
窃盗,自転車盗,松戸,栄町,122076,千葉県,松戸市,栄町西２丁目,2023-04-17,13,その他,駐車（輪）場,20歳代,大学生,施錠せず
窃盗,自転車盗,松戸,栄町,122076,千葉県,松戸市,栄町西２丁目,2023-05-01,17,その他,駐車（輪）場,20歳代,大学生,施錠せず
窃盗,自転車盗,松戸,栄町,122076,千葉県,松戸市,栄町西２丁目,2023-06-26,09,その他,駐車（輪）場,10歳代,大学生,施錠せず
窃盗,自転車盗,松戸,栄町,122076,千葉県,松戸市,栄町西２丁目,2023-07-07,08,その他,駐車（輪）場,20歳代,その他,施錠せず
窃盗,自転車盗,松戸,栄町,122076,千葉県,松戸市,栄町西２丁目,2023-07-13,11,駐車（輪）場,駐車（輪）場,20歳代,大学生,施錠せず
窃盗,自転車盗,松戸,栄町,122076,千葉県,松戸市,竹ケ花西町,2023-08-27,17,その他の住宅（３階建て以下共同住宅等）,その他,50歳代,その他,施錠した
窃盗,自転車盗,松戸,栄町,122076,千葉県,松戸市,中根,2023-06-28,11,４階建て以上共同住宅,駐車（輪）場,20歳代,その他,施錠せず
窃盗,自転車盗,松戸,栄町,122076,千葉県,松戸市,南花島向町,2023-08-12,17,その他,その他,10歳代,高校生,施錠した
窃盗,自転車盗,松戸,矢切,122076,千葉県,松戸市,上矢切,2023-09-26,19,その他の住宅（３階建て以下共同住宅等）,駐車（輪）場,10歳代,大学生,施錠せず
窃盗,自転車盗,松戸,矢切,122076,千葉県,松戸市,栗山,2023-04-07,18,４階建て以上共同住宅,駐車（輪）場,30歳代,その他,施錠した
窃盗,自転車盗,松戸,矢切,122076,千葉県,松戸市,栗山,2023-06-06,17,その他,駐車（輪）場,10歳代,大学生,施錠せず
窃盗,自転車盗,松戸,矢切,122076,千葉県,松戸市,栗山,2023-06-14,18,その他,駐車（輪）場,20歳代,大学生,施錠した
窃盗,自転車盗,松戸,矢切,122076,千葉県,松戸市,栗山,2023-10-17,07,駐車（輪）場,駐車（輪）場,20歳代,その他,施錠した
窃盗,自転車盗,松戸,矢切,122076,千葉県,松戸市,栗山,2023-10-23,16,駐車（輪）場,駐車（輪）場,10歳代,高校生,施錠した
窃盗,自転車盗,松戸,矢切,122076,千葉県,松戸市,栗山,2023-12-06,07,駐車（輪）場,駐車（輪）場,60-64歳,その他,施錠せず
窃盗,自転車盗,松戸,矢切,122076,千葉県,松戸市,下矢切,2023-03-01,00,一戸建住宅,その他,10歳代,大学生,施錠せず
窃盗,自転車盗,松戸,矢切,122076,千葉県,松戸市,下矢切,2023-06-06,07,駐車（輪）場,駐車（輪）場,20歳代,その他,施錠せず
窃盗,自転車盗,松戸,矢切,122076,千葉県,松戸市,下矢切,2023-07-19,11,駐車（輪）場,駐車（輪）場,10歳代,高校生,施錠せず
窃盗,自転車盗,松戸,矢切,122076,千葉県,松戸市,下矢切,2023-10-11,15,駐車（輪）場,駐車（輪）場,10歳代,高校生,施錠せず
窃盗,自転車盗,松戸,矢切,122076,千葉県,松戸市,下矢切,2023-11-22,16,駐車（輪）場,駐車（輪）場,10歳代,高校生,施錠した
窃盗,自転車盗,松戸,矢切,122076,千葉県,松戸市,松戸,2023-03-13,16,４階建て以上共同住宅,駐車（輪）場,10歳代,高校生,施錠した
窃盗,自転車盗,松戸,矢切,122076,千葉県,松戸市,松戸,2023-04-28,23,４階建て以上共同住宅,駐車（輪）場,30歳代,その他,施錠した
窃盗,自転車盗,松戸,矢切,122076,千葉県,松戸市,松戸,2023-07-24,13,４階建て以上共同住宅,駐車（輪）場,20歳代,その他,施錠せず
窃盗,自転車盗,松戸,稔台,122076,千葉県,松戸市,仲井町１丁目,2023-08-04,14,その他の住宅（３階建て以下共同住宅等）,その他,40歳代,その他,施錠した
窃盗,自転車盗,松戸,稔台,122076,千葉県,松戸市,仲井町２丁目,2023-01-13,11,その他,駐車（輪）場,70歳以上,その他,施錠した
窃盗,自転車盗,松戸,稔台,122076,千葉県,松戸市,仲井町２丁目,2023-06-23,15,その他の住宅（３階建て以下共同住宅等）,駐車（輪）場,65-69歳,その他,施錠した
窃盗,自転車盗,松戸,稔台,122076,千葉県,松戸市,野菊野,2022-12-31,17,４階建て以上共同住宅,駐車（輪）場,20歳代,その他,施錠した
窃盗,自転車盗,松戸,稔台,122076,千葉県,松戸市,野菊野,2023-05-06,22,４階建て以上共同住宅,駐車（輪）場,10歳代,大学生,施錠せず
窃盗,自転車盗,松戸,稔台,122076,千葉県,松戸市,野菊野,2023-10-07,20,４階建て以上共同住宅,駐車（輪）場,10歳代,中学生,施錠した
窃盗,自転車盗,松戸,稔台,122076,千葉県,松戸市,松戸新田,2022-05-01,18,その他の住宅（３階建て以下共同住宅等）,駐車（輪）場,10歳代,高校生,施錠した
窃盗,自転車盗,松戸,稔台,122076,千葉県,松戸市,松戸新田,2023-02-25,19,４階建て以上共同住宅,駐車（輪）場,20歳代,その他,施錠せず
窃盗,自転車盗,松戸,稔台,122076,千葉県,松戸市,松戸新田,2023-03-04,22,駐車（輪）場,駐車（輪）場,20歳代,その他,施錠せず
窃盗,自転車盗,松戸,稔台,122076,千葉県,松戸市,松戸新田,2023-04-04,21,４階建て以上共同住宅,駐車（輪）場,10歳代,中学生,施錠せず
窃盗,自転車盗,松戸,稔台,122076,千葉県,松戸市,松戸新田,2023-06-20,06,駐車（輪）場,駐車（輪）場,20歳代,その他,施錠した
窃盗,自転車盗,松戸,稔台,122076,千葉県,松戸市,松戸新田,2023-06-30,07,その他,駐車（輪）場,10歳代,その他,施錠せず
窃盗,自転車盗,松戸,稔台,122076,千葉県,松戸市,松戸新田,2023-08-01,19,道路上,その他,50歳代,その他,施錠せず
窃盗,自転車盗,松戸,稔台,122076,千葉県,松戸市,松戸新田,2023-09-18,01,道路上,その他,20歳代,その他,施錠せず
窃盗,自転車盗,松戸,稔台,122076,千葉県,松戸市,松戸新田,2023-10-21,17,駐車（輪）場,駐車（輪）場,30歳代,その他,施錠せず
窃盗,自転車盗,松戸,稔台,122076,千葉県,松戸市,松戸新田,2023-11-12,14,４階建て以上共同住宅,駐車（輪）場,60-64歳,その他,施錠した
窃盗,自転車盗,松戸,稔台,122076,千葉県,松戸市,稔台１丁目,2022-12-17,21,４階建て以上共同住宅,駐車（輪）場,10歳代,高校生,施錠せず
窃盗,自転車盗,松戸,稔台,122076,千葉県,松戸市,稔台２丁目,2023-11-06,06,一戸建住宅,その他,70歳以上,その他,施錠せず
窃盗,自転車盗,松戸,稔台,122076,千葉県,松戸市,稔台３丁目,2023-07-28,12,一戸建住宅,その他,10歳代,高校生,施錠せず
窃盗,自転車盗,松戸,稔台,122076,千葉県,松戸市,稔台３丁目,2023-08-23,18,その他の住宅（３階建て以下共同住宅等）,駐車（輪）場,30歳代,その他,施錠した
窃盗,自転車盗,松戸,稔台,122076,千葉県,松戸市,稔台５丁目,2023-06-24,00,一戸建住宅,その他,40歳代,その他,施錠せず
窃盗,自転車盗,松戸,稔台,122076,千葉県,松戸市,稔台７丁目,2023-11-22,07,その他,駐車（輪）場,20歳代,その他,施錠せず
窃盗,自転車盗,松戸,馬橋西,122076,千葉県,松戸市,旭町１丁目,2023-04-13,08,その他,駐車（輪）場,10歳代,高校生,施錠せず
窃盗,自転車盗,松戸,馬橋西,122076,千葉県,松戸市,旭町１丁目,2023-05-09,19,その他,駐車（輪）場,10歳代,高校生,施錠せず
窃盗,自転車盗,松戸,馬橋西,122076,千葉県,松戸市,幸谷,2023-12-11,22,４階建て以上共同住宅,駐車（輪）場,10歳代,高校生,施錠した
窃盗,自転車盗,松戸,馬橋西,122076,千葉県,松戸市,西馬橋相川町,2023-05-18,22,その他の住宅（３階建て以下共同住宅等）,その他,20歳代,その他,施錠した
窃盗,自転車盗,松戸,馬橋西,122076,千葉県,松戸市,西馬橋蔵元町,2022-12-30,13,その他,その他,10歳未満,小学生,施錠せず
窃盗,自転車盗,松戸,馬橋西,122076,千葉県,松戸市,西馬橋蔵元町,2023-01-15,10,一戸建住宅,駐車（輪）場,10歳未満,小学生,施錠せず
窃盗,自転車盗,松戸,馬橋西,122076,千葉県,松戸市,西馬橋蔵元町,2023-03-22,12,その他,駐車（輪）場,65-69歳,その他,施錠せず
窃盗,自転車盗,松戸,馬橋西,122076,千葉県,松戸市,西馬橋蔵元町,2023-05-30,18,その他の住宅（３階建て以下共同住宅等）,駐車（輪）場,30歳代,その他,施錠した
窃盗,自転車盗,松戸,馬橋西,122076,千葉県,松戸市,西馬橋蔵元町,2023-06-18,07,駐車（輪）場,駐車（輪）場,60-64歳,その他,施錠せず
窃盗,自転車盗,松戸,馬橋西,122076,千葉県,松戸市,西馬橋蔵元町,2023-08-19,16,その他,駐車（輪）場,20歳代,その他,施錠せず
窃盗,自転車盗,松戸,馬橋西,122076,千葉県,松戸市,馬橋,2023-02-13,14,その他の住宅（３階建て以下共同住宅等）,その他,20歳代,その他,施錠せず
窃盗,自転車盗,松戸,馬橋西,122076,千葉県,松戸市,馬橋,2023-08-16,01,その他の住宅（３階建て以下共同住宅等）,駐車（輪）場,20歳代,その他,施錠した
窃盗,自転車盗,松戸,馬橋西,122076,千葉県,松戸市,馬橋,2023-12-10,08,その他,その他,50歳代,その他,施錠せず
窃盗,自転車盗,松戸,馬橋西,122076,千葉県,松戸市,馬橋,2023-12-23,02,その他の住宅（３階建て以下共同住宅等）,駐車（輪）場,20歳代,その他,施錠した
窃盗,自転車盗,松戸,馬橋西,122076,千葉県,松戸市,新松戸南１丁目,2023-02-18,17,その他の住宅（３階建て以下共同住宅等）,駐車（輪）場,10歳代,小学生,施錠せず
窃盗,自転車盗,松戸,馬橋西,122076,千葉県,松戸市,新松戸南１丁目,2023-06-07,19,その他の住宅（３階建て以下共同住宅等）,駐車（輪）場,30歳代,その他,施錠した
窃盗,自転車盗,松戸,馬橋西,122076,千葉県,松戸市,新松戸南１丁目,2023-10-02,08,一戸建住宅,駐車（輪）場,50歳代,その他,施錠した
窃盗,自転車盗,松戸,馬橋西,122076,千葉県,松戸市,新松戸南１丁目,2023-10-13,18,その他の住宅（３階建て以下共同住宅等）,駐車（輪）場,30歳代,その他,施錠した
窃盗,自転車盗,松戸,馬橋西,122076,千葉県,松戸市,新松戸南１丁目,2023-11-04,22,その他の住宅（３階建て以下共同住宅等）,駐車（輪）場,30歳代,その他,施錠した
窃盗,自転車盗,松戸,馬橋西,122076,千葉県,松戸市,西馬橋１丁目,2023-02-15,16,一戸建住宅,その他,70歳以上,その他,施錠した
窃盗,自転車盗,松戸,馬橋西,122076,千葉県,松戸市,西馬橋１丁目,2023-03-14,00,一戸建住宅,その他,10歳代,中学生,施錠した
窃盗,自転車盗,松戸,馬橋西,122076,千葉県,松戸市,西馬橋１丁目,2023-11-09,21,４階建て以上共同住宅,駐車（輪）場,30歳代,その他,施錠した
窃盗,自転車盗,松戸,馬橋西,122076,千葉県,松戸市,西馬橋２丁目,2023-04-06,06,その他,駐車（輪）場,20歳代,その他,施錠した
窃盗,自転車盗,松戸,馬橋西,122076,千葉県,松戸市,西馬橋４丁目,2023-02-13,16,道路上,その他,50歳代,その他,施錠した
窃盗,自転車盗,松戸,馬橋西,122076,千葉県,松戸市,西馬橋４丁目,2023-02-26,16,一戸建住宅,駐車（輪）場,10歳代,中学生,施錠せず
窃盗,自転車盗,松戸,馬橋西,122076,千葉県,松戸市,西馬橋４丁目,2023-09-23,14,一戸建住宅,駐車（輪）場,50歳代,その他,施錠せず
窃盗,自転車盗,松戸,馬橋西,122076,千葉県,松戸市,西馬橋５丁目,2023-10-12,19,その他の住宅（３階建て以下共同住宅等）,駐車（輪）場,30歳代,その他,施錠せず
窃盗,自転車盗,野田,二川,122084,千葉県,野田市,木間ケ瀬,2023-12-19,07,その他,その他,70歳以上,その他,施錠せず
窃盗,自転車盗,野田,二川,122084,千葉県,野田市,次木,2023-03-26,17,その他の住宅（３階建て以下共同住宅等）,駐車（輪）場,40歳代,その他,施錠した
窃盗,自転車盗,野田,二川,122084,千葉県,野田市,次木,2023-03-30,18,その他の住宅（３階建て以下共同住宅等）,駐車（輪）場,40歳代,その他,施錠せず
窃盗,自転車盗,野田,二川,122084,千葉県,野田市,東宝珠花,2023-02-17,09,その他,駐車（輪）場,10歳代,高校生,施錠せず
窃盗,自転車盗,野田,二川,122084,千葉県,野田市,東宝珠花,2023-06-10,11,一戸建住宅,その他,50歳代,その他,施錠した
窃盗,自転車盗,野田,二川,122084,千葉県,野田市,東宝珠花,2023-11-13,07,その他,駐車（輪）場,20歳代,大学生,施錠せず
窃盗,自転車盗,野田,二川,122084,千葉県,野田市,平井,2023-08-12,07,その他,駐車（輪）場,30歳代,その他,施錠した
窃盗,自転車盗,野田,二川,122084,千葉県,野田市,なみき２丁目,2022-12-09,17,駐車（輪）場,駐車（輪）場,10歳代,中学生,施錠した
窃盗,自転車盗,野田,二川,122084,千葉県,野田市,なみき２丁目,2023-02-26,07,駐車（輪）場,駐車（輪）場,10歳代,高校生,施錠した
窃盗,自転車盗,野田,二川,122084,千葉県,野田市,なみき２丁目,2023-04-19,12,駐車（輪）場,駐車（輪）場,20歳代,その他,施錠せず
窃盗,自転車盗,野田,二川,122084,千葉県,野田市,なみき２丁目,2023-10-08,21,一戸建住宅,駐車（輪）場,20歳代,その他,施錠せず
窃盗,自転車盗,野田,二川,122084,千葉県,野田市,なみき２丁目,2023-10-31,16,一戸建住宅,駐車（輪）場,40歳代,その他,施錠せず
窃盗,自転車盗,野田,川間駅前,122084,千葉県,野田市,岩名,2023-08-04,17,道路上,その他,10歳代,高校生,施錠せず
窃盗,自転車盗,野田,川間駅前,122084,千葉県,野田市,岩名１丁目,2023-06-11,09,その他の住宅（３階建て以下共同住宅等）,駐車（輪）場,70歳以上,その他,施錠した
窃盗,自転車盗,野田,川間駅前,122084,千葉県,野田市,岩名１丁目,2023-06-20,14,一戸建住宅,その他,30歳代,その他,施錠した
窃盗,自転車盗,野田,川間駅前,122084,千葉県,野田市,岩名２丁目,2022-12-30,03,その他の住宅（３階建て以下共同住宅等）,駐車（輪）場,30歳代,その他,施錠した
窃盗,自転車盗,野田,川間駅前,122084,千葉県,野田市,岩名２丁目,2023-05-18,17,一戸建住宅,駐車（輪）場,50歳代,その他,施錠せず
窃盗,自転車盗,野田,川間駅前,122084,千葉県,野田市,岩名２丁目,2023-06-25,22,一戸建住宅,駐車（輪）場,10歳代,小学生,施錠せず
窃盗,自転車盗,野田,川間駅前,122084,千葉県,野田市,尾崎,2023-01-02,14,その他,駐車（輪）場,20歳代,その他,施錠せず
窃盗,自転車盗,野田,川間駅前,122084,千葉県,野田市,尾崎,2023-01-03,22,その他の住宅（３階建て以下共同住宅等）,駐車（輪）場,10歳代,中学生,施錠せず
窃盗,自転車盗,野田,川間駅前,122084,千葉県,野田市,尾崎,2023-03-25,21,駐車（輪）場,駐車（輪）場,10歳代,高校生,施錠した
窃盗,自転車盗,野田,川間駅前,122084,千葉県,野田市,尾崎,2023-05-01,07,その他,駐車（輪）場,20歳代,その他,施錠した
窃盗,自転車盗,野田,川間駅前,122084,千葉県,野田市,尾崎,2023-05-27,19,駐車（輪）場,駐車（輪）場,30歳代,その他,施錠せず
窃盗,自転車盗,野田,川間駅前,122084,千葉県,野田市,尾崎,2023-06-25,22,その他の住宅（３階建て以下共同住宅等）,駐車（輪）場,40歳代,その他,施錠した
窃盗,自転車盗,野田,川間駅前,122084,千葉県,野田市,尾崎,2023-07-01,07,駐車（輪）場,駐車（輪）場,10歳代,中学生,施錠せず
窃盗,自転車盗,野田,川間駅前,122084,千葉県,野田市,尾崎,2023-07-14,16,その他,駐車（輪）場,10歳代,高校生,施錠せず
窃盗,自転車盗,野田,川間駅前,122084,千葉県,野田市,尾崎,2023-07-21,07,その他,駐車（輪）場,20歳代,その他,施錠した
窃盗,自転車盗,野田,川間駅前,122084,千葉県,野田市,尾崎,2023-08-03,11,その他,その他,10歳代,高校生,施錠した
窃盗,自転車盗,野田,川間駅前,122084,千葉県,野田市,尾崎,2023-08-04,06,その他,駐車（輪）場,20歳代,その他,施錠せず
窃盗,自転車盗,野田,川間駅前,122084,千葉県,野田市,尾崎,2023-08-18,11,その他,駐車（輪）場,30歳代,その他,施錠せず
窃盗,自転車盗,野田,川間駅前,122084,千葉県,野田市,尾崎,2023-09-02,20,その他の住宅（３階建て以下共同住宅等）,その他,40歳代,その他,施錠した
窃盗,自転車盗,野田,川間駅前,122084,千葉県,野田市,尾崎,2023-09-08,16,道路上,その他,20歳代,その他,施錠した
窃盗,自転車盗,野田,川間駅前,122084,千葉県,野田市,尾崎,2023-09-16,15,その他,駐車（輪）場,10歳代,高校生,施錠せず
窃盗,自転車盗,野田,川間駅前,122084,千葉県,野田市,尾崎,2023-10-21,20,その他の住宅（３階建て以下共同住宅等）,その他,40歳代,その他,施錠せず
窃盗,自転車盗,野田,川間駅前,122084,千葉県,野田市,尾崎,2023-11-26,08,駐車（輪）場,駐車（輪）場,20歳代,その他,施錠せず
窃盗,自転車盗,野田,川間駅前,122084,千葉県,野田市,五木新町,2023-06-13,19,一戸建住宅,その他,10歳代,高校生,施錠した
窃盗,自転車盗,野田,川間駅前,122084,千葉県,野田市,中里,2023-01-23,22,その他,その他,40歳代,その他,施錠せず
窃盗,自転車盗,野田,川間駅前,122084,千葉県,野田市,中里,2023-09-28,17,その他の住宅（３階建て以下共同住宅等）,その他,30歳代,その他,施錠せず
窃盗,自転車盗,野田,川間駅前,122084,千葉県,野田市,七光台,2023-03-08,09,その他の住宅（３階建て以下共同住宅等）,その他,20歳代,その他,施錠せず
窃盗,自転車盗,野田,川間駅前,122084,千葉県,野田市,七光台,2023-04-15,07,道路上,その他,40歳代,その他,施錠せず
窃盗,自転車盗,野田,川間駅前,122084,千葉県,野田市,七光台,2023-05-05,22,一戸建住宅,駐車（輪）場,10歳代,高校生,施錠せず
窃盗,自転車盗,野田,川間駅前,122084,千葉県,野田市,七光台,2023-07-31,19,その他,駐車（輪）場,70歳以上,その他,施錠せず
窃盗,自転車盗,野田,川間駅前,122084,千葉県,野田市,七光台,2023-08-11,08,その他の住宅（３階建て以下共同住宅等）,駐車（輪）場,20歳代,その他,施錠した
窃盗,自転車盗,野田,川間駅前,122084,千葉県,野田市,七光台,2023-08-18,05,道路上,その他,10歳代,高校生,施錠せず
窃盗,自転車盗,野田,川間駅前,122084,千葉県,野田市,蕃昌,2023-03-30,12,一戸建住宅,その他,10歳代,高校生,施錠せず
窃盗,自転車盗,野田,川間駅前,122084,千葉県,野田市,谷津,2023-10-01,16,一戸建住宅,その他,40歳代,その他,施錠せず
窃盗,自転車盗,野田,川間駅前,122084,千葉県,野田市,谷津,2023-10-02,10,その他,駐車（輪）場,10歳代,高校生,施錠せず
窃盗,自転車盗,野田,川間駅前,122084,千葉県,野田市,谷津,2023-12-13,08,その他,駐車（輪）場,10歳代,高校生,施錠せず
窃盗,自転車盗,野田,川間駅前,122084,千葉県,野田市,吉春,2023-02-11,10,その他,駐車（輪）場,10歳代,中学生,施錠せず
窃盗,自転車盗,野田,川間駅前,122084,千葉県,野田市,尾崎台,2023-05-26,08,一戸建住宅,駐車（輪）場,30歳代,その他,施錠した
窃盗,自転車盗,野田,川間駅前,122084,千葉県,野田市,光葉町１丁目,2022-12-31,07,その他,駐車（輪）場,40歳代,その他,施錠せず
窃盗,自転車盗,野田,川間駅前,122084,千葉県,野田市,光葉町１丁目,2022-12-31,15,駐車（輪）場,駐車（輪）場,10歳代,中学生,施錠せず
窃盗,自転車盗,野田,川間駅前,122084,千葉県,野田市,光葉町１丁目,2023-01-02,10,その他,駐車（輪）場,10歳代,中学生,施錠せず
窃盗,自転車盗,野田,川間駅前,122084,千葉県,野田市,光葉町１丁目,2023-01-27,06,駐車（輪）場,駐車（輪）場,50歳代,その他,施錠せず
窃盗,自転車盗,野田,川間駅前,122084,千葉県,野田市,光葉町１丁目,2023-01-27,11,その他,駐車（輪）場,20歳代,大学生,施錠せず
窃盗,自転車盗,野田,川間駅前,122084,千葉県,野田市,光葉町１丁目,2023-01-29,14,道路上,その他,10歳代,高校生,施錠せず
窃盗,自転車盗,野田,川間駅前,122084,千葉県,野田市,光葉町１丁目,2023-02-01,16,その他,その他,10歳代,その他,施錠せず
窃盗,自転車盗,野田,川間駅前,122084,千葉県,野田市,光葉町１丁目,2023-02-06,07,駐車（輪）場,駐車（輪）場,20歳代,その他,施錠せず
窃盗,自転車盗,野田,川間駅前,122084,千葉県,野田市,光葉町１丁目,2023-02-11,07,駐車（輪）場,駐車（輪）場,20歳代,その他,施錠せず
窃盗,自転車盗,野田,川間駅前,122084,千葉県,野田市,光葉町１丁目,2023-02-27,08,一戸建住宅,駐車（輪）場,10歳代,中学生,施錠せず
窃盗,自転車盗,野田,川間駅前,122084,千葉県,野田市,光葉町１丁目,2023-02-27,09,駐車（輪）場,駐車（輪）場,50歳代,その他,施錠せず
窃盗,自転車盗,野田,川間駅前,122084,千葉県,野田市,光葉町１丁目,2023-03-06,07,その他,その他,10歳代,中学生,施錠せず
窃盗,自転車盗,野田,川間駅前,122084,千葉県,野田市,光葉町１丁目,2023-03-17,18,一戸建住宅,駐車（輪）場,10歳代,小学生,施錠せず
窃盗,自転車盗,野田,川間駅前,122084,千葉県,野田市,光葉町１丁目,2023-03-25,22,一戸建住宅,駐車（輪）場,10歳代,中学生,施錠せず
窃盗,自転車盗,野田,川間駅前,122084,千葉県,野田市,光葉町１丁目,2023-03-28,10,その他,駐車（輪）場,10歳代,中学生,施錠せず
窃盗,自転車盗,野田,川間駅前,122084,千葉県,野田市,光葉町１丁目,2023-03-28,11,駐車（輪）場,駐車（輪）場,10歳代,高校生,施錠せず
窃盗,自転車盗,野田,川間駅前,122084,千葉県,野田市,光葉町１丁目,2023-04-01,06,その他,駐車（輪）場,10歳代,中学生,施錠せず
窃盗,自転車盗,野田,川間駅前,122084,千葉県,野田市,光葉町１丁目,2023-04-09,12,駐車（輪）場,駐車（輪）場,10歳代,中学生,施錠した
窃盗,自転車盗,野田,川間駅前,122084,千葉県,野田市,光葉町１丁目,2023-05-02,07,駐車（輪）場,駐車（輪）場,10歳代,その他,施錠せず
窃盗,自転車盗,野田,川間駅前,122084,千葉県,野田市,光葉町１丁目,2023-05-17,07,その他,駐車（輪）場,10歳代,その他,施錠せず
窃盗,自転車盗,野田,川間駅前,122084,千葉県,野田市,光葉町１丁目,2023-05-21,09,一戸建住宅,駐車（輪）場,10歳代,高校生,施錠せず
窃盗,自転車盗,野田,川間駅前,122084,千葉県,野田市,光葉町１丁目,2023-05-21,11,その他,駐車（輪）場,10歳代,大学生,施錠せず
窃盗,自転車盗,野田,川間駅前,122084,千葉県,野田市,光葉町１丁目,2023-05-31,12,駐車（輪）場,駐車（輪）場,20歳代,大学生,施錠した
窃盗,自転車盗,野田,川間駅前,122084,千葉県,野田市,光葉町１丁目,2023-06-09,11,駐車（輪）場,駐車（輪）場,20歳代,その他,施錠せず
窃盗,自転車盗,野田,川間駅前,122084,千葉県,野田市,光葉町１丁目,2023-07-01,16,駐車（輪）場,駐車（輪）場,20歳代,その他,施錠せず
窃盗,自転車盗,野田,川間駅前,122084,千葉県,野田市,光葉町１丁目,2023-07-03,18,その他,その他,10歳代,中学生,施錠せず
窃盗,自転車盗,野田,川間駅前,122084,千葉県,野田市,光葉町１丁目,2023-07-07,07,駐車（輪）場,駐車（輪）場,10歳代,高校生,施錠せず
窃盗,自転車盗,野田,川間駅前,122084,千葉県,野田市,光葉町１丁目,2023-07-07,08,その他,駐車（輪）場,10歳代,大学生,施錠せず
窃盗,自転車盗,野田,川間駅前,122084,千葉県,野田市,光葉町１丁目,2023-07-07,08,その他,駐車（輪）場,10歳代,高校生,施錠せず
窃盗,自転車盗,野田,川間駅前,122084,千葉県,野田市,光葉町１丁目,2023-07-07,18,駐車（輪）場,駐車（輪）場,40歳代,その他,施錠した
窃盗,自転車盗,野田,川間駅前,122084,千葉県,野田市,光葉町１丁目,2023-07-09,22,その他,駐車（輪）場,10歳代,高校生,施錠せず
窃盗,自転車盗,野田,川間駅前,122084,千葉県,野田市,光葉町１丁目,2023-07-10,07,駐車（輪）場,駐車（輪）場,20歳代,その他,施錠せず
窃盗,自転車盗,野田,川間駅前,122084,千葉県,野田市,光葉町１丁目,2023-07-10,17,その他,その他,10歳代,中学生,施錠せず
窃盗,自転車盗,野田,川間駅前,122084,千葉県,野田市,光葉町１丁目,2023-07-21,18,その他,駐車（輪）場,20歳代,その他,施錠した
窃盗,自転車盗,野田,川間駅前,122084,千葉県,野田市,光葉町１丁目,2023-07-25,10,その他,駐車（輪）場,10歳代,高校生,施錠せず
窃盗,自転車盗,野田,川間駅前,122084,千葉県,野田市,光葉町１丁目,2023-07-27,16,駐車（輪）場,駐車（輪）場,10歳代,大学生,施錠せず
窃盗,自転車盗,野田,川間駅前,122084,千葉県,野田市,光葉町１丁目,2023-07-27,17,駐車（輪）場,駐車（輪）場,20歳代,その他,施錠した
窃盗,自転車盗,野田,川間駅前,122084,千葉県,野田市,光葉町１丁目,2023-07-31,20,道路上,その他,30歳代,その他,施錠した
窃盗,自転車盗,野田,川間駅前,122084,千葉県,野田市,光葉町１丁目,2023-08-10,18,その他,その他,10歳代,中学生,施錠せず
窃盗,自転車盗,野田,川間駅前,122084,千葉県,野田市,光葉町１丁目,2023-08-14,17,駐車（輪）場,駐車（輪）場,10歳代,大学生,施錠した
窃盗,自転車盗,野田,川間駅前,122084,千葉県,野田市,光葉町１丁目,2023-08-18,07,その他,駐車（輪）場,10歳代,中学生,施錠せず
窃盗,自転車盗,野田,川間駅前,122084,千葉県,野田市,光葉町１丁目,2023-08-21,12,駐車（輪）場,駐車（輪）場,10歳代,中学生,施錠せず
窃盗,自転車盗,野田,川間駅前,122084,千葉県,野田市,光葉町１丁目,2023-08-27,13,駐車（輪）場,駐車（輪）場,10歳代,中学生,施錠せず
窃盗,自転車盗,野田,川間駅前,122084,千葉県,野田市,光葉町１丁目,2023-08-30,09,駐車（輪）場,駐車（輪）場,10歳代,中学生,施錠せず
窃盗,自転車盗,野田,川間駅前,122084,千葉県,野田市,光葉町１丁目,2023-09-14,09,その他,その他,10歳代,中学生,施錠せず
窃盗,自転車盗,野田,川間駅前,122084,千葉県,野田市,光葉町１丁目,2023-09-14,16,その他,駐車（輪）場,10歳代,高校生,施錠せず
窃盗,自転車盗,野田,川間駅前,122084,千葉県,野田市,光葉町１丁目,2023-09-16,11,一戸建住宅,その他,40歳代,その他,施錠せず
窃盗,自転車盗,野田,川間駅前,122084,千葉県,野田市,光葉町１丁目,2023-09-30,08,その他,駐車（輪）場,40歳代,その他,施錠せず
窃盗,自転車盗,野田,川間駅前,122084,千葉県,野田市,光葉町１丁目,2023-10-10,07,駐車（輪）場,駐車（輪）場,30歳代,その他,施錠した
窃盗,自転車盗,野田,川間駅前,122084,千葉県,野田市,光葉町１丁目,2023-10-19,16,その他,駐車（輪）場,10歳代,小学生,施錠せず
窃盗,自転車盗,野田,川間駅前,122084,千葉県,野田市,光葉町１丁目,2023-10-20,20,一戸建住宅,その他,40歳代,その他,施錠した
窃盗,自転車盗,野田,川間駅前,122084,千葉県,野田市,光葉町１丁目,2023-11-06,18,一戸建住宅,駐車（輪）場,40歳代,その他,施錠せず
窃盗,自転車盗,野田,川間駅前,122084,千葉県,野田市,光葉町１丁目,2023-11-25,16,その他,駐車（輪）場,50歳代,その他,施錠せず
窃盗,自転車盗,野田,川間駅前,122084,千葉県,野田市,光葉町１丁目,2023-11-28,08,その他,その他,10歳代,高校生,施錠せず
窃盗,自転車盗,野田,川間駅前,122084,千葉県,野田市,光葉町１丁目,2023-12-04,16,その他,駐車（輪）場,10歳代,高校生,施錠せず
窃盗,自転車盗,野田,川間駅前,122084,千葉県,野田市,光葉町１丁目,2023-12-15,17,その他,駐車（輪）場,10歳代,高校生,施錠した
窃盗,自転車盗,野田,川間駅前,122084,千葉県,野田市,光葉町１丁目,不明,不明,駐車（輪）場,駐車（輪）場,法人・団体、被害者なし,法人・団体、被害者なし,施錠せず
窃盗,自転車盗,野田,川間駅前,122084,千葉県,野田市,光葉町１丁目,不明,不明,駐車（輪）場,駐車（輪）場,法人・団体、被害者なし,法人・団体、被害者なし,施錠せず
窃盗,自転車盗,野田,川間駅前,122084,千葉県,野田市,光葉町２丁目,2023-07-28,19,一戸建住宅,駐車（輪）場,10歳代,中学生,施錠せず
窃盗,自転車盗,野田,川間駅前,122084,千葉県,野田市,光葉町３丁目,2022-12-28,22,一戸建住宅,その他,10歳代,大学生,施錠せず
窃盗,自転車盗,野田,川間駅前,122084,千葉県,野田市,光葉町３丁目,2023-08-13,20,一戸建住宅,その他,10歳代,中学生,施錠せず
窃盗,自転車盗,野田,川間駅前,122084,千葉県,野田市,光葉町３丁目,2023-10-20,19,一戸建住宅,その他,10歳代,高校生,施錠した
窃盗,自転車盗,野田,梅郷駅前,122084,千葉県,野田市,桜台,2023-02-10,15,その他の住宅（３階建て以下共同住宅等）,その他,65-69歳,その他,施錠せず
窃盗,自転車盗,野田,梅郷駅前,122084,千葉県,野田市,野田,2023-10-20,18,４階建て以上共同住宅,駐車（輪）場,10歳代,中学生,施錠せず
窃盗,自転車盗,野田,梅郷駅前,122084,千葉県,野田市,花井,2023-01-26,19,一戸建住宅,駐車（輪）場,65-69歳,その他,施錠せず
窃盗,自転車盗,野田,梅郷駅前,122084,千葉県,野田市,花井,2023-01-31,17,その他の住宅（３階建て以下共同住宅等）,駐車（輪）場,10歳未満,小学生,施錠した
窃盗,自転車盗,野田,梅郷駅前,122084,千葉県,野田市,花井,2023-02-24,17,一戸建住宅,駐車（輪）場,40歳代,その他,施錠せず
窃盗,自転車盗,野田,梅郷駅前,122084,千葉県,野田市,花井,2023-05-06,18,４階建て以上共同住宅,駐車（輪）場,60-64歳,その他,施錠せず
窃盗,自転車盗,野田,梅郷駅前,122084,千葉県,野田市,花井,2023-07-05,22,一戸建住宅,駐車（輪）場,70歳以上,その他,施錠せず
窃盗,自転車盗,野田,梅郷駅前,122084,千葉県,野田市,花井,2023-08-03,22,一戸建住宅,その他,10歳代,高校生,施錠せず
窃盗,自転車盗,野田,梅郷駅前,122084,千葉県,野田市,花井,2023-08-26,20,一戸建住宅,駐車（輪）場,65-69歳,その他,施錠せず
窃盗,自転車盗,野田,梅郷駅前,122084,千葉県,野田市,花井１丁目,2023-05-19,11,一戸建住宅,駐車（輪）場,20歳代,大学生,施錠せず
窃盗,自転車盗,野田,梅郷駅前,122084,千葉県,野田市,山崎,2022-12-23,19,駐車（輪）場,駐車（輪）場,10歳代,高校生,施錠せず
窃盗,自転車盗,野田,梅郷駅前,122084,千葉県,野田市,山崎,2023-01-17,20,駐車（輪）場,駐車（輪）場,20歳代,大学生,施錠せず
窃盗,自転車盗,野田,梅郷駅前,122084,千葉県,野田市,山崎,2023-02-28,19,その他の住宅（３階建て以下共同住宅等）,その他,10歳代,大学生,施錠せず
窃盗,自転車盗,野田,梅郷駅前,122084,千葉県,野田市,山崎,2023-03-22,16,その他,駐車（輪）場,20歳代,大学生,施錠せず
窃盗,自転車盗,野田,梅郷駅前,122084,千葉県,野田市,山崎,2023-03-27,16,その他の住宅（３階建て以下共同住宅等）,駐車（輪）場,20歳代,大学生,施錠せず
窃盗,自転車盗,野田,梅郷駅前,122084,千葉県,野田市,山崎,2023-04-17,07,駐車（輪）場,駐車（輪）場,10歳代,高校生,施錠した
窃盗,自転車盗,野田,梅郷駅前,122084,千葉県,野田市,山崎,2023-04-23,10,駐車（輪）場,駐車（輪）場,10歳代,中学生,施錠せず
窃盗,自転車盗,野田,梅郷駅前,122084,千葉県,野田市,山崎,2023-04-24,07,駐車（輪）場,駐車（輪）場,10歳代,高校生,施錠せず
窃盗,自転車盗,野田,梅郷駅前,122084,千葉県,野田市,山崎,2023-04-27,14,その他,駐車（輪）場,20歳代,その他,施錠せず
窃盗,自転車盗,野田,梅郷駅前,122084,千葉県,野田市,山崎,2023-04-28,08,その他の住宅（３階建て以下共同住宅等）,駐車（輪）場,30歳代,その他,施錠せず
窃盗,自転車盗,野田,梅郷駅前,122084,千葉県,野田市,山崎,2023-04-29,07,その他,駐車（輪）場,10歳代,大学生,施錠せず
窃盗,自転車盗,野田,梅郷駅前,122084,千葉県,野田市,山崎,2023-04-29,13,駐車（輪）場,駐車（輪）場,20歳代,その他,施錠せず
窃盗,自転車盗,野田,梅郷駅前,122084,千葉県,野田市,山崎,2023-05-08,05,駐車（輪）場,駐車（輪）場,40歳代,その他,施錠した
窃盗,自転車盗,野田,梅郷駅前,122084,千葉県,野田市,山崎,2023-05-08,15,駐車（輪）場,駐車（輪）場,10歳代,その他,施錠せず
窃盗,自転車盗,野田,梅郷駅前,122084,千葉県,野田市,山崎,2023-05-14,17,駐車（輪）場,駐車（輪）場,20歳代,その他,施錠せず
窃盗,自転車盗,野田,梅郷駅前,122084,千葉県,野田市,山崎,2023-05-20,06,駐車（輪）場,駐車（輪）場,10歳代,その他,施錠せず
窃盗,自転車盗,野田,梅郷駅前,122084,千葉県,野田市,山崎,2023-05-24,06,駐車（輪）場,駐車（輪）場,20歳代,その他,施錠した
窃盗,自転車盗,野田,梅郷駅前,122084,千葉県,野田市,山崎,2023-05-29,16,その他の住宅（３階建て以下共同住宅等）,駐車（輪）場,70歳以上,その他,施錠せず
窃盗,自転車盗,野田,梅郷駅前,122084,千葉県,野田市,山崎,2023-05-30,07,駐車（輪）場,駐車（輪）場,10歳代,高校生,施錠せず
窃盗,自転車盗,野田,梅郷駅前,122084,千葉県,野田市,山崎,2023-06-01,18,その他,駐車（輪）場,20歳代,その他,施錠せず
窃盗,自転車盗,野田,梅郷駅前,122084,千葉県,野田市,山崎,2023-06-04,09,その他,駐車（輪）場,50歳代,その他,施錠せず
窃盗,自転車盗,野田,梅郷駅前,122084,千葉県,野田市,山崎,2023-06-14,07,その他,駐車（輪）場,10歳代,高校生,施錠せず
窃盗,自転車盗,野田,梅郷駅前,122084,千葉県,野田市,山崎,2023-06-16,07,駐車（輪）場,駐車（輪）場,10歳代,高校生,施錠せず
窃盗,自転車盗,野田,梅郷駅前,122084,千葉県,野田市,山崎,2023-06-17,18,その他,駐車（輪）場,10歳代,高校生,施錠せず
窃盗,自転車盗,野田,梅郷駅前,122084,千葉県,野田市,山崎,2023-06-24,07,その他,駐車（輪）場,10歳代,高校生,施錠した
窃盗,自転車盗,野田,梅郷駅前,122084,千葉県,野田市,山崎,2023-06-29,00,一戸建住宅,駐車（輪）場,40歳代,その他,施錠せず
窃盗,自転車盗,野田,梅郷駅前,122084,千葉県,野田市,山崎,2023-07-07,09,その他,駐車（輪）場,10歳代,大学生,施錠せず
窃盗,自転車盗,野田,梅郷駅前,122084,千葉県,野田市,山崎,2023-07-26,14,駐車（輪）場,駐車（輪）場,10歳代,大学生,施錠せず
窃盗,自転車盗,野田,梅郷駅前,122084,千葉県,野田市,山崎,2023-07-29,17,駐車（輪）場,駐車（輪）場,10歳代,大学生,施錠せず
窃盗,自転車盗,野田,梅郷駅前,122084,千葉県,野田市,山崎,2023-08-02,10,その他,駐車（輪）場,10歳代,大学生,施錠せず
窃盗,自転車盗,野田,梅郷駅前,122084,千葉県,野田市,山崎,2023-08-02,22,その他の住宅（３階建て以下共同住宅等）,駐車（輪）場,10歳代,大学生,施錠せず
窃盗,自転車盗,野田,梅郷駅前,122084,千葉県,野田市,山崎,2023-08-02,22,その他の住宅（３階建て以下共同住宅等）,駐車（輪）場,20歳代,大学生,施錠せず
窃盗,自転車盗,野田,梅郷駅前,122084,千葉県,野田市,山崎,2023-08-10,10,その他,駐車（輪）場,20歳代,大学生,施錠した
窃盗,自転車盗,野田,梅郷駅前,122084,千葉県,野田市,山崎,2023-08-11,18,その他の住宅（３階建て以下共同住宅等）,その他,20歳代,大学生,施錠せず
窃盗,自転車盗,野田,梅郷駅前,122084,千葉県,野田市,山崎,2023-08-13,15,駐車（輪）場,駐車（輪）場,10歳代,大学生,施錠せず
窃盗,自転車盗,野田,梅郷駅前,122084,千葉県,野田市,山崎,2023-08-14,11,その他,その他,10歳代,大学生,施錠せず
窃盗,自転車盗,野田,梅郷駅前,122084,千葉県,野田市,山崎,2023-08-25,10,駐車（輪）場,駐車（輪）場,10歳代,大学生,施錠せず
窃盗,自転車盗,野田,梅郷駅前,122084,千葉県,野田市,山崎,2023-08-29,00,その他の住宅（３階建て以下共同住宅等）,駐車（輪）場,20歳代,大学生,施錠せず
窃盗,自転車盗,野田,梅郷駅前,122084,千葉県,野田市,山崎,2023-09-03,08,駐車（輪）場,駐車（輪）場,10歳代,大学生,施錠せず
窃盗,自転車盗,野田,梅郷駅前,122084,千葉県,野田市,山崎,2023-09-08,06,駐車（輪）場,駐車（輪）場,50歳代,その他,施錠せず
窃盗,自転車盗,野田,梅郷駅前,122084,千葉県,野田市,山崎,2023-09-09,07,駐車（輪）場,駐車（輪）場,10歳代,大学生,施錠せず
窃盗,自転車盗,野田,梅郷駅前,122084,千葉県,野田市,山崎,2023-09-13,08,その他,駐車（輪）場,10歳代,大学生,施錠した
窃盗,自転車盗,野田,梅郷駅前,122084,千葉県,野田市,山崎,2023-09-24,04,駐車（輪）場,駐車（輪）場,10歳代,高校生,施錠した
窃盗,自転車盗,野田,梅郷駅前,122084,千葉県,野田市,山崎,2023-10-06,08,その他,駐車（輪）場,10歳代,大学生,施錠せず
窃盗,自転車盗,野田,梅郷駅前,122084,千葉県,野田市,山崎,2023-10-07,09,駐車（輪）場,駐車（輪）場,10歳代,中学生,施錠せず
窃盗,自転車盗,野田,梅郷駅前,122084,千葉県,野田市,山崎,2023-10-17,08,その他,駐車（輪）場,20歳代,大学生,施錠した
窃盗,自転車盗,野田,梅郷駅前,122084,千葉県,野田市,山崎,2023-10-22,07,その他,駐車（輪）場,20歳代,大学生,施錠せず
窃盗,自転車盗,野田,梅郷駅前,122084,千葉県,野田市,山崎,2023-10-28,05,その他,その他,20歳代,大学生,施錠せず
窃盗,自転車盗,野田,梅郷駅前,122084,千葉県,野田市,山崎,2023-10-29,10,駐車（輪）場,駐車（輪）場,20歳代,その他,施錠せず
窃盗,自転車盗,野田,梅郷駅前,122084,千葉県,野田市,山崎,2023-10-29,12,駐車（輪）場,駐車（輪）場,20歳代,その他,施錠した
窃盗,自転車盗,野田,梅郷駅前,122084,千葉県,野田市,山崎,2023-11-02,18,その他,駐車（輪）場,10歳代,大学生,施錠せず
窃盗,自転車盗,野田,梅郷駅前,122084,千葉県,野田市,山崎,2023-11-05,09,その他,駐車（輪）場,20歳代,大学生,施錠せず
窃盗,自転車盗,野田,梅郷駅前,122084,千葉県,野田市,山崎,2023-11-05,11,４階建て以上共同住宅,駐車（輪）場,20歳代,大学生,施錠した
窃盗,自転車盗,野田,梅郷駅前,122084,千葉県,野田市,山崎,2023-11-05,13,その他の住宅（３階建て以下共同住宅等）,駐車（輪）場,40歳代,その他,施錠せず
窃盗,自転車盗,野田,梅郷駅前,122084,千葉県,野田市,山崎,2023-11-06,13,その他,駐車（輪）場,20歳代,大学生,施錠せず
窃盗,自転車盗,野田,梅郷駅前,122084,千葉県,野田市,山崎,2023-11-13,14,その他,駐車（輪）場,20歳代,大学生,施錠せず
窃盗,自転車盗,野田,梅郷駅前,122084,千葉県,野田市,山崎,2023-11-15,21,その他の住宅（３階建て以下共同住宅等）,駐車（輪）場,20歳代,その他,施錠した
窃盗,自転車盗,野田,梅郷駅前,122084,千葉県,野田市,山崎,2023-11-18,21,その他の住宅（３階建て以下共同住宅等）,駐車（輪）場,20歳代,その他,施錠せず
窃盗,自転車盗,野田,梅郷駅前,122084,千葉県,野田市,山崎,2023-11-19,13,その他の住宅（３階建て以下共同住宅等）,駐車（輪）場,30歳代,その他,施錠せず
窃盗,自転車盗,野田,梅郷駅前,122084,千葉県,野田市,山崎,2023-12-05,10,その他,駐車（輪）場,20歳代,大学生,施錠せず
窃盗,自転車盗,野田,梅郷駅前,122084,千葉県,野田市,山崎,2023-12-09,15,駐車（輪）場,駐車（輪）場,20歳代,その他,施錠せず
窃盗,自転車盗,野田,梅郷駅前,122084,千葉県,野田市,山崎,不明,不明,その他の住宅（３階建て以下共同住宅等）,駐車（輪）場,20歳代,大学生,施錠した
窃盗,自転車盗,野田,梅郷駅前,122084,千葉県,野田市,山崎貝塚町,2023-07-17,02,道路上,その他,40歳代,その他,施錠せず
窃盗,自転車盗,野田,梅郷駅前,122084,千葉県,野田市,みずき２丁目,2023-10-10,16,その他,駐車（輪）場,20歳代,大学生,施錠した
窃盗,自転車盗,野田,船形,122084,千葉県,野田市,泉１丁目,2023-02-07,12,その他,駐車（輪）場,70歳以上,その他,施錠せず
窃盗,自転車盗,野田,野田市駅前,122084,千葉県,野田市,上花輪,2023-04-08,11,一戸建住宅,その他,65-69歳,その他,施錠せず
窃盗,自転車盗,野田,野田市駅前,122084,千葉県,野田市,清水,2023-02-21,17,その他の住宅（３階建て以下共同住宅等）,駐車（輪）場,10歳代,大学生,施錠せず
窃盗,自転車盗,野田,野田市駅前,122084,千葉県,野田市,清水,2023-03-29,18,その他,駐車（輪）場,10歳代,中学生,施錠せず
窃盗,自転車盗,野田,野田市駅前,122084,千葉県,野田市,清水,2023-06-09,07,駐車（輪）場,駐車（輪）場,50歳代,その他,施錠せず
窃盗,自転車盗,野田,野田市駅前,122084,千葉県,野田市,清水,2023-07-15,08,その他,駐車（輪）場,10歳代,高校生,施錠せず
窃盗,自転車盗,野田,野田市駅前,122084,千葉県,野田市,清水,2023-07-27,09,その他,駐車（輪）場,10歳代,中学生,施錠せず
窃盗,自転車盗,野田,野田市駅前,122084,千葉県,野田市,清水,2023-09-07,08,その他,駐車（輪）場,10歳代,高校生,施錠せず
窃盗,自転車盗,野田,野田市駅前,122084,千葉県,野田市,清水,2023-09-13,07,その他,駐車（輪）場,10歳代,高校生,施錠せず
窃盗,自転車盗,野田,野田市駅前,122084,千葉県,野田市,清水,2023-09-30,17,一戸建住宅,駐車（輪）場,10歳代,小学生,施錠せず
窃盗,自転車盗,野田,野田市駅前,122084,千葉県,野田市,清水,2023-11-03,15,その他の住宅（３階建て以下共同住宅等）,駐車（輪）場,30歳代,その他,施錠した
窃盗,自転車盗,野田,野田市駅前,122084,千葉県,野田市,清水,2023-12-14,21,駐車（輪）場,駐車（輪）場,10歳代,高校生,施錠せず
窃盗,自転車盗,野田,野田市駅前,122084,千葉県,野田市,堤台,2023-05-20,16,その他,駐車（輪）場,10歳代,その他,施錠せず
窃盗,自転車盗,野田,野田市駅前,122084,千葉県,野田市,堤台,2023-08-08,18,その他,その他,20歳代,その他,施錠せず
窃盗,自転車盗,野田,野田市駅前,122084,千葉県,野田市,堤台,2023-10-13,16,その他の住宅（３階建て以下共同住宅等）,駐車（輪）場,10歳代,小学生,施錠せず
窃盗,自転車盗,野田,野田市駅前,122084,千葉県,野田市,中根,2023-02-23,17,駐車（輪）場,駐車（輪）場,10歳代,その他,施錠せず
窃盗,自転車盗,野田,野田市駅前,122084,千葉県,野田市,中根,2023-05-05,09,その他,その他,30歳代,その他,施錠せず
窃盗,自転車盗,野田,野田市駅前,122084,千葉県,野田市,中根,2023-05-08,16,その他,駐車（輪）場,10歳代,高校生,施錠した
窃盗,自転車盗,野田,野田市駅前,122084,千葉県,野田市,中根,2023-05-09,18,その他,駐車（輪）場,10歳代,高校生,施錠せず
窃盗,自転車盗,野田,野田市駅前,122084,千葉県,野田市,中根,2023-06-18,13,その他,駐車（輪）場,10歳代,中学生,施錠せず
窃盗,自転車盗,野田,野田市駅前,122084,千葉県,野田市,中根,2023-08-23,18,その他,その他,30歳代,その他,施錠せず
窃盗,自転車盗,野田,野田市駅前,122084,千葉県,野田市,中根,2023-09-01,08,駐車（輪）場,駐車（輪）場,10歳代,高校生,施錠した
窃盗,自転車盗,野田,野田市駅前,122084,千葉県,野田市,中根,2023-09-24,08,その他,駐車（輪）場,10歳代,その他,施錠せず
窃盗,自転車盗,野田,野田市駅前,122084,千葉県,野田市,中野台,2023-09-08,18,駐車（輪）場,駐車（輪）場,10歳代,中学生,施錠した
窃盗,自転車盗,野田,野田市駅前,122084,千葉県,野田市,中野台,2023-10-07,18,一戸建住宅,駐車（輪）場,30歳代,その他,施錠せず
窃盗,自転車盗,野田,野田市駅前,122084,千葉県,野田市,中野台鹿島町,2022-11-17,13,その他の住宅（３階建て以下共同住宅等）,駐車（輪）場,20歳代,その他,施錠せず
窃盗,自転車盗,野田,野田市駅前,122084,千葉県,野田市,野田,2022-12-22,07,駐車（輪）場,駐車（輪）場,50歳代,その他,施錠せず
窃盗,自転車盗,野田,野田市駅前,122084,千葉県,野田市,野田,2022-12-29,18,４階建て以上共同住宅,駐車（輪）場,10歳代,高校生,施錠した
窃盗,自転車盗,野田,野田市駅前,122084,千葉県,野田市,野田,2023-01-18,18,その他の住宅（３階建て以下共同住宅等）,その他,65-69歳,その他,施錠せず
窃盗,自転車盗,野田,野田市駅前,122084,千葉県,野田市,野田,2023-01-20,08,その他,駐車（輪）場,30歳代,その他,施錠した
窃盗,自転車盗,野田,野田市駅前,122084,千葉県,野田市,野田,2023-01-28,19,その他の住宅（３階建て以下共同住宅等）,駐車（輪）場,65-69歳,その他,施錠せず
窃盗,自転車盗,野田,野田市駅前,122084,千葉県,野田市,野田,2023-01-29,08,その他,駐車（輪）場,10歳代,高校生,施錠せず
窃盗,自転車盗,野田,野田市駅前,122084,千葉県,野田市,野田,2023-01-31,07,駐車（輪）場,駐車（輪）場,10歳代,高校生,施錠せず
窃盗,自転車盗,野田,野田市駅前,122084,千葉県,野田市,野田,2023-02-07,08,駐車（輪）場,駐車（輪）場,10歳代,高校生,施錠せず
窃盗,自転車盗,野田,野田市駅前,122084,千葉県,野田市,野田,2023-02-09,07,駐車（輪）場,駐車（輪）場,10歳代,高校生,施錠せず
窃盗,自転車盗,野田,野田市駅前,122084,千葉県,野田市,野田,2023-02-11,08,駐車（輪）場,駐車（輪）場,20歳代,その他,施錠せず
窃盗,自転車盗,野田,野田市駅前,122084,千葉県,野田市,野田,2023-02-13,07,駐車（輪）場,駐車（輪）場,10歳代,高校生,施錠した
窃盗,自転車盗,野田,野田市駅前,122084,千葉県,野田市,野田,2023-02-20,07,駐車（輪）場,駐車（輪）場,30歳代,その他,施錠せず
窃盗,自転車盗,野田,野田市駅前,122084,千葉県,野田市,野田,2023-02-24,09,その他,駐車（輪）場,30歳代,その他,施錠せず
窃盗,自転車盗,野田,野田市駅前,122084,千葉県,野田市,野田,2023-03-03,09,駐車（輪）場,駐車（輪）場,10歳代,大学生,施錠せず
窃盗,自転車盗,野田,野田市駅前,122084,千葉県,野田市,野田,2023-03-10,19,その他の住宅（３階建て以下共同住宅等）,その他,50歳代,その他,施錠した
窃盗,自転車盗,野田,野田市駅前,122084,千葉県,野田市,野田,2023-03-16,07,駐車（輪）場,駐車（輪）場,10歳代,高校生,施錠せず
窃盗,自転車盗,野田,野田市駅前,122084,千葉県,野田市,野田,2023-03-21,07,駐車（輪）場,駐車（輪）場,10歳代,高校生,施錠した
窃盗,自転車盗,野田,野田市駅前,122084,千葉県,野田市,野田,2023-03-27,10,駐車（輪）場,駐車（輪）場,10歳代,中学生,施錠せず
窃盗,自転車盗,野田,野田市駅前,122084,千葉県,野田市,野田,2023-03-29,07,駐車（輪）場,駐車（輪）場,10歳代,中学生,施錠せず
窃盗,自転車盗,野田,野田市駅前,122084,千葉県,野田市,野田,2023-03-29,11,駐車（輪）場,駐車（輪）場,10歳代,高校生,施錠した
窃盗,自転車盗,野田,野田市駅前,122084,千葉県,野田市,野田,2023-04-14,18,その他,駐車（輪）場,10歳代,中学生,施錠せず
窃盗,自転車盗,野田,野田市駅前,122084,千葉県,野田市,野田,2023-04-21,19,その他,駐車（輪）場,20歳代,その他,施錠せず
窃盗,自転車盗,野田,野田市駅前,122084,千葉県,野田市,野田,2023-04-23,06,駐車（輪）場,駐車（輪）場,10歳代,中学生,施錠せず
窃盗,自転車盗,野田,野田市駅前,122084,千葉県,野田市,野田,2023-04-30,16,その他の住宅（３階建て以下共同住宅等）,駐車（輪）場,20歳代,その他,施錠した
窃盗,自転車盗,野田,野田市駅前,122084,千葉県,野田市,野田,2023-05-20,09,駐車（輪）場,駐車（輪）場,10歳代,中学生,施錠せず
窃盗,自転車盗,野田,野田市駅前,122084,千葉県,野田市,野田,2023-05-24,12,駐車（輪）場,駐車（輪）場,20歳代,大学生,施錠せず
窃盗,自転車盗,野田,野田市駅前,122084,千葉県,野田市,野田,2023-05-25,13,駐車（輪）場,駐車（輪）場,10歳代,高校生,施錠した
窃盗,自転車盗,野田,野田市駅前,122084,千葉県,野田市,野田,2023-06-19,15,駐車（輪）場,駐車（輪）場,10歳代,その他,施錠せず
窃盗,自転車盗,野田,野田市駅前,122084,千葉県,野田市,野田,2023-06-19,18,駐車（輪）場,駐車（輪）場,50歳代,その他,施錠せず
窃盗,自転車盗,野田,野田市駅前,122084,千葉県,野田市,野田,2023-06-21,07,駐車（輪）場,駐車（輪）場,10歳代,高校生,施錠せず
窃盗,自転車盗,野田,野田市駅前,122084,千葉県,野田市,野田,2023-06-23,05,駐車（輪）場,駐車（輪）場,20歳代,その他,施錠した
窃盗,自転車盗,野田,野田市駅前,122084,千葉県,野田市,野田,2023-06-23,07,駐車（輪）場,駐車（輪）場,20歳代,その他,施錠せず
窃盗,自転車盗,野田,野田市駅前,122084,千葉県,野田市,野田,2023-06-24,08,駐車（輪）場,駐車（輪）場,10歳代,中学生,施錠せず
窃盗,自転車盗,野田,野田市駅前,122084,千葉県,野田市,野田,2023-06-27,06,駐車（輪）場,駐車（輪）場,10歳代,高校生,施錠した
窃盗,自転車盗,野田,野田市駅前,122084,千葉県,野田市,野田,2023-06-27,06,駐車（輪）場,駐車（輪）場,10歳代,高校生,施錠せず
窃盗,自転車盗,野田,野田市駅前,122084,千葉県,野田市,野田,2023-06-30,11,駐車（輪）場,駐車（輪）場,40歳代,その他,施錠せず
窃盗,自転車盗,野田,野田市駅前,122084,千葉県,野田市,野田,2023-06-30,19,駐車（輪）場,駐車（輪）場,10歳代,その他,施錠せず
窃盗,自転車盗,野田,野田市駅前,122084,千葉県,野田市,野田,2023-07-16,11,駐車（輪）場,駐車（輪）場,10歳代,高校生,施錠せず
窃盗,自転車盗,野田,野田市駅前,122084,千葉県,野田市,野田,2023-08-06,20,その他,その他,10歳代,高校生,施錠せず
窃盗,自転車盗,野田,野田市駅前,122084,千葉県,野田市,野田,2023-08-14,12,その他,駐車（輪）場,10歳代,高校生,施錠した
窃盗,自転車盗,野田,野田市駅前,122084,千葉県,野田市,野田,2023-08-17,19,その他,駐車（輪）場,10歳代,中学生,施錠せず
窃盗,自転車盗,野田,野田市駅前,122084,千葉県,野田市,野田,2023-08-24,09,道路上,その他,10歳代,高校生,施錠せず
窃盗,自転車盗,野田,野田市駅前,122084,千葉県,野田市,野田,2023-08-27,15,駐車（輪）場,駐車（輪）場,40歳代,その他,施錠せず
窃盗,自転車盗,野田,野田市駅前,122084,千葉県,野田市,野田,2023-09-08,06,駐車（輪）場,駐車（輪）場,30歳代,その他,施錠せず
窃盗,自転車盗,野田,野田市駅前,122084,千葉県,野田市,野田,2023-09-14,09,駐車（輪）場,駐車（輪）場,20歳代,その他,施錠せず
窃盗,自転車盗,野田,野田市駅前,122084,千葉県,野田市,野田,2023-09-14,09,駐車（輪）場,駐車（輪）場,20歳代,その他,施錠せず
窃盗,自転車盗,野田,野田市駅前,122084,千葉県,野田市,野田,2023-09-14,16,その他,駐車（輪）場,10歳代,小学生,施錠せず
窃盗,自転車盗,野田,野田市駅前,122084,千葉県,野田市,野田,2023-09-21,07,駐車（輪）場,駐車（輪）場,20歳代,その他,施錠した
窃盗,自転車盗,野田,野田市駅前,122084,千葉県,野田市,野田,2023-09-23,14,駐車（輪）場,駐車（輪）場,20歳代,大学生,施錠した
窃盗,自転車盗,野田,野田市駅前,122084,千葉県,野田市,野田,2023-09-26,06,駐車（輪）場,駐車（輪）場,10歳代,高校生,施錠せず
窃盗,自転車盗,野田,野田市駅前,122084,千葉県,野田市,野田,2023-10-01,00,４階建て以上共同住宅,駐車（輪）場,20歳代,その他,施錠せず
窃盗,自転車盗,野田,野田市駅前,122084,千葉県,野田市,野田,2023-10-25,08,その他,駐車（輪）場,10歳代,高校生,施錠せず
窃盗,自転車盗,野田,野田市駅前,122084,千葉県,野田市,野田,2023-10-28,06,駐車（輪）場,駐車（輪）場,30歳代,その他,施錠した
窃盗,自転車盗,野田,野田市駅前,122084,千葉県,野田市,野田,2023-11-05,09,駐車（輪）場,駐車（輪）場,20歳代,その他,施錠した
窃盗,自転車盗,野田,野田市駅前,122084,千葉県,野田市,野田,2023-12-01,07,駐車（輪）場,駐車（輪）場,10歳代,高校生,施錠せず
窃盗,自転車盗,野田,野田市駅前,122084,千葉県,野田市,野田,2023-12-18,05,駐車（輪）場,駐車（輪）場,30歳代,その他,施錠した
窃盗,自転車盗,野田,野田市駅前,122084,千葉県,野田市,野田,2023-12-22,12,駐車（輪）場,駐車（輪）場,20歳代,その他,施錠した
窃盗,自転車盗,野田,野田市駅前,122084,千葉県,野田市,野田,2023-12-26,06,駐車（輪）場,駐車（輪）場,10歳代,中学生,施錠せず
窃盗,自転車盗,野田,野田市駅前,122084,千葉県,野田市,花井,2023-11-19,12,その他の住宅（３階建て以下共同住宅等）,その他,20歳代,その他,施錠せず
窃盗,自転車盗,野田,野田市駅前,122084,千葉県,野田市,柳沢,2023-01-08,13,一戸建住宅,駐車（輪）場,10歳代,高校生,施錠せず
窃盗,自転車盗,野田,野田市駅前,122084,千葉県,野田市,柳沢,2023-01-09,13,一戸建住宅,駐車（輪）場,20歳代,その他,施錠せず
窃盗,自転車盗,野田,野田市駅前,122084,千葉県,野田市,柳沢,2023-01-24,07,一戸建住宅,その他,30歳代,その他,施錠せず
窃盗,自転車盗,野田,野田市駅前,122084,千葉県,野田市,柳沢,2023-01-24,19,その他,駐車（輪）場,10歳代,高校生,施錠せず
窃盗,自転車盗,野田,野田市駅前,122084,千葉県,野田市,柳沢,2023-01-27,20,その他の住宅（３階建て以下共同住宅等）,駐車（輪）場,50歳代,その他,施錠した
窃盗,自転車盗,野田,野田市駅前,122084,千葉県,野田市,柳沢,2023-04-29,18,その他,駐車（輪）場,50歳代,その他,施錠せず
窃盗,自転車盗,野田,野田市駅前,122084,千葉県,野田市,柳沢,2023-05-09,22,一戸建住宅,駐車（輪）場,20歳代,その他,施錠せず
窃盗,自転車盗,野田,野田市駅前,122084,千葉県,野田市,柳沢,2023-08-13,21,４階建て以上共同住宅,駐車（輪）場,30歳代,その他,施錠せず
窃盗,自転車盗,野田,野田市駅前,122084,千葉県,野田市,柳沢,2023-10-13,18,４階建て以上共同住宅,駐車（輪）場,40歳代,その他,施錠した
窃盗,自転車盗,野田,野田市駅前,122084,千葉県,野田市,柳沢,2023-10-19,07,４階建て以上共同住宅,駐車（輪）場,10歳代,小学生,施錠せず
窃盗,自転車盗,野田,野田市駅前,122084,千葉県,野田市,山崎,2022-07-20,10,その他,駐車（輪）場,20歳代,大学生,施錠せず
窃盗,自転車盗,野田,野田市駅前,122084,千葉県,野田市,山崎,2023-03-04,22,駐車（輪）場,駐車（輪）場,20歳代,大学生,施錠した
窃盗,自転車盗,野田,野田市駅前,122084,千葉県,野田市,山崎,2023-03-08,09,その他,駐車（輪）場,10歳代,高校生,施錠せず
窃盗,自転車盗,野田,野田市駅前,122084,千葉県,野田市,山崎,2023-04-17,08,駐車（輪）場,駐車（輪）場,20歳代,その他,施錠せず
窃盗,自転車盗,野田,野田市駅前,122084,千葉県,野田市,横内,2023-08-10,00,その他,駐車（輪）場,40歳代,その他,施錠した
窃盗,自転車盗,野田,野田市駅前,122084,千葉県,野田市,清水公園東１丁目,2023-03-24,18,駐車（輪）場,駐車（輪）場,10歳代,その他,施錠した
窃盗,自転車盗,野田,野田市駅前,122084,千葉県,野田市,清水公園東１丁目,2023-04-02,01,その他,駐車（輪）場,30歳代,その他,施錠せず
窃盗,自転車盗,野田,野田市駅前,122084,千葉県,野田市,清水公園東１丁目,2023-04-29,01,一戸建住宅,駐車（輪）場,65-69歳,その他,施錠せず
窃盗,自転車盗,野田,野田市駅前,122084,千葉県,野田市,清水公園東１丁目,2023-08-21,20,一戸建住宅,駐車（輪）場,10歳代,高校生,施錠せず
窃盗,自転車盗,野田,野田市駅前,122084,千葉県,野田市,清水公園東１丁目,2023-09-25,08,駐車（輪）場,駐車（輪）場,10歳代,高校生,施錠した
窃盗,自転車盗,野田,野田市駅前,122084,千葉県,野田市,清水公園東１丁目,2023-11-09,10,駐車（輪）場,駐車（輪）場,10歳代,高校生,施錠せず
窃盗,自転車盗,野田,野田市駅前,122084,千葉県,野田市,清水公園東１丁目,2023-11-10,18,駐車（輪）場,駐車（輪）場,20歳代,その他,施錠せず
窃盗,自転車盗,野田,野田市駅前,122084,千葉県,野田市,清水公園東１丁目,2023-12-02,09,駐車（輪）場,駐車（輪）場,20歳代,その他,施錠せず
窃盗,自転車盗,野田,野田市駅前,122084,千葉県,野田市,清水公園東１丁目,2023-12-14,06,駐車（輪）場,駐車（輪）場,20歳代,その他,施錠した
窃盗,自転車盗,野田,野田市駅前,122084,千葉県,野田市,清水公園東１丁目,2023-12-14,19,駐車（輪）場,駐車（輪）場,20歳代,その他,施錠せず
窃盗,自転車盗,野田,野田市駅前,122084,千葉県,野田市,桜の里２丁目,2023-07-14,06,その他,駐車（輪）場,50歳代,その他,施錠せず
窃盗,自転車盗,野田,野田市駅前,122084,千葉県,野田市,桜の里３丁目,2022-05-23,21,その他,その他,70歳以上,その他,施錠せず
窃盗,自転車盗,野田,野田市駅前,122084,千葉県,野田市,つつみ野１丁目,2023-05-28,09,その他,駐車（輪）場,10歳代,高校生,施錠せず
窃盗,自転車盗,野田,野田市駅前,122084,千葉県,野田市,つつみ野１丁目,2023-07-11,05,その他,駐車（輪）場,10歳代,その他,施錠せず
窃盗,自転車盗,野田,野田市駅前,122084,千葉県,野田市,つつみ野２丁目,2023-10-16,21,一戸建住宅,駐車（輪）場,10歳代,中学生,施錠せず
窃盗,自転車盗,柏,光ヶ丘,122173,千葉県,柏市,今谷上町,2023-05-08,14,その他の住宅（３階建て以下共同住宅等）,その他,50歳代,その他,施錠せず
窃盗,自転車盗,柏,光ヶ丘,122173,千葉県,柏市,今谷上町,2023-06-18,03,一戸建住宅,その他,30歳代,その他,施錠した
窃盗,自転車盗,柏,光ヶ丘,122173,千葉県,柏市,今谷上町,2023-07-03,09,その他,駐車（輪）場,30歳代,その他,施錠せず
窃盗,自転車盗,柏,光ヶ丘,122173,千葉県,柏市,今谷上町,2023-10-19,22,その他の住宅（３階建て以下共同住宅等）,その他,10歳代,大学生,施錠した
窃盗,自転車盗,柏,光ヶ丘,122173,千葉県,柏市,今谷上町,2023-11-22,19,一戸建住宅,その他,40歳代,その他,施錠せず
窃盗,自転車盗,柏,光ヶ丘,122173,千葉県,柏市,今谷南町,2023-06-30,18,その他の住宅（３階建て以下共同住宅等）,駐車（輪）場,30歳代,その他,施錠した
窃盗,自転車盗,柏,光ヶ丘,122173,千葉県,柏市,酒井根,2023-07-07,08,その他,その他,20歳代,大学生,施錠せず
窃盗,自転車盗,柏,光ヶ丘,122173,千葉県,柏市,酒井根２丁目,2023-07-31,18,一戸建住宅,その他,10歳代,小学生,施錠せず
窃盗,自転車盗,柏,光ヶ丘,122173,千葉県,柏市,酒井根２丁目,2023-08-10,09,その他,駐車（輪）場,10歳代,その他,施錠せず
窃盗,自転車盗,柏,光ヶ丘,122173,千葉県,柏市,酒井根３丁目,2023-05-08,22,一戸建住宅,その他,20歳代,大学生,施錠せず
窃盗,自転車盗,柏,光ヶ丘,122173,千葉県,柏市,酒井根３丁目,2023-09-17,08,一戸建住宅,駐車（輪）場,10歳代,小学生,施錠せず
窃盗,自転車盗,柏,光ヶ丘,122173,千葉県,柏市,酒井根３丁目,2023-10-31,20,一戸建住宅,駐車（輪）場,50歳代,その他,施錠せず
窃盗,自転車盗,柏,光ヶ丘,122173,千葉県,柏市,光ケ丘１丁目,2023-11-16,07,一戸建住宅,その他,10歳代,小学生,施錠せず
窃盗,自転車盗,柏,光ヶ丘,122173,千葉県,柏市,光ケ丘２丁目,2023-03-17,13,その他の住宅（３階建て以下共同住宅等）,駐車（輪）場,10歳未満,小学生,施錠した
窃盗,自転車盗,柏,光ヶ丘,122173,千葉県,柏市,光ケ丘団地,2023-06-07,19,４階建て以上共同住宅,駐車（輪）場,10歳代,その他,施錠せず
窃盗,自転車盗,柏,光ヶ丘,122173,千葉県,柏市,光ケ丘団地,2023-09-30,13,４階建て以上共同住宅,駐車（輪）場,10歳代,高校生,施錠せず
窃盗,自転車盗,柏,光ヶ丘,122173,千葉県,柏市,南柏中央,2023-06-23,06,駐車（輪）場,駐車（輪）場,40歳代,その他,施錠した
窃盗,自転車盗,柏,光ヶ丘,122173,千葉県,柏市,南柏中央,2023-07-26,07,駐車（輪）場,駐車（輪）場,20歳代,その他,施錠せず
窃盗,自転車盗,柏,光ヶ丘,122173,千葉県,柏市,南柏中央,2023-08-01,11,その他,駐車（輪）場,10歳代,中学生,施錠せず
窃盗,自転車盗,柏,北柏駅前,122173,千葉県,柏市,柏,2023-02-13,17,４階建て以上共同住宅,駐車（輪）場,10歳代,高校生,施錠した
窃盗,自転車盗,柏,北柏駅前,122173,千葉県,柏市,柏,2023-09-10,06,その他の住宅（３階建て以下共同住宅等）,駐車（輪）場,20歳代,大学生,施錠せず
窃盗,自転車盗,柏,北柏駅前,122173,千葉県,柏市,柏下,2023-08-05,18,その他,その他,10歳代,中学生,施錠せず
窃盗,自転車盗,柏,北柏駅前,122173,千葉県,柏市,北柏１丁目,2023-06-26,13,駐車（輪）場,駐車（輪）場,20歳代,大学生,施錠した
窃盗,自転車盗,柏,北柏駅前,122173,千葉県,柏市,北柏２丁目,2023-05-04,22,その他の住宅（３階建て以下共同住宅等）,駐車（輪）場,40歳代,その他,施錠した
窃盗,自転車盗,柏,北柏駅前,122173,千葉県,柏市,北柏２丁目,2023-05-04,22,その他の住宅（３階建て以下共同住宅等）,駐車（輪）場,50歳代,その他,施錠した
窃盗,自転車盗,柏,北柏駅前,122173,千葉県,柏市,北柏２丁目,2023-11-08,12,その他の住宅（３階建て以下共同住宅等）,駐車（輪）場,20歳代,大学生,施錠せず
窃盗,自転車盗,柏,北柏駅前,122173,千葉県,柏市,北柏３丁目,2023-06-05,23,その他の住宅（３階建て以下共同住宅等）,その他,30歳代,その他,施錠した
窃盗,自転車盗,柏,北柏駅前,122173,千葉県,柏市,北柏３丁目,2023-10-14,22,その他の住宅（３階建て以下共同住宅等）,駐車（輪）場,30歳代,その他,施錠せず
窃盗,自転車盗,柏,北柏駅前,122173,千葉県,柏市,北柏３丁目,2023-11-04,21,一戸建住宅,駐車（輪）場,10歳代,中学生,施錠せず
窃盗,自転車盗,柏,北柏駅前,122173,千葉県,柏市,宿連寺,2023-09-23,19,４階建て以上共同住宅,駐車（輪）場,30歳代,その他,施錠した
窃盗,自転車盗,柏,北柏駅前,122173,千葉県,柏市,十余二,2023-02-02,13,その他,駐車（輪）場,10歳代,高校生,施錠せず
窃盗,自転車盗,柏,北柏駅前,122173,千葉県,柏市,根戸,2022-10-01,09,その他の住宅（３階建て以下共同住宅等）,駐車（輪）場,20歳代,大学生,施錠せず
窃盗,自転車盗,柏,北柏駅前,122173,千葉県,柏市,根戸,2023-01-10,02,道路上,その他,40歳代,その他,施錠せず
窃盗,自転車盗,柏,北柏駅前,122173,千葉県,柏市,根戸,2023-01-14,21,道路上,その他,70歳以上,その他,施錠した
窃盗,自転車盗,柏,北柏駅前,122173,千葉県,柏市,根戸,2023-02-02,20,その他の住宅（３階建て以下共同住宅等）,駐車（輪）場,20歳代,その他,施錠した
窃盗,自転車盗,柏,北柏駅前,122173,千葉県,柏市,根戸,2023-02-06,09,その他,駐車（輪）場,10歳代,高校生,施錠せず
窃盗,自転車盗,柏,北柏駅前,122173,千葉県,柏市,根戸,2023-03-24,15,駐車（輪）場,駐車（輪）場,10歳代,高校生,施錠せず
窃盗,自転車盗,柏,北柏駅前,122173,千葉県,柏市,根戸,2023-04-03,18,４階建て以上共同住宅,その他,10歳代,中学生,施錠せず
窃盗,自転車盗,柏,北柏駅前,122173,千葉県,柏市,根戸,2023-04-18,07,駐車（輪）場,駐車（輪）場,10歳代,高校生,施錠した
窃盗,自転車盗,柏,北柏駅前,122173,千葉県,柏市,根戸,2023-04-21,07,駐車（輪）場,駐車（輪）場,40歳代,その他,施錠した
窃盗,自転車盗,柏,北柏駅前,122173,千葉県,柏市,根戸,2023-04-25,19,駐車（輪）場,駐車（輪）場,10歳代,高校生,施錠した
窃盗,自転車盗,柏,北柏駅前,122173,千葉県,柏市,根戸,2023-05-20,18,４階建て以上共同住宅,駐車（輪）場,20歳代,その他,施錠せず
窃盗,自転車盗,柏,北柏駅前,122173,千葉県,柏市,根戸,2023-06-04,07,駐車（輪）場,駐車（輪）場,30歳代,その他,施錠せず
窃盗,自転車盗,柏,北柏駅前,122173,千葉県,柏市,根戸,2023-06-09,21,駐車（輪）場,駐車（輪）場,20歳代,その他,施錠せず
窃盗,自転車盗,柏,北柏駅前,122173,千葉県,柏市,根戸,2023-06-23,07,駐車（輪）場,駐車（輪）場,10歳代,その他,施錠せず
窃盗,自転車盗,柏,北柏駅前,122173,千葉県,柏市,根戸,2023-07-14,12,駐車（輪）場,駐車（輪）場,10歳代,高校生,施錠した
窃盗,自転車盗,柏,北柏駅前,122173,千葉県,柏市,根戸,2023-07-18,08,駐車（輪）場,駐車（輪）場,20歳代,その他,施錠した
窃盗,自転車盗,柏,北柏駅前,122173,千葉県,柏市,根戸,2023-08-01,12,駐車（輪）場,駐車（輪）場,10歳代,高校生,施錠せず
窃盗,自転車盗,柏,北柏駅前,122173,千葉県,柏市,根戸,2023-08-16,05,駐車（輪）場,駐車（輪）場,40歳代,その他,施錠せず
窃盗,自転車盗,柏,北柏駅前,122173,千葉県,柏市,根戸,2023-09-26,07,駐車（輪）場,駐車（輪）場,10歳代,高校生,施錠せず
窃盗,自転車盗,柏,北柏駅前,122173,千葉県,柏市,根戸,2023-09-26,20,道路上,その他,20歳代,その他,施錠せず
窃盗,自転車盗,柏,北柏駅前,122173,千葉県,柏市,根戸,2023-10-17,20,道路上,その他,20歳代,その他,施錠せず
窃盗,自転車盗,柏,北柏駅前,122173,千葉県,柏市,根戸,2023-11-08,14,駐車（輪）場,駐車（輪）場,50歳代,その他,施錠せず
窃盗,自転車盗,柏,北柏駅前,122173,千葉県,柏市,根戸,2023-11-13,06,駐車（輪）場,駐車（輪）場,10歳代,その他,施錠せず
窃盗,自転車盗,柏,北柏駅前,122173,千葉県,柏市,根戸,2023-11-13,09,駐車（輪）場,駐車（輪）場,20歳代,その他,施錠せず
窃盗,自転車盗,柏,北柏駅前,122173,千葉県,柏市,根戸,2023-12-01,08,駐車（輪）場,駐車（輪）場,20歳代,大学生,施錠せず
窃盗,自転車盗,柏,北柏駅前,122173,千葉県,柏市,根戸,2023-12-11,22,４階建て以上共同住宅,駐車（輪）場,20歳代,その他,施錠せず
窃盗,自転車盗,柏,北柏駅前,122173,千葉県,柏市,根戸,不明,不明,その他の住宅（３階建て以下共同住宅等）,駐車（輪）場,20歳代,その他,施錠した
窃盗,自転車盗,柏,北柏駅前,122173,千葉県,柏市,松葉町４丁目,2023-09-26,22,４階建て以上共同住宅,駐車（輪）場,10歳代,高校生,施錠した
窃盗,自転車盗,柏,北柏駅前,122173,千葉県,柏市,北柏台,2023-07-15,19,４階建て以上共同住宅,駐車（輪）場,30歳代,その他,施錠した
窃盗,自転車盗,柏,南増尾,122173,千葉県,柏市,逆井,2023-06-02,07,駐車（輪）場,駐車（輪）場,10歳代,高校生,施錠せず
窃盗,自転車盗,柏,南増尾,122173,千葉県,柏市,逆井,2023-08-08,06,駐車（輪）場,駐車（輪）場,10歳代,高校生,施錠せず
窃盗,自転車盗,柏,南増尾,122173,千葉県,柏市,逆井,2023-09-16,13,道路上,その他,10歳代,高校生,施錠せず
窃盗,自転車盗,柏,南増尾,122173,千葉県,柏市,逆井,2023-10-23,11,その他,駐車（輪）場,70歳以上,その他,施錠した
窃盗,自転車盗,柏,南増尾,122173,千葉県,柏市,逆井１丁目,2023-05-21,12,道路上,その他,50歳代,その他,施錠した
窃盗,自転車盗,柏,南増尾,122173,千葉県,柏市,逆井１丁目,2023-11-16,19,その他の住宅（３階建て以下共同住宅等）,その他,40歳代,その他,施錠した
窃盗,自転車盗,柏,南増尾,122173,千葉県,柏市,逆井２丁目,2023-04-22,15,駐車（輪）場,駐車（輪）場,10歳代,高校生,施錠せず
窃盗,自転車盗,柏,南増尾,122173,千葉県,柏市,逆井２丁目,2023-09-24,06,駐車（輪）場,駐車（輪）場,10歳代,高校生,施錠せず
窃盗,自転車盗,柏,南増尾,122173,千葉県,柏市,逆井２丁目,2023-10-16,07,駐車（輪）場,駐車（輪）場,10歳代,高校生,施錠せず
窃盗,自転車盗,柏,南増尾,122173,千葉県,柏市,南増尾,2023-07-12,16,その他,駐車（輪）場,10歳代,小学生,施錠せず
窃盗,自転車盗,柏,南増尾,122173,千葉県,柏市,南増尾,2023-09-18,06,その他,駐車（輪）場,10歳代,中学生,施錠せず
窃盗,自転車盗,柏,南増尾,122173,千葉県,柏市,南増尾１丁目,2023-03-11,16,その他の住宅（３階建て以下共同住宅等）,その他,50歳代,その他,施錠せず
窃盗,自転車盗,柏,南増尾,122173,千葉県,柏市,南増尾１丁目,2023-03-12,12,その他の住宅（３階建て以下共同住宅等）,駐車（輪）場,30歳代,その他,施錠せず
窃盗,自転車盗,柏,南増尾,122173,千葉県,柏市,南増尾２丁目,2023-11-14,21,一戸建住宅,駐車（輪）場,10歳代,高校生,施錠せず
窃盗,自転車盗,柏,南増尾,122173,千葉県,柏市,南増尾３丁目,2023-04-16,20,一戸建住宅,駐車（輪）場,10歳代,高校生,施錠せず
窃盗,自転車盗,柏,南増尾,122173,千葉県,柏市,南増尾７丁目,2023-02-10,15,その他,その他,30歳代,その他,施錠せず
窃盗,自転車盗,柏,南増尾,122173,千葉県,柏市,南増尾７丁目,2023-06-10,11,その他,駐車（輪）場,10歳代,その他,施錠せず
窃盗,自転車盗,柏,南増尾,122173,千葉県,柏市,南増尾８丁目,2023-04-18,22,４階建て以上共同住宅,駐車（輪）場,10歳代,中学生,施錠せず
窃盗,自転車盗,柏,南増尾,122173,千葉県,柏市,逆井藤ノ台,2022-12-11,00,その他の住宅（３階建て以下共同住宅等）,駐車（輪）場,40歳代,その他,施錠した
窃盗,自転車盗,柏,南増尾,122173,千葉県,柏市,逆井藤ノ台,2023-08-03,13,その他,駐車（輪）場,10歳代,中学生,施錠せず
窃盗,自転車盗,柏,南増尾,122173,千葉県,柏市,南逆井６丁目,2023-06-02,15,一戸建住宅,駐車（輪）場,30歳代,その他,施錠せず
窃盗,自転車盗,柏,南増尾,122173,千葉県,柏市,南逆井６丁目,2023-09-16,14,一戸建住宅,その他,60-64歳,その他,施錠せず
窃盗,自転車盗,柏,南増尾,122173,千葉県,柏市,青葉台２丁目,2023-02-06,22,一戸建住宅,駐車（輪）場,20歳代,大学生,施錠せず
窃盗,自転車盗,柏,南増尾,122173,千葉県,柏市,青葉台２丁目,2023-05-24,17,４階建て以上共同住宅,駐車（輪）場,10歳代,高校生,施錠せず
窃盗,自転車盗,柏,南増尾,122173,千葉県,柏市,青葉台２丁目,2023-11-02,18,一戸建住宅,駐車（輪）場,20歳代,その他,施錠した
窃盗,自転車盗,柏,南増尾,122173,千葉県,柏市,青葉台２丁目,2023-11-07,08,４階建て以上共同住宅,駐車（輪）場,20歳代,その他,施錠した
窃盗,自転車盗,柏,南増尾,122173,千葉県,柏市,青葉台２丁目,2023-11-17,08,４階建て以上共同住宅,その他,10歳代,高校生,施錠せず
窃盗,自転車盗,柏,南柏駅前,122173,千葉県,柏市,今谷上町,2023-03-03,19,その他,その他,40歳代,その他,施錠した
窃盗,自転車盗,柏,南柏駅前,122173,千葉県,柏市,豊四季,2023-02-27,17,一戸建住宅,駐車（輪）場,60-64歳,その他,施錠せず
窃盗,自転車盗,柏,南柏駅前,122173,千葉県,柏市,豊四季,2023-03-13,07,一戸建住宅,駐車（輪）場,10歳未満,小学生,施錠せず
窃盗,自転車盗,柏,南柏駅前,122173,千葉県,柏市,豊四季,2023-07-09,16,一戸建住宅,駐車（輪）場,10歳代,高校生,施錠せず
窃盗,自転車盗,柏,南柏駅前,122173,千葉県,柏市,豊四季,2023-09-04,16,一戸建住宅,駐車（輪）場,50歳代,その他,施錠せず
窃盗,自転車盗,柏,南柏駅前,122173,千葉県,柏市,豊四季,2023-11-03,16,その他の住宅（３階建て以下共同住宅等）,駐車（輪）場,40歳代,その他,施錠せず
窃盗,自転車盗,柏,南柏駅前,122173,千葉県,柏市,南柏１丁目,2023-02-20,15,４階建て以上共同住宅,駐車（輪）場,20歳代,大学生,施錠した
窃盗,自転車盗,柏,南柏駅前,122173,千葉県,柏市,南柏１丁目,2023-03-10,23,その他,駐車（輪）場,10歳代,その他,施錠せず
窃盗,自転車盗,柏,南柏駅前,122173,千葉県,柏市,南柏１丁目,2023-03-11,15,その他,駐車（輪）場,10歳代,中学生,施錠せず
窃盗,自転車盗,柏,南柏駅前,122173,千葉県,柏市,南柏１丁目,2023-04-20,16,駐車（輪）場,駐車（輪）場,20歳代,大学生,施錠せず
窃盗,自転車盗,柏,南柏駅前,122173,千葉県,柏市,南柏１丁目,2023-05-03,15,その他,駐車（輪）場,20歳代,大学生,施錠せず
窃盗,自転車盗,柏,南柏駅前,122173,千葉県,柏市,南柏１丁目,2023-05-11,09,その他,駐車（輪）場,20歳代,大学生,施錠せず
窃盗,自転車盗,柏,南柏駅前,122173,千葉県,柏市,南柏１丁目,2023-05-29,10,その他,駐車（輪）場,10歳代,大学生,施錠せず
窃盗,自転車盗,柏,南柏駅前,122173,千葉県,柏市,南柏１丁目,2023-09-14,17,その他,駐車（輪）場,10歳代,大学生,施錠した
窃盗,自転車盗,柏,南柏駅前,122173,千葉県,柏市,南柏１丁目,2023-09-28,12,その他,駐車（輪）場,20歳代,大学生,施錠せず
窃盗,自転車盗,柏,南柏駅前,122173,千葉県,柏市,南柏１丁目,2023-10-08,09,その他,駐車（輪）場,10歳代,中学生,施錠せず
窃盗,自転車盗,柏,南柏駅前,122173,千葉県,柏市,南柏２丁目,2022-12-27,10,その他,駐車（輪）場,20歳代,その他,施錠した
窃盗,自転車盗,柏,南柏駅前,122173,千葉県,柏市,南柏２丁目,2023-04-11,07,駐車（輪）場,駐車（輪）場,10歳代,大学生,施錠した
窃盗,自転車盗,柏,南柏駅前,122173,千葉県,柏市,南柏２丁目,2023-04-14,07,駐車（輪）場,駐車（輪）場,10歳代,大学生,施錠せず
窃盗,自転車盗,柏,南柏駅前,122173,千葉県,柏市,南柏２丁目,2023-04-26,17,駐車（輪）場,駐車（輪）場,20歳代,その他,施錠せず
窃盗,自転車盗,柏,南柏駅前,122173,千葉県,柏市,南柏２丁目,2023-04-29,19,その他,駐車（輪）場,10歳代,中学生,施錠せず
窃盗,自転車盗,柏,南柏駅前,122173,千葉県,柏市,南柏２丁目,2023-07-04,07,駐車（輪）場,駐車（輪）場,20歳代,その他,施錠せず
窃盗,自転車盗,柏,南柏駅前,122173,千葉県,柏市,南柏２丁目,2023-07-10,08,駐車（輪）場,駐車（輪）場,20歳代,その他,施錠した
窃盗,自転車盗,柏,南柏駅前,122173,千葉県,柏市,南柏２丁目,2023-07-10,09,駐車（輪）場,駐車（輪）場,10歳代,大学生,施錠した
窃盗,自転車盗,柏,南柏駅前,122173,千葉県,柏市,南柏２丁目,2023-07-24,15,駐車（輪）場,駐車（輪）場,65-69歳,その他,施錠せず
窃盗,自転車盗,柏,南柏駅前,122173,千葉県,柏市,南柏２丁目,2023-07-25,07,駐車（輪）場,駐車（輪）場,10歳代,大学生,施錠せず
窃盗,自転車盗,柏,南柏駅前,122173,千葉県,柏市,南柏２丁目,2023-07-27,17,駐車（輪）場,駐車（輪）場,10歳代,大学生,施錠せず
窃盗,自転車盗,柏,南柏駅前,122173,千葉県,柏市,南柏２丁目,2023-07-28,12,駐車（輪）場,駐車（輪）場,40歳代,その他,施錠した
窃盗,自転車盗,柏,南柏駅前,122173,千葉県,柏市,南柏２丁目,2023-08-24,15,その他,駐車（輪）場,30歳代,その他,施錠せず
窃盗,自転車盗,柏,南柏駅前,122173,千葉県,柏市,南柏２丁目,2023-09-10,17,その他,駐車（輪）場,10歳代,高校生,施錠せず
窃盗,自転車盗,柏,南柏駅前,122173,千葉県,柏市,南柏２丁目,2023-09-14,07,駐車（輪）場,駐車（輪）場,10歳代,高校生,施錠せず
窃盗,自転車盗,柏,南柏駅前,122173,千葉県,柏市,南柏２丁目,2023-09-24,15,駐車（輪）場,駐車（輪）場,10歳代,大学生,施錠せず
窃盗,自転車盗,柏,南柏駅前,122173,千葉県,柏市,南柏２丁目,2023-10-22,07,駐車（輪）場,駐車（輪）場,20歳代,大学生,施錠せず
窃盗,自転車盗,柏,南柏駅前,122173,千葉県,柏市,豊町１丁目,2023-05-31,12,その他の住宅（３階建て以下共同住宅等）,その他,20歳代,その他,施錠せず
窃盗,自転車盗,柏,南柏駅前,122173,千葉県,柏市,豊町２丁目,2023-04-23,22,４階建て以上共同住宅,駐車（輪）場,10歳代,大学生,施錠せず
窃盗,自転車盗,柏,南柏駅前,122173,千葉県,柏市,豊町２丁目,2023-08-10,15,その他,駐車（輪）場,10歳代,中学生,施錠せず
窃盗,自転車盗,柏,南柏駅前,122173,千葉県,柏市,豊町２丁目,2023-08-14,17,その他,駐車（輪）場,10歳代,中学生,施錠せず
窃盗,自転車盗,柏,南柏駅前,122173,千葉県,柏市,豊町２丁目,2023-10-06,14,その他,駐車（輪）場,50歳代,その他,施錠せず
窃盗,自転車盗,柏,南柏駅前,122173,千葉県,柏市,豊町２丁目,2023-10-06,15,その他,駐車（輪）場,70歳以上,その他,施錠せず
窃盗,自転車盗,柏,南柏駅前,122173,千葉県,柏市,吉野沢,2023-05-23,18,その他,その他,10歳代,大学生,施錠せず
窃盗,自転車盗,柏,南柏駅前,122173,千葉県,柏市,南柏中央,2023-05-13,14,その他,その他,10歳代,高校生,施錠せず
窃盗,自転車盗,柏,南柏駅前,122173,千葉県,柏市,南柏中央,2023-09-07,16,駐車（輪）場,駐車（輪）場,20歳代,大学生,施錠した
窃盗,自転車盗,柏,南柏駅前,122173,千葉県,柏市,南柏中央,2023-10-28,14,その他,駐車（輪）場,10歳代,中学生,施錠せず
窃盗,自転車盗,柏,南柏駅前,122173,千葉県,柏市,南柏中央,2023-11-14,02,道路上,その他,40歳代,その他,施錠した
窃盗,自転車盗,柏,増尾駅前,122173,千葉県,柏市,加賀１丁目,2023-03-27,20,一戸建住宅,その他,10歳代,中学生,施錠せず
窃盗,自転車盗,柏,増尾駅前,122173,千葉県,柏市,加賀１丁目,2023-07-21,16,道路上,その他,10歳代,高校生,施錠せず
窃盗,自転車盗,柏,増尾駅前,122173,千葉県,柏市,加賀３丁目,2023-06-18,07,駐車（輪）場,駐車（輪）場,10歳代,高校生,施錠した
窃盗,自転車盗,柏,増尾駅前,122173,千葉県,柏市,加賀３丁目,2023-07-21,10,その他,その他,70歳以上,その他,施錠した
窃盗,自転車盗,柏,増尾駅前,122173,千葉県,柏市,加賀３丁目,2023-08-22,17,その他,駐車（輪）場,10歳代,大学生,施錠せず
窃盗,自転車盗,柏,増尾駅前,122173,千葉県,柏市,加賀３丁目,2023-09-23,08,駐車（輪）場,駐車（輪）場,10歳代,高校生,施錠せず
窃盗,自転車盗,柏,増尾駅前,122173,千葉県,柏市,加賀３丁目,2023-09-23,19,駐車（輪）場,駐車（輪）場,30歳代,その他,施錠した
窃盗,自転車盗,柏,増尾駅前,122173,千葉県,柏市,加賀３丁目,2023-09-26,10,一戸建住宅,駐車（輪）場,50歳代,その他,施錠した
窃盗,自転車盗,柏,増尾駅前,122173,千葉県,柏市,加賀３丁目,2023-12-02,07,駐車（輪）場,駐車（輪）場,10歳代,高校生,施錠せず
窃盗,自転車盗,柏,増尾駅前,122173,千葉県,柏市,加賀３丁目,2023-12-20,07,駐車（輪）場,駐車（輪）場,20歳代,大学生,施錠せず
窃盗,自転車盗,柏,増尾駅前,122173,千葉県,柏市,逆井２丁目,2023-07-16,18,駐車（輪）場,駐車（輪）場,10歳代,高校生,施錠せず
窃盗,自転車盗,柏,増尾駅前,122173,千葉県,柏市,中原１丁目,2023-02-18,15,その他,駐車（輪）場,10歳未満,小学生,施錠せず
窃盗,自転車盗,柏,増尾駅前,122173,千葉県,柏市,中原１丁目,2023-05-01,09,一戸建住宅,駐車（輪）場,10歳未満,小学生,施錠せず
窃盗,自転車盗,柏,増尾駅前,122173,千葉県,柏市,中原１丁目,2023-09-18,20,一戸建住宅,その他,20歳代,その他,施錠せず
窃盗,自転車盗,柏,増尾駅前,122173,千葉県,柏市,中原１丁目,2023-10-14,10,その他,駐車（輪）場,10歳未満,小学生,施錠せず
窃盗,自転車盗,柏,増尾駅前,122173,千葉県,柏市,藤心１丁目,2023-04-18,20,一戸建住宅,その他,20歳代,大学生,施錠せず
窃盗,自転車盗,柏,増尾駅前,122173,千葉県,柏市,増尾１丁目,2023-02-19,10,その他,駐車（輪）場,30歳代,その他,施錠せず
窃盗,自転車盗,柏,増尾駅前,122173,千葉県,柏市,増尾１丁目,2023-08-11,11,道路上,その他,10歳代,高校生,施錠せず
窃盗,自転車盗,柏,増尾駅前,122173,千葉県,柏市,増尾４丁目,2023-07-24,07,一戸建住宅,駐車（輪）場,10歳代,中学生,施錠せず
窃盗,自転車盗,柏,増尾駅前,122173,千葉県,柏市,増尾５丁目,2023-05-20,19,その他の住宅（３階建て以下共同住宅等）,駐車（輪）場,10歳代,中学生,施錠した
窃盗,自転車盗,柏,増尾駅前,122173,千葉県,柏市,増尾６丁目,2023-09-02,13,その他,その他,65-69歳,その他,施錠した
窃盗,自転車盗,柏,増尾駅前,122173,千葉県,柏市,南増尾１丁目,2023-09-10,04,その他,駐車（輪）場,30歳代,その他,施錠した
窃盗,自転車盗,柏,増尾駅前,122173,千葉県,柏市,増尾台１丁目,2023-06-30,20,その他の住宅（３階建て以下共同住宅等）,その他,10歳代,大学生,施錠せず
窃盗,自転車盗,柏,増尾駅前,122173,千葉県,柏市,増尾台１丁目,2023-09-26,19,その他,駐車（輪）場,10歳代,中学生,施錠せず
窃盗,自転車盗,柏,増尾駅前,122173,千葉県,柏市,増尾台３丁目,2023-02-18,08,その他,その他,10歳代,小学生,施錠せず
窃盗,自転車盗,柏,増尾駅前,122173,千葉県,柏市,増尾台３丁目,2023-07-26,01,一戸建住宅,駐車（輪）場,10歳代,小学生,施錠せず
窃盗,自転車盗,柏,増尾駅前,122173,千葉県,柏市,増尾台４丁目,2023-07-10,21,一戸建住宅,その他,10歳代,小学生,施錠せず
窃盗,自転車盗,柏,大津ヶ丘,122173,千葉県,柏市,柏１丁目,2023-02-11,13,その他,駐車（輪）場,10歳代,小学生,施錠せず
窃盗,自転車盗,柏,大津ヶ丘,122173,千葉県,柏市,大井,2023-02-14,16,その他の住宅（３階建て以下共同住宅等）,駐車（輪）場,20歳代,その他,施錠した
窃盗,自転車盗,柏,大津ヶ丘,122173,千葉県,柏市,大井,2023-03-24,21,一戸建住宅,駐車（輪）場,10歳代,高校生,施錠せず
窃盗,自転車盗,柏,大津ヶ丘,122173,千葉県,柏市,大井,2023-05-02,16,一戸建住宅,その他,10歳代,高校生,施錠せず
窃盗,自転車盗,柏,大津ヶ丘,122173,千葉県,柏市,大井,2023-07-01,16,道路上,その他,10歳代,中学生,施錠せず
窃盗,自転車盗,柏,大津ヶ丘,122173,千葉県,柏市,大井,2023-11-15,15,その他の住宅（３階建て以下共同住宅等）,駐車（輪）場,40歳代,その他,施錠した
窃盗,自転車盗,柏,大津ヶ丘,122173,千葉県,柏市,大島田,2023-03-11,14,その他,駐車（輪）場,10歳代,中学生,施錠せず
窃盗,自転車盗,柏,大津ヶ丘,122173,千葉県,柏市,大島田,2023-03-22,17,その他,駐車（輪）場,10歳代,高校生,施錠せず
窃盗,自転車盗,柏,大津ヶ丘,122173,千葉県,柏市,大島田,2023-07-15,18,その他の住宅（３階建て以下共同住宅等）,駐車（輪）場,10歳代,中学生,施錠せず
窃盗,自転車盗,柏,大津ヶ丘,122173,千葉県,柏市,大島田１丁目,2023-04-23,16,その他,駐車（輪）場,10歳代,その他,施錠せず
窃盗,自転車盗,柏,大津ヶ丘,122173,千葉県,柏市,大島田１丁目,2023-06-04,15,その他,駐車（輪）場,10歳代,中学生,施錠せず
窃盗,自転車盗,柏,大津ヶ丘,122173,千葉県,柏市,大島田１丁目,2023-07-17,11,その他,駐車（輪）場,10歳代,高校生,施錠せず
窃盗,自転車盗,柏,大津ヶ丘,122173,千葉県,柏市,大島田１丁目,2023-10-14,14,その他,駐車（輪）場,10歳代,高校生,施錠した
窃盗,自転車盗,柏,大津ヶ丘,122173,千葉県,柏市,大島田１丁目,2023-10-18,17,その他,駐車（輪）場,30歳代,その他,施錠した
窃盗,自転車盗,柏,大津ヶ丘,122173,千葉県,柏市,大島田１丁目,2023-11-01,11,その他,駐車（輪）場,10歳代,高校生,施錠した
窃盗,自転車盗,柏,大津ヶ丘,122173,千葉県,柏市,大島田１丁目,2023-11-09,13,その他,駐車（輪）場,10歳代,中学生,施錠せず
窃盗,自転車盗,柏,大津ヶ丘,122173,千葉県,柏市,大津ケ丘１丁目,2023-03-08,19,その他,駐車（輪）場,10歳代,中学生,施錠せず
窃盗,自転車盗,柏,大津ヶ丘,122173,千葉県,柏市,大津ケ丘１丁目,2023-04-01,09,その他,駐車（輪）場,10歳代,中学生,施錠した
窃盗,自転車盗,柏,大津ヶ丘,122173,千葉県,柏市,大津ケ丘１丁目,2023-06-24,15,その他,駐車（輪）場,10歳代,中学生,施錠せず
窃盗,自転車盗,柏,大津ヶ丘,122173,千葉県,柏市,大津ケ丘１丁目,2023-10-10,21,４階建て以上共同住宅,駐車（輪）場,10歳代,高校生,施錠せず
窃盗,自転車盗,柏,大津ヶ丘,122173,千葉県,柏市,大津ケ丘３丁目,2023-02-01,12,その他の住宅（３階建て以下共同住宅等）,駐車（輪）場,20歳代,その他,施錠せず
窃盗,自転車盗,柏,大津ヶ丘,122173,千葉県,柏市,大津ケ丘３丁目,2023-06-16,19,４階建て以上共同住宅,駐車（輪）場,40歳代,その他,施錠した
窃盗,自転車盗,柏,大津ヶ丘,122173,千葉県,柏市,大津ケ丘３丁目,2023-06-23,01,４階建て以上共同住宅,その他,40歳代,その他,施錠せず
窃盗,自転車盗,柏,大津ヶ丘,122173,千葉県,柏市,大津ケ丘３丁目,2023-08-10,12,４階建て以上共同住宅,駐車（輪）場,10歳代,高校生,施錠した
窃盗,自転車盗,柏,大津ヶ丘,122173,千葉県,柏市,大津ケ丘４丁目,2023-06-20,20,４階建て以上共同住宅,駐車（輪）場,50歳代,その他,施錠した
窃盗,自転車盗,柏,大津ヶ丘,122173,千葉県,柏市,大津ケ丘４丁目,2023-07-15,16,その他の住宅（３階建て以下共同住宅等）,駐車（輪）場,40歳代,その他,施錠した
窃盗,自転車盗,柏,大津ヶ丘,122173,千葉県,柏市,大津ケ丘４丁目,2023-09-09,12,一戸建住宅,駐車（輪）場,10歳代,大学生,施錠せず
窃盗,自転車盗,柏,大津ヶ丘,122173,千葉県,柏市,風早１丁目,2023-11-22,09,その他,その他,10歳代,その他,施錠せず
窃盗,自転車盗,柏,大津ヶ丘,122173,千葉県,柏市,緑台,2023-05-02,19,その他の住宅（３階建て以下共同住宅等）,駐車（輪）場,30歳代,その他,施錠した
窃盗,自転車盗,柏,大津ヶ丘,122173,千葉県,柏市,緑台,2023-05-30,19,一戸建住宅,駐車（輪）場,20歳代,その他,施錠せず
窃盗,自転車盗,柏,大津ヶ丘,122173,千葉県,柏市,手賀の杜５丁目,不明,不明,その他の住宅（３階建て以下共同住宅等）,駐車（輪）場,30歳代,その他,施錠した
窃盗,自転車盗,柏,富勢,122173,千葉県,柏市,布施,2023-03-14,17,一戸建住宅,その他,70歳以上,その他,施錠した
窃盗,自転車盗,柏,富勢,122173,千葉県,柏市,布施,2023-08-17,21,その他の住宅（３階建て以下共同住宅等）,駐車（輪）場,20歳代,その他,施錠せず
窃盗,自転車盗,柏,新柏,122173,千葉県,柏市,永楽台１丁目,2023-01-14,21,一戸建住宅,駐車（輪）場,10歳代,高校生,施錠せず
窃盗,自転車盗,柏,新柏,122173,千葉県,柏市,つくしが丘１丁目,2023-12-19,18,その他,駐車（輪）場,10歳代,中学生,施錠せず
窃盗,自転車盗,柏,新柏,122173,千葉県,柏市,つくしが丘１丁目,2023-12-19,18,その他,駐車（輪）場,10歳代,中学生,施錠せず
窃盗,自転車盗,柏,新柏,122173,千葉県,柏市,つくしが丘２丁目,2023-06-25,17,一戸建住宅,その他,50歳代,その他,施錠した
窃盗,自転車盗,柏,新柏,122173,千葉県,柏市,つくしが丘３丁目,2023-07-31,16,一戸建住宅,駐車（輪）場,40歳代,その他,施錠せず
窃盗,自転車盗,柏,新柏,122173,千葉県,柏市,つくしが丘５丁目,2023-07-20,17,その他の住宅（３階建て以下共同住宅等）,その他,10歳代,中学生,施錠せず
窃盗,自転車盗,柏,新柏,122173,千葉県,柏市,常盤台,2023-03-08,23,一戸建住宅,その他,20歳代,大学生,施錠せず
窃盗,自転車盗,柏,新柏,122173,千葉県,柏市,常盤台,2023-04-27,06,その他の住宅（３階建て以下共同住宅等）,駐車（輪）場,20歳代,その他,施錠せず
窃盗,自転車盗,柏,新柏,122173,千葉県,柏市,戸張,2023-04-10,08,その他,その他,10歳代,高校生,施錠した
窃盗,自転車盗,柏,新柏,122173,千葉県,柏市,豊住３丁目,2023-03-08,07,駐車（輪）場,駐車（輪）場,10歳代,高校生,施錠した
窃盗,自転車盗,柏,新柏,122173,千葉県,柏市,豊住３丁目,2023-06-22,07,駐車（輪）場,駐車（輪）場,10歳代,高校生,施錠せず
窃盗,自転車盗,柏,新柏,122173,千葉県,柏市,豊住３丁目,2023-10-20,17,その他の住宅（３階建て以下共同住宅等）,その他,10歳代,大学生,施錠せず
窃盗,自転車盗,柏,新柏,122173,千葉県,柏市,豊住３丁目,2023-11-01,18,駐車（輪）場,駐車（輪）場,10歳代,高校生,施錠せず
窃盗,自転車盗,柏,新柏,122173,千葉県,柏市,豊住５丁目,2023-01-09,16,一戸建住宅,駐車（輪）場,30歳代,その他,施錠した
窃盗,自転車盗,柏,新柏,122173,千葉県,柏市,豊住５丁目,2023-01-19,08,一戸建住宅,駐車（輪）場,10歳代,小学生,施錠せず
窃盗,自転車盗,柏,新柏,122173,千葉県,柏市,名戸ケ谷,2023-10-19,18,一戸建住宅,駐車（輪）場,30歳代,その他,施錠せず
窃盗,自転車盗,柏,新柏,122173,千葉県,柏市,名戸ケ谷,不明,不明,その他,その他,10歳代,その他,施錠せず
窃盗,自転車盗,柏,新柏,122173,千葉県,柏市,名戸ケ谷１丁目,2023-03-19,11,道路上,その他,70歳以上,その他,施錠せず
窃盗,自転車盗,柏,新柏,122173,千葉県,柏市,新柏１丁目,2023-02-28,17,４階建て以上共同住宅,駐車（輪）場,40歳代,その他,施錠せず
窃盗,自転車盗,柏,新柏,122173,千葉県,柏市,新柏１丁目,2023-04-17,14,４階建て以上共同住宅,駐車（輪）場,40歳代,その他,施錠せず
窃盗,自転車盗,柏,新柏,122173,千葉県,柏市,新柏１丁目,2023-11-03,16,その他,その他,10歳代,その他,施錠せず
窃盗,自転車盗,柏,新柏,122173,千葉県,柏市,新柏２丁目,2023-04-05,08,その他,駐車（輪）場,20歳代,その他,施錠した
窃盗,自転車盗,柏,新柏,122173,千葉県,柏市,新柏２丁目,2023-06-09,16,その他の住宅（３階建て以下共同住宅等）,駐車（輪）場,30歳代,その他,施錠した
窃盗,自転車盗,柏,新柏,122173,千葉県,柏市,新柏４丁目,2023-09-03,01,その他,駐車（輪）場,10歳代,その他,施錠せず
窃盗,自転車盗,柏,旭町,122173,千葉県,柏市,明原１丁目,2023-04-22,12,その他の住宅（３階建て以下共同住宅等）,その他,30歳代,その他,施錠した
窃盗,自転車盗,柏,旭町,122173,千葉県,柏市,明原１丁目,2023-05-01,09,一戸建住宅,その他,40歳代,その他,施錠した
窃盗,自転車盗,柏,旭町,122173,千葉県,柏市,明原１丁目,2023-06-15,17,４階建て以上共同住宅,駐車（輪）場,20歳代,大学生,施錠した
窃盗,自転車盗,柏,旭町,122173,千葉県,柏市,明原１丁目,2023-10-07,18,４階建て以上共同住宅,駐車（輪）場,30歳代,その他,施錠した
窃盗,自転車盗,柏,旭町,122173,千葉県,柏市,明原２丁目,2023-04-20,19,その他の住宅（３階建て以下共同住宅等）,駐車（輪）場,40歳代,その他,施錠した
窃盗,自転車盗,柏,旭町,122173,千葉県,柏市,明原２丁目,2023-06-27,20,その他の住宅（３階建て以下共同住宅等）,駐車（輪）場,20歳代,その他,施錠せず
窃盗,自転車盗,柏,旭町,122173,千葉県,柏市,明原３丁目,2023-07-14,19,一戸建住宅,その他,50歳代,その他,施錠した
窃盗,自転車盗,柏,旭町,122173,千葉県,柏市,明原３丁目,2023-08-09,14,その他の住宅（３階建て以下共同住宅等）,駐車（輪）場,20歳代,その他,施錠した
窃盗,自転車盗,柏,旭町,122173,千葉県,柏市,明原３丁目,2023-12-19,20,その他の住宅（３階建て以下共同住宅等）,駐車（輪）場,30歳代,その他,施錠せず
窃盗,自転車盗,柏,旭町,122173,千葉県,柏市,明原４丁目,2023-07-05,16,その他,その他,10歳代,中学生,施錠せず
窃盗,自転車盗,柏,旭町,122173,千葉県,柏市,あけぼの１丁目,2023-01-11,21,その他の住宅（３階建て以下共同住宅等）,駐車（輪）場,40歳代,その他,施錠した
窃盗,自転車盗,柏,旭町,122173,千葉県,柏市,あけぼの１丁目,2023-03-25,05,駐車（輪）場,駐車（輪）場,10歳代,高校生,施錠せず
窃盗,自転車盗,柏,旭町,122173,千葉県,柏市,あけぼの１丁目,2023-07-20,08,駐車（輪）場,駐車（輪）場,20歳代,その他,施錠せず
窃盗,自転車盗,柏,旭町,122173,千葉県,柏市,あけぼの１丁目,2023-09-20,18,その他の住宅（３階建て以下共同住宅等）,その他,20歳代,その他,施錠せず
窃盗,自転車盗,柏,旭町,122173,千葉県,柏市,あけぼの１丁目,2023-10-24,07,駐車（輪）場,駐車（輪）場,20歳代,大学生,施錠した
窃盗,自転車盗,柏,旭町,122173,千葉県,柏市,あけぼの１丁目,2023-11-03,18,駐車（輪）場,駐車（輪）場,10歳代,中学生,施錠せず
窃盗,自転車盗,柏,旭町,122173,千葉県,柏市,あけぼの１丁目,2023-11-13,09,駐車（輪）場,駐車（輪）場,10歳代,高校生,施錠せず
窃盗,自転車盗,柏,旭町,122173,千葉県,柏市,あけぼの２丁目,2023-02-21,19,４階建て以上共同住宅,駐車（輪）場,10歳未満,小学生,施錠せず
窃盗,自転車盗,柏,旭町,122173,千葉県,柏市,あけぼの２丁目,2023-07-30,12,４階建て以上共同住宅,駐車（輪）場,70歳以上,その他,施錠した
窃盗,自転車盗,柏,旭町,122173,千葉県,柏市,あけぼの２丁目,2023-09-17,21,一戸建住宅,駐車（輪）場,10歳代,その他,施錠せず
窃盗,自転車盗,柏,旭町,122173,千葉県,柏市,あけぼの２丁目,2023-11-19,18,その他の住宅（３階建て以下共同住宅等）,その他,20歳代,その他,施錠せず
窃盗,自転車盗,柏,旭町,122173,千葉県,柏市,あけぼの３丁目,2023-05-23,20,その他の住宅（３階建て以下共同住宅等）,その他,30歳代,その他,施錠した
窃盗,自転車盗,柏,旭町,122173,千葉県,柏市,あけぼの４丁目,2023-04-04,02,その他の住宅（３階建て以下共同住宅等）,その他,50歳代,その他,施錠せず
窃盗,自転車盗,柏,旭町,122173,千葉県,柏市,あけぼの４丁目,2023-06-03,19,４階建て以上共同住宅,駐車（輪）場,30歳代,その他,施錠した
窃盗,自転車盗,柏,旭町,122173,千葉県,柏市,あけぼの４丁目,2023-11-30,20,その他,その他,20歳代,大学生,施錠した
窃盗,自転車盗,柏,旭町,122173,千葉県,柏市,あけぼの４丁目,2023-12-09,17,一戸建住宅,駐車（輪）場,40歳代,その他,施錠せず
窃盗,自転車盗,柏,旭町,122173,千葉県,柏市,あけぼの５丁目,2023-03-14,14,一戸建住宅,その他,40歳代,その他,施錠した
窃盗,自転車盗,柏,旭町,122173,千葉県,柏市,旭町１丁目,2023-01-30,16,その他,駐車（輪）場,10歳代,高校生,施錠せず
窃盗,自転車盗,柏,旭町,122173,千葉県,柏市,旭町１丁目,2023-01-31,10,道路上,その他,30歳代,その他,施錠せず
窃盗,自転車盗,柏,旭町,122173,千葉県,柏市,旭町１丁目,2023-04-13,08,駐車（輪）場,駐車（輪）場,10歳代,高校生,施錠した
窃盗,自転車盗,柏,旭町,122173,千葉県,柏市,旭町１丁目,2023-05-05,07,その他,駐車（輪）場,40歳代,その他,施錠せず
窃盗,自転車盗,柏,旭町,122173,千葉県,柏市,旭町１丁目,2023-05-11,07,その他,その他,10歳代,高校生,施錠せず
窃盗,自転車盗,柏,旭町,122173,千葉県,柏市,旭町１丁目,2023-05-15,05,駐車（輪）場,駐車（輪）場,30歳代,その他,施錠した
窃盗,自転車盗,柏,旭町,122173,千葉県,柏市,旭町１丁目,2023-05-17,08,４階建て以上共同住宅,その他,20歳代,大学生,施錠せず
窃盗,自転車盗,柏,旭町,122173,千葉県,柏市,旭町１丁目,2023-06-08,11,その他,その他,30歳代,その他,施錠せず
窃盗,自転車盗,柏,旭町,122173,千葉県,柏市,旭町１丁目,2023-07-21,16,その他,駐車（輪）場,10歳代,高校生,施錠した
窃盗,自転車盗,柏,旭町,122173,千葉県,柏市,旭町１丁目,2023-07-27,18,その他,駐車（輪）場,10歳代,中学生,施錠せず
窃盗,自転車盗,柏,旭町,122173,千葉県,柏市,旭町１丁目,2023-07-31,05,その他,駐車（輪）場,30歳代,その他,施錠せず
窃盗,自転車盗,柏,旭町,122173,千葉県,柏市,旭町１丁目,2023-08-16,23,駐車（輪）場,駐車（輪）場,30歳代,その他,施錠せず
窃盗,自転車盗,柏,旭町,122173,千葉県,柏市,旭町１丁目,2023-08-18,09,その他,その他,10歳代,高校生,施錠した
窃盗,自転車盗,柏,旭町,122173,千葉県,柏市,旭町１丁目,2023-09-04,18,駐車（輪）場,駐車（輪）場,20歳代,大学生,施錠した
窃盗,自転車盗,柏,旭町,122173,千葉県,柏市,旭町１丁目,2023-09-11,07,その他,駐車（輪）場,10歳代,高校生,施錠せず
窃盗,自転車盗,柏,旭町,122173,千葉県,柏市,旭町１丁目,2023-09-22,17,その他,駐車（輪）場,10歳代,高校生,施錠せず
窃盗,自転車盗,柏,旭町,122173,千葉県,柏市,旭町１丁目,2023-10-12,18,駐車（輪）場,駐車（輪）場,20歳代,その他,施錠せず
窃盗,自転車盗,柏,旭町,122173,千葉県,柏市,旭町１丁目,2023-11-20,19,その他,その他,20歳代,大学生,施錠した
窃盗,自転車盗,柏,旭町,122173,千葉県,柏市,旭町１丁目,2023-11-29,01,駐車（輪）場,駐車（輪）場,10歳代,大学生,施錠した
窃盗,自転車盗,柏,旭町,122173,千葉県,柏市,旭町２丁目,2022-10-18,18,その他の住宅（３階建て以下共同住宅等）,駐車（輪）場,20歳代,その他,施錠した
窃盗,自転車盗,柏,旭町,122173,千葉県,柏市,旭町２丁目,2023-05-17,17,その他の住宅（３階建て以下共同住宅等）,駐車（輪）場,20歳代,その他,施錠した
窃盗,自転車盗,柏,旭町,122173,千葉県,柏市,旭町２丁目,2023-12-04,22,その他の住宅（３階建て以下共同住宅等）,その他,10歳代,その他,施錠せず
窃盗,自転車盗,柏,旭町,122173,千葉県,柏市,旭町２丁目,2023-12-17,15,その他の住宅（３階建て以下共同住宅等）,駐車（輪）場,20歳代,その他,施錠せず
窃盗,自転車盗,柏,旭町,122173,千葉県,柏市,旭町３丁目,2023-11-02,22,４階建て以上共同住宅,駐車（輪）場,40歳代,その他,施錠した
窃盗,自転車盗,柏,旭町,122173,千葉県,柏市,旭町４丁目,2023-01-02,00,その他,駐車（輪）場,20歳代,大学生,施錠した
窃盗,自転車盗,柏,旭町,122173,千葉県,柏市,旭町４丁目,2023-06-27,21,その他の住宅（３階建て以下共同住宅等）,駐車（輪）場,30歳代,その他,施錠せず
窃盗,自転車盗,柏,旭町,122173,千葉県,柏市,旭町４丁目,2023-07-18,09,４階建て以上共同住宅,駐車（輪）場,20歳代,その他,施錠せず
窃盗,自転車盗,柏,旭町,122173,千葉県,柏市,旭町４丁目,2023-07-22,23,その他の住宅（３階建て以下共同住宅等）,駐車（輪）場,20歳代,その他,施錠せず
窃盗,自転車盗,柏,旭町,122173,千葉県,柏市,旭町４丁目,2023-07-24,18,４階建て以上共同住宅,駐車（輪）場,10歳代,小学生,施錠せず
窃盗,自転車盗,柏,旭町,122173,千葉県,柏市,旭町４丁目,2023-12-03,20,その他の住宅（３階建て以下共同住宅等）,その他,20歳代,大学生,施錠せず
窃盗,自転車盗,柏,旭町,122173,千葉県,柏市,旭町６丁目,2023-06-26,08,その他の住宅（３階建て以下共同住宅等）,駐車（輪）場,30歳代,その他,施錠せず
窃盗,自転車盗,柏,旭町,122173,千葉県,柏市,旭町６丁目,2023-06-27,20,４階建て以上共同住宅,駐車（輪）場,10歳代,小学生,施錠した
窃盗,自転車盗,柏,旭町,122173,千葉県,柏市,旭町６丁目,2023-11-10,17,一戸建住宅,駐車（輪）場,50歳代,その他,施錠せず
窃盗,自転車盗,柏,旭町,122173,千葉県,柏市,旭町６丁目,2023-11-11,14,その他の住宅（３階建て以下共同住宅等）,駐車（輪）場,20歳代,その他,施錠せず
窃盗,自転車盗,柏,旭町,122173,千葉県,柏市,旭町８丁目,2022-12-29,23,４階建て以上共同住宅,駐車（輪）場,30歳代,その他,施錠せず
窃盗,自転車盗,柏,旭町,122173,千葉県,柏市,旭町８丁目,2023-06-04,11,一戸建住宅,駐車（輪）場,20歳代,その他,施錠せず
窃盗,自転車盗,柏,旭町,122173,千葉県,柏市,柏１丁目,2023-02-07,19,その他,駐車（輪）場,10歳代,中学生,施錠せず
窃盗,自転車盗,柏,旭町,122173,千葉県,柏市,末広町,2023-01-03,07,その他,駐車（輪）場,20歳代,その他,施錠せず
窃盗,自転車盗,柏,旭町,122173,千葉県,柏市,末広町,2023-01-26,09,その他,その他,20歳代,その他,施錠した
窃盗,自転車盗,柏,旭町,122173,千葉県,柏市,末広町,2023-01-26,19,その他,駐車（輪）場,10歳代,高校生,施錠した
窃盗,自転車盗,柏,旭町,122173,千葉県,柏市,末広町,2023-02-20,12,その他,駐車（輪）場,40歳代,その他,施錠した
窃盗,自転車盗,柏,旭町,122173,千葉県,柏市,末広町,2023-03-20,10,駐車（輪）場,駐車（輪）場,40歳代,その他,施錠した
窃盗,自転車盗,柏,旭町,122173,千葉県,柏市,末広町,2023-03-22,07,その他,駐車（輪）場,10歳代,高校生,施錠した
窃盗,自転車盗,柏,旭町,122173,千葉県,柏市,末広町,2023-03-22,14,その他,駐車（輪）場,10歳代,高校生,施錠した
窃盗,自転車盗,柏,旭町,122173,千葉県,柏市,末広町,2023-06-10,16,駐車（輪）場,駐車（輪）場,20歳代,その他,施錠せず
窃盗,自転車盗,柏,旭町,122173,千葉県,柏市,末広町,2023-06-22,11,駐車（輪）場,駐車（輪）場,20歳代,大学生,施錠せず
窃盗,自転車盗,柏,旭町,122173,千葉県,柏市,末広町,2023-07-13,18,その他,その他,20歳代,その他,施錠せず
窃盗,自転車盗,柏,旭町,122173,千葉県,柏市,末広町,2023-07-17,20,駐車（輪）場,駐車（輪）場,10歳代,その他,施錠した
窃盗,自転車盗,柏,旭町,122173,千葉県,柏市,末広町,2023-09-15,09,その他,その他,20歳代,その他,施錠した
窃盗,自転車盗,柏,旭町,122173,千葉県,柏市,末広町,2023-09-24,12,駐車（輪）場,駐車（輪）場,20歳代,その他,施錠した
窃盗,自転車盗,柏,旭町,122173,千葉県,柏市,末広町,2023-11-27,06,その他,駐車（輪）場,20歳代,その他,施錠した
窃盗,自転車盗,柏,旭町,122173,千葉県,柏市,中央町,2023-08-12,07,駐車（輪）場,駐車（輪）場,10歳代,高校生,施錠した
窃盗,自転車盗,柏,旭町,122173,千葉県,柏市,富里３丁目,2023-01-01,22,その他,駐車（輪）場,20歳代,その他,施錠せず
窃盗,自転車盗,柏,旭町,122173,千葉県,柏市,富里３丁目,2023-01-25,16,４階建て以上共同住宅,駐車（輪）場,10歳代,大学生,施錠した
窃盗,自転車盗,柏,旭町,122173,千葉県,柏市,富里３丁目,2023-05-24,14,４階建て以上共同住宅,駐車（輪）場,10歳代,大学生,施錠せず
窃盗,自転車盗,柏,旭町,122173,千葉県,柏市,富里３丁目,2023-11-07,20,４階建て以上共同住宅,駐車（輪）場,10歳代,中学生,施錠せず
窃盗,自転車盗,柏,旭町,122173,千葉県,柏市,富里３丁目,2023-12-18,20,４階建て以上共同住宅,その他,10歳代,大学生,施錠せず
窃盗,自転車盗,柏,旭町,122173,千葉県,柏市,富里３丁目,2023-12-19,00,４階建て以上共同住宅,駐車（輪）場,20歳代,大学生,施錠せず
窃盗,自転車盗,柏,旭町,122173,千葉県,柏市,豊四季,2023-10-13,07,その他の住宅（３階建て以下共同住宅等）,駐車（輪）場,20歳代,大学生,施錠せず
窃盗,自転車盗,柏,旭町,122173,千葉県,柏市,豊四季台１丁目,2023-04-10,12,その他,その他,10歳代,高校生,施錠せず
窃盗,自転車盗,柏,旭町,122173,千葉県,柏市,豊四季台２丁目,2023-05-07,17,４階建て以上共同住宅,駐車（輪）場,70歳以上,その他,施錠せず
窃盗,自転車盗,柏,旭町,122173,千葉県,柏市,豊四季台２丁目,2023-10-02,09,４階建て以上共同住宅,駐車（輪）場,70歳以上,その他,施錠した
窃盗,自転車盗,柏,旭町,122173,千葉県,柏市,豊四季台２丁目,2023-10-02,09,４階建て以上共同住宅,駐車（輪）場,70歳以上,その他,施錠せず
窃盗,自転車盗,柏,旭町,122173,千葉県,柏市,豊四季台２丁目,2023-10-27,10,４階建て以上共同住宅,駐車（輪）場,70歳以上,その他,施錠した
窃盗,自転車盗,柏,旭町,122173,千葉県,柏市,向原町,2023-06-17,06,その他の住宅（３階建て以下共同住宅等）,駐車（輪）場,50歳代,その他,施錠した
窃盗,自転車盗,柏,松葉町,122173,千葉県,柏市,柏,2023-09-07,17,一戸建住宅,その他,40歳代,その他,施錠した
窃盗,自転車盗,柏,松葉町,122173,千葉県,柏市,篠籠田,2023-03-24,11,その他の住宅（３階建て以下共同住宅等）,その他,20歳代,大学生,施錠した
窃盗,自転車盗,柏,松葉町,122173,千葉県,柏市,篠籠田,2023-03-25,15,その他の住宅（３階建て以下共同住宅等）,駐車（輪）場,40歳代,その他,施錠した
窃盗,自転車盗,柏,松葉町,122173,千葉県,柏市,篠籠田,2023-04-03,22,一戸建住宅,駐車（輪）場,10歳代,大学生,施錠した
窃盗,自転車盗,柏,松葉町,122173,千葉県,柏市,篠籠田,2023-07-23,22,その他の住宅（３階建て以下共同住宅等）,駐車（輪）場,30歳代,その他,施錠せず
窃盗,自転車盗,柏,松葉町,122173,千葉県,柏市,篠籠田,2023-09-26,18,一戸建住宅,駐車（輪）場,20歳代,その他,施錠した
窃盗,自転車盗,柏,松葉町,122173,千葉県,柏市,十余二,2023-02-12,15,その他,駐車（輪）場,10歳代,高校生,施錠せず
窃盗,自転車盗,柏,松葉町,122173,千葉県,柏市,十余二,2023-03-03,17,４階建て以上共同住宅,駐車（輪）場,10歳代,小学生,施錠した
窃盗,自転車盗,柏,松葉町,122173,千葉県,柏市,十余二,2023-03-04,16,その他,駐車（輪）場,10歳代,大学生,施錠した
窃盗,自転車盗,柏,松葉町,122173,千葉県,柏市,十余二,2023-04-12,20,その他,駐車（輪）場,10歳代,高校生,施錠せず
窃盗,自転車盗,柏,松葉町,122173,千葉県,柏市,十余二,2023-04-17,21,一戸建住宅,駐車（輪）場,10歳代,高校生,施錠した
窃盗,自転車盗,柏,松葉町,122173,千葉県,柏市,十余二,2023-04-22,14,一戸建住宅,駐車（輪）場,60-64歳,その他,施錠せず
窃盗,自転車盗,柏,松葉町,122173,千葉県,柏市,十余二,2023-06-25,19,その他,駐車（輪）場,30歳代,その他,施錠せず
窃盗,自転車盗,柏,松葉町,122173,千葉県,柏市,十余二,2023-07-09,10,その他,駐車（輪）場,20歳代,その他,施錠せず
窃盗,自転車盗,柏,松葉町,122173,千葉県,柏市,十余二,2023-07-09,14,その他,駐車（輪）場,10歳代,中学生,施錠せず
窃盗,自転車盗,柏,松葉町,122173,千葉県,柏市,十余二,2023-07-16,14,その他,駐車（輪）場,10歳代,中学生,施錠せず
窃盗,自転車盗,柏,松葉町,122173,千葉県,柏市,十余二,2023-07-17,15,その他,その他,10歳代,中学生,施錠せず
窃盗,自転車盗,柏,松葉町,122173,千葉県,柏市,十余二,2023-07-18,15,その他,駐車（輪）場,10歳代,中学生,施錠せず
窃盗,自転車盗,柏,松葉町,122173,千葉県,柏市,十余二,2023-07-29,18,その他の住宅（３階建て以下共同住宅等）,駐車（輪）場,50歳代,その他,施錠した
窃盗,自転車盗,柏,松葉町,122173,千葉県,柏市,十余二,2023-08-14,12,その他,駐車（輪）場,10歳代,中学生,施錠せず
窃盗,自転車盗,柏,松葉町,122173,千葉県,柏市,十余二,2023-08-15,07,一戸建住宅,その他,10歳代,高校生,施錠せず
窃盗,自転車盗,柏,松葉町,122173,千葉県,柏市,十余二,2023-08-15,07,一戸建住宅,その他,30歳代,その他,施錠した
窃盗,自転車盗,柏,松葉町,122173,千葉県,柏市,十余二,2023-08-15,07,一戸建住宅,その他,50歳代,その他,施錠せず
窃盗,自転車盗,柏,松葉町,122173,千葉県,柏市,十余二,2023-08-15,19,その他の住宅（３階建て以下共同住宅等）,駐車（輪）場,30歳代,その他,施錠せず
窃盗,自転車盗,柏,松葉町,122173,千葉県,柏市,十余二,2023-09-02,18,その他,駐車（輪）場,10歳代,中学生,施錠せず
窃盗,自転車盗,柏,松葉町,122173,千葉県,柏市,十余二,2023-09-05,17,一戸建住宅,その他,40歳代,その他,施錠せず
窃盗,自転車盗,柏,松葉町,122173,千葉県,柏市,十余二,2023-09-24,20,その他の住宅（３階建て以下共同住宅等）,駐車（輪）場,30歳代,その他,施錠せず
窃盗,自転車盗,柏,松葉町,122173,千葉県,柏市,十余二,2023-09-29,20,その他,駐車（輪）場,20歳代,その他,施錠せず
窃盗,自転車盗,柏,松葉町,122173,千葉県,柏市,十余二,2023-11-26,18,その他,駐車（輪）場,30歳代,その他,施錠した
窃盗,自転車盗,柏,松葉町,122173,千葉県,柏市,十余二,2023-12-13,09,その他,駐車（輪）場,20歳代,その他,施錠せず
窃盗,自転車盗,柏,松葉町,122173,千葉県,柏市,根戸,2023-09-22,18,駐車（輪）場,駐車（輪）場,20歳代,その他,施錠した
窃盗,自転車盗,柏,松葉町,122173,千葉県,柏市,根戸,2023-09-25,12,駐車（輪）場,駐車（輪）場,20歳代,大学生,施錠せず
窃盗,自転車盗,柏,松葉町,122173,千葉県,柏市,松ケ崎,2023-01-05,03,その他の住宅（３階建て以下共同住宅等）,駐車（輪）場,30歳代,その他,施錠した
窃盗,自転車盗,柏,松葉町,122173,千葉県,柏市,松ケ崎,2023-01-14,09,道路上,その他,50歳代,その他,施錠した
窃盗,自転車盗,柏,松葉町,122173,千葉県,柏市,松ケ崎,2023-03-13,03,その他の住宅（３階建て以下共同住宅等）,駐車（輪）場,10歳代,その他,施錠せず
窃盗,自転車盗,柏,松葉町,122173,千葉県,柏市,松ケ崎,2023-05-03,18,一戸建住宅,その他,20歳代,その他,施錠した
窃盗,自転車盗,柏,松葉町,122173,千葉県,柏市,松ケ崎,2023-05-15,06,４階建て以上共同住宅,駐車（輪）場,20歳代,その他,施錠した
窃盗,自転車盗,柏,松葉町,122173,千葉県,柏市,松ケ崎,2023-05-21,21,その他の住宅（３階建て以下共同住宅等）,駐車（輪）場,10歳代,大学生,施錠せず
窃盗,自転車盗,柏,松葉町,122173,千葉県,柏市,松ケ崎,2023-06-10,17,その他の住宅（３階建て以下共同住宅等）,駐車（輪）場,20歳代,その他,施錠せず
窃盗,自転車盗,柏,松葉町,122173,千葉県,柏市,松ケ崎,2023-07-29,16,その他の住宅（３階建て以下共同住宅等）,駐車（輪）場,30歳代,その他,施錠した
窃盗,自転車盗,柏,松葉町,122173,千葉県,柏市,松ケ崎,2023-10-16,21,一戸建住宅,駐車（輪）場,10歳代,中学生,施錠した
窃盗,自転車盗,柏,松葉町,122173,千葉県,柏市,松葉町１丁目,2023-10-05,00,４階建て以上共同住宅,駐車（輪）場,40歳代,その他,施錠せず
窃盗,自転車盗,柏,松葉町,122173,千葉県,柏市,松葉町１丁目,2023-10-05,00,４階建て以上共同住宅,駐車（輪）場,50歳代,その他,施錠した
窃盗,自転車盗,柏,松葉町,122173,千葉県,柏市,松葉町２丁目,2023-07-18,12,その他の住宅（３階建て以下共同住宅等）,駐車（輪）場,10歳代,高校生,施錠した
窃盗,自転車盗,柏,松葉町,122173,千葉県,柏市,松葉町２丁目,2023-08-03,17,その他,その他,10歳代,中学生,施錠せず
窃盗,自転車盗,柏,松葉町,122173,千葉県,柏市,松葉町３丁目,2023-09-15,22,その他の住宅（３階建て以下共同住宅等）,その他,10歳代,大学生,施錠した
窃盗,自転車盗,柏,松葉町,122173,千葉県,柏市,松葉町４丁目,2023-11-14,17,４階建て以上共同住宅,その他,10歳未満,小学生,施錠せず
窃盗,自転車盗,柏,松葉町,122173,千葉県,柏市,松葉町５丁目,2023-02-15,18,４階建て以上共同住宅,駐車（輪）場,20歳代,大学生,施錠せず
窃盗,自転車盗,柏,松葉町,122173,千葉県,柏市,松葉町５丁目,2023-02-15,21,４階建て以上共同住宅,駐車（輪）場,20歳代,その他,施錠した
窃盗,自転車盗,柏,松葉町,122173,千葉県,柏市,松葉町５丁目,2023-08-30,14,その他の住宅（３階建て以下共同住宅等）,駐車（輪）場,40歳代,その他,施錠した
窃盗,自転車盗,柏,松葉町,122173,千葉県,柏市,松葉町５丁目,2023-09-03,15,４階建て以上共同住宅,駐車（輪）場,10歳代,中学生,施錠せず
窃盗,自転車盗,柏,松葉町,122173,千葉県,柏市,松葉町５丁目,2023-09-06,16,４階建て以上共同住宅,駐車（輪）場,10歳代,高校生,施錠した
窃盗,自転車盗,柏,松葉町,122173,千葉県,柏市,松葉町５丁目,2023-09-15,08,４階建て以上共同住宅,駐車（輪）場,65-69歳,その他,施錠した
窃盗,自転車盗,柏,松葉町,122173,千葉県,柏市,松葉町６丁目,2023-10-02,17,一戸建住宅,その他,30歳代,その他,施錠した
窃盗,自転車盗,柏,松葉町,122173,千葉県,柏市,大山台１丁目,2022-12-30,19,その他,駐車（輪）場,10歳代,高校生,施錠せず
窃盗,自転車盗,柏,松葉町,122173,千葉県,柏市,大山台１丁目,2023-07-26,16,その他,駐車（輪）場,30歳代,その他,施錠せず
窃盗,自転車盗,柏,松葉町,122173,千葉県,柏市,大山台２丁目,2023-02-24,19,その他,駐車（輪）場,10歳代,中学生,施錠した
窃盗,自転車盗,柏,松葉町,122173,千葉県,柏市,大山台２丁目,2023-04-14,18,その他,駐車（輪）場,10歳代,大学生,施錠した
窃盗,自転車盗,柏,松葉町,122173,千葉県,柏市,大山台２丁目,2023-04-16,19,その他,駐車（輪）場,10歳代,高校生,施錠せず
窃盗,自転車盗,柏,松葉町,122173,千葉県,柏市,大山台２丁目,2023-05-22,16,その他,駐車（輪）場,10歳代,高校生,施錠せず
窃盗,自転車盗,柏,松葉町,122173,千葉県,柏市,大山台２丁目,2023-08-17,16,その他,駐車（輪）場,10歳代,中学生,施錠せず
窃盗,自転車盗,柏,松葉町,122173,千葉県,柏市,大山台２丁目,2023-09-16,14,その他,駐車（輪）場,10歳代,中学生,施錠せず
窃盗,自転車盗,柏,松葉町,122173,千葉県,柏市,大山台２丁目,2023-10-05,18,その他,駐車（輪）場,10歳代,中学生,施錠せず
窃盗,自転車盗,柏,松葉町,122173,千葉県,柏市,大山台２丁目,2023-10-20,17,その他,駐車（輪）場,10歳代,高校生,施錠せず
窃盗,自転車盗,柏,柏の葉キャンパス,122173,千葉県,柏市,豊四季,2023-12-11,16,その他,駐車（輪）場,10歳代,中学生,施錠せず
窃盗,自転車盗,柏,柏の葉キャンパス,122173,千葉県,柏市,十余二,2023-11-02,13,その他,駐車（輪）場,40歳代,その他,施錠せず
窃盗,自転車盗,柏,柏の葉キャンパス,122173,千葉県,柏市,中十余二,2023-12-06,07,駐車（輪）場,駐車（輪）場,50歳代,その他,施錠せず
窃盗,自転車盗,柏,柏の葉キャンパス,122173,千葉県,柏市,若柴,2023-01-28,17,その他,駐車（輪）場,10歳代,高校生,施錠した
窃盗,自転車盗,柏,柏の葉キャンパス,122173,千葉県,柏市,若柴,2023-02-08,16,４階建て以上共同住宅,駐車（輪）場,10歳代,高校生,施錠せず
窃盗,自転車盗,柏,柏の葉キャンパス,122173,千葉県,柏市,若柴,2023-02-14,09,その他,駐車（輪）場,30歳代,その他,施錠せず
窃盗,自転車盗,柏,柏の葉キャンパス,122173,千葉県,柏市,若柴,2023-02-15,07,その他,駐車（輪）場,10歳代,高校生,施錠せず
窃盗,自転車盗,柏,柏の葉キャンパス,122173,千葉県,柏市,若柴,2023-02-18,07,その他,駐車（輪）場,10歳代,中学生,施錠せず
窃盗,自転車盗,柏,柏の葉キャンパス,122173,千葉県,柏市,若柴,2023-02-21,19,駐車（輪）場,駐車（輪）場,10歳代,高校生,施錠せず
窃盗,自転車盗,柏,柏の葉キャンパス,122173,千葉県,柏市,若柴,2023-03-03,06,その他の住宅（３階建て以下共同住宅等）,駐車（輪）場,20歳代,大学生,施錠せず
窃盗,自転車盗,柏,柏の葉キャンパス,122173,千葉県,柏市,若柴,2023-03-30,12,駐車（輪）場,駐車（輪）場,20歳代,その他,施錠した
窃盗,自転車盗,柏,柏の葉キャンパス,122173,千葉県,柏市,若柴,2023-05-15,19,駐車（輪）場,駐車（輪）場,20歳代,大学生,施錠せず
窃盗,自転車盗,柏,柏の葉キャンパス,122173,千葉県,柏市,若柴,2023-05-25,20,その他,駐車（輪）場,20歳代,その他,施錠した
窃盗,自転車盗,柏,柏の葉キャンパス,122173,千葉県,柏市,若柴,2023-06-23,14,４階建て以上共同住宅,駐車（輪）場,30歳代,その他,施錠した
窃盗,自転車盗,柏,柏の葉キャンパス,122173,千葉県,柏市,若柴,2023-06-26,18,駐車（輪）場,駐車（輪）場,10歳未満,小学生,施錠せず
窃盗,自転車盗,柏,柏の葉キャンパス,122173,千葉県,柏市,若柴,2023-07-09,14,その他,駐車（輪）場,50歳代,その他,施錠した
窃盗,自転車盗,柏,柏の葉キャンパス,122173,千葉県,柏市,若柴,2023-07-15,14,その他,駐車（輪）場,20歳代,その他,施錠せず
窃盗,自転車盗,柏,柏の葉キャンパス,122173,千葉県,柏市,若柴,2023-07-25,14,その他の住宅（３階建て以下共同住宅等）,駐車（輪）場,30歳代,その他,施錠せず
窃盗,自転車盗,柏,柏の葉キャンパス,122173,千葉県,柏市,若柴,2023-08-01,12,駐車（輪）場,駐車（輪）場,10歳代,高校生,施錠せず
窃盗,自転車盗,柏,柏の葉キャンパス,122173,千葉県,柏市,若柴,2023-08-02,10,その他,駐車（輪）場,40歳代,その他,施錠した
窃盗,自転車盗,柏,柏の葉キャンパス,122173,千葉県,柏市,若柴,2023-08-12,17,駐車（輪）場,駐車（輪）場,20歳代,その他,施錠した
窃盗,自転車盗,柏,柏の葉キャンパス,122173,千葉県,柏市,若柴,2023-08-18,08,駐車（輪）場,駐車（輪）場,10歳代,小学生,施錠した
窃盗,自転車盗,柏,柏の葉キャンパス,122173,千葉県,柏市,若柴,2023-09-02,19,その他,駐車（輪）場,10歳代,高校生,施錠せず
窃盗,自転車盗,柏,柏の葉キャンパス,122173,千葉県,柏市,若柴,2023-10-02,16,その他,駐車（輪）場,10歳代,高校生,施錠せず
窃盗,自転車盗,柏,柏の葉キャンパス,122173,千葉県,柏市,若柴,2023-10-05,19,その他,駐車（輪）場,20歳代,大学生,施錠した
窃盗,自転車盗,柏,柏の葉キャンパス,122173,千葉県,柏市,若柴,2023-10-10,19,駐車（輪）場,駐車（輪）場,30歳代,その他,施錠せず
窃盗,自転車盗,柏,柏の葉キャンパス,122173,千葉県,柏市,若柴,2023-10-17,16,その他,駐車（輪）場,10歳代,大学生,施錠せず
窃盗,自転車盗,柏,柏の葉キャンパス,122173,千葉県,柏市,若柴,2023-10-18,08,その他,駐車（輪）場,30歳代,その他,施錠せず
窃盗,自転車盗,柏,柏の葉キャンパス,122173,千葉県,柏市,若柴,2023-10-18,19,その他の住宅（３階建て以下共同住宅等）,駐車（輪）場,20歳代,その他,施錠した
窃盗,自転車盗,柏,柏の葉キャンパス,122173,千葉県,柏市,若柴,2023-10-31,15,その他,駐車（輪）場,10歳代,中学生,施錠せず
窃盗,自転車盗,柏,柏の葉キャンパス,122173,千葉県,柏市,若柴,2023-11-02,06,駐車（輪）場,駐車（輪）場,10歳代,高校生,施錠せず
窃盗,自転車盗,柏,柏の葉キャンパス,122173,千葉県,柏市,若柴,2023-11-12,21,一戸建住宅,その他,10歳代,中学生,施錠せず
窃盗,自転車盗,柏,柏の葉キャンパス,122173,千葉県,柏市,若柴,2023-11-24,06,駐車（輪）場,駐車（輪）場,30歳代,その他,施錠した
窃盗,自転車盗,柏,柏の葉キャンパス,122173,千葉県,柏市,若柴,2023-12-16,16,その他,駐車（輪）場,10歳代,高校生,施錠せず
窃盗,自転車盗,柏,柏の葉キャンパス,122173,千葉県,柏市,柏の葉２丁目,2023-06-04,00,その他の住宅（３階建て以下共同住宅等）,駐車（輪）場,20歳代,大学生,施錠した
窃盗,自転車盗,柏,柏駅前,122173,千葉県,柏市,東１丁目,2023-11-13,19,その他の住宅（３階建て以下共同住宅等）,駐車（輪）場,50歳代,その他,施錠した
窃盗,自転車盗,柏,柏駅前,122173,千葉県,柏市,東上町,2023-06-18,22,その他の住宅（３階建て以下共同住宅等）,駐車（輪）場,20歳代,その他,施錠した
窃盗,自転車盗,柏,柏駅前,122173,千葉県,柏市,泉町,2023-01-04,07,駐車（輪）場,駐車（輪）場,10歳代,高校生,施錠せず
窃盗,自転車盗,柏,柏駅前,122173,千葉県,柏市,泉町,2023-01-30,18,４階建て以上共同住宅,駐車（輪）場,40歳代,その他,施錠せず
窃盗,自転車盗,柏,柏駅前,122173,千葉県,柏市,泉町,2023-03-21,00,駐車（輪）場,駐車（輪）場,20歳代,その他,施錠せず
窃盗,自転車盗,柏,柏駅前,122173,千葉県,柏市,泉町,2023-07-12,09,駐車（輪）場,駐車（輪）場,20歳代,その他,施錠した
窃盗,自転車盗,柏,柏駅前,122173,千葉県,柏市,泉町,2023-07-14,18,駐車（輪）場,駐車（輪）場,10歳代,高校生,施錠せず
窃盗,自転車盗,柏,柏駅前,122173,千葉県,柏市,泉町,2023-07-15,17,駐車（輪）場,駐車（輪）場,10歳代,中学生,施錠せず
窃盗,自転車盗,柏,柏駅前,122173,千葉県,柏市,泉町,2023-07-24,18,駐車（輪）場,駐車（輪）場,10歳代,高校生,施錠せず
窃盗,自転車盗,柏,柏駅前,122173,千葉県,柏市,泉町,2023-09-08,07,駐車（輪）場,駐車（輪）場,10歳代,高校生,施錠せず
窃盗,自転車盗,柏,柏駅前,122173,千葉県,柏市,泉町,2023-09-13,07,駐車（輪）場,駐車（輪）場,20歳代,その他,施錠した
窃盗,自転車盗,柏,柏駅前,122173,千葉県,柏市,泉町,2023-09-16,20,駐車（輪）場,駐車（輪）場,10歳代,中学生,施錠せず
窃盗,自転車盗,柏,柏駅前,122173,千葉県,柏市,泉町,2023-09-26,18,駐車（輪）場,駐車（輪）場,20歳代,大学生,施錠せず
窃盗,自転車盗,柏,柏駅前,122173,千葉県,柏市,泉町,2023-10-24,20,駐車（輪）場,駐車（輪）場,10歳代,高校生,施錠せず
窃盗,自転車盗,柏,柏駅前,122173,千葉県,柏市,泉町,2023-10-24,21,駐車（輪）場,駐車（輪）場,10歳代,中学生,施錠した
窃盗,自転車盗,柏,柏駅前,122173,千葉県,柏市,泉町,2023-11-04,14,一戸建住宅,駐車（輪）場,50歳代,その他,施錠せず
窃盗,自転車盗,柏,柏駅前,122173,千葉県,柏市,泉町,2023-11-26,21,駐車（輪）場,駐車（輪）場,10歳代,高校生,施錠した
窃盗,自転車盗,柏,柏駅前,122173,千葉県,柏市,柏１丁目,2022-11-26,14,その他,駐車（輪）場,20歳代,大学生,施錠した
窃盗,自転車盗,柏,柏駅前,122173,千葉県,柏市,柏１丁目,2023-01-22,07,その他,駐車（輪）場,30歳代,その他,施錠した
窃盗,自転車盗,柏,柏駅前,122173,千葉県,柏市,柏１丁目,2023-03-13,09,その他,駐車（輪）場,70歳以上,その他,施錠した
窃盗,自転車盗,柏,柏駅前,122173,千葉県,柏市,柏１丁目,2023-03-13,21,その他,その他,20歳代,その他,施錠せず
窃盗,自転車盗,柏,柏駅前,122173,千葉県,柏市,柏１丁目,2023-05-12,19,その他,駐車（輪）場,20歳代,大学生,施錠せず
窃盗,自転車盗,柏,柏駅前,122173,千葉県,柏市,柏１丁目,2023-06-23,19,道路上,その他,20歳代,その他,施錠せず
窃盗,自転車盗,柏,柏駅前,122173,千葉県,柏市,柏１丁目,2023-09-01,17,駐車（輪）場,駐車（輪）場,60-64歳,その他,施錠せず
窃盗,自転車盗,柏,柏駅前,122173,千葉県,柏市,柏１丁目,2023-09-04,20,その他,駐車（輪）場,10歳代,大学生,施錠した
窃盗,自転車盗,柏,柏駅前,122173,千葉県,柏市,柏１丁目,2023-10-02,12,駐車（輪）場,駐車（輪）場,20歳代,大学生,施錠した
窃盗,自転車盗,柏,柏駅前,122173,千葉県,柏市,柏１丁目,2023-10-18,07,駐車（輪）場,駐車（輪）場,40歳代,その他,施錠した
窃盗,自転車盗,柏,柏駅前,122173,千葉県,柏市,柏２丁目,2023-03-25,02,４階建て以上共同住宅,駐車（輪）場,20歳代,その他,施錠せず
窃盗,自転車盗,柏,柏駅前,122173,千葉県,柏市,柏２丁目,2023-06-09,15,その他,駐車（輪）場,10歳代,その他,施錠せず
窃盗,自転車盗,柏,柏駅前,122173,千葉県,柏市,柏２丁目,2023-08-30,22,その他,駐車（輪）場,10歳代,大学生,施錠せず
窃盗,自転車盗,柏,柏駅前,122173,千葉県,柏市,柏２丁目,2023-10-04,08,駐車（輪）場,駐車（輪）場,30歳代,その他,施錠した
窃盗,自転車盗,柏,柏駅前,122173,千葉県,柏市,柏２丁目,2023-12-06,20,その他,駐車（輪）場,40歳代,その他,施錠せず
窃盗,自転車盗,柏,柏駅前,122173,千葉県,柏市,柏２丁目,2023-12-08,11,その他,駐車（輪）場,70歳以上,その他,施錠せず
窃盗,自転車盗,柏,柏駅前,122173,千葉県,柏市,柏３丁目,2023-07-04,01,４階建て以上共同住宅,その他,20歳代,その他,施錠した
窃盗,自転車盗,柏,柏駅前,122173,千葉県,柏市,柏３丁目,2023-10-05,17,駐車（輪）場,駐車（輪）場,60-64歳,その他,施錠した
窃盗,自転車盗,柏,柏駅前,122173,千葉県,柏市,柏４丁目,2023-08-15,08,その他,駐車（輪）場,10歳代,高校生,施錠せず
窃盗,自転車盗,柏,柏駅前,122173,千葉県,柏市,柏４丁目,2023-11-16,18,駐車（輪）場,駐車（輪）場,40歳代,その他,施錠せず
窃盗,自転車盗,柏,柏駅前,122173,千葉県,柏市,柏４丁目,2023-11-19,11,駐車（輪）場,駐車（輪）場,20歳代,大学生,施錠せず
窃盗,自転車盗,柏,柏駅前,122173,千葉県,柏市,柏５丁目,2023-02-02,08,その他,駐車（輪）場,10歳代,大学生,施錠せず
窃盗,自転車盗,柏,柏駅前,122173,千葉県,柏市,柏５丁目,2023-07-22,14,駐車（輪）場,駐車（輪）場,10歳代,高校生,施錠せず
窃盗,自転車盗,柏,柏駅前,122173,千葉県,柏市,柏５丁目,2023-07-28,09,駐車（輪）場,駐車（輪）場,20歳代,その他,施錠した
窃盗,自転車盗,柏,柏駅前,122173,千葉県,柏市,柏５丁目,2023-08-10,21,駐車（輪）場,駐車（輪）場,10歳代,中学生,施錠した
窃盗,自転車盗,柏,柏駅前,122173,千葉県,柏市,柏５丁目,2023-08-18,16,駐車（輪）場,駐車（輪）場,10歳代,高校生,施錠せず
窃盗,自転車盗,柏,柏駅前,122173,千葉県,柏市,柏５丁目,2023-08-22,06,駐車（輪）場,駐車（輪）場,40歳代,その他,施錠せず
窃盗,自転車盗,柏,柏駅前,122173,千葉県,柏市,柏５丁目,2023-09-02,17,駐車（輪）場,駐車（輪）場,30歳代,その他,施錠した
窃盗,自転車盗,柏,柏駅前,122173,千葉県,柏市,柏５丁目,2023-09-07,14,その他,駐車（輪）場,60-64歳,その他,施錠した
窃盗,自転車盗,柏,柏駅前,122173,千葉県,柏市,柏５丁目,2023-11-23,08,４階建て以上共同住宅,駐車（輪）場,20歳代,その他,施錠した
窃盗,自転車盗,柏,柏駅前,122173,千葉県,柏市,柏６丁目,2023-06-17,19,４階建て以上共同住宅,駐車（輪）場,20歳代,大学生,施錠せず
窃盗,自転車盗,柏,柏駅前,122173,千葉県,柏市,柏７丁目,2023-04-09,15,その他の住宅（３階建て以下共同住宅等）,駐車（輪）場,20歳代,その他,施錠した
窃盗,自転車盗,柏,柏駅前,122173,千葉県,柏市,柏７丁目,2023-04-12,22,その他の住宅（３階建て以下共同住宅等）,駐車（輪）場,20歳代,その他,施錠せず
窃盗,自転車盗,柏,柏駅前,122173,千葉県,柏市,柏７丁目,2023-07-09,07,その他の住宅（３階建て以下共同住宅等）,その他,70歳以上,その他,施錠せず
窃盗,自転車盗,柏,柏駅前,122173,千葉県,柏市,柏７丁目,2023-07-26,00,その他の住宅（３階建て以下共同住宅等）,駐車（輪）場,10歳代,大学生,施錠せず
窃盗,自転車盗,柏,柏駅前,122173,千葉県,柏市,桜台,2023-06-10,17,４階建て以上共同住宅,駐車（輪）場,20歳代,その他,施錠した
窃盗,自転車盗,柏,柏駅前,122173,千葉県,柏市,,2022-12-30,08,その他,駐車（輪）場,10歳代,高校生,施錠した
窃盗,自転車盗,柏,柏駅前,122173,千葉県,柏市,,2023-07-12,19,駐車（輪）場,駐車（輪）場,20歳代,その他,施錠せず
窃盗,自転車盗,柏,柏駅前,122173,千葉県,柏市,中央１丁目,2023-08-18,16,一戸建住宅,その他,10歳代,小学生,施錠せず
窃盗,自転車盗,柏,柏駅前,122173,千葉県,柏市,中央２丁目,2023-01-28,13,その他の住宅（３階建て以下共同住宅等）,駐車（輪）場,20歳代,大学生,施錠せず
窃盗,自転車盗,柏,柏駅前,122173,千葉県,柏市,中央２丁目,2023-07-29,20,その他,その他,10歳代,高校生,施錠せず
窃盗,自転車盗,柏,柏駅前,122173,千葉県,柏市,中央２丁目,2023-09-08,18,一戸建住宅,その他,10歳代,中学生,施錠した
窃盗,自転車盗,柏,柏駅前,122173,千葉県,柏市,中央２丁目,2023-10-16,19,その他の住宅（３階建て以下共同住宅等）,駐車（輪）場,20歳代,その他,施錠した
窃盗,自転車盗,柏,柏駅前,122173,千葉県,柏市,中央２丁目,2023-11-01,04,その他の住宅（３階建て以下共同住宅等）,駐車（輪）場,30歳代,その他,施錠した
窃盗,自転車盗,柏,柏駅前,122173,千葉県,柏市,中央２丁目,2023-12-19,18,その他の住宅（３階建て以下共同住宅等）,駐車（輪）場,30歳代,その他,施錠した
窃盗,自転車盗,柏,柏駅前,122173,千葉県,柏市,中央町,2022-12-28,13,その他,駐車（輪）場,30歳代,その他,施錠した
窃盗,自転車盗,柏,柏駅前,122173,千葉県,柏市,中央町,2023-04-11,19,駐車（輪）場,駐車（輪）場,40歳代,その他,施錠した
窃盗,自転車盗,柏,柏駅前,122173,千葉県,柏市,中央町,2023-04-18,07,その他,駐車（輪）場,10歳代,高校生,施錠した
窃盗,自転車盗,柏,柏駅前,122173,千葉県,柏市,中央町,2023-04-21,15,駐車（輪）場,駐車（輪）場,20歳代,その他,施錠した
窃盗,自転車盗,柏,柏駅前,122173,千葉県,柏市,中央町,2023-05-17,16,駐車（輪）場,駐車（輪）場,20歳代,その他,施錠した
窃盗,自転車盗,柏,柏駅前,122173,千葉県,柏市,中央町,2023-05-18,07,駐車（輪）場,駐車（輪）場,10歳代,高校生,施錠した
窃盗,自転車盗,柏,柏駅前,122173,千葉県,柏市,中央町,2023-05-27,17,駐車（輪）場,駐車（輪）場,30歳代,その他,施錠した
窃盗,自転車盗,柏,柏駅前,122173,千葉県,柏市,中央町,2023-06-03,15,駐車（輪）場,駐車（輪）場,40歳代,その他,施錠せず
窃盗,自転車盗,柏,柏駅前,122173,千葉県,柏市,中央町,2023-07-10,07,駐車（輪）場,駐車（輪）場,20歳代,その他,施錠した
窃盗,自転車盗,柏,柏駅前,122173,千葉県,柏市,中央町,2023-07-30,14,駐車（輪）場,駐車（輪）場,20歳代,その他,施錠せず
窃盗,自転車盗,柏,柏駅前,122173,千葉県,柏市,中央町,2023-07-30,18,駐車（輪）場,駐車（輪）場,10歳代,高校生,施錠せず
窃盗,自転車盗,柏,柏駅前,122173,千葉県,柏市,中央町,2023-08-21,01,駐車（輪）場,駐車（輪）場,30歳代,その他,施錠せず
窃盗,自転車盗,柏,柏駅前,122173,千葉県,柏市,中央町,2023-09-12,20,その他,駐車（輪）場,20歳代,その他,施錠せず
窃盗,自転車盗,柏,柏駅前,122173,千葉県,柏市,中央町,2023-09-13,06,駐車（輪）場,駐車（輪）場,10歳代,中学生,施錠せず
窃盗,自転車盗,柏,柏駅前,122173,千葉県,柏市,中央町,2023-09-13,08,駐車（輪）場,駐車（輪）場,10歳代,その他,施錠せず
窃盗,自転車盗,柏,柏駅前,122173,千葉県,柏市,中央町,2023-09-30,02,その他の住宅（３階建て以下共同住宅等）,駐車（輪）場,70歳以上,その他,施錠した
窃盗,自転車盗,柏,柏駅前,122173,千葉県,柏市,中央町,2023-10-02,09,道路上,その他,50歳代,その他,施錠せず
窃盗,自転車盗,柏,柏駅前,122173,千葉県,柏市,中央町,2023-11-27,16,駐車（輪）場,駐車（輪）場,20歳代,大学生,施錠せず
窃盗,自転車盗,柏,柏駅前,122173,千葉県,柏市,富里１丁目,2023-07-01,15,その他の住宅（３階建て以下共同住宅等）,駐車（輪）場,20歳代,その他,施錠せず
窃盗,自転車盗,柏,柏駅前,122173,千葉県,柏市,富里２丁目,2023-10-17,03,４階建て以上共同住宅,駐車（輪）場,10歳代,小学生,施錠した
窃盗,自転車盗,柏,柏駅前,122173,千葉県,柏市,富里２丁目,2023-11-02,19,その他の住宅（３階建て以下共同住宅等）,駐車（輪）場,30歳代,その他,施錠した
窃盗,自転車盗,柏,柏駅前,122173,千葉県,柏市,富里２丁目,2023-11-03,13,その他,その他,10歳代,中学生,施錠せず
窃盗,自転車盗,柏,柏駅前,122173,千葉県,柏市,根戸,2023-11-29,18,一戸建住宅,その他,40歳代,その他,施錠せず
窃盗,自転車盗,柏,柏駅前,122173,千葉県,柏市,松葉町１丁目,2022-12-28,17,４階建て以上共同住宅,駐車（輪）場,40歳代,その他,施錠せず
窃盗,自転車盗,柏,泉,122173,千葉県,柏市,岩井,2023-10-04,07,その他,駐車（輪）場,10歳代,高校生,施錠した
窃盗,自転車盗,柏,緑ヶ丘,122173,千葉県,柏市,東１丁目,2023-01-25,22,その他,駐車（輪）場,10歳代,大学生,施錠した
窃盗,自転車盗,柏,緑ヶ丘,122173,千葉県,柏市,東２丁目,2023-07-01,16,その他の住宅（３階建て以下共同住宅等）,駐車（輪）場,30歳代,その他,施錠した
窃盗,自転車盗,柏,緑ヶ丘,122173,千葉県,柏市,東２丁目,2023-09-22,17,その他の住宅（３階建て以下共同住宅等）,駐車（輪）場,20歳代,その他,施錠せず
窃盗,自転車盗,柏,緑ヶ丘,122173,千葉県,柏市,東２丁目,2023-10-17,18,一戸建住宅,その他,30歳代,その他,施錠した
窃盗,自転車盗,柏,緑ヶ丘,122173,千葉県,柏市,東台本町,2023-06-26,20,その他の住宅（３階建て以下共同住宅等）,その他,20歳代,その他,施錠せず
窃盗,自転車盗,柏,緑ヶ丘,122173,千葉県,柏市,東台本町,2023-06-26,20,その他の住宅（３階建て以下共同住宅等）,その他,20歳代,その他,施錠せず
窃盗,自転車盗,柏,緑ヶ丘,122173,千葉県,柏市,大塚町,2023-06-24,21,その他の住宅（３階建て以下共同住宅等）,駐車（輪）場,20歳代,その他,施錠せず
窃盗,自転車盗,柏,緑ヶ丘,122173,千葉県,柏市,大塚町,2023-09-29,20,一戸建住宅,その他,60-64歳,その他,施錠せず
窃盗,自転車盗,柏,緑ヶ丘,122173,千葉県,柏市,柏,2023-01-17,18,その他の住宅（３階建て以下共同住宅等）,駐車（輪）場,30歳代,その他,施錠せず
窃盗,自転車盗,柏,緑ヶ丘,122173,千葉県,柏市,柏,2023-02-27,11,その他の住宅（３階建て以下共同住宅等）,駐車（輪）場,10歳代,高校生,施錠せず
窃盗,自転車盗,柏,緑ヶ丘,122173,千葉県,柏市,柏,2023-03-12,07,４階建て以上共同住宅,駐車（輪）場,50歳代,その他,施錠した
窃盗,自転車盗,柏,緑ヶ丘,122173,千葉県,柏市,柏,2023-07-05,22,その他の住宅（３階建て以下共同住宅等）,駐車（輪）場,10歳代,その他,施錠せず
窃盗,自転車盗,柏,緑ヶ丘,122173,千葉県,柏市,柏,2023-09-17,20,一戸建住宅,駐車（輪）場,50歳代,その他,施錠した
窃盗,自転車盗,柏,緑ヶ丘,122173,千葉県,柏市,柏,2023-09-27,00,その他の住宅（３階建て以下共同住宅等）,駐車（輪）場,20歳代,その他,施錠せず
窃盗,自転車盗,柏,緑ヶ丘,122173,千葉県,柏市,柏,2023-11-01,19,一戸建住宅,駐車（輪）場,60-64歳,その他,施錠せず
窃盗,自転車盗,柏,緑ヶ丘,122173,千葉県,柏市,関場町,2023-09-08,17,一戸建住宅,その他,10歳代,大学生,施錠せず
窃盗,自転車盗,柏,緑ヶ丘,122173,千葉県,柏市,関場町,2023-11-01,13,一戸建住宅,駐車（輪）場,60-64歳,その他,施錠した
窃盗,自転車盗,柏,緑ヶ丘,122173,千葉県,柏市,千代田１丁目,2023-02-22,17,道路上,その他,10歳代,中学生,施錠せず
窃盗,自転車盗,柏,緑ヶ丘,122173,千葉県,柏市,千代田１丁目,2023-05-02,15,その他の住宅（３階建て以下共同住宅等）,駐車（輪）場,40歳代,その他,施錠した
窃盗,自転車盗,柏,緑ヶ丘,122173,千葉県,柏市,千代田２丁目,2023-08-12,22,その他の住宅（３階建て以下共同住宅等）,駐車（輪）場,40歳代,その他,施錠せず
窃盗,自転車盗,柏,緑ヶ丘,122173,千葉県,柏市,千代田２丁目,2023-11-04,18,その他の住宅（３階建て以下共同住宅等）,駐車（輪）場,40歳代,その他,施錠した
窃盗,自転車盗,柏,緑ヶ丘,122173,千葉県,柏市,千代田２丁目,2023-11-11,18,その他の住宅（３階建て以下共同住宅等）,駐車（輪）場,40歳代,その他,施錠した
窃盗,自転車盗,柏,緑ヶ丘,122173,千葉県,柏市,常盤台,2023-09-06,21,一戸建住宅,駐車（輪）場,60-64歳,その他,施錠した
窃盗,自転車盗,柏,緑ヶ丘,122173,千葉県,柏市,戸張,2023-01-20,20,その他,その他,10歳代,高校生,施錠せず
窃盗,自転車盗,柏,緑ヶ丘,122173,千葉県,柏市,戸張,2023-09-20,21,その他の住宅（３階建て以下共同住宅等）,駐車（輪）場,30歳代,その他,施錠した
窃盗,自転車盗,柏,緑ヶ丘,122173,千葉県,柏市,戸張,2023-11-20,22,道路上,その他,10歳代,高校生,施錠せず
窃盗,自転車盗,柏,緑ヶ丘,122173,千葉県,柏市,豊住４丁目,2023-12-01,23,一戸建住宅,その他,10歳代,大学生,施錠せず
窃盗,自転車盗,柏,緑ヶ丘,122173,千葉県,柏市,八幡町,2023-08-03,14,その他の住宅（３階建て以下共同住宅等）,その他,20歳代,その他,施錠せず
窃盗,自転車盗,柏,緑ヶ丘,122173,千葉県,柏市,緑ケ丘,2023-09-15,21,その他の住宅（３階建て以下共同住宅等）,駐車（輪）場,20歳代,その他,施錠した
窃盗,自転車盗,柏,緑ヶ丘,122173,千葉県,柏市,緑ケ丘,2023-09-27,18,その他,駐車（輪）場,65-69歳,その他,施錠せず
窃盗,自転車盗,柏,緑ヶ丘,122173,千葉県,柏市,緑ケ丘,2023-12-11,17,一戸建住宅,駐車（輪）場,70歳以上,その他,施錠せず
窃盗,自転車盗,柏,緑ヶ丘,122173,千葉県,柏市,弥生町,2023-06-29,23,道路上,その他,20歳代,大学生,施錠した
窃盗,自転車盗,柏,緑ヶ丘,122173,千葉県,柏市,若葉町,2023-04-19,18,その他の住宅（３階建て以下共同住宅等）,駐車（輪）場,20歳代,その他,施錠した
窃盗,自転車盗,柏,緑ヶ丘,122173,千葉県,柏市,若葉町,2023-09-21,18,その他,駐車（輪）場,20歳代,その他,施錠せず
窃盗,自転車盗,柏,緑ヶ丘,122173,千葉県,柏市,若葉町,2023-09-28,17,その他,駐車（輪）場,20歳代,大学生,施錠せず
窃盗,自転車盗,柏,緑ヶ丘,122173,千葉県,柏市,若葉町,2023-10-06,19,一戸建住宅,駐車（輪）場,30歳代,その他,施錠せず
窃盗,自転車盗,柏,緑ヶ丘,122173,千葉県,柏市,若葉町,2023-10-22,12,その他,駐車（輪）場,10歳代,高校生,施錠せず
窃盗,自転車盗,柏,船戸,122173,千葉県,柏市,布施,2022-12-25,13,４階建て以上共同住宅,駐車（輪）場,60-64歳,その他,施錠した
窃盗,自転車盗,柏,船戸,122173,千葉県,柏市,船戸,2023-04-17,08,一戸建住宅,その他,70歳以上,その他,施錠せず
窃盗,自転車盗,柏,花野井,122173,千葉県,柏市,大室,2023-07-20,13,その他,その他,10歳代,中学生,施錠せず
窃盗,自転車盗,柏,花野井,122173,千葉県,柏市,大室２丁目,2023-01-16,19,一戸建住宅,その他,10歳代,中学生,施錠せず
窃盗,自転車盗,柏,花野井,122173,千葉県,柏市,大室３丁目,2023-02-07,21,その他の住宅（３階建て以下共同住宅等）,駐車（輪）場,30歳代,その他,施錠せず
窃盗,自転車盗,柏,花野井,122173,千葉県,柏市,小青田,2023-04-20,17,駐車（輪）場,駐車（輪）場,10歳代,高校生,施錠した
窃盗,自転車盗,柏,花野井,122173,千葉県,柏市,小青田５丁目,2023-07-06,11,その他,駐車（輪）場,10歳代,高校生,施錠せず
窃盗,自転車盗,柏,花野井,122173,千葉県,柏市,小青田５丁目,2023-09-09,11,駐車（輪）場,駐車（輪）場,10歳代,高校生,施錠せず
窃盗,自転車盗,柏,花野井,122173,千葉県,柏市,小青田５丁目,2023-09-11,20,駐車（輪）場,駐車（輪）場,10歳代,高校生,施錠した
窃盗,自転車盗,柏,花野井,122173,千葉県,柏市,小青田５丁目,2023-10-17,14,駐車（輪）場,駐車（輪）場,10歳代,高校生,施錠した
窃盗,自転車盗,柏,花野井,122173,千葉県,柏市,花野井,2023-04-24,19,その他の住宅（３階建て以下共同住宅等）,駐車（輪）場,30歳代,その他,施錠した
窃盗,自転車盗,柏,花野井,122173,千葉県,柏市,花野井,2023-06-05,18,その他の住宅（３階建て以下共同住宅等）,駐車（輪）場,20歳代,その他,施錠した
窃盗,自転車盗,柏,花野井,122173,千葉県,柏市,花野井,2023-07-09,17,一戸建住宅,その他,30歳代,その他,施錠した
窃盗,自転車盗,柏,花野井,122173,千葉県,柏市,花野井,2023-09-27,18,その他の住宅（３階建て以下共同住宅等）,駐車（輪）場,40歳代,その他,施錠した
窃盗,自転車盗,柏,藤ヶ谷,122173,千葉県,柏市,藤ケ谷,2023-01-10,不明,その他の住宅（３階建て以下共同住宅等）,駐車（輪）場,65-69歳,その他,施錠した
窃盗,自転車盗,柏,豊四季駅前,122173,千葉県,柏市,篠籠田,2023-06-15,20,その他の住宅（３階建て以下共同住宅等）,駐車（輪）場,30歳代,その他,施錠した
窃盗,自転車盗,柏,豊四季駅前,122173,千葉県,柏市,篠籠田,2023-07-05,19,その他の住宅（３階建て以下共同住宅等）,駐車（輪）場,30歳代,その他,施錠した
窃盗,自転車盗,柏,豊四季駅前,122173,千葉県,柏市,篠籠田,2023-07-19,08,その他の住宅（３階建て以下共同住宅等）,駐車（輪）場,10歳代,大学生,施錠せず
窃盗,自転車盗,柏,豊四季駅前,122173,千葉県,柏市,篠籠田,2023-11-23,17,その他の住宅（３階建て以下共同住宅等）,その他,10歳代,大学生,施錠せず
窃盗,自転車盗,柏,豊四季駅前,122173,千葉県,柏市,高田,2023-02-19,16,その他の住宅（３階建て以下共同住宅等）,駐車（輪）場,20歳代,その他,施錠した
窃盗,自転車盗,柏,豊四季駅前,122173,千葉県,柏市,豊上町,2023-07-18,18,４階建て以上共同住宅,駐車（輪）場,30歳代,その他,施錠せず
窃盗,自転車盗,柏,豊四季駅前,122173,千葉県,柏市,豊上町,2023-08-16,21,４階建て以上共同住宅,駐車（輪）場,10歳代,中学生,施錠せず
窃盗,自転車盗,柏,豊四季駅前,122173,千葉県,柏市,豊四季,2023-02-05,12,その他の住宅（３階建て以下共同住宅等）,駐車（輪）場,30歳代,その他,施錠せず
窃盗,自転車盗,柏,豊四季駅前,122173,千葉県,柏市,豊四季,2023-02-08,11,その他の住宅（３階建て以下共同住宅等）,その他,20歳代,その他,施錠せず
窃盗,自転車盗,柏,豊四季駅前,122173,千葉県,柏市,豊四季,2023-02-14,20,４階建て以上共同住宅,駐車（輪）場,10歳代,高校生,施錠せず
窃盗,自転車盗,柏,豊四季駅前,122173,千葉県,柏市,豊四季,2023-02-17,07,その他,駐車（輪）場,10歳代,高校生,施錠せず
窃盗,自転車盗,柏,豊四季駅前,122173,千葉県,柏市,豊四季,2023-03-09,14,その他,駐車（輪）場,10歳代,中学生,施錠した
窃盗,自転車盗,柏,豊四季駅前,122173,千葉県,柏市,豊四季,2023-03-14,20,その他の住宅（３階建て以下共同住宅等）,駐車（輪）場,20歳代,その他,施錠した
窃盗,自転車盗,柏,豊四季駅前,122173,千葉県,柏市,豊四季,2023-04-15,18,４階建て以上共同住宅,駐車（輪）場,40歳代,その他,施錠した
窃盗,自転車盗,柏,豊四季駅前,122173,千葉県,柏市,豊四季,2023-04-28,06,一戸建住宅,その他,30歳代,その他,施錠した
窃盗,自転車盗,柏,豊四季駅前,122173,千葉県,柏市,豊四季,2023-05-04,08,駐車（輪）場,駐車（輪）場,10歳代,高校生,施錠した
窃盗,自転車盗,柏,豊四季駅前,122173,千葉県,柏市,豊四季,2023-05-04,16,駐車（輪）場,駐車（輪）場,10歳代,大学生,施錠せず
窃盗,自転車盗,柏,豊四季駅前,122173,千葉県,柏市,豊四季,2023-05-09,20,その他の住宅（３階建て以下共同住宅等）,駐車（輪）場,30歳代,その他,施錠せず
窃盗,自転車盗,柏,豊四季駅前,122173,千葉県,柏市,豊四季,2023-06-05,18,４階建て以上共同住宅,駐車（輪）場,20歳代,その他,施錠せず
窃盗,自転車盗,柏,豊四季駅前,122173,千葉県,柏市,豊四季,2023-06-13,20,その他の住宅（３階建て以下共同住宅等）,その他,20歳代,その他,施錠せず
窃盗,自転車盗,柏,豊四季駅前,122173,千葉県,柏市,豊四季,2023-07-30,08,駐車（輪）場,駐車（輪）場,10歳代,高校生,施錠した
窃盗,自転車盗,柏,豊四季駅前,122173,千葉県,柏市,豊四季,2023-08-24,10,駐車（輪）場,駐車（輪）場,50歳代,その他,施錠した
窃盗,自転車盗,柏,豊四季駅前,122173,千葉県,柏市,豊四季,2023-09-15,18,駐車（輪）場,駐車（輪）場,20歳代,大学生,施錠せず
窃盗,自転車盗,柏,豊四季駅前,122173,千葉県,柏市,豊四季,2023-09-16,17,道路上,その他,50歳代,その他,施錠せず
窃盗,自転車盗,柏,豊四季駅前,122173,千葉県,柏市,豊四季,2023-09-17,18,一戸建住宅,駐車（輪）場,30歳代,その他,施錠せず
窃盗,自転車盗,柏,豊四季駅前,122173,千葉県,柏市,豊四季,2023-09-18,07,駐車（輪）場,駐車（輪）場,10歳代,中学生,施錠せず
窃盗,自転車盗,柏,豊四季駅前,122173,千葉県,柏市,豊四季,2023-10-01,22,その他の住宅（３階建て以下共同住宅等）,駐車（輪）場,20歳代,大学生,施錠せず
窃盗,自転車盗,柏,豊四季駅前,122173,千葉県,柏市,豊四季,2023-10-04,19,その他の住宅（３階建て以下共同住宅等）,駐車（輪）場,20歳代,その他,施錠せず
窃盗,自転車盗,柏,豊四季駅前,122173,千葉県,柏市,豊四季,2023-10-31,10,駐車（輪）場,駐車（輪）場,10歳代,大学生,施錠せず
窃盗,自転車盗,柏,豊四季駅前,122173,千葉県,柏市,豊四季,2023-11-11,16,一戸建住宅,その他,30歳代,その他,施錠せず
窃盗,自転車盗,柏,高柳,122173,千葉県,柏市,高南台３丁目,2023-04-16,18,その他の住宅（３階建て以下共同住宅等）,駐車（輪）場,10歳代,中学生,施錠せず
窃盗,自転車盗,柏,高柳,122173,千葉県,柏市,高南台３丁目,2023-09-30,22,その他の住宅（３階建て以下共同住宅等）,駐車（輪）場,30歳代,その他,施錠せず
窃盗,自転車盗,柏,高柳,122173,千葉県,柏市,しいの木台４丁目,2023-07-01,18,４階建て以上共同住宅,駐車（輪）場,20歳代,その他,施錠せず
窃盗,自転車盗,柏,高柳,122173,千葉県,柏市,しいの木台５丁目,2022-12-31,15,その他の住宅（３階建て以下共同住宅等）,駐車（輪）場,60-64歳,その他,施錠せず
窃盗,自転車盗,柏,高柳,122173,千葉県,柏市,高柳,2023-01-18,09,その他,駐車（輪）場,20歳代,その他,施錠せず
窃盗,自転車盗,柏,高柳,122173,千葉県,柏市,高柳,2023-03-15,08,駐車（輪）場,駐車（輪）場,10歳代,大学生,施錠せず
窃盗,自転車盗,柏,高柳,122173,千葉県,柏市,高柳,2023-03-30,09,一戸建住宅,その他,20歳代,その他,施錠せず
窃盗,自転車盗,柏,高柳,122173,千葉県,柏市,高柳,2023-06-19,17,駐車（輪）場,駐車（輪）場,40歳代,その他,施錠した
窃盗,自転車盗,柏,高柳,122173,千葉県,柏市,高柳,2023-06-23,19,駐車（輪）場,駐車（輪）場,20歳代,その他,施錠した
窃盗,自転車盗,柏,高柳,122173,千葉県,柏市,高柳,2023-07-08,06,駐車（輪）場,駐車（輪）場,10歳代,高校生,施錠せず
窃盗,自転車盗,柏,高柳,122173,千葉県,柏市,高柳,2023-07-16,18,その他の住宅（３階建て以下共同住宅等）,駐車（輪）場,20歳代,その他,施錠した
窃盗,自転車盗,柏,高柳,122173,千葉県,柏市,高柳,2023-08-02,14,その他,駐車（輪）場,10歳代,大学生,施錠した
窃盗,自転車盗,柏,高柳,122173,千葉県,柏市,高柳,2023-08-02,17,その他,駐車（輪）場,40歳代,その他,施錠した
窃盗,自転車盗,柏,高柳,122173,千葉県,柏市,高柳,2023-08-10,11,駐車（輪）場,駐車（輪）場,20歳代,その他,施錠した
窃盗,自転車盗,柏,高柳,122173,千葉県,柏市,高柳,2023-08-12,18,一戸建住宅,その他,65-69歳,その他,施錠せず
窃盗,自転車盗,柏,高柳,122173,千葉県,柏市,高柳,2023-08-13,14,駐車（輪）場,駐車（輪）場,20歳代,その他,施錠せず
窃盗,自転車盗,柏,高柳,122173,千葉県,柏市,高柳,2023-08-19,08,駐車（輪）場,駐車（輪）場,20歳代,その他,施錠せず
窃盗,自転車盗,柏,高柳,122173,千葉県,柏市,高柳,2023-09-05,17,その他,駐車（輪）場,20歳代,その他,施錠した
窃盗,自転車盗,柏,高柳,122173,千葉県,柏市,高柳,2023-09-14,18,駐車（輪）場,駐車（輪）場,10歳代,大学生,施錠せず
窃盗,自転車盗,柏,高柳,122173,千葉県,柏市,高柳,2023-09-21,06,駐車（輪）場,駐車（輪）場,20歳代,その他,施錠せず
窃盗,自転車盗,柏,高柳,122173,千葉県,柏市,高柳,2023-09-22,09,駐車（輪）場,駐車（輪）場,20歳代,大学生,施錠せず
窃盗,自転車盗,柏,高柳,122173,千葉県,柏市,高柳,2023-09-28,07,駐車（輪）場,駐車（輪）場,10歳代,高校生,施錠せず
窃盗,自転車盗,柏,高柳,122173,千葉県,柏市,高柳,2023-10-30,09,駐車（輪）場,駐車（輪）場,20歳代,大学生,施錠せず
窃盗,自転車盗,柏,高柳,122173,千葉県,柏市,高柳,2023-12-02,18,駐車（輪）場,駐車（輪）場,20歳代,その他,施錠した
窃盗,自転車盗,柏,高柳,122173,千葉県,柏市,高柳１丁目,2023-06-30,15,その他,駐車（輪）場,10歳代,高校生,施錠せず
窃盗,自転車盗,柏,高柳,122173,千葉県,柏市,高柳１丁目,2023-08-14,07,駐車（輪）場,駐車（輪）場,20歳代,その他,施錠せず
窃盗,自転車盗,柏,高柳,122173,千葉県,柏市,高柳１丁目,2023-09-16,16,その他,駐車（輪）場,10歳代,高校生,施錠せず
窃盗,自転車盗,柏,高柳,122173,千葉県,柏市,高柳１丁目,2023-09-27,21,その他,駐車（輪）場,10歳代,高校生,施錠せず
窃盗,自転車盗,柏,高柳,122173,千葉県,柏市,南高柳,2023-01-31,21,一戸建住宅,駐車（輪）場,50歳代,その他,施錠した
窃盗,自転車盗,柏,高田原,122173,千葉県,柏市,高田,2023-04-10,17,その他,駐車（輪）場,20歳代,大学生,施錠せず
窃盗,自転車盗,柏,高田原,122173,千葉県,柏市,高田,2023-09-17,14,その他,駐車（輪）場,10歳代,高校生,施錠せず
窃盗,自転車盗,柏,高田原,122173,千葉県,柏市,十余二,2023-04-18,08,その他,その他,50歳代,その他,施錠せず
窃盗,自転車盗,柏,高田原,122173,千葉県,柏市,十余二,2023-07-03,08,その他,その他,法人・団体、被害者なし,法人・団体、被害者なし,施錠せず
窃盗,自転車盗,柏,高田原,122173,千葉県,柏市,伊勢原１丁目,2023-07-21,23,その他の住宅（３階建て以下共同住宅等）,駐車（輪）場,20歳代,大学生,施錠せず
窃盗,自転車盗,柏,高田原,122173,千葉県,柏市,西柏台２丁目,2023-06-13,21,一戸建住宅,その他,10歳代,中学生,施錠せず
窃盗,自転車盗,柏,高田原,122173,千葉県,柏市,西柏台２丁目,2023-06-14,18,４階建て以上共同住宅,駐車（輪）場,10歳未満,小学生,施錠せず
窃盗,自転車盗,柏,高田原,122173,千葉県,柏市,西原２丁目,2023-08-13,19,その他の住宅（３階建て以下共同住宅等）,駐車（輪）場,20歳代,大学生,施錠せず
窃盗,自転車盗,柏,高田原,122173,千葉県,柏市,西原３丁目,2023-09-20,09,その他,駐車（輪）場,70歳以上,その他,施錠せず
窃盗,自転車盗,柏,高田原,122173,千葉県,柏市,西原４丁目,2023-04-16,18,一戸建住宅,駐車（輪）場,20歳代,その他,施錠した
窃盗,自転車盗,佐倉,ユーカリが丘,122122,千葉県,佐倉市,上座,2023-01-18,08,駐車（輪）場,駐車（輪）場,10歳代,高校生,施錠せず
窃盗,自転車盗,佐倉,ユーカリが丘,122122,千葉県,佐倉市,上座,2023-01-20,07,駐車（輪）場,駐車（輪）場,10歳代,高校生,施錠せず
窃盗,自転車盗,佐倉,ユーカリが丘,122122,千葉県,佐倉市,上座,2023-06-25,10,駐車（輪）場,駐車（輪）場,10歳代,高校生,施錠せず
窃盗,自転車盗,佐倉,ユーカリが丘,122122,千葉県,佐倉市,上座,2023-07-31,08,駐車（輪）場,駐車（輪）場,20歳代,その他,施錠せず
窃盗,自転車盗,佐倉,ユーカリが丘,122122,千葉県,佐倉市,上座,2023-10-11,07,駐車（輪）場,駐車（輪）場,10歳代,高校生,施錠せず
窃盗,自転車盗,佐倉,ユーカリが丘,122122,千葉県,佐倉市,上座,2023-12-25,07,駐車（輪）場,駐車（輪）場,10歳代,高校生,施錠せず
窃盗,自転車盗,佐倉,ユーカリが丘,122122,千葉県,佐倉市,ユーカリが丘３丁目,2023-11-21,16,その他,駐車（輪）場,10歳代,高校生,施錠せず
窃盗,自転車盗,佐倉,ユーカリが丘,122122,千葉県,佐倉市,ユーカリが丘４丁目,2023-01-25,16,その他,駐車（輪）場,10歳代,高校生,施錠せず
窃盗,自転車盗,佐倉,ユーカリが丘,122122,千葉県,佐倉市,ユーカリが丘４丁目,2023-02-23,09,道路上,その他,10歳代,高校生,施錠せず
窃盗,自転車盗,佐倉,ユーカリが丘,122122,千葉県,佐倉市,ユーカリが丘４丁目,2023-03-14,13,道路上,その他,10歳代,中学生,施錠せず
窃盗,自転車盗,佐倉,ユーカリが丘,122122,千葉県,佐倉市,ユーカリが丘４丁目,2023-04-14,07,その他,駐車（輪）場,10歳代,高校生,施錠せず
窃盗,自転車盗,佐倉,ユーカリが丘,122122,千葉県,佐倉市,ユーカリが丘４丁目,2023-06-30,15,その他,駐車（輪）場,10歳代,大学生,施錠せず
窃盗,自転車盗,佐倉,ユーカリが丘,122122,千葉県,佐倉市,ユーカリが丘４丁目,2023-08-01,15,その他,駐車（輪）場,10歳代,高校生,施錠せず
窃盗,自転車盗,佐倉,ユーカリが丘,122122,千葉県,佐倉市,ユーカリが丘４丁目,2023-08-14,13,その他,駐車（輪）場,10歳代,高校生,施錠した
窃盗,自転車盗,佐倉,ユーカリが丘,122122,千葉県,佐倉市,ユーカリが丘４丁目,2023-08-14,13,その他,駐車（輪）場,10歳代,高校生,施錠せず
窃盗,自転車盗,佐倉,ユーカリが丘,122122,千葉県,佐倉市,ユーカリが丘４丁目,2023-09-16,18,道路上,その他,10歳代,高校生,施錠せず
窃盗,自転車盗,佐倉,ユーカリが丘,122122,千葉県,佐倉市,ユーカリが丘４丁目,2023-09-17,09,その他,駐車（輪）場,10歳代,その他,施錠せず
窃盗,自転車盗,佐倉,ユーカリが丘,122122,千葉県,佐倉市,ユーカリが丘４丁目,2023-10-05,07,その他,駐車（輪）場,10歳代,高校生,施錠した
窃盗,自転車盗,佐倉,ユーカリが丘,122122,千葉県,佐倉市,ユーカリが丘４丁目,2023-10-12,17,その他,駐車（輪）場,10歳代,高校生,施錠した
窃盗,自転車盗,佐倉,ユーカリが丘,122122,千葉県,佐倉市,ユーカリが丘４丁目,2023-10-16,18,その他,駐車（輪）場,10歳代,中学生,施錠せず
窃盗,自転車盗,佐倉,ユーカリが丘,122122,千葉県,佐倉市,ユーカリが丘４丁目,2023-11-02,20,その他,駐車（輪）場,10歳代,中学生,施錠せず
窃盗,自転車盗,佐倉,ユーカリが丘,122122,千葉県,佐倉市,ユーカリが丘４丁目,2023-11-15,17,駐車（輪）場,駐車（輪）場,10歳代,高校生,施錠せず
窃盗,自転車盗,佐倉,ユーカリが丘,122122,千葉県,佐倉市,ユーカリが丘４丁目,2023-12-25,09,その他,駐車（輪）場,10歳代,高校生,施錠した
窃盗,自転車盗,佐倉,ユーカリが丘,122122,千葉県,佐倉市,ユーカリが丘５丁目,2022-12-29,15,４階建て以上共同住宅,駐車（輪）場,10歳代,中学生,施錠せず
窃盗,自転車盗,佐倉,ユーカリが丘,122122,千葉県,佐倉市,南ユーカリが丘,2023-09-26,19,道路上,その他,10歳代,高校生,施錠せず
窃盗,自転車盗,佐倉,ユーカリが丘,122122,千葉県,佐倉市,西ユーカリが丘６丁目,2023-02-26,17,その他,駐車（輪）場,10歳代,中学生,施錠せず
窃盗,自転車盗,佐倉,ユーカリが丘,122122,千葉県,佐倉市,西ユーカリが丘６丁目,2023-04-06,16,その他,その他,30歳代,その他,施錠した
窃盗,自転車盗,佐倉,ユーカリが丘,122122,千葉県,佐倉市,西ユーカリが丘６丁目,2023-04-17,09,その他,駐車（輪）場,20歳代,その他,施錠せず
窃盗,自転車盗,佐倉,ユーカリが丘,122122,千葉県,佐倉市,西ユーカリが丘６丁目,2023-08-23,13,その他,駐車（輪）場,10歳代,中学生,施錠せず
窃盗,自転車盗,佐倉,ユーカリが丘,122122,千葉県,佐倉市,西ユーカリが丘６丁目,2023-10-01,07,その他,その他,30歳代,その他,施錠せず
窃盗,自転車盗,佐倉,ユーカリが丘,122122,千葉県,佐倉市,西ユーカリが丘６丁目,2023-10-02,15,その他,駐車（輪）場,10歳代,中学生,施錠せず
窃盗,自転車盗,佐倉,ユーカリが丘,122122,千葉県,佐倉市,西ユーカリが丘６丁目,2023-11-30,18,その他,駐車（輪）場,10歳代,高校生,施錠せず
窃盗,自転車盗,佐倉,ユーカリが丘,122122,千葉県,佐倉市,西ユーカリが丘６丁目,2023-12-20,12,その他,駐車（輪）場,10歳代,高校生,施錠せず
窃盗,自転車盗,佐倉,中志津,122122,千葉県,佐倉市,中志津２丁目,2023-04-06,21,その他,その他,20歳代,その他,施錠した
窃盗,自転車盗,佐倉,京成佐倉駅前,122122,千葉県,佐倉市,栄町,2023-08-11,06,駐車（輪）場,駐車（輪）場,10歳代,高校生,施錠せず
窃盗,自転車盗,佐倉,京成佐倉駅前,122122,千葉県,佐倉市,栄町,2023-08-21,05,駐車（輪）場,駐車（輪）場,10歳代,高校生,施錠せず
窃盗,自転車盗,佐倉,京成佐倉駅前,122122,千葉県,佐倉市,将門町,2023-11-05,09,一戸建住宅,駐車（輪）場,70歳以上,その他,施錠せず
窃盗,自転車盗,佐倉,京成佐倉駅前,122122,千葉県,佐倉市,宮前３丁目,2023-02-27,07,駐車（輪）場,駐車（輪）場,50歳代,その他,施錠した
窃盗,自転車盗,佐倉,京成佐倉駅前,122122,千葉県,佐倉市,宮前３丁目,2023-07-28,10,駐車（輪）場,駐車（輪）場,10歳代,その他,施錠せず
窃盗,自転車盗,佐倉,京成佐倉駅前,122122,千葉県,佐倉市,宮前３丁目,2023-08-04,07,その他の住宅（３階建て以下共同住宅等）,駐車（輪）場,40歳代,その他,施錠した
窃盗,自転車盗,佐倉,京成佐倉駅前,122122,千葉県,佐倉市,宮前３丁目,2023-08-04,07,その他の住宅（３階建て以下共同住宅等）,駐車（輪）場,40歳代,その他,施錠した
窃盗,自転車盗,佐倉,京成佐倉駅前,122122,千葉県,佐倉市,大崎台４丁目,2023-06-16,19,一戸建住宅,駐車（輪）場,10歳代,大学生,施錠せず
窃盗,自転車盗,佐倉,京成佐倉駅前,122122,千葉県,佐倉市,表町３丁目,2023-07-26,20,その他の住宅（３階建て以下共同住宅等）,その他,30歳代,その他,施錠した
窃盗,自転車盗,佐倉,京成志津駅前,122122,千葉県,佐倉市,井野,2022-09-22,17,駐車（輪）場,駐車（輪）場,10歳代,大学生,施錠せず
窃盗,自転車盗,佐倉,京成志津駅前,122122,千葉県,佐倉市,井野,2023-01-19,19,その他,駐車（輪）場,10歳代,大学生,施錠せず
窃盗,自転車盗,佐倉,京成志津駅前,122122,千葉県,佐倉市,井野,2023-04-30,06,道路上,その他,10歳代,高校生,施錠した
窃盗,自転車盗,佐倉,京成志津駅前,122122,千葉県,佐倉市,井野,2023-05-31,20,その他,駐車（輪）場,10歳代,大学生,施錠せず
窃盗,自転車盗,佐倉,京成志津駅前,122122,千葉県,佐倉市,井野,2023-06-24,09,その他,駐車（輪）場,20歳代,大学生,施錠せず
窃盗,自転車盗,佐倉,京成志津駅前,122122,千葉県,佐倉市,井野,2023-08-24,16,４階建て以上共同住宅,その他,10歳代,高校生,施錠せず
窃盗,自転車盗,佐倉,京成志津駅前,122122,千葉県,佐倉市,井野,2023-09-19,17,その他,駐車（輪）場,10歳代,高校生,施錠せず
窃盗,自転車盗,佐倉,京成志津駅前,122122,千葉県,佐倉市,井野,2023-11-03,06,駐車（輪）場,駐車（輪）場,20歳代,その他,施錠せず
窃盗,自転車盗,佐倉,京成志津駅前,122122,千葉県,佐倉市,井野,2023-11-07,21,４階建て以上共同住宅,駐車（輪）場,10歳代,大学生,施錠せず
窃盗,自転車盗,佐倉,京成志津駅前,122122,千葉県,佐倉市,井野,2023-11-25,15,その他,駐車（輪）場,10歳代,高校生,施錠せず
窃盗,自転車盗,佐倉,京成志津駅前,122122,千葉県,佐倉市,井野,2023-12-01,19,その他,駐車（輪）場,10歳代,高校生,施錠せず
窃盗,自転車盗,佐倉,京成志津駅前,122122,千葉県,佐倉市,井野,2023-12-16,18,その他,その他,50歳代,その他,施錠せず
窃盗,自転車盗,佐倉,京成志津駅前,122122,千葉県,佐倉市,上志津,2023-01-22,13,その他,駐車（輪）場,20歳代,その他,施錠せず
窃盗,自転車盗,佐倉,京成志津駅前,122122,千葉県,佐倉市,上志津,2023-03-26,14,４階建て以上共同住宅,駐車（輪）場,30歳代,その他,施錠せず
窃盗,自転車盗,佐倉,京成志津駅前,122122,千葉県,佐倉市,上志津,2023-04-02,12,４階建て以上共同住宅,駐車（輪）場,10歳代,高校生,施錠せず
窃盗,自転車盗,佐倉,京成志津駅前,122122,千葉県,佐倉市,上志津,2023-08-05,19,その他の住宅（３階建て以下共同住宅等）,駐車（輪）場,30歳代,その他,施錠した
窃盗,自転車盗,佐倉,京成志津駅前,122122,千葉県,佐倉市,上志津,2023-08-12,14,その他,駐車（輪）場,30歳代,その他,施錠した
窃盗,自転車盗,佐倉,京成志津駅前,122122,千葉県,佐倉市,上志津,2023-08-16,10,その他,駐車（輪）場,50歳代,その他,施錠せず
窃盗,自転車盗,佐倉,京成志津駅前,122122,千葉県,佐倉市,上志津,2023-08-22,11,その他の住宅（３階建て以下共同住宅等）,駐車（輪）場,30歳代,その他,施錠した
窃盗,自転車盗,佐倉,京成志津駅前,122122,千葉県,佐倉市,上志津,2023-09-03,18,その他の住宅（３階建て以下共同住宅等）,駐車（輪）場,40歳代,その他,施錠せず
窃盗,自転車盗,佐倉,京成志津駅前,122122,千葉県,佐倉市,上志津,2023-12-06,17,その他,駐車（輪）場,20歳代,その他,施錠せず
窃盗,自転車盗,佐倉,京成志津駅前,122122,千葉県,佐倉市,上志津原,2023-07-05,13,一戸建住宅,駐車（輪）場,65-69歳,その他,施錠した
窃盗,自転車盗,佐倉,京成志津駅前,122122,千葉県,佐倉市,上志津原,不明,不明,その他の住宅（３階建て以下共同住宅等）,駐車（輪）場,20歳代,その他,施錠した
窃盗,自転車盗,佐倉,京成志津駅前,122122,千葉県,佐倉市,下志津,2023-01-16,08,その他,駐車（輪）場,10歳代,高校生,施錠した
窃盗,自転車盗,佐倉,京成志津駅前,122122,千葉県,佐倉市,下志津,2023-12-15,08,その他,駐車（輪）場,10歳代,高校生,施錠せず
窃盗,自転車盗,佐倉,京成志津駅前,122122,千葉県,佐倉市,下志津,2023-12-22,08,その他,駐車（輪）場,10歳代,高校生,施錠せず
窃盗,自転車盗,佐倉,京成志津駅前,122122,千葉県,佐倉市,中志津１丁目,2023-04-18,23,一戸建住宅,駐車（輪）場,40歳代,その他,施錠した
窃盗,自転車盗,佐倉,京成志津駅前,122122,千葉県,佐倉市,ユーカリが丘４丁目,2023-01-10,11,その他,その他,10歳代,高校生,施錠せず
窃盗,自転車盗,佐倉,京成志津駅前,122122,千葉県,佐倉市,西志津１丁目,2023-01-29,15,その他の住宅（３階建て以下共同住宅等）,駐車（輪）場,60-64歳,その他,施錠した
窃盗,自転車盗,佐倉,京成志津駅前,122122,千葉県,佐倉市,西志津２丁目,2023-02-09,09,その他,その他,20歳代,その他,施錠せず
窃盗,自転車盗,佐倉,京成志津駅前,122122,千葉県,佐倉市,西志津２丁目,2023-06-17,10,その他の住宅（３階建て以下共同住宅等）,駐車（輪）場,10歳代,中学生,施錠せず
窃盗,自転車盗,佐倉,京成志津駅前,122122,千葉県,佐倉市,西志津３丁目,2023-01-02,08,その他,駐車（輪）場,50歳代,その他,施錠せず
窃盗,自転車盗,佐倉,京成志津駅前,122122,千葉県,佐倉市,西志津３丁目,2023-04-04,19,一戸建住宅,駐車（輪）場,10歳代,小学生,施錠せず
窃盗,自転車盗,佐倉,京成志津駅前,122122,千葉県,佐倉市,西志津４丁目,2023-06-24,17,一戸建住宅,駐車（輪）場,70歳以上,その他,施錠せず
窃盗,自転車盗,佐倉,京成志津駅前,122122,千葉県,佐倉市,西志津５丁目,2023-01-28,17,その他の住宅（３階建て以下共同住宅等）,その他,10歳代,中学生,施錠せず
窃盗,自転車盗,佐倉,京成志津駅前,122122,千葉県,佐倉市,西志津５丁目,2023-08-22,21,その他の住宅（３階建て以下共同住宅等）,駐車（輪）場,30歳代,その他,施錠せず
窃盗,自転車盗,佐倉,京成志津駅前,122122,千葉県,佐倉市,西志津６丁目,2023-07-08,08,一戸建住宅,駐車（輪）場,40歳代,その他,施錠した
窃盗,自転車盗,佐倉,京成志津駅前,122122,千葉県,佐倉市,西志津６丁目,2023-09-08,14,一戸建住宅,駐車（輪）場,60-64歳,その他,施錠した
窃盗,自転車盗,佐倉,京成志津駅前,122122,千葉県,佐倉市,西志津６丁目,2023-09-10,13,一戸建住宅,駐車（輪）場,10歳代,中学生,施錠せず
窃盗,自転車盗,佐倉,佐倉駅前,122122,千葉県,佐倉市,石川,2022-11-06,17,その他の住宅（３階建て以下共同住宅等）,その他,10歳代,中学生,施錠せず
窃盗,自転車盗,佐倉,佐倉駅前,122122,千葉県,佐倉市,石川,2023-03-04,12,その他の住宅（３階建て以下共同住宅等）,その他,20歳代,その他,施錠せず
窃盗,自転車盗,佐倉,佐倉駅前,122122,千葉県,佐倉市,石川,2023-05-21,08,その他の住宅（３階建て以下共同住宅等）,駐車（輪）場,20歳代,その他,施錠せず
窃盗,自転車盗,佐倉,佐倉駅前,122122,千葉県,佐倉市,石川,2023-10-01,13,その他の住宅（３階建て以下共同住宅等）,駐車（輪）場,10歳代,高校生,施錠せず
窃盗,自転車盗,佐倉,佐倉駅前,122122,千葉県,佐倉市,鏑木町１丁目,不明,不明,その他の住宅（３階建て以下共同住宅等）,駐車（輪）場,50歳代,その他,施錠せず
窃盗,自転車盗,佐倉,佐倉駅前,122122,千葉県,佐倉市,鏑木町２丁目,2023-07-27,12,その他の住宅（３階建て以下共同住宅等）,駐車（輪）場,40歳代,その他,施錠した
窃盗,自転車盗,佐倉,佐倉駅前,122122,千葉県,佐倉市,六崎,2023-10-26,18,その他の住宅（３階建て以下共同住宅等）,その他,50歳代,その他,施錠した
窃盗,自転車盗,佐倉,佐倉駅前,122122,千葉県,佐倉市,大崎台１丁目,2023-03-11,11,駐車（輪）場,駐車（輪）場,20歳代,大学生,施錠せず
窃盗,自転車盗,佐倉,佐倉駅前,122122,千葉県,佐倉市,大崎台１丁目,2023-03-24,11,駐車（輪）場,駐車（輪）場,10歳代,高校生,施錠せず
窃盗,自転車盗,佐倉,佐倉駅前,122122,千葉県,佐倉市,大崎台１丁目,2023-07-21,12,駐車（輪）場,駐車（輪）場,20歳代,大学生,施錠せず
窃盗,自転車盗,佐倉,佐倉駅前,122122,千葉県,佐倉市,大崎台１丁目,2023-09-20,17,その他の住宅（３階建て以下共同住宅等）,駐車（輪）場,20歳代,その他,施錠せず
窃盗,自転車盗,佐倉,佐倉駅前,122122,千葉県,佐倉市,大崎台３丁目,2023-01-07,16,その他の住宅（３階建て以下共同住宅等）,駐車（輪）場,50歳代,その他,施錠した
窃盗,自転車盗,佐倉,佐倉駅前,122122,千葉県,佐倉市,山王１丁目,2023-12-01,17,その他の住宅（３階建て以下共同住宅等）,駐車（輪）場,10歳代,大学生,施錠した
窃盗,自転車盗,佐倉,佐倉駅前,122122,千葉県,佐倉市,表町１丁目,2023-02-04,11,駐車（輪）場,駐車（輪）場,10歳代,高校生,施錠せず
窃盗,自転車盗,佐倉,佐倉駅前,122122,千葉県,佐倉市,表町２丁目,2023-06-23,08,４階建て以上共同住宅,駐車（輪）場,30歳代,その他,施錠せず
窃盗,自転車盗,佐倉,佐倉駅前,122122,千葉県,佐倉市,表町３丁目,2023-03-01,12,駐車（輪）場,駐車（輪）場,10歳代,高校生,施錠せず
窃盗,自転車盗,佐倉,佐倉駅前,122122,千葉県,佐倉市,表町３丁目,2023-05-14,07,駐車（輪）場,駐車（輪）場,10歳代,高校生,施錠した
窃盗,自転車盗,佐倉,佐倉駅前,122122,千葉県,佐倉市,表町３丁目,2023-05-26,07,駐車（輪）場,駐車（輪）場,10歳代,その他,施錠せず
窃盗,自転車盗,佐倉,佐倉駅前,122122,千葉県,佐倉市,表町３丁目,2023-11-01,14,その他,駐車（輪）場,10歳代,高校生,施錠した
窃盗,自転車盗,佐倉,佐倉駅前,122122,千葉県,佐倉市,表町４丁目,2023-07-29,04,その他の住宅（３階建て以下共同住宅等）,その他,20歳代,その他,施錠した
窃盗,自転車盗,佐倉,佐倉駅前,122122,千葉県,佐倉市,寺崎北１丁目,2023-08-13,22,その他の住宅（３階建て以下共同住宅等）,駐車（輪）場,40歳代,その他,施錠した
窃盗,自転車盗,佐倉,佐倉駅前,122122,千葉県,佐倉市,寺崎北３丁目,2023-05-04,14,その他,駐車（輪）場,30歳代,その他,施錠した
窃盗,自転車盗,佐倉,佐倉駅前,122122,千葉県,佐倉市,寺崎北３丁目,2023-09-24,16,その他,駐車（輪）場,10歳代,高校生,施錠せず
窃盗,自転車盗,佐倉,佐倉駅前,122122,千葉県,佐倉市,寺崎北４丁目,2023-09-03,11,一戸建住宅,駐車（輪）場,30歳代,その他,施錠せず
窃盗,自転車盗,佐倉,佐倉駅前,122122,千葉県,佐倉市,寺崎北５丁目,2023-06-25,12,その他,駐車（輪）場,10歳代,中学生,施錠せず
窃盗,自転車盗,佐倉,佐倉駅前,122122,千葉県,佐倉市,寺崎北６丁目,2023-11-11,19,その他,その他,10歳代,高校生,施錠せず
窃盗,自転車盗,佐倉,佐倉駅前,122122,千葉県,佐倉市,寺崎北６丁目,2023-12-09,19,その他,駐車（輪）場,10歳代,高校生,施錠せず
窃盗,自転車盗,佐倉,八街幹部,122301,千葉県,八街市,八街ほ,2022-12-12,14,その他の住宅（３階建て以下共同住宅等）,その他,10歳代,高校生,施錠せず
窃盗,自転車盗,佐倉,八街幹部,122301,千葉県,八街市,八街ほ,2023-01-13,17,その他,駐車（輪）場,10歳代,高校生,施錠した
窃盗,自転車盗,佐倉,八街幹部,122301,千葉県,八街市,八街ほ,2023-04-13,07,駐車（輪）場,駐車（輪）場,10歳代,高校生,施錠した
窃盗,自転車盗,佐倉,八街幹部,122301,千葉県,八街市,八街ほ,2023-05-10,17,その他,駐車（輪）場,60-64歳,その他,施錠せず
窃盗,自転車盗,佐倉,八街幹部,122301,千葉県,八街市,八街ほ,2023-06-07,07,駐車（輪）場,駐車（輪）場,10歳代,高校生,施錠せず
窃盗,自転車盗,佐倉,八街幹部,122301,千葉県,八街市,八街ほ,2023-06-15,07,その他の住宅（３階建て以下共同住宅等）,駐車（輪）場,20歳代,大学生,施錠せず
窃盗,自転車盗,佐倉,八街幹部,122301,千葉県,八街市,八街ほ,2023-09-29,13,駐車（輪）場,駐車（輪）場,10歳代,高校生,施錠せず
窃盗,自転車盗,佐倉,八街幹部,122301,千葉県,八街市,八街ほ,2023-10-01,18,一戸建住宅,その他,30歳代,その他,施錠せず
窃盗,自転車盗,佐倉,八街駅前,122301,千葉県,八街市,八街に,2022-12-23,16,４階建て以上共同住宅,駐車（輪）場,10歳代,小学生,施錠せず
窃盗,自転車盗,佐倉,八街駅前,122301,千葉県,八街市,八街に,2023-12-07,13,その他の住宅（３階建て以下共同住宅等）,駐車（輪）場,10歳代,その他,施錠せず
窃盗,自転車盗,佐倉,八街駅前,122301,千葉県,八街市,八街は,2023-07-03,16,その他,駐車（輪）場,10歳代,高校生,施錠せず
窃盗,自転車盗,佐倉,八街駅前,122301,千葉県,八街市,八街ほ,2022-12-24,12,４階建て以上共同住宅,駐車（輪）場,10歳代,高校生,施錠せず
窃盗,自転車盗,佐倉,八街駅前,122301,千葉県,八街市,八街ほ,2023-01-26,06,駐車（輪）場,駐車（輪）場,10歳代,高校生,施錠した
窃盗,自転車盗,佐倉,八街駅前,122301,千葉県,八街市,八街ほ,2023-02-20,07,駐車（輪）場,駐車（輪）場,70歳以上,その他,施錠せず
窃盗,自転車盗,佐倉,八街駅前,122301,千葉県,八街市,八街ほ,2023-03-19,10,駐車（輪）場,駐車（輪）場,65-69歳,その他,施錠した
窃盗,自転車盗,佐倉,八街駅前,122301,千葉県,八街市,八街ほ,2023-03-25,11,駐車（輪）場,駐車（輪）場,10歳代,大学生,施錠せず
窃盗,自転車盗,佐倉,八街駅前,122301,千葉県,八街市,八街ほ,2023-03-27,10,その他の住宅（３階建て以下共同住宅等）,駐車（輪）場,70歳以上,その他,施錠した
窃盗,自転車盗,佐倉,八街駅前,122301,千葉県,八街市,八街ほ,2023-03-27,11,駐車（輪）場,駐車（輪）場,10歳代,高校生,施錠せず
窃盗,自転車盗,佐倉,八街駅前,122301,千葉県,八街市,八街ほ,2023-04-07,11,駐車（輪）場,駐車（輪）場,10歳代,高校生,施錠した
窃盗,自転車盗,佐倉,八街駅前,122301,千葉県,八街市,八街ほ,2023-05-05,11,駐車（輪）場,駐車（輪）場,10歳代,高校生,施錠した
窃盗,自転車盗,佐倉,八街駅前,122301,千葉県,八街市,八街ほ,2023-05-20,18,その他の住宅（３階建て以下共同住宅等）,その他,30歳代,その他,施錠した
窃盗,自転車盗,佐倉,八街駅前,122301,千葉県,八街市,八街ほ,2023-06-16,20,一戸建住宅,駐車（輪）場,40歳代,その他,施錠せず
窃盗,自転車盗,佐倉,八街駅前,122301,千葉県,八街市,八街ほ,2023-06-19,09,駐車（輪）場,駐車（輪）場,20歳代,その他,施錠せず
窃盗,自転車盗,佐倉,八街駅前,122301,千葉県,八街市,八街ほ,2023-07-08,09,駐車（輪）場,駐車（輪）場,10歳代,高校生,施錠せず
窃盗,自転車盗,佐倉,八街駅前,122301,千葉県,八街市,八街ほ,2023-07-10,07,その他,駐車（輪）場,10歳代,その他,施錠せず
窃盗,自転車盗,佐倉,八街駅前,122301,千葉県,八街市,八街ほ,2023-07-28,12,駐車（輪）場,駐車（輪）場,20歳代,その他,施錠せず
窃盗,自転車盗,佐倉,八街駅前,122301,千葉県,八街市,八街ほ,2023-07-29,06,駐車（輪）場,駐車（輪）場,法人・団体、被害者なし,法人・団体、被害者なし,施錠せず
窃盗,自転車盗,佐倉,八街駅前,122301,千葉県,八街市,八街ほ,2023-08-01,18,駐車（輪）場,駐車（輪）場,10歳代,高校生,施錠せず
窃盗,自転車盗,佐倉,八街駅前,122301,千葉県,八街市,八街ほ,2023-09-11,17,駐車（輪）場,駐車（輪）場,10歳代,その他,施錠した
窃盗,自転車盗,佐倉,八街駅前,122301,千葉県,八街市,八街ほ,2023-09-13,17,駐車（輪）場,駐車（輪）場,10歳代,高校生,施錠せず
窃盗,自転車盗,佐倉,八街駅前,122301,千葉県,八街市,八街ほ,2023-09-22,07,駐車（輪）場,駐車（輪）場,30歳代,その他,施錠せず
窃盗,自転車盗,佐倉,八街駅前,122301,千葉県,八街市,八街ほ,2023-09-26,06,駐車（輪）場,駐車（輪）場,30歳代,その他,施錠した
窃盗,自転車盗,佐倉,八街駅前,122301,千葉県,八街市,八街ほ,2023-10-04,09,駐車（輪）場,駐車（輪）場,10歳代,高校生,施錠せず
窃盗,自転車盗,佐倉,八街駅前,122301,千葉県,八街市,八街ほ,2023-10-24,06,駐車（輪）場,駐車（輪）場,10歳代,高校生,施錠せず
窃盗,自転車盗,佐倉,八街駅前,122301,千葉県,八街市,八街ほ,2023-10-24,10,駐車（輪）場,駐車（輪）場,10歳代,高校生,施錠した
窃盗,自転車盗,佐倉,八街駅前,122301,千葉県,八街市,八街ほ,2023-11-07,07,駐車（輪）場,駐車（輪）場,10歳代,高校生,施錠した
窃盗,自転車盗,佐倉,八街駅前,122301,千葉県,八街市,八街ほ,2023-11-25,07,駐車（輪）場,駐車（輪）場,40歳代,その他,施錠せず
窃盗,自転車盗,佐倉,八街駅前,122301,千葉県,八街市,八街ほ,2023-11-28,05,駐車（輪）場,駐車（輪）場,10歳代,高校生,施錠した
窃盗,自転車盗,佐倉,八街駅前,122301,千葉県,八街市,八街ほ,2023-12-15,12,駐車（輪）場,駐車（輪）場,10歳代,高校生,施錠した
窃盗,自転車盗,佐倉,八街駅前,122301,千葉県,八街市,中央,2023-01-13,09,駐車（輪）場,駐車（輪）場,10歳代,高校生,施錠せず
窃盗,自転車盗,佐倉,八街駅前,122301,千葉県,八街市,中央,2023-05-13,13,その他,その他,10歳代,小学生,施錠した
窃盗,自転車盗,佐倉,八街駅前,122301,千葉県,八街市,中央,2023-07-27,12,駐車（輪）場,駐車（輪）場,10歳代,高校生,施錠せず
窃盗,自転車盗,佐倉,八街駅前,122301,千葉県,八街市,中央,2023-07-29,09,駐車（輪）場,駐車（輪）場,10歳代,大学生,施錠せず
窃盗,自転車盗,佐倉,吉倉,122301,千葉県,八街市,滝台,2023-05-19,18,その他の住宅（３階建て以下共同住宅等）,駐車（輪）場,20歳代,その他,施錠せず
窃盗,自転車盗,佐倉,榎戸,122301,千葉県,八街市,榎戸,2023-02-17,07,駐車（輪）場,駐車（輪）場,10歳代,高校生,施錠せず
窃盗,自転車盗,佐倉,榎戸,122301,千葉県,八街市,榎戸,2023-03-10,07,駐車（輪）場,駐車（輪）場,60-64歳,その他,施錠せず
窃盗,自転車盗,佐倉,榎戸,122301,千葉県,八街市,榎戸,2023-03-15,06,駐車（輪）場,駐車（輪）場,20歳代,その他,施錠せず
窃盗,自転車盗,佐倉,榎戸,122301,千葉県,八街市,榎戸,2023-06-18,06,その他,その他,30歳代,その他,施錠せず
窃盗,自転車盗,佐倉,榎戸,122301,千葉県,八街市,榎戸,2023-09-03,06,駐車（輪）場,駐車（輪）場,10歳代,高校生,施錠した
窃盗,自転車盗,佐倉,榎戸,122301,千葉県,八街市,榎戸,2023-09-07,16,一戸建住宅,駐車（輪）場,10歳代,中学生,施錠した
窃盗,自転車盗,佐倉,榎戸,122301,千葉県,八街市,榎戸,2023-09-19,07,その他,駐車（輪）場,10歳代,高校生,施錠した
窃盗,自転車盗,佐倉,榎戸,122301,千葉県,八街市,榎戸,2023-09-29,06,駐車（輪）場,駐車（輪）場,10歳代,高校生,施錠せず
窃盗,自転車盗,佐倉,榎戸,122301,千葉県,八街市,榎戸,2023-12-11,05,その他,駐車（輪）場,70歳以上,その他,施錠せず
窃盗,自転車盗,佐倉,榎戸,122301,千葉県,八街市,文違,2023-02-16,10,その他,駐車（輪）場,50歳代,その他,施錠せず
窃盗,自転車盗,佐倉,榎戸,122301,千葉県,八街市,文違,2023-03-30,15,その他,駐車（輪）場,20歳代,その他,施錠せず
窃盗,自転車盗,佐倉,榎戸,122301,千葉県,八街市,文違,2023-06-10,16,その他の住宅（３階建て以下共同住宅等）,駐車（輪）場,65-69歳,その他,施錠した
窃盗,自転車盗,佐倉,榎戸,122301,千葉県,八街市,文違,2023-06-30,20,その他,駐車（輪）場,10歳代,高校生,施錠した
窃盗,自転車盗,佐倉,榎戸,122301,千葉県,八街市,八街い,2023-04-08,23,一戸建住宅,その他,10歳代,その他,施錠した
窃盗,自転車盗,佐倉,榎戸,122301,千葉県,八街市,八街ほ,2023-10-12,08,駐車（輪）場,駐車（輪）場,20歳代,その他,施錠した
窃盗,自転車盗,佐倉,榎戸,122301,千葉県,八街市,八街ほ,2023-11-22,19,駐車（輪）場,駐車（輪）場,10歳代,高校生,施錠せず
窃盗,自転車盗,佐倉,榎戸,122301,千葉県,八街市,八街ろ,2023-02-02,10,駐車（輪）場,駐車（輪）場,10歳代,その他,施錠せず
窃盗,自転車盗,佐倉,榎戸,122301,千葉県,八街市,八街ろ,2023-06-01,08,その他,駐車（輪）場,10歳代,高校生,施錠せず
窃盗,自転車盗,佐倉,榎戸,122301,千葉県,八街市,八街ろ,2023-08-12,05,駐車（輪）場,駐車（輪）場,60-64歳,その他,施錠した
窃盗,自転車盗,佐倉,榎戸,122301,千葉県,八街市,八街ろ,2023-08-17,08,その他,駐車（輪）場,10歳代,高校生,施錠せず
窃盗,自転車盗,佐倉,榎戸,122301,千葉県,八街市,八街ろ,2023-10-21,11,その他,駐車（輪）場,10歳代,高校生,施錠せず
窃盗,自転車盗,佐倉,榎戸,122301,千葉県,八街市,泉台１丁目,2023-07-19,22,一戸建住宅,駐車（輪）場,20歳代,大学生,施錠せず
窃盗,自転車盗,佐倉,臼井,122122,千葉県,佐倉市,井野,2023-04-27,21,駐車（輪）場,駐車（輪）場,10歳代,高校生,施錠せず
窃盗,自転車盗,佐倉,臼井,122122,千葉県,佐倉市,臼井,2023-05-06,15,一戸建住宅,駐車（輪）場,30歳代,その他,施錠せず
窃盗,自転車盗,佐倉,臼井,122122,千葉県,佐倉市,臼井田,2023-06-13,15,一戸建住宅,駐車（輪）場,10歳代,中学生,施錠せず
窃盗,自転車盗,佐倉,臼井,122122,千葉県,佐倉市,江原台２丁目,2023-05-02,08,一戸建住宅,駐車（輪）場,20歳代,大学生,施錠せず
窃盗,自転車盗,佐倉,臼井,122122,千葉県,佐倉市,生谷,2023-01-15,13,一戸建住宅,駐車（輪）場,30歳代,その他,施錠した
窃盗,自転車盗,佐倉,臼井,122122,千葉県,佐倉市,王子台１丁目,2023-01-22,14,その他,駐車（輪）場,10歳代,中学生,施錠した
窃盗,自転車盗,佐倉,臼井,122122,千葉県,佐倉市,王子台１丁目,2023-02-06,22,その他,駐車（輪）場,10歳代,大学生,施錠した
窃盗,自転車盗,佐倉,臼井,122122,千葉県,佐倉市,王子台１丁目,2023-02-17,08,その他,駐車（輪）場,10歳代,高校生,施錠せず
窃盗,自転車盗,佐倉,臼井,122122,千葉県,佐倉市,王子台１丁目,2023-05-06,13,駐車（輪）場,駐車（輪）場,10歳代,高校生,施錠せず
窃盗,自転車盗,佐倉,臼井,122122,千葉県,佐倉市,王子台１丁目,2023-05-30,18,その他,駐車（輪）場,50歳代,その他,施錠せず
窃盗,自転車盗,佐倉,臼井,122122,千葉県,佐倉市,王子台１丁目,2023-06-24,10,その他,駐車（輪）場,70歳以上,その他,施錠せず
窃盗,自転車盗,佐倉,臼井,122122,千葉県,佐倉市,王子台１丁目,2023-06-24,11,その他,駐車（輪）場,70歳以上,その他,施錠した
窃盗,自転車盗,佐倉,臼井,122122,千葉県,佐倉市,王子台１丁目,2023-07-06,09,駐車（輪）場,駐車（輪）場,20歳代,その他,施錠せず
窃盗,自転車盗,佐倉,臼井,122122,千葉県,佐倉市,王子台１丁目,2023-09-17,12,その他,駐車（輪）場,10歳代,中学生,施錠せず
窃盗,自転車盗,佐倉,臼井,122122,千葉県,佐倉市,王子台３丁目,2022-12-17,07,駐車（輪）場,駐車（輪）場,20歳代,その他,施錠せず
窃盗,自転車盗,佐倉,臼井,122122,千葉県,佐倉市,王子台３丁目,2023-03-12,11,駐車（輪）場,駐車（輪）場,20歳代,大学生,施錠せず
窃盗,自転車盗,佐倉,臼井,122122,千葉県,佐倉市,王子台３丁目,2023-03-14,08,駐車（輪）場,駐車（輪）場,10歳代,高校生,施錠せず
窃盗,自転車盗,佐倉,臼井,122122,千葉県,佐倉市,王子台３丁目,2023-03-30,12,駐車（輪）場,駐車（輪）場,10歳代,高校生,施錠した
窃盗,自転車盗,佐倉,臼井,122122,千葉県,佐倉市,王子台３丁目,2023-04-20,07,駐車（輪）場,駐車（輪）場,10歳代,その他,施錠せず
窃盗,自転車盗,佐倉,臼井,122122,千葉県,佐倉市,王子台３丁目,2023-05-11,07,駐車（輪）場,駐車（輪）場,10歳代,高校生,施錠せず
窃盗,自転車盗,佐倉,臼井,122122,千葉県,佐倉市,王子台３丁目,2023-06-20,15,駐車（輪）場,駐車（輪）場,10歳代,大学生,施錠せず
窃盗,自転車盗,佐倉,臼井,122122,千葉県,佐倉市,王子台３丁目,2023-07-02,13,駐車（輪）場,駐車（輪）場,50歳代,その他,施錠した
窃盗,自転車盗,佐倉,臼井,122122,千葉県,佐倉市,王子台３丁目,2023-08-16,14,駐車（輪）場,駐車（輪）場,10歳代,その他,施錠せず
窃盗,自転車盗,佐倉,臼井,122122,千葉県,佐倉市,王子台３丁目,2023-08-29,18,一戸建住宅,駐車（輪）場,10歳代,高校生,施錠せず
窃盗,自転車盗,佐倉,臼井,122122,千葉県,佐倉市,王子台３丁目,2023-09-10,07,駐車（輪）場,駐車（輪）場,10歳代,高校生,施錠せず
窃盗,自転車盗,佐倉,臼井,122122,千葉県,佐倉市,王子台３丁目,2023-10-05,07,駐車（輪）場,駐車（輪）場,10歳代,その他,施錠せず
窃盗,自転車盗,佐倉,臼井,122122,千葉県,佐倉市,王子台３丁目,2023-12-09,08,その他,駐車（輪）場,20歳代,その他,施錠せず
窃盗,自転車盗,佐倉,臼井,122122,千葉県,佐倉市,王子台６丁目,2023-02-01,20,その他の住宅（３階建て以下共同住宅等）,その他,50歳代,その他,施錠した
窃盗,自転車盗,佐倉,臼井,122122,千葉県,佐倉市,稲荷台１丁目,2023-03-03,20,駐車（輪）場,駐車（輪）場,20歳代,その他,施錠せず
窃盗,自転車盗,佐倉,臼井,122122,千葉県,佐倉市,稲荷台１丁目,2023-06-07,07,駐車（輪）場,駐車（輪）場,10歳代,その他,施錠した
窃盗,自転車盗,佐倉,臼井,122122,千葉県,佐倉市,稲荷台２丁目,2023-07-08,18,一戸建住宅,駐車（輪）場,10歳代,高校生,施錠せず
窃盗,自転車盗,佐倉,臼井,122122,千葉県,佐倉市,ユーカリが丘６丁目,2023-09-03,12,一戸建住宅,駐車（輪）場,50歳代,その他,施錠せず
窃盗,自転車盗,佐倉,臼井,122122,千葉県,佐倉市,染井野４丁目,2023-04-30,15,その他,駐車（輪）場,10歳代,高校生,施錠した
窃盗,自転車盗,佐倉,酒々井,123226,千葉県,酒々井町,飯積２丁目,2023-11-22,09,その他,駐車（輪）場,10歳代,その他,施錠せず
窃盗,自転車盗,佐倉,酒々井,123226,千葉県,酒々井町,伊篠,2023-01-18,08,その他,駐車（輪）場,10歳代,高校生,施錠せず
窃盗,自転車盗,佐倉,酒々井,123226,千葉県,酒々井町,伊篠,2023-12-12,07,その他,駐車（輪）場,10歳代,高校生,施錠せず
窃盗,自転車盗,佐倉,酒々井,123226,千葉県,酒々井町,上岩橋,2022-11-10,21,その他の住宅（３階建て以下共同住宅等）,駐車（輪）場,20歳代,大学生,施錠せず
窃盗,自転車盗,佐倉,酒々井,123226,千葉県,酒々井町,上岩橋,2023-05-26,00,その他の住宅（３階建て以下共同住宅等）,その他,20歳代,大学生,施錠せず
窃盗,自転車盗,佐倉,酒々井,123226,千葉県,酒々井町,上岩橋,2023-07-06,00,その他の住宅（３階建て以下共同住宅等）,駐車（輪）場,10歳代,その他,施錠した
窃盗,自転車盗,佐倉,酒々井,123226,千葉県,酒々井町,上岩橋,2023-08-24,13,その他の住宅（３階建て以下共同住宅等）,駐車（輪）場,20歳代,大学生,施錠せず
窃盗,自転車盗,佐倉,酒々井,123226,千葉県,酒々井町,上本佐倉,2023-05-21,23,その他の住宅（３階建て以下共同住宅等）,駐車（輪）場,20歳代,大学生,施錠した
窃盗,自転車盗,佐倉,酒々井,123226,千葉県,酒々井町,上本佐倉,2023-09-06,11,その他の住宅（３階建て以下共同住宅等）,駐車（輪）場,20歳代,大学生,施錠した
窃盗,自転車盗,佐倉,酒々井,123226,千葉県,酒々井町,酒々井,2023-04-29,13,道路上,その他,10歳代,大学生,施錠した
窃盗,自転車盗,佐倉,酒々井,123226,千葉県,酒々井町,下岩橋,2023-08-22,07,その他,駐車（輪）場,20歳代,大学生,施錠せず
窃盗,自転車盗,佐倉,酒々井,123226,千葉県,酒々井町,下岩橋,2023-10-24,15,道路上,その他,10歳代,高校生,施錠せず
窃盗,自転車盗,佐倉,酒々井,123226,千葉県,酒々井町,中央台１丁目,2023-07-23,09,その他の住宅（３階建て以下共同住宅等）,駐車（輪）場,20歳代,大学生,施錠した
窃盗,自転車盗,佐倉,酒々井,123226,千葉県,酒々井町,中央台１丁目,2023-07-27,06,その他の住宅（３階建て以下共同住宅等）,駐車（輪）場,20歳代,大学生,施錠した
窃盗,自転車盗,佐倉,酒々井,123226,千葉県,酒々井町,中央台３丁目,2023-02-28,07,その他の住宅（３階建て以下共同住宅等）,駐車（輪）場,20歳代,大学生,施錠した
窃盗,自転車盗,佐倉,酒々井,123226,千葉県,酒々井町,中央台３丁目,2023-09-26,12,４階建て以上共同住宅,駐車（輪）場,70歳以上,その他,施錠した
窃盗,自転車盗,佐倉,酒々井,123226,千葉県,酒々井町,中央台４丁目,2023-07-21,15,その他の住宅（３階建て以下共同住宅等）,その他,20歳代,大学生,施錠せず
窃盗,自転車盗,佐倉,酒々井,123226,千葉県,酒々井町,中川,2023-03-11,18,その他の住宅（３階建て以下共同住宅等）,駐車（輪）場,10歳代,大学生,施錠した
窃盗,自転車盗,佐倉,酒々井,123226,千葉県,酒々井町,中川,2023-09-10,20,その他の住宅（３階建て以下共同住宅等）,駐車（輪）場,10歳代,大学生,施錠した
窃盗,自転車盗,佐倉,酒々井,123226,千葉県,酒々井町,中川,2023-09-20,06,駐車（輪）場,駐車（輪）場,65-69歳,その他,施錠した
窃盗,自転車盗,佐倉,酒々井,123226,千葉県,酒々井町,中川,2023-09-26,08,駐車（輪）場,駐車（輪）場,20歳代,大学生,施錠せず
窃盗,自転車盗,佐倉,酒々井,123226,千葉県,酒々井町,中川,2023-09-26,17,その他,その他,10歳代,高校生,施錠した
窃盗,自転車盗,佐倉,酒々井,123226,千葉県,酒々井町,馬橋,2023-09-08,09,駐車（輪）場,駐車（輪）場,10歳代,高校生,施錠した
窃盗,自転車盗,佐倉,酒々井,123226,千葉県,酒々井町,馬橋,2023-11-08,20,一戸建住宅,その他,10歳代,中学生,施錠した
窃盗,自転車盗,佐倉,酒々井,123226,千葉県,酒々井町,本佐倉,2022-11-05,19,その他,駐車（輪）場,20歳代,大学生,施錠せず
窃盗,自転車盗,佐倉,酒々井,123226,千葉県,酒々井町,本佐倉,2023-10-28,16,その他,駐車（輪）場,30歳代,その他,施錠せず
窃盗,自転車盗,成田,七栄,122335,千葉県,富里市,七栄,2023-01-08,15,その他,駐車（輪）場,10歳代,高校生,施錠せず
窃盗,自転車盗,成田,七栄,122335,千葉県,富里市,七栄,2023-02-22,17,その他の住宅（３階建て以下共同住宅等）,駐車（輪）場,10歳代,中学生,施錠せず
窃盗,自転車盗,成田,七栄,122335,千葉県,富里市,七栄,2023-03-01,17,その他,駐車（輪）場,10歳代,中学生,施錠せず
窃盗,自転車盗,成田,七栄,122335,千葉県,富里市,七栄,2023-03-10,22,その他の住宅（３階建て以下共同住宅等）,駐車（輪）場,20歳代,その他,施錠せず
窃盗,自転車盗,成田,七栄,122335,千葉県,富里市,七栄,2023-04-10,19,一戸建住宅,駐車（輪）場,60-64歳,その他,施錠せず
窃盗,自転車盗,成田,七栄,122335,千葉県,富里市,七栄,2023-04-26,07,その他,駐車（輪）場,10歳代,高校生,施錠せず
窃盗,自転車盗,成田,七栄,122335,千葉県,富里市,七栄,2023-05-05,07,その他,駐車（輪）場,10歳代,その他,施錠せず
窃盗,自転車盗,成田,七栄,122335,千葉県,富里市,七栄,2023-06-10,19,その他の住宅（３階建て以下共同住宅等）,駐車（輪）場,10歳代,中学生,施錠せず
窃盗,自転車盗,成田,七栄,122335,千葉県,富里市,七栄,2023-06-14,18,その他の住宅（３階建て以下共同住宅等）,駐車（輪）場,50歳代,その他,施錠せず
窃盗,自転車盗,成田,七栄,122335,千葉県,富里市,七栄,2023-07-11,17,その他の住宅（３階建て以下共同住宅等）,駐車（輪）場,10歳代,中学生,施錠せず
窃盗,自転車盗,成田,七栄,122335,千葉県,富里市,七栄,2023-07-30,16,その他の住宅（３階建て以下共同住宅等）,駐車（輪）場,20歳代,その他,施錠した
窃盗,自転車盗,成田,七栄,122335,千葉県,富里市,七栄,2023-08-20,19,その他,駐車（輪）場,10歳代,大学生,施錠せず
窃盗,自転車盗,成田,七栄,122335,千葉県,富里市,七栄,2023-08-20,19,その他,駐車（輪）場,10歳代,高校生,施錠せず
窃盗,自転車盗,成田,七栄,122335,千葉県,富里市,七栄,2023-10-15,21,一戸建住宅,その他,40歳代,その他,施錠せず
窃盗,自転車盗,成田,七栄,122335,千葉県,富里市,七栄,2023-11-21,07,その他,駐車（輪）場,10歳代,高校生,施錠せず
窃盗,自転車盗,成田,七栄,122335,千葉県,富里市,七栄,2023-12-22,11,道路上,その他,10歳代,高校生,施錠せず
窃盗,自転車盗,成田,三里塚,122114,千葉県,成田市,本城,2023-11-20,18,その他の住宅（３階建て以下共同住宅等）,駐車（輪）場,20歳代,その他,施錠せず
窃盗,自転車盗,成田,両国,122335,千葉県,富里市,御料,2023-11-20,18,その他の住宅（３階建て以下共同住宅等）,その他,20歳代,その他,施錠せず
窃盗,自転車盗,成田,久住,122114,千葉県,成田市,久住中央１丁目,2023-02-12,08,その他,駐車（輪）場,20歳代,その他,施錠した
窃盗,自転車盗,成田,久住,122114,千葉県,成田市,久住中央１丁目,2023-02-21,14,その他,駐車（輪）場,10歳代,高校生,施錠せず
窃盗,自転車盗,成田,久住,122114,千葉県,成田市,久住中央１丁目,2023-05-01,07,その他,駐車（輪）場,10歳代,高校生,施錠せず
窃盗,自転車盗,成田,久住,122114,千葉県,成田市,久住中央１丁目,2023-10-24,08,その他,駐車（輪）場,60-64歳,その他,施錠した
窃盗,自転車盗,成田,伊能,122114,千葉県,成田市,桜田,2023-08-05,11,その他,駐車（輪）場,10歳代,高校生,施錠せず
窃盗,自転車盗,成田,八生,122114,千葉県,成田市,大竹,2023-07-16,15,その他,駐車（輪）場,20歳代,大学生,施錠せず
窃盗,自転車盗,成田,八生,122114,千葉県,成田市,大竹,2023-10-31,19,その他,駐車（輪）場,50歳代,その他,施錠せず
窃盗,自転車盗,成田,八生,122114,千葉県,成田市,松崎,2023-06-20,12,その他,駐車（輪）場,20歳代,その他,施錠せず
窃盗,自転車盗,成田,八生,122114,千葉県,成田市,松崎,2023-07-15,07,駐車（輪）場,駐車（輪）場,10歳代,中学生,施錠せず
窃盗,自転車盗,成田,八生,122114,千葉県,成田市,松崎,2023-07-17,05,その他,駐車（輪）場,30歳代,その他,施錠せず
窃盗,自転車盗,成田,八生,122114,千葉県,成田市,松崎,2023-11-13,07,その他,駐車（輪）場,10歳代,高校生,施錠せず
窃盗,自転車盗,成田,公津の杜,122114,千葉県,成田市,飯田町,2023-01-02,16,その他,駐車（輪）場,10歳代,その他,施錠せず
窃盗,自転車盗,成田,公津の杜,122114,千葉県,成田市,飯田町,2023-04-22,19,その他の住宅（３階建て以下共同住宅等）,駐車（輪）場,50歳代,その他,施錠せず
窃盗,自転車盗,成田,公津の杜,122114,千葉県,成田市,飯田町,2023-06-08,17,その他,その他,10歳代,高校生,施錠せず
窃盗,自転車盗,成田,公津の杜,122114,千葉県,成田市,飯田町,2023-08-22,07,その他,駐車（輪）場,65-69歳,その他,施錠した
窃盗,自転車盗,成田,公津の杜,122114,千葉県,成田市,飯田町,2023-11-17,20,その他の住宅（３階建て以下共同住宅等）,駐車（輪）場,10歳代,大学生,施錠した
窃盗,自転車盗,成田,公津の杜,122114,千葉県,成田市,飯田町,2023-11-30,07,その他,駐車（輪）場,20歳代,その他,施錠せず
窃盗,自転車盗,成田,公津の杜,122114,千葉県,成田市,飯田町,2023-12-22,21,その他,その他,20歳代,その他,施錠せず
窃盗,自転車盗,成田,公津の杜,122114,千葉県,成田市,飯仲,2023-07-21,11,その他,駐車（輪）場,10歳代,小学生,施錠せず
窃盗,自転車盗,成田,公津の杜,122114,千葉県,成田市,飯仲,2023-09-30,16,その他,駐車（輪）場,10歳代,中学生,施錠せず
窃盗,自転車盗,成田,公津の杜,122114,千葉県,成田市,飯仲,2023-10-01,16,その他,駐車（輪）場,10歳代,中学生,施錠せず
窃盗,自転車盗,成田,公津の杜,122114,千葉県,成田市,並木町,2023-03-15,14,その他の住宅（３階建て以下共同住宅等）,駐車（輪）場,20歳代,大学生,施錠せず
窃盗,自転車盗,成田,公津の杜,122114,千葉県,成田市,並木町,2023-03-27,05,その他の住宅（３階建て以下共同住宅等）,駐車（輪）場,60-64歳,その他,施錠した
窃盗,自転車盗,成田,公津の杜,122114,千葉県,成田市,並木町,2023-04-01,15,一戸建住宅,駐車（輪）場,30歳代,その他,施錠せず
窃盗,自転車盗,成田,公津の杜,122114,千葉県,成田市,並木町,2023-04-02,00,その他の住宅（３階建て以下共同住宅等）,駐車（輪）場,10歳代,中学生,施錠せず
窃盗,自転車盗,成田,公津の杜,122114,千葉県,成田市,並木町,2023-09-13,19,その他の住宅（３階建て以下共同住宅等）,駐車（輪）場,20歳代,その他,施錠せず
窃盗,自転車盗,成田,公津の杜,122114,千葉県,成田市,並木町,2023-09-21,07,その他の住宅（３階建て以下共同住宅等）,駐車（輪）場,20歳代,その他,施錠した
窃盗,自転車盗,成田,公津の杜,122114,千葉県,成田市,並木町,2023-10-24,16,その他の住宅（３階建て以下共同住宅等）,駐車（輪）場,10歳代,中学生,施錠せず
窃盗,自転車盗,成田,公津の杜,122114,千葉県,成田市,公津の杜２丁目,2023-03-25,00,その他の住宅（３階建て以下共同住宅等）,駐車（輪）場,20歳代,その他,施錠した
窃盗,自転車盗,成田,公津の杜,122114,千葉県,成田市,公津の杜２丁目,2023-07-16,00,一戸建住宅,その他,10歳代,中学生,施錠せず
窃盗,自転車盗,成田,公津の杜,122114,千葉県,成田市,公津の杜２丁目,2023-08-13,15,その他の住宅（３階建て以下共同住宅等）,駐車（輪）場,40歳代,その他,施錠した
窃盗,自転車盗,成田,公津の杜,122114,千葉県,成田市,公津の杜２丁目,2023-08-15,14,その他の住宅（３階建て以下共同住宅等）,駐車（輪）場,20歳代,その他,施錠せず
窃盗,自転車盗,成田,公津の杜,122114,千葉県,成田市,公津の杜２丁目,2023-08-21,15,その他の住宅（３階建て以下共同住宅等）,駐車（輪）場,30歳代,その他,施錠した
窃盗,自転車盗,成田,公津の杜,122114,千葉県,成田市,公津の杜２丁目,2023-08-28,07,その他の住宅（３階建て以下共同住宅等）,駐車（輪）場,50歳代,その他,施錠した
窃盗,自転車盗,成田,公津の杜,122114,千葉県,成田市,公津の杜４丁目,2023-01-12,17,その他,駐車（輪）場,10歳代,中学生,施錠せず
窃盗,自転車盗,成田,公津の杜,122114,千葉県,成田市,公津の杜４丁目,2023-01-22,07,その他,駐車（輪）場,10歳代,大学生,施錠せず
窃盗,自転車盗,成田,公津の杜,122114,千葉県,成田市,公津の杜４丁目,2023-01-26,22,その他,駐車（輪）場,10歳代,高校生,施錠せず
窃盗,自転車盗,成田,公津の杜,122114,千葉県,成田市,公津の杜４丁目,2023-01-28,10,その他,駐車（輪）場,20歳代,その他,施錠せず
窃盗,自転車盗,成田,公津の杜,122114,千葉県,成田市,公津の杜４丁目,2023-02-27,09,その他,駐車（輪）場,10歳代,その他,施錠せず
窃盗,自転車盗,成田,公津の杜,122114,千葉県,成田市,公津の杜４丁目,2023-03-01,15,その他,駐車（輪）場,20歳代,大学生,施錠した
窃盗,自転車盗,成田,公津の杜,122114,千葉県,成田市,公津の杜４丁目,2023-03-02,07,その他,駐車（輪）場,10歳代,高校生,施錠せず
窃盗,自転車盗,成田,公津の杜,122114,千葉県,成田市,公津の杜４丁目,2023-03-31,12,その他,駐車（輪）場,10歳代,高校生,施錠せず
窃盗,自転車盗,成田,公津の杜,122114,千葉県,成田市,公津の杜４丁目,2023-03-31,23,その他,駐車（輪）場,10歳代,その他,施錠せず
窃盗,自転車盗,成田,公津の杜,122114,千葉県,成田市,公津の杜４丁目,2023-04-03,08,その他,その他,20歳代,その他,施錠した
窃盗,自転車盗,成田,公津の杜,122114,千葉県,成田市,公津の杜４丁目,2023-04-14,08,その他,駐車（輪）場,20歳代,大学生,施錠した
窃盗,自転車盗,成田,公津の杜,122114,千葉県,成田市,公津の杜４丁目,2023-04-24,08,その他,駐車（輪）場,10歳代,その他,施錠せず
窃盗,自転車盗,成田,公津の杜,122114,千葉県,成田市,公津の杜４丁目,2023-04-24,08,その他,駐車（輪）場,20歳代,大学生,施錠せず
窃盗,自転車盗,成田,公津の杜,122114,千葉県,成田市,公津の杜４丁目,2023-05-05,12,その他,駐車（輪）場,10歳代,大学生,施錠せず
窃盗,自転車盗,成田,公津の杜,122114,千葉県,成田市,公津の杜４丁目,2023-05-05,18,その他,駐車（輪）場,40歳代,その他,施錠せず
窃盗,自転車盗,成田,公津の杜,122114,千葉県,成田市,公津の杜４丁目,2023-05-11,16,その他,駐車（輪）場,10歳代,高校生,施錠せず
窃盗,自転車盗,成田,公津の杜,122114,千葉県,成田市,公津の杜４丁目,2023-05-16,06,その他,駐車（輪）場,10歳代,大学生,施錠せず
窃盗,自転車盗,成田,公津の杜,122114,千葉県,成田市,公津の杜４丁目,2023-06-09,23,その他,駐車（輪）場,20歳代,大学生,施錠せず
窃盗,自転車盗,成田,公津の杜,122114,千葉県,成田市,公津の杜４丁目,2023-06-15,09,その他,駐車（輪）場,10歳代,大学生,施錠せず
窃盗,自転車盗,成田,公津の杜,122114,千葉県,成田市,公津の杜４丁目,2023-07-01,13,その他,駐車（輪）場,20歳代,大学生,施錠した
窃盗,自転車盗,成田,公津の杜,122114,千葉県,成田市,公津の杜４丁目,2023-07-03,08,その他,駐車（輪）場,20歳代,大学生,施錠せず
窃盗,自転車盗,成田,公津の杜,122114,千葉県,成田市,公津の杜４丁目,2023-07-04,07,その他,駐車（輪）場,10歳代,高校生,施錠せず
窃盗,自転車盗,成田,公津の杜,122114,千葉県,成田市,公津の杜４丁目,2023-07-16,16,駐車（輪）場,駐車（輪）場,10歳代,高校生,施錠せず
窃盗,自転車盗,成田,公津の杜,122114,千葉県,成田市,公津の杜４丁目,2023-07-23,13,その他,駐車（輪）場,20歳代,その他,施錠せず
窃盗,自転車盗,成田,公津の杜,122114,千葉県,成田市,公津の杜４丁目,2023-08-01,11,その他,駐車（輪）場,20歳代,その他,施錠した
窃盗,自転車盗,成田,公津の杜,122114,千葉県,成田市,公津の杜４丁目,2023-08-01,14,その他,駐車（輪）場,20歳代,その他,施錠した
窃盗,自転車盗,成田,公津の杜,122114,千葉県,成田市,公津の杜４丁目,2023-08-31,15,駐車（輪）場,駐車（輪）場,10歳代,大学生,施錠した
窃盗,自転車盗,成田,公津の杜,122114,千葉県,成田市,公津の杜４丁目,2023-09-14,07,駐車（輪）場,駐車（輪）場,10歳代,高校生,施錠せず
窃盗,自転車盗,成田,公津の杜,122114,千葉県,成田市,公津の杜４丁目,2023-09-20,08,駐車（輪）場,駐車（輪）場,10歳代,高校生,施錠した
窃盗,自転車盗,成田,公津の杜,122114,千葉県,成田市,公津の杜４丁目,2023-09-30,18,その他,駐車（輪）場,10歳代,中学生,施錠せず
窃盗,自転車盗,成田,公津の杜,122114,千葉県,成田市,公津の杜４丁目,2023-11-09,07,その他,駐車（輪）場,10歳代,高校生,施錠せず
窃盗,自転車盗,成田,公津の杜,122114,千葉県,成田市,公津の杜４丁目,2023-11-20,08,その他,駐車（輪）場,50歳代,その他,施錠せず
窃盗,自転車盗,成田,公津の杜,122114,千葉県,成田市,公津の杜４丁目,2023-11-22,07,その他,駐車（輪）場,10歳代,高校生,施錠した
窃盗,自転車盗,成田,公津の杜,122114,千葉県,成田市,公津の杜４丁目,2023-11-24,11,駐車（輪）場,駐車（輪）場,20歳代,その他,施錠せず
窃盗,自転車盗,成田,公津の杜,122114,千葉県,成田市,公津の杜４丁目,2023-12-17,09,その他,駐車（輪）場,10歳代,高校生,施錠せず
窃盗,自転車盗,成田,公津の杜,122114,千葉県,成田市,公津の杜５丁目,2023-06-03,20,その他の住宅（３階建て以下共同住宅等）,駐車（輪）場,10歳代,その他,施錠せず
窃盗,自転車盗,成田,公津の杜,122114,千葉県,成田市,公津の杜５丁目,2023-07-12,07,一戸建住宅,その他,10歳代,高校生,施錠せず
窃盗,自転車盗,成田,公津の杜,122114,千葉県,成田市,公津の杜６丁目,2023-06-07,18,その他の住宅（３階建て以下共同住宅等）,駐車（輪）場,20歳代,大学生,施錠せず
窃盗,自転車盗,成田,公津の杜,122114,千葉県,成田市,公津の杜６丁目,2023-07-08,22,その他の住宅（３階建て以下共同住宅等）,駐車（輪）場,10歳代,大学生,施錠せず
窃盗,自転車盗,成田,公津の杜,122114,千葉県,成田市,公津の杜６丁目,2023-12-08,10,その他の住宅（３階建て以下共同住宅等）,駐車（輪）場,20歳代,その他,施錠せず
窃盗,自転車盗,成田,名古屋,122114,千葉県,成田市,猿山,2023-02-09,07,その他,駐車（輪）場,10歳代,その他,施錠せず
窃盗,自転車盗,成田,成田駅前,122114,千葉県,成田市,東町,2022-09-17,10,その他の住宅（３階建て以下共同住宅等）,駐車（輪）場,20歳代,その他,施錠した
窃盗,自転車盗,成田,成田駅前,122114,千葉県,成田市,東町,2023-02-07,18,その他,駐車（輪）場,20歳代,その他,施錠せず
窃盗,自転車盗,成田,成田駅前,122114,千葉県,成田市,囲護台２丁目,2023-06-30,08,その他の住宅（３階建て以下共同住宅等）,駐車（輪）場,30歳代,その他,施錠した
窃盗,自転車盗,成田,成田駅前,122114,千葉県,成田市,囲護台３丁目,2023-01-24,16,その他,駐車（輪）場,10歳代,高校生,施錠せず
窃盗,自転車盗,成田,成田駅前,122114,千葉県,成田市,囲護台３丁目,2023-07-30,20,その他の住宅（３階建て以下共同住宅等）,駐車（輪）場,20歳代,その他,施錠せず
窃盗,自転車盗,成田,成田駅前,122114,千葉県,成田市,新町,2023-05-08,18,その他の住宅（３階建て以下共同住宅等）,駐車（輪）場,20歳代,その他,施錠せず
窃盗,自転車盗,成田,成田駅前,122114,千葉県,成田市,土屋,2023-07-22,23,その他の住宅（３階建て以下共同住宅等）,駐車（輪）場,20歳代,その他,施錠せず
窃盗,自転車盗,成田,成田駅前,122114,千葉県,成田市,土屋,2023-09-28,12,一戸建住宅,駐車（輪）場,30歳代,その他,施錠せず
窃盗,自転車盗,成田,成田駅前,122114,千葉県,成田市,花崎町,2022-09-23,12,その他,駐車（輪）場,50歳代,その他,施錠した
窃盗,自転車盗,成田,成田駅前,122114,千葉県,成田市,花崎町,2023-02-25,10,その他,駐車（輪）場,10歳代,中学生,施錠せず
窃盗,自転車盗,成田,成田駅前,122114,千葉県,成田市,花崎町,2023-06-01,09,その他,駐車（輪）場,20歳代,大学生,施錠した
窃盗,自転車盗,成田,成田駅前,122114,千葉県,成田市,花崎町,2023-06-12,08,駐車（輪）場,駐車（輪）場,60-64歳,その他,施錠した
窃盗,自転車盗,成田,成田駅前,122114,千葉県,成田市,花崎町,2023-06-19,00,道路上,その他,20歳代,その他,施錠した
窃盗,自転車盗,成田,成田駅前,122114,千葉県,成田市,花崎町,2023-06-20,16,道路上,その他,10歳代,高校生,施錠した
窃盗,自転車盗,成田,成田駅前,122114,千葉県,成田市,花崎町,2023-08-12,17,その他,駐車（輪）場,10歳代,高校生,施錠した
窃盗,自転車盗,成田,成田駅前,122114,千葉県,成田市,花崎町,2023-08-25,04,その他,駐車（輪）場,20歳代,大学生,施錠せず
窃盗,自転車盗,成田,成田駅前,122114,千葉県,成田市,花崎町,2023-10-02,08,駐車（輪）場,駐車（輪）場,20歳代,大学生,施錠せず
窃盗,自転車盗,成田,成田駅前,122114,千葉県,成田市,花崎町,2023-11-14,08,その他,駐車（輪）場,10歳代,その他,施錠せず
窃盗,自転車盗,成田,成田駅前,122114,千葉県,成田市,花崎町,2023-12-18,11,その他,駐車（輪）場,20歳代,その他,施錠した
窃盗,自転車盗,成田,成田駅前,122114,千葉県,成田市,花崎町,2023-12-26,12,その他,駐車（輪）場,10歳代,中学生,施錠せず
窃盗,自転車盗,成田,成田駅前,122114,千葉県,成田市,馬場,2023-11-28,07,駐車（輪）場,駐車（輪）場,10歳代,その他,施錠した
窃盗,自転車盗,成田,成田駅前,122114,千葉県,成田市,馬場,2023-11-28,07,駐車（輪）場,駐車（輪）場,10歳代,高校生,施錠せず
窃盗,自転車盗,成田,成田駅前,122114,千葉県,成田市,不動ヶ岡,2023-05-28,14,４階建て以上共同住宅,駐車（輪）場,10歳代,中学生,施錠せず
窃盗,自転車盗,成田,成田駅前,122114,千葉県,成田市,不動ヶ岡,2023-07-27,16,一戸建住宅,駐車（輪）場,10歳代,高校生,施錠せず
窃盗,自転車盗,成田,成田駅前,122114,千葉県,成田市,不動ヶ岡,2023-10-30,21,その他の住宅（３階建て以下共同住宅等）,駐車（輪）場,60-64歳,その他,施錠した
窃盗,自転車盗,成田,成田駅前,122114,千葉県,成田市,不動ヶ岡,2023-12-15,11,４階建て以上共同住宅,駐車（輪）場,10歳代,高校生,施錠せず
窃盗,自転車盗,成田,成田駅前,122114,千葉県,成田市,馬橋,2022-12-17,12,その他,駐車（輪）場,20歳代,その他,施錠せず
窃盗,自転車盗,成田,成田駅前,122114,千葉県,成田市,馬橋,2023-01-02,21,駐車（輪）場,駐車（輪）場,20歳代,大学生,施錠せず
窃盗,自転車盗,成田,成田駅前,122114,千葉県,成田市,馬橋,2023-02-20,07,その他,駐車（輪）場,10歳代,高校生,施錠せず
窃盗,自転車盗,成田,成田駅前,122114,千葉県,成田市,馬橋,2023-02-20,10,その他,駐車（輪）場,10歳代,高校生,施錠した
窃盗,自転車盗,成田,成田駅前,122114,千葉県,成田市,馬橋,2023-03-12,08,その他,駐車（輪）場,10歳代,高校生,施錠した
窃盗,自転車盗,成田,成田駅前,122114,千葉県,成田市,馬橋,2023-03-15,07,その他,駐車（輪）場,10歳代,その他,施錠せず
窃盗,自転車盗,成田,成田駅前,122114,千葉県,成田市,馬橋,2023-04-14,17,その他,駐車（輪）場,10歳代,高校生,施錠せず
窃盗,自転車盗,成田,成田駅前,122114,千葉県,成田市,馬橋,2023-04-21,06,その他,駐車（輪）場,10歳代,中学生,施錠した
窃盗,自転車盗,成田,成田駅前,122114,千葉県,成田市,馬橋,2023-04-24,21,その他,駐車（輪）場,10歳代,中学生,施錠せず
窃盗,自転車盗,成田,成田駅前,122114,千葉県,成田市,馬橋,2023-05-02,00,その他,駐車（輪）場,10歳代,大学生,施錠せず
窃盗,自転車盗,成田,成田駅前,122114,千葉県,成田市,馬橋,2023-05-09,09,その他,駐車（輪）場,10歳代,高校生,施錠せず
窃盗,自転車盗,成田,成田駅前,122114,千葉県,成田市,馬橋,2023-05-10,10,駐車（輪）場,駐車（輪）場,20歳代,大学生,施錠せず
窃盗,自転車盗,成田,成田駅前,122114,千葉県,成田市,馬橋,2023-05-13,16,その他,駐車（輪）場,10歳代,大学生,施錠せず
窃盗,自転車盗,成田,成田駅前,122114,千葉県,成田市,馬橋,2023-05-18,04,その他,駐車（輪）場,10歳代,大学生,施錠せず
窃盗,自転車盗,成田,成田駅前,122114,千葉県,成田市,馬橋,2023-06-07,18,その他,駐車（輪）場,10歳代,高校生,施錠せず
窃盗,自転車盗,成田,成田駅前,122114,千葉県,成田市,馬橋,2023-06-20,06,その他,駐車（輪）場,10歳代,高校生,施錠した
窃盗,自転車盗,成田,成田駅前,122114,千葉県,成田市,馬橋,2023-06-21,06,その他,駐車（輪）場,10歳代,高校生,施錠せず
窃盗,自転車盗,成田,成田駅前,122114,千葉県,成田市,馬橋,2023-06-21,06,その他,駐車（輪）場,20歳代,その他,施錠した
窃盗,自転車盗,成田,成田駅前,122114,千葉県,成田市,馬橋,2023-06-30,18,駐車（輪）場,駐車（輪）場,40歳代,その他,施錠せず
窃盗,自転車盗,成田,成田駅前,122114,千葉県,成田市,馬橋,2023-07-06,09,その他,駐車（輪）場,20歳代,大学生,施錠した
窃盗,自転車盗,成田,成田駅前,122114,千葉県,成田市,馬橋,2023-07-08,07,その他,駐車（輪）場,10歳代,高校生,施錠せず
窃盗,自転車盗,成田,成田駅前,122114,千葉県,成田市,馬橋,2023-07-11,20,駐車（輪）場,駐車（輪）場,20歳代,その他,施錠せず
窃盗,自転車盗,成田,成田駅前,122114,千葉県,成田市,馬橋,2023-07-18,17,駐車（輪）場,駐車（輪）場,40歳代,その他,施錠せず
窃盗,自転車盗,成田,成田駅前,122114,千葉県,成田市,馬橋,2023-07-20,13,その他,駐車（輪）場,20歳代,大学生,施錠せず
窃盗,自転車盗,成田,成田駅前,122114,千葉県,成田市,馬橋,2023-07-22,07,その他,駐車（輪）場,10歳代,高校生,施錠した
窃盗,自転車盗,成田,成田駅前,122114,千葉県,成田市,馬橋,2023-07-25,17,その他,駐車（輪）場,10歳代,中学生,施錠せず
窃盗,自転車盗,成田,成田駅前,122114,千葉県,成田市,馬橋,2023-08-01,11,その他,駐車（輪）場,10歳代,中学生,施錠せず
窃盗,自転車盗,成田,成田駅前,122114,千葉県,成田市,馬橋,2023-08-06,20,その他,駐車（輪）場,20歳代,その他,施錠せず
窃盗,自転車盗,成田,成田駅前,122114,千葉県,成田市,馬橋,2023-08-12,16,その他,駐車（輪）場,10歳代,大学生,施錠せず
窃盗,自転車盗,成田,成田駅前,122114,千葉県,成田市,馬橋,2023-08-18,10,その他,駐車（輪）場,20歳代,大学生,施錠せず
窃盗,自転車盗,成田,成田駅前,122114,千葉県,成田市,馬橋,2023-08-18,20,その他,駐車（輪）場,20歳代,その他,施錠せず
窃盗,自転車盗,成田,成田駅前,122114,千葉県,成田市,馬橋,2023-08-22,11,その他,駐車（輪）場,10歳代,高校生,施錠した
窃盗,自転車盗,成田,成田駅前,122114,千葉県,成田市,馬橋,2023-08-29,07,その他,駐車（輪）場,10歳代,高校生,施錠せず
窃盗,自転車盗,成田,成田駅前,122114,千葉県,成田市,馬橋,2023-08-29,16,その他,駐車（輪）場,20歳代,大学生,施錠せず
窃盗,自転車盗,成田,成田駅前,122114,千葉県,成田市,馬橋,2023-09-01,04,駐車（輪）場,駐車（輪）場,20歳代,その他,施錠した
窃盗,自転車盗,成田,成田駅前,122114,千葉県,成田市,馬橋,2023-09-12,20,道路上,その他,10歳代,高校生,施錠した
窃盗,自転車盗,成田,成田駅前,122114,千葉県,成田市,馬橋,2023-09-13,16,駐車（輪）場,駐車（輪）場,10歳代,高校生,施錠せず
窃盗,自転車盗,成田,成田駅前,122114,千葉県,成田市,馬橋,2023-09-18,09,駐車（輪）場,駐車（輪）場,30歳代,その他,施錠した
窃盗,自転車盗,成田,成田駅前,122114,千葉県,成田市,馬橋,2023-09-28,11,駐車（輪）場,駐車（輪）場,10歳代,高校生,施錠せず
窃盗,自転車盗,成田,成田駅前,122114,千葉県,成田市,馬橋,2023-10-08,15,駐車（輪）場,駐車（輪）場,20歳代,その他,施錠せず
窃盗,自転車盗,成田,成田駅前,122114,千葉県,成田市,馬橋,2023-10-18,06,駐車（輪）場,駐車（輪）場,20歳代,その他,施錠せず
窃盗,自転車盗,成田,成田駅前,122114,千葉県,成田市,馬橋,2023-10-26,10,駐車（輪）場,駐車（輪）場,20歳代,その他,施錠せず
窃盗,自転車盗,成田,成田駅前,122114,千葉県,成田市,馬橋,2023-10-28,07,その他,駐車（輪）場,10歳代,高校生,施錠せず
窃盗,自転車盗,成田,成田駅前,122114,千葉県,成田市,馬橋,2023-10-30,10,その他,駐車（輪）場,20歳代,大学生,施錠せず
窃盗,自転車盗,成田,成田駅前,122114,千葉県,成田市,馬橋,2023-11-15,13,駐車（輪）場,駐車（輪）場,10歳代,高校生,施錠せず
窃盗,自転車盗,成田,成田駅前,122114,千葉県,成田市,馬橋,2023-11-15,16,駐車（輪）場,駐車（輪）場,10歳代,高校生,施錠せず
窃盗,自転車盗,成田,成田駅前,122114,千葉県,成田市,馬橋,2023-11-22,10,駐車（輪）場,駐車（輪）場,10歳代,高校生,施錠せず
窃盗,自転車盗,成田,成田駅前,122114,千葉県,成田市,馬橋,2023-12-01,14,その他,駐車（輪）場,20歳代,大学生,施錠せず
窃盗,自転車盗,成田,成田駅前,122114,千葉県,成田市,馬橋,2023-12-06,20,駐車（輪）場,駐車（輪）場,20歳代,大学生,施錠せず
窃盗,自転車盗,成田,成田駅前,122114,千葉県,成田市,馬橋,2023-12-09,19,駐車（輪）場,駐車（輪）場,20歳代,その他,施錠した
窃盗,自転車盗,成田,成田駅前,122114,千葉県,成田市,馬橋,2023-12-14,07,駐車（輪）場,駐車（輪）場,10歳代,高校生,施錠せず
窃盗,自転車盗,成田,成田駅前,122114,千葉県,成田市,馬橋,2023-12-17,12,駐車（輪）場,駐車（輪）場,20歳代,大学生,施錠せず
窃盗,自転車盗,成田,成田駅前,122114,千葉県,成田市,美郷台２丁目,2023-02-28,12,その他の住宅（３階建て以下共同住宅等）,駐車（輪）場,50歳代,その他,施錠せず
窃盗,自転車盗,成田,成田駅前,122114,千葉県,成田市,美郷台２丁目,2023-07-03,18,その他の住宅（３階建て以下共同住宅等）,駐車（輪）場,30歳代,その他,施錠した
窃盗,自転車盗,成田,成田駅前,122114,千葉県,成田市,美郷台２丁目,2023-10-26,22,その他の住宅（３階建て以下共同住宅等）,駐車（輪）場,30歳代,その他,施錠した
窃盗,自転車盗,成田,成田駅前,122114,千葉県,成田市,美郷台３丁目,2023-03-03,15,その他,駐車（輪）場,10歳代,その他,施錠せず
窃盗,自転車盗,成田,成田駅前,122114,千葉県,成田市,美郷台３丁目,2023-06-25,14,その他の住宅（３階建て以下共同住宅等）,駐車（輪）場,20歳代,その他,施錠した
窃盗,自転車盗,成田,成田駅前,122114,千葉県,成田市,美郷台３丁目,2023-10-27,21,その他の住宅（３階建て以下共同住宅等）,駐車（輪）場,30歳代,その他,施錠した
窃盗,自転車盗,成田,成田駅前,122114,千葉県,成田市,ウイング土屋,2023-01-04,18,その他,駐車（輪）場,10歳代,中学生,施錠せず
窃盗,自転車盗,成田,成田駅前,122114,千葉県,成田市,ウイング土屋,2023-03-07,13,その他,駐車（輪）場,10歳代,高校生,施錠せず
窃盗,自転車盗,成田,成田駅前,122114,千葉県,成田市,ウイング土屋,2023-03-19,14,その他,駐車（輪）場,10歳代,中学生,施錠せず
窃盗,自転車盗,成田,成田駅前,122114,千葉県,成田市,ウイング土屋,2023-03-21,10,その他,駐車（輪）場,10歳代,中学生,施錠せず
窃盗,自転車盗,成田,成田駅前,122114,千葉県,成田市,ウイング土屋,2023-03-21,15,その他,駐車（輪）場,10歳代,高校生,施錠せず
窃盗,自転車盗,成田,成田駅前,122114,千葉県,成田市,ウイング土屋,2023-05-09,20,その他,駐車（輪）場,20歳代,その他,施錠せず
窃盗,自転車盗,成田,成田駅前,122114,千葉県,成田市,ウイング土屋,2023-07-04,14,その他,その他,10歳代,高校生,施錠せず
窃盗,自転車盗,成田,成田駅前,122114,千葉県,成田市,ウイング土屋,2023-07-27,14,その他,駐車（輪）場,10歳代,高校生,施錠せず
窃盗,自転車盗,成田,成田駅前,122114,千葉県,成田市,ウイング土屋,2023-08-24,16,その他,駐車（輪）場,10歳代,高校生,施錠せず
窃盗,自転車盗,成田,成田駅前,122114,千葉県,成田市,ウイング土屋,2023-11-06,20,その他,駐車（輪）場,10歳代,高校生,施錠した
窃盗,自転車盗,成田,日吉台,122335,千葉県,富里市,七栄,2023-09-28,16,その他,その他,10歳代,高校生,施錠せず
窃盗,自転車盗,成田,日吉台,122335,千葉県,富里市,日吉倉,2022-12-25,20,その他の住宅（３階建て以下共同住宅等）,駐車（輪）場,20歳代,その他,施錠した
窃盗,自転車盗,成田,日吉台,122335,千葉県,富里市,日吉倉,2023-04-01,02,４階建て以上共同住宅,駐車（輪）場,20歳代,その他,施錠した
窃盗,自転車盗,成田,日吉台,122335,千葉県,富里市,日吉倉,2023-04-11,16,その他の住宅（３階建て以下共同住宅等）,駐車（輪）場,30歳代,その他,施錠せず
窃盗,自転車盗,成田,日吉台,122335,千葉県,富里市,日吉倉,2023-07-16,15,その他の住宅（３階建て以下共同住宅等）,駐車（輪）場,20歳代,その他,施錠せず
窃盗,自転車盗,成田,日吉台,122335,千葉県,富里市,日吉台２丁目,2023-11-03,18,その他,駐車（輪）場,10歳代,その他,施錠せず
窃盗,自転車盗,成田,日吉台,122335,千葉県,富里市,日吉台４丁目,2023-10-04,20,４階建て以上共同住宅,駐車（輪）場,20歳代,その他,施錠せず
窃盗,自転車盗,成田,日吉台,122335,千葉県,富里市,日吉台５丁目,2023-10-16,22,一戸建住宅,その他,10歳代,高校生,施錠せず
窃盗,自転車盗,成田,栄,123293,千葉県,栄町,安食,2022-10-22,16,その他,駐車（輪）場,10歳代,高校生,施錠せず
窃盗,自転車盗,成田,栄,123293,千葉県,栄町,安食,2023-01-09,17,その他,駐車（輪）場,30歳代,その他,施錠せず
窃盗,自転車盗,成田,栄,123293,千葉県,栄町,安食,2023-02-05,14,その他,駐車（輪）場,10歳代,高校生,施錠した
窃盗,自転車盗,成田,栄,123293,千葉県,栄町,安食,2023-04-10,08,その他,駐車（輪）場,10歳代,大学生,施錠せず
窃盗,自転車盗,成田,栄,123293,千葉県,栄町,安食,2023-04-21,07,その他,駐車（輪）場,10歳代,高校生,施錠した
窃盗,自転車盗,成田,栄,123293,千葉県,栄町,安食,2023-06-15,08,その他,駐車（輪）場,10歳代,高校生,施錠せず
窃盗,自転車盗,成田,栄,123293,千葉県,栄町,安食,2023-06-18,14,その他,駐車（輪）場,10歳代,大学生,施錠せず
窃盗,自転車盗,成田,栄,123293,千葉県,栄町,安食,2023-07-16,10,駐車（輪）場,駐車（輪）場,10歳代,高校生,施錠せず
窃盗,自転車盗,成田,栄,123293,千葉県,栄町,安食,2023-07-17,13,駐車（輪）場,駐車（輪）場,50歳代,その他,施錠せず
窃盗,自転車盗,成田,栄,123293,千葉県,栄町,安食,2023-07-18,06,その他,駐車（輪）場,10歳代,高校生,施錠せず
窃盗,自転車盗,成田,栄,123293,千葉県,栄町,安食,2023-08-04,11,その他,駐車（輪）場,20歳代,その他,施錠せず
窃盗,自転車盗,成田,栄,123293,千葉県,栄町,安食,2023-08-26,17,その他,駐車（輪）場,20歳代,その他,施錠せず
窃盗,自転車盗,成田,栄,123293,千葉県,栄町,安食,2023-08-31,10,駐車（輪）場,駐車（輪）場,30歳代,その他,施錠した
窃盗,自転車盗,成田,栄,123293,千葉県,栄町,安食,2023-09-15,07,その他,駐車（輪）場,20歳代,大学生,施錠せず
窃盗,自転車盗,成田,栄,123293,千葉県,栄町,安食,2023-09-16,13,その他,駐車（輪）場,10歳代,中学生,施錠した
窃盗,自転車盗,成田,栄,123293,千葉県,栄町,安食,2023-10-05,06,その他,駐車（輪）場,10歳代,高校生,施錠した
窃盗,自転車盗,成田,栄,123293,千葉県,栄町,安食,2023-10-17,07,その他,駐車（輪）場,10歳代,高校生,施錠せず
窃盗,自転車盗,成田,栄,123293,千葉県,栄町,安食,2023-11-08,09,その他,その他,70歳以上,その他,施錠せず
窃盗,自転車盗,成田,栄,123293,千葉県,栄町,安食,2023-12-04,10,その他,駐車（輪）場,10歳代,中学生,施錠せず
窃盗,自転車盗,成田,栄,123293,千葉県,栄町,安食２丁目,2023-10-21,16,その他,駐車（輪）場,10歳代,中学生,施錠せず
窃盗,自転車盗,成田,栄,123293,千葉県,栄町,,2023-08-07,09,その他,駐車（輪）場,40歳代,その他,施錠せず
窃盗,自転車盗,成田,滑川,122114,千葉県,成田市,猿山,2023-02-07,16,その他の住宅（３階建て以下共同住宅等）,駐車（輪）場,70歳以上,その他,施錠した
窃盗,自転車盗,成田,滑川,122114,千葉県,成田市,猿山,2023-02-21,07,その他,駐車（輪）場,10歳代,高校生,施錠せず
窃盗,自転車盗,成田,滑川,122114,千葉県,成田市,猿山,2023-06-21,07,その他,駐車（輪）場,10歳代,高校生,施錠せず
窃盗,自転車盗,成田,滑川,122114,千葉県,成田市,猿山,2023-07-05,13,駐車（輪）場,駐車（輪）場,10歳代,高校生,施錠した
窃盗,自転車盗,成田,赤坂,122114,千葉県,成田市,赤坂２丁目,2023-03-30,13,その他,駐車（輪）場,10歳代,中学生,施錠せず
窃盗,自転車盗,成田,赤坂,122114,千葉県,成田市,赤坂２丁目,2023-06-30,17,道路上,その他,70歳以上,その他,施錠せず
窃盗,自転車盗,成田,赤坂,122114,千葉県,成田市,赤坂２丁目,2023-09-29,12,その他,駐車（輪）場,20歳代,その他,施錠せず
窃盗,自転車盗,成田,赤坂,122114,千葉県,成田市,赤坂２丁目,2023-12-22,15,その他,その他,30歳代,その他,施錠せず
窃盗,自転車盗,成田,赤坂,122114,千葉県,成田市,赤坂３丁目,2023-01-21,12,その他,駐車（輪）場,10歳代,高校生,施錠せず
窃盗,自転車盗,成田,赤坂,122114,千葉県,成田市,赤坂３丁目,2023-09-18,15,その他,駐車（輪）場,10歳代,高校生,施錠せず
窃盗,自転車盗,成田,赤坂,122114,千葉県,成田市,赤坂３丁目,2023-09-24,16,その他,駐車（輪）場,10歳代,その他,施錠せず
窃盗,自転車盗,成田,赤坂,122114,千葉県,成田市,吾妻２丁目,2022-12-31,12,その他の住宅（３階建て以下共同住宅等）,駐車（輪）場,40歳代,その他,施錠せず
窃盗,自転車盗,成田,赤坂,122114,千葉県,成田市,吾妻２丁目,2023-04-08,22,その他の住宅（３階建て以下共同住宅等）,駐車（輪）場,40歳代,その他,施錠せず
窃盗,自転車盗,成田,赤坂,122114,千葉県,成田市,飯田町,2023-10-25,18,４階建て以上共同住宅,駐車（輪）場,20歳代,その他,施錠せず
窃盗,自転車盗,成田,赤坂,122114,千葉県,成田市,加良部２丁目,2022-11-15,不明,その他の住宅（３階建て以下共同住宅等）,駐車（輪）場,10歳代,小学生,施錠せず
窃盗,自転車盗,成田,赤坂,122114,千葉県,成田市,加良部２丁目,2023-01-10,23,４階建て以上共同住宅,駐車（輪）場,20歳代,その他,施錠した
窃盗,自転車盗,成田,赤坂,122114,千葉県,成田市,加良部２丁目,2023-07-18,21,その他の住宅（３階建て以下共同住宅等）,駐車（輪）場,10歳代,中学生,施錠した
窃盗,自転車盗,成田,赤坂,122114,千葉県,成田市,加良部５丁目,2023-03-10,19,その他の住宅（３階建て以下共同住宅等）,駐車（輪）場,30歳代,その他,施錠した
窃盗,自転車盗,成田,赤坂,122114,千葉県,成田市,加良部５丁目,2023-04-10,19,その他の住宅（３階建て以下共同住宅等）,駐車（輪）場,30歳代,その他,施錠した
窃盗,自転車盗,成田,赤坂,122114,千葉県,成田市,加良部５丁目,2023-05-09,12,その他の住宅（３階建て以下共同住宅等）,駐車（輪）場,30歳代,その他,施錠せず
窃盗,自転車盗,成田,赤坂,122114,千葉県,成田市,加良部５丁目,2023-07-24,13,その他,駐車（輪）場,10歳代,中学生,施錠せず
窃盗,自転車盗,成田,赤坂,122114,千葉県,成田市,加良部５丁目,2023-09-08,23,４階建て以上共同住宅,駐車（輪）場,20歳代,その他,施錠せず
窃盗,自転車盗,成田,赤坂,122114,千葉県,成田市,加良部５丁目,2023-11-18,14,その他の住宅（３階建て以下共同住宅等）,その他,10歳代,小学生,施錠した
窃盗,自転車盗,成田,赤坂,122114,千葉県,成田市,玉造２丁目,2023-03-26,07,一戸建住宅,駐車（輪）場,40歳代,その他,施錠した
窃盗,自転車盗,成田,赤坂,122114,千葉県,成田市,玉造５丁目,2023-05-26,08,その他,駐車（輪）場,10歳代,高校生,施錠せず
窃盗,自転車盗,成田,赤坂,122114,千葉県,成田市,中台３丁目,2023-06-28,21,４階建て以上共同住宅,その他,10歳代,中学生,施錠せず
窃盗,自転車盗,成田,赤坂,122114,千葉県,成田市,中台３丁目,2023-08-16,12,４階建て以上共同住宅,その他,40歳代,その他,施錠せず
窃盗,自転車盗,成田,赤坂,122114,千葉県,成田市,橋賀台１丁目,2023-09-19,07,一戸建住宅,その他,10歳代,中学生,施錠せず
窃盗,自転車盗,成田,赤坂,122114,千葉県,成田市,橋賀台２丁目,2023-05-09,18,その他の住宅（３階建て以下共同住宅等）,駐車（輪）場,40歳代,その他,施錠した
窃盗,自転車盗,成田,赤坂,122114,千葉県,成田市,橋賀台３丁目,2023-02-28,10,道路上,その他,70歳以上,その他,施錠した
窃盗,自転車盗,成田,赤坂,122114,千葉県,成田市,馬橋,2023-06-14,16,駐車（輪）場,駐車（輪）場,10歳代,高校生,施錠した
窃盗,自転車盗,成田,赤坂,122114,千葉県,成田市,山口,2023-04-27,17,その他の住宅（３階建て以下共同住宅等）,駐車（輪）場,20歳代,その他,施錠せず
窃盗,自転車盗,印西,中央駅前,122319,千葉県,印西市,木下,2023-07-11,07,駐車（輪）場,駐車（輪）場,10歳代,高校生,施錠せず
窃盗,自転車盗,印西,中央駅前,122319,千葉県,印西市,木下,2023-07-17,11,駐車（輪）場,駐車（輪）場,10歳代,高校生,施錠せず
窃盗,自転車盗,印西,中央駅前,122319,千葉県,印西市,内野１丁目,2023-06-09,20,４階建て以上共同住宅,駐車（輪）場,30歳代,その他,施錠した
窃盗,自転車盗,印西,中央駅前,122319,千葉県,印西市,内野１丁目,2023-10-10,19,４階建て以上共同住宅,駐車（輪）場,40歳代,その他,施錠した
窃盗,自転車盗,印西,中央駅前,122319,千葉県,印西市,内野２丁目,2023-10-06,07,４階建て以上共同住宅,駐車（輪）場,40歳代,その他,施錠した
窃盗,自転車盗,印西,中央駅前,122319,千葉県,印西市,内野２丁目,不明,不明,４階建て以上共同住宅,その他,50歳代,その他,施錠した
窃盗,自転車盗,印西,中央駅前,122319,千葉県,印西市,木刈１丁目,2023-10-18,13,４階建て以上共同住宅,駐車（輪）場,40歳代,その他,施錠した
窃盗,自転車盗,印西,中央駅前,122319,千葉県,印西市,高花１丁目,2023-06-10,10,４階建て以上共同住宅,駐車（輪）場,30歳代,その他,施錠した
窃盗,自転車盗,印西,中央駅前,122319,千葉県,印西市,原山１丁目,2023-07-30,21,４階建て以上共同住宅,駐車（輪）場,10歳代,中学生,施錠せず
窃盗,自転車盗,印西,中央駅前,122319,千葉県,印西市,原山２丁目,2023-09-29,21,４階建て以上共同住宅,その他,50歳代,その他,施錠した
窃盗,自転車盗,印西,中央駅前,122319,千葉県,印西市,小倉台１丁目,2023-10-01,20,４階建て以上共同住宅,駐車（輪）場,40歳代,その他,施錠した
窃盗,自転車盗,印西,中央駅前,122319,千葉県,印西市,小倉台３丁目,2023-06-10,18,４階建て以上共同住宅,駐車（輪）場,10歳代,高校生,施錠せず
窃盗,自転車盗,印西,中央駅前,122319,千葉県,印西市,小倉台３丁目,2023-10-17,17,４階建て以上共同住宅,駐車（輪）場,20歳代,その他,施錠した
窃盗,自転車盗,印西,中央駅前,122319,千葉県,印西市,小倉台４丁目,2022-01-01,08,４階建て以上共同住宅,駐車（輪）場,10歳代,高校生,施錠した
窃盗,自転車盗,印西,中央駅前,122319,千葉県,印西市,小倉台４丁目,2023-01-30,21,４階建て以上共同住宅,駐車（輪）場,10歳代,高校生,施錠した
窃盗,自転車盗,印西,中央駅前,122319,千葉県,印西市,武西学園台１丁目,2023-03-05,16,４階建て以上共同住宅,駐車（輪）場,10歳代,小学生,施錠せず
窃盗,自転車盗,印西,中央駅前,122319,千葉県,印西市,武西学園台３丁目,2023-05-06,19,一戸建住宅,その他,10歳代,小学生,施錠せず
窃盗,自転車盗,印西,中央駅前,122319,千葉県,印西市,中央北１丁目,2023-06-26,17,その他,その他,10歳代,高校生,施錠した
窃盗,自転車盗,印西,中央駅前,122319,千葉県,印西市,中央北２丁目,2023-09-11,07,駐車（輪）場,駐車（輪）場,10歳代,高校生,施錠した
窃盗,自転車盗,印西,中央駅前,122319,千葉県,印西市,中央北３丁目,2023-02-08,14,その他,駐車（輪）場,10歳代,高校生,施錠せず
窃盗,自転車盗,印西,中央駅前,122319,千葉県,印西市,中央北３丁目,2023-02-11,19,その他,駐車（輪）場,10歳代,高校生,施錠せず
窃盗,自転車盗,印西,中央駅前,122319,千葉県,印西市,中央北３丁目,2023-02-18,07,その他,駐車（輪）場,10歳代,中学生,施錠せず
窃盗,自転車盗,印西,中央駅前,122319,千葉県,印西市,中央北３丁目,2023-03-27,12,その他,駐車（輪）場,10歳代,中学生,施錠せず
窃盗,自転車盗,印西,中央駅前,122319,千葉県,印西市,中央北３丁目,2023-04-15,11,その他,駐車（輪）場,20歳代,大学生,施錠せず
窃盗,自転車盗,印西,中央駅前,122319,千葉県,印西市,中央北３丁目,2023-05-12,18,その他,駐車（輪）場,10歳代,その他,施錠せず
窃盗,自転車盗,印西,中央駅前,122319,千葉県,印西市,中央北３丁目,2023-06-10,12,その他,駐車（輪）場,10歳代,中学生,施錠した
窃盗,自転車盗,印西,中央駅前,122319,千葉県,印西市,中央北３丁目,2023-06-21,17,その他,駐車（輪）場,法人・団体、被害者なし,法人・団体、被害者なし,施錠せず
窃盗,自転車盗,印西,中央駅前,122319,千葉県,印西市,中央北３丁目,2023-06-30,06,その他,駐車（輪）場,20歳代,大学生,施錠せず
窃盗,自転車盗,印西,中央駅前,122319,千葉県,印西市,中央北３丁目,2023-07-02,13,その他,駐車（輪）場,10歳代,中学生,施錠せず
窃盗,自転車盗,印西,中央駅前,122319,千葉県,印西市,中央北３丁目,2023-07-06,15,その他,駐車（輪）場,10歳代,小学生,施錠せず
窃盗,自転車盗,印西,中央駅前,122319,千葉県,印西市,中央北３丁目,2023-07-19,08,その他,駐車（輪）場,40歳代,その他,施錠せず
窃盗,自転車盗,印西,中央駅前,122319,千葉県,印西市,中央北３丁目,2023-08-29,19,その他,駐車（輪）場,10歳代,中学生,施錠した
窃盗,自転車盗,印西,中央駅前,122319,千葉県,印西市,中央北３丁目,2023-09-10,15,その他,駐車（輪）場,10歳代,中学生,施錠した
窃盗,自転車盗,印西,中央駅前,122319,千葉県,印西市,中央北３丁目,2023-10-14,19,その他,駐車（輪）場,10歳代,中学生,施錠せず
窃盗,自転車盗,印西,中央駅前,122319,千葉県,印西市,中央北３丁目,2023-10-20,17,その他,駐車（輪）場,10歳代,中学生,施錠せず
窃盗,自転車盗,印西,中央駅前,122319,千葉県,印西市,中央南１丁目,2023-01-22,08,道路上,その他,10歳代,高校生,施錠せず
窃盗,自転車盗,印西,中央駅前,122319,千葉県,印西市,中央南１丁目,2023-01-25,06,駐車（輪）場,駐車（輪）場,10歳代,高校生,施錠せず
窃盗,自転車盗,印西,中央駅前,122319,千葉県,印西市,中央南１丁目,2023-09-20,17,駐車（輪）場,駐車（輪）場,10歳代,高校生,施錠せず
窃盗,自転車盗,印西,中央駅前,122319,千葉県,印西市,中央南１丁目,2023-09-20,18,駐車（輪）場,駐車（輪）場,40歳代,その他,施錠せず
窃盗,自転車盗,印西,中央駅前,122319,千葉県,印西市,中央南２丁目,2023-02-09,17,４階建て以上共同住宅,駐車（輪）場,10歳代,中学生,施錠せず
窃盗,自転車盗,印西,中央駅前,122319,千葉県,印西市,中央南２丁目,2023-10-11,17,その他,駐車（輪）場,60-64歳,その他,施錠した
窃盗,自転車盗,印西,中央駅前,122319,千葉県,印西市,戸神台１丁目,2023-05-10,10,４階建て以上共同住宅,駐車（輪）場,40歳代,その他,施錠した
窃盗,自転車盗,印西,中央駅前,122319,千葉県,印西市,戸神台２丁目,2023-04-22,13,一戸建住宅,駐車（輪）場,40歳代,その他,施錠せず
窃盗,自転車盗,印西,中央駅前,122319,千葉県,印西市,鹿黒南３丁目,2023-04-08,18,その他,その他,10歳代,高校生,施錠せず
窃盗,自転車盗,印西,中央駅前,122319,千葉県,印西市,鹿黒南３丁目,2023-12-08,20,一戸建住宅,駐車（輪）場,10歳代,小学生,施錠せず
窃盗,自転車盗,印西,中央駅前,122327,千葉県,白井市,桜台２丁目,2023-05-10,17,その他,駐車（輪）場,10歳代,大学生,施錠した
窃盗,自転車盗,印西,中央駅前,122327,千葉県,白井市,桜台２丁目,2023-05-25,14,４階建て以上共同住宅,駐車（輪）場,10歳代,中学生,施錠せず
窃盗,自転車盗,印西,中央駅前,122327,千葉県,白井市,桜台２丁目,2023-08-15,13,４階建て以上共同住宅,駐車（輪）場,10歳代,高校生,施錠した
窃盗,自転車盗,印西,中央駅前,122327,千葉県,白井市,桜台２丁目,2023-10-19,07,４階建て以上共同住宅,その他,10歳代,その他,施錠した
窃盗,自転車盗,印西,中央駅前,122327,千葉県,白井市,桜台２丁目,2023-12-05,20,４階建て以上共同住宅,駐車（輪）場,50歳代,その他,施錠せず
窃盗,自転車盗,印西,中央駅前,122327,千葉県,白井市,桜台４丁目,2023-10-06,21,一戸建住宅,駐車（輪）場,30歳代,その他,施錠せず
窃盗,自転車盗,印西,冨士,122327,千葉県,白井市,冨士,2023-01-04,16,その他,駐車（輪）場,10歳代,高校生,施錠せず
窃盗,自転車盗,印西,冨士,122327,千葉県,白井市,冨士,2023-02-08,17,一戸建住宅,その他,30歳代,その他,施錠せず
窃盗,自転車盗,印西,冨士,122327,千葉県,白井市,冨士,2023-06-27,20,その他の住宅（３階建て以下共同住宅等）,その他,40歳代,その他,施錠せず
窃盗,自転車盗,印西,冨士,122327,千葉県,白井市,冨士,2023-08-03,14,その他の住宅（３階建て以下共同住宅等）,駐車（輪）場,20歳代,その他,施錠した
窃盗,自転車盗,印西,小林,122319,千葉県,印西市,大森,2023-04-29,22,その他の住宅（３階建て以下共同住宅等）,駐車（輪）場,10歳代,高校生,施錠せず
窃盗,自転車盗,印西,小林,122319,千葉県,印西市,小林,2023-04-21,20,駐車（輪）場,駐車（輪）場,60-64歳,その他,施錠せず
窃盗,自転車盗,印西,小林,122319,千葉県,印西市,小林,2023-05-05,11,駐車（輪）場,駐車（輪）場,20歳代,その他,施錠せず
窃盗,自転車盗,印西,小林,122319,千葉県,印西市,小林,2023-05-09,07,駐車（輪）場,駐車（輪）場,10歳代,高校生,施錠した
窃盗,自転車盗,印西,小林,122319,千葉県,印西市,小林,2023-06-20,17,駐車（輪）場,駐車（輪）場,10歳代,高校生,施錠せず
窃盗,自転車盗,印西,小林,122319,千葉県,印西市,小林,2023-07-01,00,その他,その他,20歳代,その他,施錠せず
窃盗,自転車盗,印西,小林,122319,千葉県,印西市,小林北２丁目,2023-04-21,10,駐車（輪）場,駐車（輪）場,10歳代,高校生,施錠せず
窃盗,自転車盗,印西,小林,122319,千葉県,印西市,小林北２丁目,2023-05-09,12,駐車（輪）場,駐車（輪）場,10歳代,その他,施錠せず
窃盗,自転車盗,印西,小林,122319,千葉県,印西市,小林北２丁目,2023-09-20,07,駐車（輪）場,駐車（輪）場,10歳代,高校生,施錠せず
窃盗,自転車盗,印西,小林,122319,千葉県,印西市,小林北２丁目,2023-09-23,06,駐車（輪）場,駐車（輪）場,10歳代,高校生,施錠せず
窃盗,自転車盗,印西,日本医大駅前,122319,千葉県,印西市,平賀,2023-03-20,10,その他の住宅（３階建て以下共同住宅等）,その他,20歳代,大学生,施錠せず
窃盗,自転車盗,印西,日本医大駅前,122319,千葉県,印西市,平賀,2023-11-06,22,その他,駐車（輪）場,10歳代,大学生,施錠せず
窃盗,自転車盗,印西,日本医大駅前,122319,千葉県,印西市,平賀,2023-12-02,14,その他,駐車（輪）場,20歳代,大学生,施錠せず
窃盗,自転車盗,印西,日本医大駅前,122319,千葉県,印西市,平賀学園台１丁目,2023-01-19,19,その他,駐車（輪）場,20歳代,大学生,施錠せず
窃盗,自転車盗,印西,日本医大駅前,122319,千葉県,印西市,平賀学園台２丁目,2023-01-20,13,その他の住宅（３階建て以下共同住宅等）,駐車（輪）場,20歳代,大学生,施錠せず
窃盗,自転車盗,印西,日本医大駅前,122319,千葉県,印西市,舞姫３丁目,2023-04-14,14,駐車（輪）場,駐車（輪）場,20歳代,大学生,施錠せず
窃盗,自転車盗,印西,日本医大駅前,122319,千葉県,印西市,若萩１丁目,2023-10-10,17,４階建て以上共同住宅,駐車（輪）場,10歳代,小学生,施錠せず
窃盗,自転車盗,印西,木下駅前,122319,千葉県,印西市,大森,2023-01-17,18,その他の住宅（３階建て以下共同住宅等）,その他,20歳代,その他,施錠した
窃盗,自転車盗,印西,木下駅前,122319,千葉県,印西市,大森,2023-08-06,06,その他の住宅（３階建て以下共同住宅等）,その他,10歳代,小学生,施錠せず
窃盗,自転車盗,印西,木下駅前,122319,千葉県,印西市,大森,2023-09-30,11,その他,駐車（輪）場,20歳代,その他,施錠した
窃盗,自転車盗,印西,木下駅前,122319,千葉県,印西市,大森,2023-12-21,13,その他,駐車（輪）場,20歳代,大学生,施錠せず
窃盗,自転車盗,印西,木下駅前,122319,千葉県,印西市,木下,2023-02-18,14,駐車（輪）場,駐車（輪）場,10歳代,中学生,施錠せず
窃盗,自転車盗,印西,木下駅前,122319,千葉県,印西市,木下,2023-04-18,07,駐車（輪）場,駐車（輪）場,10歳代,高校生,施錠せず
窃盗,自転車盗,印西,木下駅前,122319,千葉県,印西市,木下,2023-05-02,07,駐車（輪）場,駐車（輪）場,10歳代,その他,施錠せず
窃盗,自転車盗,印西,木下駅前,122319,千葉県,印西市,木下,2023-05-09,08,駐車（輪）場,駐車（輪）場,10歳代,高校生,施錠した
窃盗,自転車盗,印西,木下駅前,122319,千葉県,印西市,木下,2023-07-16,09,駐車（輪）場,駐車（輪）場,20歳代,その他,施錠せず
窃盗,自転車盗,印西,木下駅前,122319,千葉県,印西市,木下,2023-08-03,07,駐車（輪）場,駐車（輪）場,40歳代,その他,施錠せず
窃盗,自転車盗,印西,木下駅前,122319,千葉県,印西市,木下,2023-08-06,14,駐車（輪）場,駐車（輪）場,10歳代,大学生,施錠せず
窃盗,自転車盗,印西,木下駅前,122319,千葉県,印西市,木下,2023-09-16,13,駐車（輪）場,駐車（輪）場,10歳代,その他,施錠した
窃盗,自転車盗,印西,木下駅前,122319,千葉県,印西市,木下,2023-09-21,08,駐車（輪）場,駐車（輪）場,20歳代,大学生,施錠した
窃盗,自転車盗,印西,木下駅前,122319,千葉県,印西市,木下,2023-09-23,07,駐車（輪）場,駐車（輪）場,10歳代,高校生,施錠せず
窃盗,自転車盗,印西,木下駅前,122319,千葉県,印西市,木下,2023-10-01,06,駐車（輪）場,駐車（輪）場,10歳代,中学生,施錠せず
窃盗,自転車盗,印西,木下駅前,122319,千葉県,印西市,木下,2023-10-02,09,駐車（輪）場,駐車（輪）場,10歳代,小学生,施錠せず
窃盗,自転車盗,印西,木下駅前,122319,千葉県,印西市,木下,2023-10-03,06,駐車（輪）場,駐車（輪）場,10歳代,高校生,施錠せず
窃盗,自転車盗,印西,木下駅前,122319,千葉県,印西市,木下,2023-10-07,12,駐車（輪）場,駐車（輪）場,10歳代,中学生,施錠した
窃盗,自転車盗,印西,木下駅前,122319,千葉県,印西市,木下,2023-10-10,08,駐車（輪）場,駐車（輪）場,10歳代,その他,施錠せず
窃盗,自転車盗,印西,木下駅前,122319,千葉県,印西市,木下,2023-10-14,13,駐車（輪）場,駐車（輪）場,10歳代,中学生,施錠せず
窃盗,自転車盗,印西,木下駅前,122319,千葉県,印西市,木下,2023-10-16,06,駐車（輪）場,駐車（輪）場,10歳代,高校生,施錠せず
窃盗,自転車盗,印西,浦部,122319,千葉県,印西市,浦部,2023-11-30,12,その他,駐車（輪）場,30歳代,その他,施錠せず
窃盗,自転車盗,印西,牧の原,122319,千葉県,印西市,木下,2023-06-06,17,駐車（輪）場,駐車（輪）場,10歳代,中学生,施錠せず
窃盗,自転車盗,印西,牧の原,122319,千葉県,印西市,草深,2023-05-15,21,一戸建住宅,駐車（輪）場,40歳代,その他,施錠せず
窃盗,自転車盗,印西,牧の原,122319,千葉県,印西市,草深,2023-10-02,18,その他の住宅（３階建て以下共同住宅等）,駐車（輪）場,20歳代,その他,施錠した
窃盗,自転車盗,印西,牧の原,122319,千葉県,印西市,高花１丁目,2023-06-24,18,４階建て以上共同住宅,駐車（輪）場,20歳代,その他,施錠せず
窃盗,自転車盗,印西,牧の原,122319,千葉県,印西市,高花４丁目,2022-12-25,18,４階建て以上共同住宅,駐車（輪）場,10歳代,中学生,施錠せず
窃盗,自転車盗,印西,牧の原,122319,千葉県,印西市,高花４丁目,2023-02-06,19,４階建て以上共同住宅,駐車（輪）場,60-64歳,その他,施錠せず
窃盗,自転車盗,印西,牧の原,122319,千葉県,印西市,高花６丁目,2023-11-19,17,一戸建住宅,その他,30歳代,その他,施錠した
窃盗,自転車盗,印西,牧の原,122319,千葉県,印西市,原山３丁目,2023-07-26,11,４階建て以上共同住宅,駐車（輪）場,20歳代,その他,施錠せず
窃盗,自転車盗,印西,牧の原,122319,千葉県,印西市,西の原３丁目,2023-05-26,19,４階建て以上共同住宅,駐車（輪）場,10歳代,高校生,施錠した
窃盗,自転車盗,印西,牧の原,122319,千葉県,印西市,原１丁目,2023-01-24,07,駐車（輪）場,駐車（輪）場,10歳代,高校生,施錠せず
窃盗,自転車盗,印西,牧の原,122319,千葉県,印西市,原１丁目,2023-01-29,07,その他,その他,40歳代,その他,施錠した
窃盗,自転車盗,印西,牧の原,122319,千葉県,印西市,原１丁目,2023-02-16,07,その他,駐車（輪）場,10歳代,高校生,施錠せず
窃盗,自転車盗,印西,牧の原,122319,千葉県,印西市,原１丁目,2023-03-23,06,駐車（輪）場,駐車（輪）場,10歳代,高校生,施錠せず
窃盗,自転車盗,印西,牧の原,122319,千葉県,印西市,原１丁目,2023-05-08,12,その他,駐車（輪）場,20歳代,大学生,施錠せず
窃盗,自転車盗,印西,牧の原,122319,千葉県,印西市,原１丁目,2023-05-28,07,その他,駐車（輪）場,10歳代,その他,施錠せず
窃盗,自転車盗,印西,牧の原,122319,千葉県,印西市,原１丁目,2023-06-01,07,駐車（輪）場,駐車（輪）場,10歳代,高校生,施錠せず
窃盗,自転車盗,印西,牧の原,122319,千葉県,印西市,原１丁目,2023-06-09,18,駐車（輪）場,駐車（輪）場,10歳代,高校生,施錠せず
窃盗,自転車盗,印西,牧の原,122319,千葉県,印西市,原１丁目,2023-06-16,16,その他,駐車（輪）場,10歳代,中学生,施錠した
窃盗,自転車盗,印西,牧の原,122319,千葉県,印西市,原１丁目,2023-08-04,14,その他,その他,10歳代,小学生,施錠せず
窃盗,自転車盗,印西,牧の原,122319,千葉県,印西市,原１丁目,2023-08-25,07,その他,駐車（輪）場,20歳代,その他,施錠した
窃盗,自転車盗,印西,牧の原,122319,千葉県,印西市,原１丁目,2023-08-26,20,その他,駐車（輪）場,20歳代,その他,施錠せず
窃盗,自転車盗,印西,牧の原,122319,千葉県,印西市,原１丁目,2023-10-16,18,駐車（輪）場,駐車（輪）場,40歳代,その他,施錠せず
窃盗,自転車盗,印西,牧の原,122319,千葉県,印西市,原１丁目,2023-10-19,18,駐車（輪）場,駐車（輪）場,10歳代,中学生,施錠せず
窃盗,自転車盗,印西,牧の原,122319,千葉県,印西市,原１丁目,2023-10-28,20,その他,駐車（輪）場,10歳代,中学生,施錠せず
窃盗,自転車盗,印西,牧の原,122319,千葉県,印西市,原１丁目,2023-11-04,16,その他,駐車（輪）場,10歳代,中学生,施錠した
窃盗,自転車盗,印西,牧の原,122319,千葉県,印西市,舞姫３丁目,2023-02-24,07,駐車（輪）場,駐車（輪）場,10歳代,高校生,施錠した
窃盗,自転車盗,印西,牧の原,122319,千葉県,印西市,牧の原１丁目,2023-01-12,08,駐車（輪）場,駐車（輪）場,20歳代,大学生,施錠せず
窃盗,自転車盗,印西,牧の原,122319,千葉県,印西市,牧の原１丁目,2023-07-14,18,その他,その他,10歳代,高校生,施錠せず
窃盗,自転車盗,印西,牧の原,122319,千葉県,印西市,牧の原１丁目,2023-07-28,09,その他,駐車（輪）場,10歳代,中学生,施錠した
窃盗,自転車盗,印西,牧の原,122319,千葉県,印西市,牧の原１丁目,2023-09-22,17,その他,駐車（輪）場,10歳代,高校生,施錠せず
窃盗,自転車盗,印西,牧の原,122319,千葉県,印西市,牧の原１丁目,2023-09-23,09,その他,駐車（輪）場,10歳代,高校生,施錠せず
窃盗,自転車盗,印西,牧の原,122319,千葉県,印西市,牧の原１丁目,2023-10-30,12,その他,駐車（輪）場,10歳代,高校生,施錠した
窃盗,自転車盗,印西,牧の原,122319,千葉県,印西市,牧の原１丁目,2023-11-02,19,その他,駐車（輪）場,10歳代,小学生,施錠せず
窃盗,自転車盗,印西,牧の原,122319,千葉県,印西市,牧の原２丁目,2023-07-25,11,その他,駐車（輪）場,10歳代,高校生,施錠せず
窃盗,自転車盗,印西,白井,122327,千葉県,白井市,木,2023-09-17,17,その他の住宅（３階建て以下共同住宅等）,駐車（輪）場,10歳代,高校生,施錠した
窃盗,自転車盗,印西,白井,122327,千葉県,白井市,木,2023-12-03,22,その他の住宅（３階建て以下共同住宅等）,その他,40歳代,その他,施錠した
窃盗,自転車盗,印西,白井,122327,千葉県,白井市,富塚,2023-10-15,14,その他の住宅（３階建て以下共同住宅等）,その他,50歳代,その他,施錠せず
窃盗,自転車盗,印西,白井,122327,千葉県,白井市,堀込１丁目,2023-05-21,11,駐車（輪）場,駐車（輪）場,10歳代,中学生,施錠せず
窃盗,自転車盗,印西,白井駅前,122327,千葉県,白井市,池の上１丁目,2023-07-14,08,その他,駐車（輪）場,10歳代,高校生,施錠せず
窃盗,自転車盗,印西,白井駅前,122327,千葉県,白井市,池の上１丁目,2023-09-29,07,その他,駐車（輪）場,10歳代,高校生,施錠せず
窃盗,自転車盗,印西,白井駅前,122327,千葉県,白井市,根,2023-03-18,12,その他,駐車（輪）場,70歳以上,その他,施錠せず
窃盗,自転車盗,印西,白井駅前,122327,千葉県,白井市,根,2023-06-05,16,その他,その他,30歳代,その他,施錠せず
窃盗,自転車盗,印西,白井駅前,122327,千葉県,白井市,根,2023-08-05,17,駐車（輪）場,駐車（輪）場,10歳代,高校生,施錠せず
窃盗,自転車盗,印西,白井駅前,122327,千葉県,白井市,根,2023-09-03,23,その他,その他,10歳代,大学生,施錠せず
窃盗,自転車盗,印西,白井駅前,122327,千葉県,白井市,根,2023-09-17,22,その他,駐車（輪）場,40歳代,その他,施錠せず
窃盗,自転車盗,印西,白井駅前,122327,千葉県,白井市,根,2023-11-08,06,駐車（輪）場,駐車（輪）場,10歳代,高校生,施錠せず
窃盗,自転車盗,印西,白井駅前,122327,千葉県,白井市,復,2023-10-24,09,その他,その他,20歳代,その他,施錠せず
窃盗,自転車盗,印西,白井駅前,122327,千葉県,白井市,堀込１丁目,2023-04-18,15,駐車（輪）場,駐車（輪）場,10歳代,高校生,施錠せず
窃盗,自転車盗,印西,白井駅前,122327,千葉県,白井市,堀込１丁目,2023-04-21,08,駐車（輪）場,駐車（輪）場,10歳代,高校生,施錠せず
窃盗,自転車盗,印西,白井駅前,122327,千葉県,白井市,堀込１丁目,2023-05-06,09,駐車（輪）場,駐車（輪）場,30歳代,その他,施錠せず
窃盗,自転車盗,印西,白井駅前,122327,千葉県,白井市,堀込１丁目,2023-05-31,07,駐車（輪）場,駐車（輪）場,10歳代,高校生,施錠せず
窃盗,自転車盗,印西,白井駅前,122327,千葉県,白井市,堀込１丁目,2023-06-20,07,駐車（輪）場,駐車（輪）場,20歳代,その他,施錠せず
窃盗,自転車盗,印西,白井駅前,122327,千葉県,白井市,堀込１丁目,2023-07-28,10,その他,駐車（輪）場,10歳代,高校生,施錠せず
窃盗,自転車盗,印西,白井駅前,122327,千葉県,白井市,堀込１丁目,2023-08-17,16,道路上,その他,70歳以上,その他,施錠した
窃盗,自転車盗,印西,白井駅前,122327,千葉県,白井市,堀込１丁目,2023-10-07,16,４階建て以上共同住宅,駐車（輪）場,10歳代,高校生,施錠せず
窃盗,自転車盗,印西,白井駅前,122327,千葉県,白井市,堀込１丁目,2023-12-22,06,道路上,その他,40歳代,その他,施錠した
窃盗,自転車盗,印西,白井駅前,122327,千葉県,白井市,堀込２丁目,2023-05-09,12,４階建て以上共同住宅,駐車（輪）場,40歳代,その他,施錠した
窃盗,自転車盗,印西,白井駅前,122327,千葉県,白井市,堀込２丁目,2023-10-10,07,４階建て以上共同住宅,駐車（輪）場,50歳代,その他,施錠した
窃盗,自転車盗,印西,白井駅前,122327,千葉県,白井市,堀込３丁目,2023-08-06,18,一戸建住宅,駐車（輪）場,10歳代,小学生,施錠せず
窃盗,自転車盗,印西,白井駅前,122327,千葉県,白井市,南山１丁目,2023-01-15,15,道路上,その他,10歳代,中学生,施錠せず
窃盗,自転車盗,印西,白井駅前,122327,千葉県,白井市,南山１丁目,2023-03-12,18,４階建て以上共同住宅,駐車（輪）場,10歳未満,小学生,施錠せず
窃盗,自転車盗,印西,白井駅前,122327,千葉県,白井市,笹塚２丁目,2023-04-27,07,駐車（輪）場,駐車（輪）場,10歳代,高校生,施錠せず
窃盗,自転車盗,印西,白井駅前,122327,千葉県,白井市,笹塚２丁目,2023-05-10,06,駐車（輪）場,駐車（輪）場,20歳代,その他,施錠せず
窃盗,自転車盗,印西,白井駅前,122327,千葉県,白井市,笹塚２丁目,2023-05-12,08,駐車（輪）場,駐車（輪）場,10歳代,高校生,施錠した
窃盗,自転車盗,印西,白井駅前,122327,千葉県,白井市,笹塚２丁目,2023-06-28,17,駐車（輪）場,駐車（輪）場,30歳代,その他,施錠せず
窃盗,自転車盗,印西,白井駅前,122327,千葉県,白井市,笹塚２丁目,2023-07-25,13,４階建て以上共同住宅,駐車（輪）場,10歳代,高校生,施錠せず
窃盗,自転車盗,印西,白井駅前,122327,千葉県,白井市,笹塚２丁目,2023-12-13,10,駐車（輪）場,駐車（輪）場,10歳代,高校生,施錠せず
窃盗,自転車盗,印西,西白井駅前,122327,千葉県,白井市,大山口２丁目,2023-02-05,09,４階建て以上共同住宅,駐車（輪）場,30歳代,その他,施錠せず
窃盗,自転車盗,印西,西白井駅前,122327,千葉県,白井市,大山口２丁目,2023-06-11,17,４階建て以上共同住宅,駐車（輪）場,50歳代,その他,施錠した
窃盗,自転車盗,印西,西白井駅前,122327,千葉県,白井市,大山口２丁目,2023-06-12,20,４階建て以上共同住宅,駐車（輪）場,10歳代,その他,施錠した
窃盗,自転車盗,印西,西白井駅前,122327,千葉県,白井市,けやき台１丁目,2023-02-15,09,その他,その他,10歳代,高校生,施錠した
窃盗,自転車盗,印西,西白井駅前,122327,千葉県,白井市,けやき台１丁目,2023-03-06,04,その他,駐車（輪）場,10歳代,高校生,施錠せず
窃盗,自転車盗,印西,西白井駅前,122327,千葉県,白井市,けやき台１丁目,2023-07-09,09,駐車（輪）場,駐車（輪）場,70歳以上,その他,施錠した
窃盗,自転車盗,印西,西白井駅前,122327,千葉県,白井市,けやき台１丁目,2023-12-17,14,駐車（輪）場,駐車（輪）場,10歳代,中学生,施錠せず
窃盗,自転車盗,印西,西白井駅前,122327,千葉県,白井市,けやき台２丁目,2023-07-24,20,４階建て以上共同住宅,駐車（輪）場,10歳代,中学生,施錠せず
窃盗,自転車盗,印西,西白井駅前,122327,千葉県,白井市,けやき台２丁目,2023-10-09,15,４階建て以上共同住宅,駐車（輪）場,60-64歳,その他,施錠した
窃盗,自転車盗,印西,西白井駅前,122327,千葉県,白井市,けやき台２丁目,2023-10-11,08,４階建て以上共同住宅,駐車（輪）場,40歳代,その他,施錠した
窃盗,自転車盗,印西,西白井駅前,122327,千葉県,白井市,清水口１丁目,2022-12-25,17,駐車（輪）場,駐車（輪）場,10歳代,高校生,施錠した
窃盗,自転車盗,印西,西白井駅前,122327,千葉県,白井市,清水口１丁目,2023-02-19,07,その他,その他,10歳代,高校生,施錠せず
窃盗,自転車盗,印西,西白井駅前,122327,千葉県,白井市,清水口１丁目,2023-03-20,07,その他,駐車（輪）場,10歳代,高校生,施錠せず
窃盗,自転車盗,印西,西白井駅前,122327,千葉県,白井市,清水口１丁目,2023-03-24,11,その他,駐車（輪）場,70歳以上,その他,施錠した
窃盗,自転車盗,印西,西白井駅前,122327,千葉県,白井市,清水口１丁目,2023-03-27,06,その他,その他,10歳代,その他,施錠せず
窃盗,自転車盗,印西,西白井駅前,122327,千葉県,白井市,清水口１丁目,2023-04-05,07,駐車（輪）場,駐車（輪）場,10歳代,高校生,施錠した
窃盗,自転車盗,印西,西白井駅前,122327,千葉県,白井市,清水口１丁目,2023-05-02,07,その他,駐車（輪）場,10歳代,高校生,施錠せず
窃盗,自転車盗,印西,西白井駅前,122327,千葉県,白井市,清水口１丁目,2023-05-08,08,道路上,その他,10歳代,高校生,施錠せず
窃盗,自転車盗,印西,西白井駅前,122327,千葉県,白井市,清水口１丁目,2023-05-25,08,道路上,その他,10歳代,大学生,施錠せず
窃盗,自転車盗,印西,西白井駅前,122327,千葉県,白井市,清水口１丁目,2023-06-01,20,その他,駐車（輪）場,60-64歳,その他,施錠せず
窃盗,自転車盗,印西,西白井駅前,122327,千葉県,白井市,清水口１丁目,2023-06-03,11,駐車（輪）場,駐車（輪）場,10歳代,高校生,施錠した
窃盗,自転車盗,印西,西白井駅前,122327,千葉県,白井市,清水口１丁目,2023-07-03,07,駐車（輪）場,駐車（輪）場,10歳代,高校生,施錠した
窃盗,自転車盗,印西,西白井駅前,122327,千葉県,白井市,清水口１丁目,2023-10-10,13,４階建て以上共同住宅,駐車（輪）場,70歳以上,その他,施錠せず
窃盗,自転車盗,印西,西白井駅前,122327,千葉県,白井市,清水口１丁目,2023-10-14,08,駐車（輪）場,駐車（輪）場,10歳代,高校生,施錠せず
窃盗,自転車盗,印西,西白井駅前,122327,千葉県,白井市,清水口１丁目,2023-11-11,17,道路上,その他,10歳代,中学生,施錠せず
窃盗,自転車盗,印西,西白井駅前,122327,千葉県,白井市,清水口１丁目,2023-12-01,15,駐車（輪）場,駐車（輪）場,10歳代,その他,施錠した
窃盗,自転車盗,印西,西白井駅前,122327,千葉県,白井市,清水口１丁目,2023-12-08,17,その他,その他,10歳代,中学生,施錠せず
窃盗,自転車盗,印西,西白井駅前,122327,千葉県,白井市,清水口１丁目,2023-12-22,12,駐車（輪）場,駐車（輪）場,40歳代,その他,施錠した
窃盗,自転車盗,印西,西白井駅前,122327,千葉県,白井市,清水口２丁目,2023-02-11,17,４階建て以上共同住宅,駐車（輪）場,50歳代,その他,施錠せず
窃盗,自転車盗,印西,西白井駅前,122327,千葉県,白井市,大松１丁目,2023-03-21,17,一戸建住宅,その他,70歳以上,その他,施錠した
窃盗,自転車盗,印西,西白井駅前,122327,千葉県,白井市,大松１丁目,2023-08-27,22,一戸建住宅,駐車（輪）場,10歳代,中学生,施錠した
窃盗,自転車盗,印西,西白井駅前,122327,千葉県,白井市,根,2023-01-30,15,駐車（輪）場,駐車（輪）場,20歳代,大学生,施錠せず
窃盗,自転車盗,印西,西白井駅前,122327,千葉県,白井市,根,2023-03-17,07,駐車（輪）場,駐車（輪）場,10歳代,高校生,施錠せず
窃盗,自転車盗,印西,西白井駅前,122327,千葉県,白井市,根,2023-03-19,19,一戸建住宅,駐車（輪）場,40歳代,その他,施錠せず
窃盗,自転車盗,印西,西白井駅前,122327,千葉県,白井市,根,2023-04-04,17,その他,駐車（輪）場,10歳代,大学生,施錠せず
窃盗,自転車盗,印西,西白井駅前,122327,千葉県,白井市,根,2023-05-27,10,その他,駐車（輪）場,30歳代,その他,施錠せず
窃盗,自転車盗,印西,西白井駅前,122327,千葉県,白井市,根,2023-08-19,11,一戸建住宅,駐車（輪）場,40歳代,その他,施錠せず
窃盗,自転車盗,印西,西白井駅前,122327,千葉県,白井市,根,2023-08-19,12,一戸建住宅,駐車（輪）場,10歳代,中学生,施錠せず
窃盗,自転車盗,印西,西白井駅前,122327,千葉県,白井市,冨士,2023-09-04,17,その他,駐車（輪）場,10歳代,高校生,施錠せず
窃盗,自転車盗,印西,西白井駅前,122327,千葉県,白井市,西白井１丁目,2023-08-22,08,一戸建住宅,駐車（輪）場,10歳代,中学生,施錠せず
窃盗,自転車盗,印西,西白井駅前,122327,千葉県,白井市,西白井１丁目,2023-12-13,08,一戸建住宅,その他,10歳代,中学生,施錠せず
窃盗,自転車盗,印西,西白井駅前,122327,千葉県,白井市,西白井２丁目,2023-01-01,12,その他の住宅（３階建て以下共同住宅等）,駐車（輪）場,20歳代,その他,施錠せず
窃盗,自転車盗,印西,西白井駅前,122327,千葉県,白井市,西白井２丁目,2023-01-13,18,その他の住宅（３階建て以下共同住宅等）,駐車（輪）場,30歳代,その他,施錠せず
窃盗,自転車盗,印西,西白井駅前,122327,千葉県,白井市,西白井２丁目,2023-02-12,13,その他,駐車（輪）場,10歳代,中学生,施錠せず
窃盗,自転車盗,印西,西白井駅前,122327,千葉県,白井市,西白井２丁目,2023-10-08,15,その他の住宅（３階建て以下共同住宅等）,駐車（輪）場,10歳代,高校生,施錠せず
窃盗,自転車盗,印西,西白井駅前,122327,千葉県,白井市,西白井２丁目,2023-11-14,13,その他の住宅（３階建て以下共同住宅等）,駐車（輪）場,10歳代,大学生,施錠せず
窃盗,自転車盗,印西,西白井駅前,122327,千葉県,白井市,西白井３丁目,2023-01-09,23,その他の住宅（３階建て以下共同住宅等）,駐車（輪）場,20歳代,その他,施錠せず
窃盗,自転車盗,印西,西白井駅前,122327,千葉県,白井市,西白井３丁目,2023-09-07,22,一戸建住宅,その他,20歳代,その他,施錠した
窃盗,自転車盗,印西,西白井駅前,122327,千葉県,白井市,西白井４丁目,2023-05-23,17,４階建て以上共同住宅,駐車（輪）場,20歳代,その他,施錠せず
窃盗,自転車盗,香取,佐原駅前,122360,千葉県,香取市,香取,2023-10-23,18,道路上,その他,50歳代,その他,施錠した
窃盗,自転車盗,香取,佐原駅前,122360,千葉県,香取市,北３丁目,2023-04-07,16,その他,駐車（輪）場,法人・団体、被害者なし,法人・団体、被害者なし,施錠した
窃盗,自転車盗,香取,佐原駅前,122360,千葉県,香取市,牧野,2023-07-07,19,その他,駐車（輪）場,10歳代,高校生,施錠せず
窃盗,自転車盗,香取,佐原駅前,122360,千葉県,香取市,佐原イ,2023-01-05,07,駐車（輪）場,駐車（輪）場,20歳代,その他,施錠した
窃盗,自転車盗,香取,佐原駅前,122360,千葉県,香取市,佐原イ,2023-04-26,08,駐車（輪）場,駐車（輪）場,10歳代,その他,施錠せず
窃盗,自転車盗,香取,佐原駅前,122360,千葉県,香取市,佐原イ,2023-05-12,07,その他,駐車（輪）場,10歳代,高校生,施錠せず
窃盗,自転車盗,香取,佐原駅前,122360,千葉県,香取市,佐原イ,2023-07-15,16,その他,駐車（輪）場,10歳代,高校生,施錠せず
窃盗,自転車盗,香取,佐原駅前,122360,千葉県,香取市,佐原イ,2023-08-03,08,一戸建住宅,駐車（輪）場,10歳代,中学生,施錠せず
窃盗,自転車盗,香取,北佐原,122360,千葉県,香取市,野間谷原,2023-08-31,19,その他,その他,70歳以上,その他,施錠せず
窃盗,自転車盗,香取,多古幹部,123471,千葉県,多古町,多古,2023-11-11,11,その他,駐車（輪）場,10歳代,中学生,施錠した
窃盗,自転車盗,香取,大戸川,122360,千葉県,香取市,大戸川,2023-07-26,20,その他,駐車（輪）場,10歳代,高校生,施錠せず
窃盗,自転車盗,香取,大戸川,122360,千葉県,香取市,大戸川,2023-12-23,13,その他,駐車（輪）場,10歳代,高校生,施錠した
窃盗,自転車盗,香取,小見川幹部,122360,千葉県,香取市,小見川,2023-03-03,12,駐車（輪）場,駐車（輪）場,10歳代,高校生,施錠した
窃盗,自転車盗,香取,小見川幹部,122360,千葉県,香取市,小見川,2023-06-28,07,その他,駐車（輪）場,10歳代,高校生,施錠せず
窃盗,自転車盗,香取,小見川幹部,122360,千葉県,香取市,小見川,2023-08-01,09,その他,その他,10歳代,中学生,施錠した
窃盗,自転車盗,香取,小見川幹部,122360,千葉県,香取市,小見川,2023-09-01,07,その他,駐車（輪）場,10歳代,高校生,施錠せず
窃盗,自転車盗,香取,小見川幹部,122360,千葉県,香取市,野田,2023-07-16,06,駐車（輪）場,駐車（輪）場,10歳代,中学生,施錠せず
窃盗,自転車盗,香取,橘,123498,千葉県,東庄町,石出,2023-07-01,12,その他,駐車（輪）場,20歳代,その他,施錠した
窃盗,自転車盗,香取,津宮,122360,千葉県,香取市,津宮,2023-01-13,07,駐車（輪）場,駐車（輪）場,10歳代,高校生,施錠した
窃盗,自転車盗,香取,津宮,122360,千葉県,香取市,津宮,2023-11-22,07,その他,駐車（輪）場,10歳代,高校生,施錠せず
窃盗,自転車盗,香取,神代,123498,千葉県,東庄町,小貝野,2023-03-13,11,一戸建住宅,その他,70歳以上,その他,施錠せず
窃盗,自転車盗,香取,豊浦,122360,千葉県,香取市,一ノ分目,2023-10-06,07,その他,駐車（輪）場,10歳代,その他,施錠せず
窃盗,自転車盗,香取,豊浦,122360,千葉県,香取市,一ノ分目,2023-10-27,20,その他の住宅（３階建て以下共同住宅等）,その他,20歳代,その他,施錠せず
窃盗,自転車盗,香取,豊浦,122360,千葉県,香取市,一ノ分目,不明,不明,その他,駐車（輪）場,10歳代,高校生,施錠した
窃盗,自転車盗,香取,郡,123421,千葉県,神崎町,郡,2023-01-29,06,駐車（輪）場,駐車（輪）場,10歳代,高校生,施錠せず
窃盗,自転車盗,香取,郡,123421,千葉県,神崎町,郡,2023-03-23,19,駐車（輪）場,駐車（輪）場,10歳代,大学生,施錠せず
窃盗,自転車盗,香取,郡,123421,千葉県,神崎町,郡,2023-04-01,07,駐車（輪）場,駐車（輪）場,20歳代,その他,施錠せず
窃盗,自転車盗,香取,郡,123421,千葉県,神崎町,郡,2023-04-20,07,駐車（輪）場,駐車（輪）場,10歳代,高校生,施錠せず
窃盗,自転車盗,香取,郡,123421,千葉県,神崎町,郡,2023-05-14,07,その他,駐車（輪）場,20歳代,その他,施錠せず
窃盗,自転車盗,香取,郡,123421,千葉県,神崎町,郡,2023-06-20,07,その他,駐車（輪）場,10歳代,高校生,施錠せず
窃盗,自転車盗,香取,郡,123421,千葉県,神崎町,郡,2023-06-27,06,その他,駐車（輪）場,10歳代,高校生,施錠せず
窃盗,自転車盗,香取,郡,123421,千葉県,神崎町,郡,2023-07-05,07,その他,駐車（輪）場,10歳代,その他,施錠せず
窃盗,自転車盗,香取,郡,123421,千葉県,神崎町,郡,2023-07-07,10,道路上,その他,10歳代,大学生,施錠せず
窃盗,自転車盗,香取,郡,123421,千葉県,神崎町,郡,2023-07-14,06,その他,駐車（輪）場,30歳代,その他,施錠せず
窃盗,自転車盗,香取,郡,123421,千葉県,神崎町,郡,2023-07-17,06,その他,駐車（輪）場,10歳代,高校生,施錠せず
窃盗,自転車盗,香取,郡,123421,千葉県,神崎町,郡,2023-10-02,23,４階建て以上共同住宅,駐車（輪）場,法人・団体、被害者なし,法人・団体、被害者なし,施錠せず
窃盗,自転車盗,香取,郡,123421,千葉県,神崎町,郡,2023-12-23,18,その他,駐車（輪）場,10歳代,高校生,施錠せず
窃盗,自転車盗,香取,郡,123421,千葉県,神崎町,郡,不明,不明,駐車（輪）場,駐車（輪）場,10歳代,大学生,施錠せず
窃盗,自転車盗,香取,郡,123421,千葉県,神崎町,立野,2023-07-16,09,その他,その他,60-64歳,その他,施錠せず
窃盗,自転車盗,成田国際空港,署所在地,122114,千葉県,成田市,古込,2023-03-22,07,その他,駐車（輪）場,10歳代,高校生,施錠せず
窃盗,自転車盗,成田国際空港,署所在地,122114,千葉県,成田市,古込,2023-04-07,11,駐車（輪）場,駐車（輪）場,20歳代,その他,施錠せず
窃盗,自転車盗,銚子,外川,122025,千葉県,銚子市,潮見町,2023-11-29,18,その他,駐車（輪）場,20歳代,大学生,施錠せず
窃盗,自転車盗,銚子,本城,122025,千葉県,銚子市,長塚町５丁目,2023-06-26,07,その他,その他,10歳代,高校生,施錠した
窃盗,自転車盗,銚子,本城,122025,千葉県,銚子市,長塚町５丁目,2023-09-01,08,その他,その他,10歳代,高校生,施錠せず
窃盗,自転車盗,銚子,本城,122025,千葉県,銚子市,長塚町５丁目,2023-10-16,11,その他,その他,10歳代,高校生,施錠した
窃盗,自転車盗,銚子,本城,122025,千葉県,銚子市,長塚町５丁目,2023-11-02,09,駐車（輪）場,駐車（輪）場,10歳代,大学生,施錠した
窃盗,自転車盗,銚子,松岸,122025,千葉県,銚子市,松岸町３丁目,2023-01-02,17,その他,駐車（輪）場,70歳以上,その他,施錠せず
窃盗,自転車盗,銚子,椎柴,122025,千葉県,銚子市,野尻町,2023-03-08,07,駐車（輪）場,駐車（輪）場,40歳代,その他,施錠せず
窃盗,自転車盗,銚子,椎柴,122025,千葉県,銚子市,野尻町,2023-04-29,07,駐車（輪）場,駐車（輪）場,10歳代,中学生,施錠せず
窃盗,自転車盗,銚子,椎柴,122025,千葉県,銚子市,野尻町,2023-07-11,08,駐車（輪）場,駐車（輪）場,10歳代,高校生,施錠せず
窃盗,自転車盗,銚子,犬吠埼,122025,千葉県,銚子市,長崎町,不明,不明,道路上,その他,40歳代,その他,施錠せず
窃盗,自転車盗,銚子,銚子駅前,122025,千葉県,銚子市,大橋町,2023-08-16,01,その他の住宅（３階建て以下共同住宅等）,駐車（輪）場,20歳代,その他,施錠せず
窃盗,自転車盗,銚子,銚子駅前,122025,千葉県,銚子市,春日町,2023-07-11,20,その他の住宅（３階建て以下共同住宅等）,駐車（輪）場,20歳代,その他,施錠せず
窃盗,自転車盗,銚子,銚子駅前,122025,千葉県,銚子市,春日町,2023-07-29,10,その他の住宅（３階建て以下共同住宅等）,駐車（輪）場,20歳代,大学生,施錠した
窃盗,自転車盗,銚子,銚子駅前,122025,千葉県,銚子市,西小川町,2023-02-03,19,その他の住宅（３階建て以下共同住宅等）,駐車（輪）場,20歳代,その他,施錠せず
窃盗,自転車盗,銚子,銚子駅前,122025,千葉県,銚子市,西小川町,2023-06-27,12,その他の住宅（３階建て以下共同住宅等）,駐車（輪）場,20歳代,大学生,施錠した
窃盗,自転車盗,銚子,銚子駅前,122025,千葉県,銚子市,西小川町,2023-06-27,12,その他の住宅（３階建て以下共同住宅等）,駐車（輪）場,20歳代,大学生,施錠した
窃盗,自転車盗,銚子,銚子駅前,122025,千葉県,銚子市,西小川町,2023-10-24,21,その他の住宅（３階建て以下共同住宅等）,駐車（輪）場,20歳代,大学生,施錠した
窃盗,自転車盗,銚子,銚子駅前,122025,千葉県,銚子市,西芝町,2022-12-21,14,駐車（輪）場,駐車（輪）場,20歳代,大学生,施錠せず
窃盗,自転車盗,銚子,銚子駅前,122025,千葉県,銚子市,西芝町,2023-01-09,10,駐車（輪）場,駐車（輪）場,20歳代,大学生,施錠せず
窃盗,自転車盗,銚子,銚子駅前,122025,千葉県,銚子市,西芝町,2023-01-29,08,駐車（輪）場,駐車（輪）場,20歳代,大学生,施錠せず
窃盗,自転車盗,銚子,銚子駅前,122025,千葉県,銚子市,西芝町,2023-02-12,13,駐車（輪）場,駐車（輪）場,10歳代,高校生,施錠した
窃盗,自転車盗,銚子,銚子駅前,122025,千葉県,銚子市,西芝町,2023-02-17,18,駐車（輪）場,駐車（輪）場,10歳代,高校生,施錠せず
窃盗,自転車盗,銚子,銚子駅前,122025,千葉県,銚子市,西芝町,2023-04-06,07,駐車（輪）場,駐車（輪）場,10歳代,その他,施錠した
窃盗,自転車盗,銚子,銚子駅前,122025,千葉県,銚子市,西芝町,2023-04-17,07,駐車（輪）場,駐車（輪）場,10歳代,高校生,施錠せず
窃盗,自転車盗,銚子,銚子駅前,122025,千葉県,銚子市,西芝町,2023-05-16,10,駐車（輪）場,駐車（輪）場,30歳代,その他,施錠した
窃盗,自転車盗,銚子,銚子駅前,122025,千葉県,銚子市,西芝町,2023-06-15,07,駐車（輪）場,駐車（輪）場,20歳代,その他,施錠した
窃盗,自転車盗,銚子,銚子駅前,122025,千葉県,銚子市,西芝町,2023-07-04,06,駐車（輪）場,駐車（輪）場,10歳代,大学生,施錠せず
窃盗,自転車盗,銚子,銚子駅前,122025,千葉県,銚子市,西芝町,2023-07-07,07,駐車（輪）場,駐車（輪）場,10歳代,高校生,施錠せず
窃盗,自転車盗,銚子,銚子駅前,122025,千葉県,銚子市,西芝町,2023-07-17,11,駐車（輪）場,駐車（輪）場,10歳代,大学生,施錠せず
窃盗,自転車盗,銚子,銚子駅前,122025,千葉県,銚子市,西芝町,2023-09-04,10,駐車（輪）場,駐車（輪）場,10歳代,大学生,施錠した
窃盗,自転車盗,銚子,銚子駅前,122025,千葉県,銚子市,西芝町,2023-09-21,21,駐車（輪）場,駐車（輪）場,10歳代,高校生,施錠した
窃盗,自転車盗,銚子,銚子駅前,122025,千葉県,銚子市,西芝町,2023-10-13,17,駐車（輪）場,駐車（輪）場,20歳代,大学生,施錠せず
窃盗,自転車盗,銚子,銚子駅前,122025,千葉県,銚子市,西芝町,2023-10-21,16,駐車（輪）場,駐車（輪）場,50歳代,その他,施錠せず
窃盗,自転車盗,銚子,銚子駅前,122025,千葉県,銚子市,西芝町,2023-11-27,08,駐車（輪）場,駐車（輪）場,10歳代,高校生,施錠せず
窃盗,自転車盗,旭,富浦,122157,千葉県,旭市,中谷里,2023-04-13,07,一戸建住宅,その他,10歳代,高校生,施錠せず
窃盗,自転車盗,旭,干潟駅前,122157,千葉県,旭市,鎌数,2023-03-16,18,その他,駐車（輪）場,40歳代,その他,施錠せず
窃盗,自転車盗,旭,干潟駅前,122157,千葉県,旭市,川口,2023-07-20,21,その他,駐車（輪）場,20歳代,その他,施錠せず
窃盗,自転車盗,旭,干潟駅前,122157,千葉県,旭市,川口,不明,不明,その他,その他,法人・団体、被害者なし,法人・団体、被害者なし,施錠せず
窃盗,自転車盗,旭,干潟駅前,122157,千葉県,旭市,中谷里,2023-02-12,16,一戸建住宅,その他,20歳代,大学生,施錠せず
窃盗,自転車盗,旭,干潟駅前,122157,千葉県,旭市,中谷里,2023-04-05,18,一戸建住宅,駐車（輪）場,70歳以上,その他,施錠せず
窃盗,自転車盗,旭,干潟駅前,122157,千葉県,旭市,ニ,2023-01-26,21,その他,その他,30歳代,その他,施錠した
窃盗,自転車盗,旭,干潟駅前,122157,千葉県,旭市,ニ,2023-02-15,07,駐車（輪）場,駐車（輪）場,10歳代,高校生,施錠せず
窃盗,自転車盗,旭,干潟駅前,122157,千葉県,旭市,ニ,2023-04-05,08,その他,駐車（輪）場,50歳代,その他,施錠せず
窃盗,自転車盗,旭,干潟駅前,122157,千葉県,旭市,ニ,2023-05-13,16,駐車（輪）場,駐車（輪）場,40歳代,その他,施錠せず
窃盗,自転車盗,旭,干潟駅前,122157,千葉県,旭市,ニ,2023-07-13,08,その他,駐車（輪）場,10歳代,大学生,施錠せず
窃盗,自転車盗,旭,干潟駅前,122157,千葉県,旭市,ニ,2023-07-14,06,その他,駐車（輪）場,10歳代,高校生,施錠せず
窃盗,自転車盗,旭,干潟駅前,122157,千葉県,旭市,ニ,2023-07-15,06,その他,駐車（輪）場,10歳代,高校生,施錠せず
窃盗,自転車盗,旭,干潟駅前,122157,千葉県,旭市,ニ,2023-07-16,06,その他,駐車（輪）場,10歳代,高校生,施錠せず
窃盗,自転車盗,旭,干潟駅前,122157,千葉県,旭市,ニ,2023-07-16,07,道路上,その他,10歳代,高校生,施錠せず
窃盗,自転車盗,旭,干潟駅前,122157,千葉県,旭市,ニ,2023-07-21,06,その他,駐車（輪）場,10歳代,高校生,施錠せず
窃盗,自転車盗,旭,干潟駅前,122157,千葉県,旭市,ニ,2023-11-21,07,その他,駐車（輪）場,10歳代,高校生,施錠せず
窃盗,自転車盗,旭,干潟駅前,122157,千葉県,旭市,ニ,2023-11-30,10,その他,駐車（輪）場,20歳代,大学生,施錠せず
窃盗,自転車盗,旭,矢指,122157,千葉県,旭市,西足洗,2023-06-13,18,４階建て以上共同住宅,駐車（輪）場,10歳代,その他,施錠せず
窃盗,自転車盗,旭,署所在地,122157,千葉県,旭市,ニ,2023-09-09,17,その他,その他,65-69歳,その他,施錠した
窃盗,自転車盗,旭,署所在地,122157,千葉県,旭市,ロ,2022-08-19,23,駐車（輪）場,駐車（輪）場,20歳代,その他,施錠せず
窃盗,自転車盗,旭,署所在地,122157,千葉県,旭市,ロ,2023-01-20,07,駐車（輪）場,駐車（輪）場,10歳代,高校生,施錠せず
窃盗,自転車盗,旭,署所在地,122157,千葉県,旭市,ロ,2023-03-16,19,その他,その他,40歳代,その他,施錠せず
窃盗,自転車盗,旭,署所在地,122157,千葉県,旭市,ロ,2023-05-26,19,駐車（輪）場,駐車（輪）場,20歳代,その他,施錠せず
窃盗,自転車盗,旭,署所在地,122157,千葉県,旭市,ロ,2023-07-25,06,その他の住宅（３階建て以下共同住宅等）,駐車（輪）場,40歳代,その他,施錠せず
窃盗,自転車盗,旭,署所在地,122157,千葉県,旭市,ロ,2023-09-24,09,道路上,その他,10歳代,高校生,施錠せず
窃盗,自転車盗,旭,署所在地,122157,千葉県,旭市,ロ,2023-11-25,08,その他,駐車（輪）場,20歳代,その他,施錠した
窃盗,自転車盗,旭,署所在地,122157,千葉県,旭市,ロ,2023-12-15,18,その他,駐車（輪）場,20歳代,その他,施錠せず
窃盗,自転車盗,旭,飯岡,122157,千葉県,旭市,飯岡,2023-04-16,17,一戸建住宅,その他,70歳以上,その他,施錠せず
窃盗,自転車盗,旭,鶴巻,122157,千葉県,旭市,後草,2023-03-15,07,駐車（輪）場,駐車（輪）場,10歳代,高校生,施錠せず
窃盗,自転車盗,旭,鶴巻,122157,千葉県,旭市,後草,2023-05-11,07,駐車（輪）場,駐車（輪）場,10歳代,高校生,施錠せず
窃盗,自転車盗,旭,鶴巻,122157,千葉県,旭市,後草,2023-11-30,07,その他,駐車（輪）場,10歳代,高校生,施錠せず
窃盗,自転車盗,旭,鶴巻,122157,千葉県,旭市,倉橋,2023-10-14,09,その他,駐車（輪）場,20歳代,その他,施錠した
窃盗,自転車盗,旭,鶴巻,122157,千葉県,旭市,倉橋,2023-10-28,18,その他,駐車（輪）場,20歳代,その他,施錠せず
窃盗,自転車盗,匝瑳,署所在地,122351,千葉県,匝瑳市,八日市場イ,2023-11-09,16,その他,駐車（輪）場,70歳以上,その他,施錠した
窃盗,自転車盗,匝瑳,署所在地,122351,千葉県,匝瑳市,八日市場イ,2023-11-30,06,道路上,その他,10歳代,高校生,施錠せず
窃盗,自転車盗,匝瑳,豊栄,122351,千葉県,匝瑳市,飯倉,2023-02-23,19,駐車（輪）場,駐車（輪）場,40歳代,その他,施錠せず
窃盗,自転車盗,山武,南条,124109,千葉県,横芝光町,小田部,2023-03-12,14,その他の住宅（３階建て以下共同住宅等）,その他,20歳代,その他,施錠せず
窃盗,自転車盗,山武,日向,122378,千葉県,山武市,椎崎,2023-01-19,07,駐車（輪）場,駐車（輪）場,10歳代,高校生,施錠した
窃盗,自転車盗,山武,日向,122378,千葉県,山武市,椎崎,2023-03-02,16,駐車（輪）場,駐車（輪）場,20歳代,その他,施錠せず
窃盗,自転車盗,山武,日向,122378,千葉県,山武市,椎崎,2023-07-04,06,駐車（輪）場,駐車（輪）場,20歳代,その他,施錠した
窃盗,自転車盗,山武,日向,122378,千葉県,山武市,椎崎,2023-08-24,07,その他,駐車（輪）場,60-64歳,その他,施錠した
窃盗,自転車盗,山武,日向,122378,千葉県,山武市,椎崎,2023-08-26,15,その他,駐車（輪）場,20歳代,大学生,施錠せず
窃盗,自転車盗,山武,日向,122378,千葉県,山武市,椎崎,2023-09-06,07,その他,駐車（輪）場,10歳代,高校生,施錠せず
窃盗,自転車盗,山武,日向,122378,千葉県,山武市,椎崎,2023-11-24,09,その他,駐車（輪）場,10歳代,その他,施錠した
窃盗,自転車盗,山武,日向,122378,千葉県,山武市,椎崎,2023-12-20,17,その他,駐車（輪）場,10歳代,高校生,施錠せず
窃盗,自転車盗,山武,日向,122378,千葉県,山武市,椎崎,2023-12-23,14,その他,駐車（輪）場,20歳代,その他,施錠せず
窃盗,自転車盗,山武,東陽,124109,千葉県,横芝光町,宮川,2023-08-25,07,その他,駐車（輪）場,20歳代,その他,施錠せず
窃盗,自転車盗,山武,松尾,122378,千葉県,山武市,松尾町五反田,2023-04-02,09,その他,駐車（輪）場,70歳以上,その他,施錠せず
窃盗,自転車盗,山武,松尾,122378,千葉県,山武市,松尾町五反田,2023-04-15,20,駐車（輪）場,駐車（輪）場,10歳代,高校生,施錠した
窃盗,自転車盗,山武,松尾,122378,千葉県,山武市,松尾町五反田,2023-06-10,19,駐車（輪）場,駐車（輪）場,20歳代,その他,施錠した
窃盗,自転車盗,山武,松尾,122378,千葉県,山武市,松尾町五反田,2023-06-10,19,駐車（輪）場,駐車（輪）場,20歳代,その他,施錠せず
窃盗,自転車盗,山武,松尾,122378,千葉県,山武市,松尾町五反田,2023-09-12,07,その他,駐車（輪）場,10歳代,高校生,施錠せず
窃盗,自転車盗,山武,横芝,124109,千葉県,横芝光町,横芝,2023-01-04,14,その他,駐車（輪）場,10歳代,中学生,施錠せず
窃盗,自転車盗,山武,横芝,124109,千葉県,横芝光町,横芝,2023-05-25,05,駐車（輪）場,駐車（輪）場,10歳代,高校生,施錠せず
窃盗,自転車盗,山武,横芝,124109,千葉県,横芝光町,横芝,2023-09-27,07,その他,駐車（輪）場,10歳代,高校生,施錠せず
窃盗,自転車盗,山武,横芝,124109,千葉県,横芝光町,横芝,2023-10-11,06,その他,駐車（輪）場,10歳代,高校生,施錠せず
窃盗,自転車盗,山武,沖渡,122378,千葉県,山武市,大木,2023-06-01,07,一戸建住宅,駐車（輪）場,10歳代,その他,施錠せず
窃盗,自転車盗,山武,白幡,122378,千葉県,山武市,白幡,2023-12-01,19,その他の住宅（３階建て以下共同住宅等）,その他,70歳以上,その他,施錠した
窃盗,自転車盗,山武,署所在地,122378,千葉県,山武市,椎崎,2023-12-16,10,その他,駐車（輪）場,40歳代,その他,施錠せず
窃盗,自転車盗,山武,署所在地,122378,千葉県,山武市,津辺,2023-02-04,12,駐車（輪）場,駐車（輪）場,10歳代,高校生,施錠せず
窃盗,自転車盗,山武,署所在地,122378,千葉県,山武市,津辺,2023-05-12,19,その他,駐車（輪）場,10歳代,高校生,施錠せず
窃盗,自転車盗,山武,署所在地,122378,千葉県,山武市,津辺,2023-05-19,16,駐車（輪）場,駐車（輪）場,40歳代,その他,施錠せず
窃盗,自転車盗,山武,署所在地,122378,千葉県,山武市,津辺,2023-05-25,16,駐車（輪）場,駐車（輪）場,10歳代,高校生,施錠せず
窃盗,自転車盗,山武,署所在地,122378,千葉県,山武市,津辺,2023-06-18,07,駐車（輪）場,駐車（輪）場,10歳代,高校生,施錠せず
窃盗,自転車盗,山武,署所在地,122378,千葉県,山武市,津辺,2023-07-05,12,駐車（輪）場,駐車（輪）場,20歳代,その他,施錠せず
窃盗,自転車盗,山武,署所在地,122378,千葉県,山武市,津辺,2023-07-13,13,駐車（輪）場,駐車（輪）場,10歳代,高校生,施錠せず
窃盗,自転車盗,山武,署所在地,122378,千葉県,山武市,津辺,2023-07-14,12,その他,駐車（輪）場,10歳代,高校生,施錠せず
窃盗,自転車盗,山武,署所在地,122378,千葉県,山武市,津辺,2023-08-01,11,その他,駐車（輪）場,10歳代,高校生,施錠せず
窃盗,自転車盗,山武,署所在地,122378,千葉県,山武市,津辺,2023-09-07,16,その他,駐車（輪）場,10歳代,高校生,施錠せず
窃盗,自転車盗,山武,署所在地,122378,千葉県,山武市,津辺,2023-10-20,20,その他,その他,10歳代,高校生,施錠せず
窃盗,自転車盗,山武,署所在地,122378,千葉県,山武市,津辺,不明,不明,道路上,その他,10歳代,その他,施錠せず
窃盗,自転車盗,山武,署所在地,122378,千葉県,山武市,成東,2023-03-05,06,その他,駐車（輪）場,10歳代,高校生,施錠せず
窃盗,自転車盗,山武,署所在地,122378,千葉県,山武市,成東,2023-05-25,16,一戸建住宅,駐車（輪）場,10歳代,中学生,施錠せず
窃盗,自転車盗,山武,署所在地,122378,千葉県,山武市,成東,2023-05-26,21,道路上,その他,10歳代,高校生,施錠せず
窃盗,自転車盗,山武,署所在地,122378,千葉県,山武市,成東,2023-12-16,16,その他の住宅（３階建て以下共同住宅等）,その他,70歳以上,その他,施錠せず
窃盗,自転車盗,山武,署所在地,122378,千葉県,山武市,姫島,2023-08-21,21,その他,駐車（輪）場,10歳代,その他,施錠した
窃盗,自転車盗,山武,署所在地,122378,千葉県,山武市,湯坂,2023-07-30,17,一戸建住宅,その他,30歳代,その他,施錠した
窃盗,自転車盗,山武,署所在地,122378,千葉県,山武市,和田,2023-01-20,08,駐車（輪）場,駐車（輪）場,10歳代,高校生,施錠せず
窃盗,自転車盗,山武,芝山,124095,千葉県,芝山町,新井田,不明,不明,４階建て以上共同住宅,駐車（輪）場,50歳代,その他,施錠した
窃盗,自転車盗,東金,九十九里,124036,千葉県,九十九里町,片貝,2023-01-11,16,駐車（輪）場,駐車（輪）場,10歳代,高校生,施錠せず
窃盗,自転車盗,東金,九十九里,124036,千葉県,九十九里町,片貝,2023-07-01,20,その他,その他,50歳代,その他,施錠せず
窃盗,自転車盗,東金,九十九里,124036,千葉県,九十九里町,片貝,2023-08-09,22,一戸建住宅,その他,10歳代,高校生,施錠せず
窃盗,自転車盗,東金,九十九里,124036,千葉県,九十九里町,田中荒生,2023-08-09,11,その他の住宅（３階建て以下共同住宅等）,その他,30歳代,その他,施錠せず
窃盗,自転車盗,東金,増穂,122394,千葉県,大網白里市,富田,2023-04-23,23,その他の住宅（３階建て以下共同住宅等）,その他,20歳代,その他,施錠せず
窃盗,自転車盗,東金,増穂,122394,千葉県,大網白里市,富田,2023-08-28,19,一戸建住宅,駐車（輪）場,30歳代,その他,施錠せず
窃盗,自転車盗,東金,増穂,122394,千葉県,大網白里市,ながた野１丁目,2023-09-26,15,駐車（輪）場,駐車（輪）場,20歳代,その他,施錠せず
窃盗,自転車盗,東金,増穂,122394,千葉県,大網白里市,柳橋,2023-07-10,10,一戸建住宅,駐車（輪）場,10歳代,小学生,施錠せず
窃盗,自転車盗,東金,大和,122131,千葉県,東金市,福俵,2023-04-19,06,駐車（輪）場,駐車（輪）場,10歳代,その他,施錠せず
窃盗,自転車盗,東金,大和,122131,千葉県,東金市,福俵,2023-05-20,11,駐車（輪）場,駐車（輪）場,20歳代,その他,施錠した
窃盗,自転車盗,東金,大和,122131,千葉県,東金市,福俵,2023-06-06,06,駐車（輪）場,駐車（輪）場,10歳代,大学生,施錠せず
窃盗,自転車盗,東金,大和,122131,千葉県,東金市,福俵,2023-08-19,20,駐車（輪）場,駐車（輪）場,10歳代,高校生,施錠した
窃盗,自転車盗,東金,大和,122131,千葉県,東金市,西福俵,2023-07-19,22,一戸建住宅,駐車（輪）場,20歳代,大学生,施錠せず
窃盗,自転車盗,東金,大和,122131,千葉県,東金市,西福俵,2023-10-15,19,一戸建住宅,駐車（輪）場,10歳代,中学生,施錠せず
窃盗,自転車盗,東金,大網駅前,122394,千葉県,大網白里市,駒込,2023-05-28,07,駐車（輪）場,駐車（輪）場,10歳代,高校生,施錠せず
窃盗,自転車盗,東金,大網駅前,122394,千葉県,大網白里市,駒込,2023-10-18,06,駐車（輪）場,駐車（輪）場,10歳代,高校生,施錠せず
窃盗,自転車盗,東金,大網駅前,122394,千葉県,大網白里市,駒込,2023-10-24,08,駐車（輪）場,駐車（輪）場,20歳代,その他,施錠せず
窃盗,自転車盗,東金,大網駅前,122394,千葉県,大網白里市,駒込,2023-11-06,07,駐車（輪）場,駐車（輪）場,10歳代,高校生,施錠せず
窃盗,自転車盗,東金,大網駅前,122394,千葉県,大網白里市,駒込,2023-11-08,10,駐車（輪）場,駐車（輪）場,10歳代,高校生,施錠せず
窃盗,自転車盗,東金,大網駅前,122394,千葉県,大網白里市,駒込,2023-11-09,06,駐車（輪）場,駐車（輪）場,10歳代,高校生,施錠せず
窃盗,自転車盗,東金,大網駅前,122394,千葉県,大網白里市,駒込,2023-11-10,09,駐車（輪）場,駐車（輪）場,10歳代,大学生,施錠せず
窃盗,自転車盗,東金,大網駅前,122394,千葉県,大網白里市,駒込,2023-11-27,06,駐車（輪）場,駐車（輪）場,10歳代,高校生,施錠せず
窃盗,自転車盗,東金,大網駅前,122394,千葉県,大網白里市,駒込,2023-11-28,08,駐車（輪）場,駐車（輪）場,20歳代,その他,施錠せず
窃盗,自転車盗,東金,大網駅前,122394,千葉県,大網白里市,駒込,2023-11-30,11,駐車（輪）場,駐車（輪）場,20歳代,大学生,施錠せず
窃盗,自転車盗,東金,大網駅前,122394,千葉県,大網白里市,駒込,2023-12-10,10,駐車（輪）場,駐車（輪）場,10歳代,中学生,施錠せず
窃盗,自転車盗,東金,大網駅前,122394,千葉県,大網白里市,仏島,2023-08-29,20,一戸建住宅,駐車（輪）場,10歳代,中学生,施錠せず
窃盗,自転車盗,東金,大網駅前,122394,千葉県,大網白里市,みずほ台１丁目,2023-10-04,09,その他の住宅（３階建て以下共同住宅等）,駐車（輪）場,20歳代,その他,施錠した
窃盗,自転車盗,東金,大網駅前,122394,千葉県,大網白里市,みずほ台３丁目,2023-10-26,11,一戸建住宅,駐車（輪）場,70歳以上,その他,施錠せず
窃盗,自転車盗,東金,大網駅前,122394,千葉県,大網白里市,みやこ野１丁目,2023-02-05,15,その他,駐車（輪）場,10歳代,中学生,施錠せず
窃盗,自転車盗,東金,大網駅前,122394,千葉県,大網白里市,みやこ野１丁目,2023-12-07,17,その他,駐車（輪）場,10歳代,高校生,施錠せず
窃盗,自転車盗,東金,広瀬,122131,千葉県,東金市,家徳,2023-03-11,02,一戸建住宅,駐車（輪）場,20歳代,その他,施錠せず
窃盗,自転車盗,東金,広瀬,122131,千葉県,東金市,家徳,2023-08-24,17,一戸建住宅,その他,法人・団体、被害者なし,法人・団体、被害者なし,施錠した
窃盗,自転車盗,東金,東金駅前,122131,千葉県,東金市,押堀,2022-03-11,21,４階建て以上共同住宅,駐車（輪）場,20歳代,その他,施錠せず
窃盗,自転車盗,東金,東金駅前,122131,千葉県,東金市,押堀,2023-09-23,05,その他,駐車（輪）場,50歳代,その他,施錠せず
窃盗,自転車盗,東金,東金駅前,122131,千葉県,東金市,川場,2023-02-20,14,その他の住宅（３階建て以下共同住宅等）,その他,50歳代,その他,施錠せず
窃盗,自転車盗,東金,東金駅前,122131,千葉県,東金市,北幸谷,2023-02-08,19,その他の住宅（３階建て以下共同住宅等）,駐車（輪）場,10歳代,その他,施錠せず
窃盗,自転車盗,東金,東金駅前,122131,千葉県,東金市,北之幸谷,2023-01-26,02,その他の住宅（３階建て以下共同住宅等）,駐車（輪）場,20歳代,大学生,施錠せず
窃盗,自転車盗,東金,東金駅前,122131,千葉県,東金市,北之幸谷,2023-05-18,03,その他,その他,20歳代,大学生,施錠せず
窃盗,自転車盗,東金,東金駅前,122131,千葉県,東金市,北之幸谷,2023-10-10,08,一戸建住宅,駐車（輪）場,70歳以上,その他,施錠した
窃盗,自転車盗,東金,東金駅前,122131,千葉県,東金市,北之幸谷,2023-11-08,03,その他の住宅（３階建て以下共同住宅等）,その他,20歳代,大学生,施錠せず
窃盗,自転車盗,東金,東金駅前,122131,千葉県,東金市,求名,2023-04-27,09,駐車（輪）場,駐車（輪）場,10歳代,大学生,施錠せず
窃盗,自転車盗,東金,東金駅前,122131,千葉県,東金市,求名,2023-06-12,18,その他の住宅（３階建て以下共同住宅等）,駐車（輪）場,10歳代,大学生,施錠せず
窃盗,自転車盗,東金,東金駅前,122131,千葉県,東金市,求名,2023-08-23,10,その他,駐車（輪）場,20歳代,大学生,施錠せず
窃盗,自転車盗,東金,東金駅前,122131,千葉県,東金市,求名,2023-09-16,06,道路上,その他,10歳代,高校生,施錠せず
窃盗,自転車盗,東金,東金駅前,122131,千葉県,東金市,求名,2023-10-31,11,その他,駐車（輪）場,10歳代,大学生,施錠した
窃盗,自転車盗,東金,東金駅前,122131,千葉県,東金市,求名,2023-12-22,06,駐車（輪）場,駐車（輪）場,20歳代,大学生,施錠せず
窃盗,自転車盗,東金,東金駅前,122131,千葉県,東金市,田間,2023-03-25,20,その他,駐車（輪）場,20歳代,大学生,施錠せず
窃盗,自転車盗,東金,東金駅前,122131,千葉県,東金市,田間,2023-04-08,14,その他,駐車（輪）場,10歳代,大学生,施錠せず
窃盗,自転車盗,東金,東金駅前,122131,千葉県,東金市,田間,2023-06-06,15,その他,駐車（輪）場,10歳代,高校生,施錠せず
窃盗,自転車盗,東金,東金駅前,122131,千葉県,東金市,田間,2023-07-25,16,４階建て以上共同住宅,駐車（輪）場,10歳代,その他,施錠した
窃盗,自転車盗,東金,東金駅前,122131,千葉県,東金市,田間,2023-10-06,14,その他,駐車（輪）場,10歳代,その他,施錠せず
窃盗,自転車盗,東金,東金駅前,122131,千葉県,東金市,田間２丁目,2023-07-05,22,その他の住宅（３階建て以下共同住宅等）,駐車（輪）場,10歳代,大学生,施錠せず
窃盗,自転車盗,東金,東金駅前,122131,千葉県,東金市,田間３丁目,2023-02-05,12,その他の住宅（３階建て以下共同住宅等）,駐車（輪）場,20歳代,大学生,施錠した
窃盗,自転車盗,東金,東金駅前,122131,千葉県,東金市,田間３丁目,不明,不明,その他の住宅（３階建て以下共同住宅等）,駐車（輪）場,20歳代,大学生,施錠した
窃盗,自転車盗,東金,東金駅前,122131,千葉県,東金市,台方,2023-05-09,21,その他,その他,20歳代,その他,施錠せず
窃盗,自転車盗,東金,東金駅前,122131,千葉県,東金市,東金,2022-12-24,12,その他の住宅（３階建て以下共同住宅等）,駐車（輪）場,10歳代,大学生,施錠せず
窃盗,自転車盗,東金,東金駅前,122131,千葉県,東金市,東金,2023-01-11,07,駐車（輪）場,駐車（輪）場,10歳代,高校生,施錠した
窃盗,自転車盗,東金,東金駅前,122131,千葉県,東金市,東金,2023-01-11,18,駐車（輪）場,駐車（輪）場,10歳代,高校生,施錠せず
窃盗,自転車盗,東金,東金駅前,122131,千葉県,東金市,東金,2023-02-08,08,その他,駐車（輪）場,10歳代,高校生,施錠せず
窃盗,自転車盗,東金,東金駅前,122131,千葉県,東金市,東金,2023-02-09,07,駐車（輪）場,駐車（輪）場,10歳代,高校生,施錠した
窃盗,自転車盗,東金,東金駅前,122131,千葉県,東金市,東金,2023-02-10,07,駐車（輪）場,駐車（輪）場,10歳代,高校生,施錠せず
窃盗,自転車盗,東金,東金駅前,122131,千葉県,東金市,東金,2023-03-25,13,その他,駐車（輪）場,10歳代,大学生,施錠した
窃盗,自転車盗,東金,東金駅前,122131,千葉県,東金市,東金,2023-04-19,05,駐車（輪）場,駐車（輪）場,10歳代,高校生,施錠した
窃盗,自転車盗,東金,東金駅前,122131,千葉県,東金市,東金,2023-04-21,19,その他,駐車（輪）場,20歳代,その他,施錠せず
窃盗,自転車盗,東金,東金駅前,122131,千葉県,東金市,東金,2023-05-01,07,駐車（輪）場,駐車（輪）場,10歳代,高校生,施錠せず
窃盗,自転車盗,東金,東金駅前,122131,千葉県,東金市,東金,2023-05-15,07,駐車（輪）場,駐車（輪）場,10歳代,高校生,施錠せず
窃盗,自転車盗,東金,東金駅前,122131,千葉県,東金市,東金,2023-06-24,18,その他の住宅（３階建て以下共同住宅等）,駐車（輪）場,20歳代,大学生,施錠した
窃盗,自転車盗,東金,東金駅前,122131,千葉県,東金市,東金,2023-07-15,00,その他,駐車（輪）場,20歳代,大学生,施錠した
窃盗,自転車盗,東金,東金駅前,122131,千葉県,東金市,東金,2023-07-30,09,駐車（輪）場,駐車（輪）場,10歳代,高校生,施錠せず
窃盗,自転車盗,東金,東金駅前,122131,千葉県,東金市,東金,2023-08-21,06,その他,駐車（輪）場,10歳代,高校生,施錠した
窃盗,自転車盗,東金,東金駅前,122131,千葉県,東金市,東金,2023-08-21,06,その他の住宅（３階建て以下共同住宅等）,その他,20歳代,その他,施錠した
窃盗,自転車盗,東金,東金駅前,122131,千葉県,東金市,東金,2023-08-31,07,駐車（輪）場,駐車（輪）場,10歳代,高校生,施錠せず
窃盗,自転車盗,東金,東金駅前,122131,千葉県,東金市,東金,2023-09-04,08,駐車（輪）場,駐車（輪）場,20歳代,その他,施錠せず
窃盗,自転車盗,東金,東金駅前,122131,千葉県,東金市,東金,2023-09-12,06,その他,その他,10歳代,大学生,施錠せず
窃盗,自転車盗,東金,東金駅前,122131,千葉県,東金市,東金,2023-09-20,07,駐車（輪）場,駐車（輪）場,10歳代,高校生,施錠せず
窃盗,自転車盗,東金,東金駅前,122131,千葉県,東金市,東金,2023-09-30,14,その他,駐車（輪）場,10歳代,大学生,施錠した
窃盗,自転車盗,東金,東金駅前,122131,千葉県,東金市,東金,2023-10-10,10,その他,駐車（輪）場,40歳代,その他,施錠せず
窃盗,自転車盗,東金,東金駅前,122131,千葉県,東金市,東金,2023-10-13,09,その他,駐車（輪）場,20歳代,大学生,施錠した
窃盗,自転車盗,東金,東金駅前,122131,千葉県,東金市,東金,2023-10-18,07,その他,駐車（輪）場,10歳代,高校生,施錠した
窃盗,自転車盗,東金,東金駅前,122131,千葉県,東金市,東金,2023-10-28,07,その他,駐車（輪）場,10歳代,高校生,施錠せず
窃盗,自転車盗,東金,東金駅前,122131,千葉県,東金市,東金,2023-11-03,10,その他,その他,40歳代,その他,施錠せず
窃盗,自転車盗,東金,東金駅前,122131,千葉県,東金市,東金,2023-11-15,17,その他,駐車（輪）場,20歳代,その他,施錠した
窃盗,自転車盗,東金,東金駅前,122131,千葉県,東金市,東金,2023-11-21,15,駐車（輪）場,駐車（輪）場,10歳代,高校生,施錠せず
窃盗,自転車盗,東金,東金駅前,122131,千葉県,東金市,東金,2023-11-23,07,駐車（輪）場,駐車（輪）場,10歳代,高校生,施錠せず
窃盗,自転車盗,東金,東金駅前,122131,千葉県,東金市,東金,2023-11-27,06,その他,駐車（輪）場,10歳代,高校生,施錠せず
窃盗,自転車盗,東金,東金駅前,122131,千葉県,東金市,東金,2023-11-27,08,その他,駐車（輪）場,10歳代,高校生,施錠せず
窃盗,自転車盗,東金,東金駅前,122131,千葉県,東金市,東金,2023-11-27,15,その他,駐車（輪）場,10歳代,高校生,施錠せず
窃盗,自転車盗,東金,東金駅前,122131,千葉県,東金市,東金,2023-12-01,12,その他,駐車（輪）場,20歳代,その他,施錠せず
窃盗,自転車盗,東金,東金駅前,122131,千葉県,東金市,東金,2023-12-08,08,駐車（輪）場,駐車（輪）場,10歳代,高校生,施錠せず
窃盗,自転車盗,東金,東金駅前,122131,千葉県,東金市,東岩崎,2023-01-06,14,その他,駐車（輪）場,30歳代,その他,施錠せず
窃盗,自転車盗,東金,東金駅前,122131,千葉県,東金市,東岩崎,2023-05-22,17,駐車（輪）場,駐車（輪）場,10歳代,高校生,施錠せず
窃盗,自転車盗,東金,東金駅前,122131,千葉県,東金市,東岩崎,2023-05-22,20,その他,駐車（輪）場,20歳代,大学生,施錠せず
窃盗,自転車盗,東金,東金駅前,122131,千葉県,東金市,東岩崎,2023-06-19,16,その他,駐車（輪）場,10歳代,中学生,施錠せず
窃盗,自転車盗,東金,東金駅前,122131,千葉県,東金市,東岩崎,2023-07-20,12,その他,駐車（輪）場,40歳代,その他,施錠せず
窃盗,自転車盗,東金,東金駅前,122131,千葉県,東金市,東岩崎,2023-07-30,23,４階建て以上共同住宅,駐車（輪）場,20歳代,大学生,施錠した
窃盗,自転車盗,東金,東金駅前,122131,千葉県,東金市,東岩崎,2023-11-20,17,４階建て以上共同住宅,その他,20歳代,大学生,施錠せず
窃盗,自転車盗,東金,東金駅前,122131,千葉県,東金市,東岩崎,2023-12-01,16,その他,駐車（輪）場,10歳代,中学生,施錠せず
窃盗,自転車盗,東金,東金駅前,122131,千葉県,東金市,東岩崎,2023-12-02,19,その他,駐車（輪）場,10歳代,中学生,施錠せず
窃盗,自転車盗,東金,東金駅前,122131,千葉県,東金市,東岩崎,2023-12-23,17,その他,駐車（輪）場,10歳代,中学生,施錠せず
窃盗,自転車盗,東金,東金駅前,122131,千葉県,東金市,東岩崎,2023-12-23,17,その他,駐車（輪）場,10歳代,中学生,施錠せず
窃盗,自転車盗,東金,東金駅前,122131,千葉県,東金市,東岩崎,不明,不明,その他,その他,30歳代,その他,施錠した
窃盗,自転車盗,東金,東金駅前,122131,千葉県,東金市,東上宿,2023-07-18,20,４階建て以上共同住宅,駐車（輪）場,50歳代,その他,施錠した
窃盗,自転車盗,東金,東金駅前,122131,千葉県,東金市,東上宿,2023-08-08,16,その他,その他,10歳代,高校生,施錠せず
窃盗,自転車盗,東金,東金駅前,122131,千葉県,東金市,東上宿,不明,不明,その他の住宅（３階建て以下共同住宅等）,駐車（輪）場,30歳代,その他,施錠した
窃盗,自転車盗,東金,東金駅前,122131,千葉県,東金市,東新宿,2023-04-06,07,その他の住宅（３階建て以下共同住宅等）,駐車（輪）場,50歳代,その他,施錠した
窃盗,自転車盗,東金,東金駅前,122131,千葉県,東金市,東新宿,2023-04-07,02,その他の住宅（３階建て以下共同住宅等）,駐車（輪）場,10歳代,大学生,施錠した
窃盗,自転車盗,東金,東金駅前,122131,千葉県,東金市,東新宿,2023-06-24,15,その他の住宅（３階建て以下共同住宅等）,その他,70歳以上,その他,施錠した
窃盗,自転車盗,東金,東金駅前,122131,千葉県,東金市,堀上,2023-09-30,18,その他の住宅（３階建て以下共同住宅等）,駐車（輪）場,40歳代,その他,施錠した
窃盗,自転車盗,東金,東金駅前,122131,千葉県,東金市,南上宿,2023-03-06,17,その他,駐車（輪）場,10歳代,高校生,施錠せず
窃盗,自転車盗,東金,東金駅前,122131,千葉県,東金市,南上宿,2023-07-13,09,その他,駐車（輪）場,50歳代,その他,施錠せず
窃盗,自転車盗,東金,東金駅前,122131,千葉県,東金市,南上宿,2023-07-15,00,その他の住宅（３階建て以下共同住宅等）,その他,20歳代,その他,施錠した
窃盗,自転車盗,東金,東金駅前,122131,千葉県,東金市,西福俵,2023-04-17,18,その他の住宅（３階建て以下共同住宅等）,駐車（輪）場,20歳代,その他,施錠せず
窃盗,自転車盗,東金,白里,122394,千葉県,大網白里市,南今泉,2023-07-29,11,その他,駐車（輪）場,40歳代,その他,施錠せず
窃盗,自転車盗,東金,真亀,124036,千葉県,九十九里町,不動堂,2023-12-05,18,その他,その他,40歳代,その他,施錠せず
窃盗,自転車盗,東金,粟生,124036,千葉県,九十九里町,粟生,2023-03-14,16,その他,その他,50歳代,その他,施錠せず
窃盗,自転車盗,東金,道庭,122131,千葉県,東金市,求名,2023-05-01,07,その他,その他,10歳代,その他,施錠せず
窃盗,自転車盗,東金,道庭,122131,千葉県,東金市,求名,2023-06-08,15,その他,駐車（輪）場,10歳代,大学生,施錠した
窃盗,自転車盗,東金,道庭,122131,千葉県,東金市,求名,2023-06-14,15,その他,駐車（輪）場,10歳代,大学生,施錠せず
窃盗,自転車盗,東金,道庭,122131,千葉県,東金市,求名,2023-06-16,11,その他,駐車（輪）場,20歳代,大学生,施錠せず
窃盗,自転車盗,東金,道庭,122131,千葉県,東金市,求名,2023-06-21,13,その他の住宅（３階建て以下共同住宅等）,駐車（輪）場,10歳代,大学生,施錠せず
窃盗,自転車盗,東金,道庭,122131,千葉県,東金市,求名,2023-06-29,08,その他,その他,20歳代,大学生,施錠せず
窃盗,自転車盗,東金,道庭,122131,千葉県,東金市,求名,2023-09-26,08,その他,その他,20歳代,大学生,施錠せず
窃盗,自転車盗,東金,道庭,122131,千葉県,東金市,求名,2023-11-07,13,道路上,その他,10歳代,大学生,施錠せず
窃盗,自転車盗,東金,道庭,122131,千葉県,東金市,道庭,2023-10-01,16,その他,駐車（輪）場,40歳代,その他,施錠せず
窃盗,自転車盗,東金,金谷郷,122394,千葉県,大網白里市,池田,2023-01-16,16,一戸建住宅,その他,10歳代,中学生,施錠せず
窃盗,自転車盗,茂原,一宮幹部,124214,千葉県,一宮町,一宮,2022-08-30,15,駐車（輪）場,駐車（輪）場,20歳代,その他,施錠せず
窃盗,自転車盗,茂原,一宮幹部,124214,千葉県,一宮町,一宮,2023-01-10,07,駐車（輪）場,駐車（輪）場,10歳代,高校生,施錠せず
窃盗,自転車盗,茂原,一宮幹部,124214,千葉県,一宮町,一宮,2023-03-02,17,駐車（輪）場,駐車（輪）場,10歳代,高校生,施錠せず
窃盗,自転車盗,茂原,一宮幹部,124214,千葉県,一宮町,一宮,2023-03-13,13,駐車（輪）場,駐車（輪）場,10歳代,高校生,施錠した
窃盗,自転車盗,茂原,一宮幹部,124214,千葉県,一宮町,一宮,2023-04-14,06,駐車（輪）場,駐車（輪）場,10歳代,大学生,施錠せず
窃盗,自転車盗,茂原,一宮幹部,124214,千葉県,一宮町,一宮,2023-04-28,07,駐車（輪）場,駐車（輪）場,10歳代,高校生,施錠せず
窃盗,自転車盗,茂原,一宮幹部,124214,千葉県,一宮町,一宮,2023-05-21,17,駐車（輪）場,駐車（輪）場,40歳代,その他,施錠した
窃盗,自転車盗,茂原,一宮幹部,124214,千葉県,一宮町,一宮,2023-05-23,06,駐車（輪）場,駐車（輪）場,40歳代,その他,施錠した
窃盗,自転車盗,茂原,一宮幹部,124214,千葉県,一宮町,一宮,2023-06-19,17,駐車（輪）場,駐車（輪）場,10歳代,中学生,施錠した
窃盗,自転車盗,茂原,一宮幹部,124214,千葉県,一宮町,一宮,2023-06-27,07,駐車（輪）場,駐車（輪）場,10歳代,高校生,施錠せず
窃盗,自転車盗,茂原,一宮幹部,124214,千葉県,一宮町,一宮,2023-07-16,07,駐車（輪）場,駐車（輪）場,50歳代,その他,施錠せず
窃盗,自転車盗,茂原,一宮幹部,124214,千葉県,一宮町,一宮,2023-08-22,06,道路上,その他,10歳代,高校生,施錠せず
窃盗,自転車盗,茂原,一宮幹部,124214,千葉県,一宮町,一宮,2023-09-16,07,駐車（輪）場,駐車（輪）場,10歳代,高校生,施錠せず
窃盗,自転車盗,茂原,一宮幹部,124214,千葉県,一宮町,一宮,2023-11-05,07,駐車（輪）場,駐車（輪）場,10歳代,高校生,施錠せず
窃盗,自転車盗,茂原,一宮幹部,124214,千葉県,一宮町,一宮,2023-11-16,07,駐車（輪）場,駐車（輪）場,10歳代,高校生,施錠した
窃盗,自転車盗,茂原,八積,124231,千葉県,長生村,岩沼,2023-06-08,07,その他,駐車（輪）場,10歳代,高校生,施錠せず
窃盗,自転車盗,茂原,八積,124231,千葉県,長生村,岩沼,2023-08-21,21,その他,駐車（輪）場,10歳代,高校生,施錠せず
窃盗,自転車盗,茂原,八積,124231,千葉県,長生村,岩沼,2023-10-05,07,その他,駐車（輪）場,10歳代,高校生,施錠せず
窃盗,自転車盗,茂原,八積,124231,千葉県,長生村,岩沼,2023-10-18,07,その他,駐車（輪）場,10歳代,高校生,施錠せず
窃盗,自転車盗,茂原,八積,124231,千葉県,長生村,岩沼,2023-11-28,18,その他,駐車（輪）場,20歳代,大学生,施錠した
窃盗,自転車盗,茂原,八積,124231,千葉県,長生村,七井土,2023-09-15,10,その他の住宅（３階建て以下共同住宅等）,その他,70歳以上,その他,施錠した
窃盗,自転車盗,茂原,新茂原,122106,千葉県,茂原市,小林,2023-02-05,06,その他の住宅（３階建て以下共同住宅等）,駐車（輪）場,10歳代,その他,施錠せず
窃盗,自転車盗,茂原,新茂原,122106,千葉県,茂原市,小林,2023-05-26,19,その他の住宅（３階建て以下共同住宅等）,その他,10歳代,高校生,施錠せず
窃盗,自転車盗,茂原,新茂原,122106,千葉県,茂原市,小林,2023-09-06,15,その他,駐車（輪）場,50歳代,その他,施錠せず
窃盗,自転車盗,茂原,新茂原,122106,千葉県,茂原市,新小轡,2023-04-11,16,その他の住宅（３階建て以下共同住宅等）,駐車（輪）場,10歳代,中学生,施錠せず
窃盗,自転車盗,茂原,新茂原,122106,千葉県,茂原市,高師,2023-05-30,20,その他の住宅（３階建て以下共同住宅等）,駐車（輪）場,20歳代,その他,施錠せず
窃盗,自転車盗,茂原,新茂原,122106,千葉県,茂原市,高師,2023-08-30,15,その他,駐車（輪）場,10歳代,高校生,施錠せず
窃盗,自転車盗,茂原,新茂原,122106,千葉県,茂原市,高師,2023-12-13,16,その他,駐車（輪）場,10歳代,小学生,施錠せず
窃盗,自転車盗,茂原,新茂原,122106,千葉県,茂原市,道表,2023-03-08,16,その他,その他,10歳代,中学生,施錠せず
窃盗,自転車盗,茂原,新茂原,122106,千葉県,茂原市,長尾,2023-08-16,10,駐車（輪）場,駐車（輪）場,10歳代,大学生,施錠せず
窃盗,自転車盗,茂原,新茂原,122106,千葉県,茂原市,本小轡,2023-08-06,18,その他の住宅（３階建て以下共同住宅等）,駐車（輪）場,20歳代,大学生,施錠せず
窃盗,自転車盗,茂原,新茂原,122106,千葉県,茂原市,高師台２丁目,2023-01-28,20,その他の住宅（３階建て以下共同住宅等）,駐車（輪）場,法人・団体、被害者なし,法人・団体、被害者なし,施錠した
窃盗,自転車盗,茂原,本納,122106,千葉県,茂原市,本納,2023-06-21,18,その他,駐車（輪）場,10歳代,高校生,施錠せず
窃盗,自転車盗,茂原,本納,122106,千葉県,茂原市,本納,2023-06-30,15,その他,駐車（輪）場,10歳代,高校生,施錠した
窃盗,自転車盗,茂原,本納,122106,千葉県,茂原市,本納,2023-07-07,07,その他,駐車（輪）場,10歳代,高校生,施錠せず
窃盗,自転車盗,茂原,本納,122106,千葉県,茂原市,本納,2023-08-04,13,その他,駐車（輪）場,10歳代,中学生,施錠した
窃盗,自転車盗,茂原,本納,122106,千葉県,茂原市,本納,2023-09-19,07,その他,駐車（輪）場,10歳代,高校生,施錠せず
窃盗,自転車盗,茂原,本納,122106,千葉県,茂原市,本納,2023-11-20,17,その他,駐車（輪）場,10歳代,高校生,施錠せず
窃盗,自転車盗,茂原,東浪見,124214,千葉県,一宮町,東浪見,2023-04-08,09,その他,駐車（輪）場,20歳代,その他,施錠せず
窃盗,自転車盗,茂原,東浪見,124214,千葉県,一宮町,東浪見,2023-09-13,14,道路上,その他,10歳代,中学生,施錠せず
窃盗,自転車盗,茂原,東浪見,124214,千葉県,一宮町,東浪見,2023-09-22,07,その他,駐車（輪）場,10歳代,高校生,施錠せず
窃盗,自転車盗,茂原,東郷,122106,千葉県,茂原市,新小轡,2022-10-27,22,その他の住宅（３階建て以下共同住宅等）,駐車（輪）場,10歳代,その他,施錠せず
窃盗,自転車盗,茂原,東郷,122106,千葉県,茂原市,新小轡,2023-02-02,09,その他の住宅（３階建て以下共同住宅等）,その他,40歳代,その他,施錠せず
窃盗,自転車盗,茂原,茂原駅前,122106,千葉県,茂原市,大芝,2023-04-30,17,その他,駐車（輪）場,30歳代,その他,施錠した
窃盗,自転車盗,茂原,茂原駅前,122106,千葉県,茂原市,木崎,2023-10-28,16,その他,駐車（輪）場,10歳代,高校生,施錠せず
窃盗,自転車盗,茂原,茂原駅前,122106,千葉県,茂原市,腰当,2023-03-23,15,その他,駐車（輪）場,10歳代,その他,施錠せず
窃盗,自転車盗,茂原,茂原駅前,122106,千葉県,茂原市,高師,2023-11-15,12,駐車（輪）場,駐車（輪）場,10歳代,大学生,施錠せず
窃盗,自転車盗,茂原,茂原駅前,122106,千葉県,茂原市,高師,2023-12-09,17,一戸建住宅,駐車（輪）場,40歳代,その他,施錠した
窃盗,自転車盗,茂原,茂原駅前,122106,千葉県,茂原市,千代田町１丁目,2023-09-19,07,その他,駐車（輪）場,20歳代,大学生,施錠した
窃盗,自転車盗,茂原,茂原駅前,122106,千葉県,茂原市,千代田町１丁目,2023-10-10,10,その他,駐車（輪）場,30歳代,その他,施錠せず
窃盗,自転車盗,茂原,茂原駅前,122106,千葉県,茂原市,千代田町１丁目,2023-11-21,10,その他,駐車（輪）場,70歳以上,その他,施錠した
窃盗,自転車盗,茂原,茂原駅前,122106,千葉県,茂原市,千代田町１丁目,2023-12-11,12,その他,駐車（輪）場,20歳代,大学生,施錠した
窃盗,自転車盗,茂原,茂原駅前,122106,千葉県,茂原市,千代田町１丁目,2023-12-18,10,その他,駐車（輪）場,10歳代,高校生,施錠せず
窃盗,自転車盗,茂原,茂原駅前,122106,千葉県,茂原市,長尾,2023-06-23,07,その他,駐車（輪）場,10歳代,大学生,施錠せず
窃盗,自転車盗,茂原,茂原駅前,122106,千葉県,茂原市,早野,2023-09-13,08,その他の住宅（３階建て以下共同住宅等）,駐車（輪）場,10歳代,中学生,施錠せず
窃盗,自転車盗,茂原,茂原駅前,122106,千葉県,茂原市,町保,2023-02-08,12,その他,駐車（輪）場,20歳代,大学生,施錠した
窃盗,自転車盗,茂原,茂原駅前,122106,千葉県,茂原市,町保,2023-02-22,18,駐車（輪）場,駐車（輪）場,30歳代,その他,施錠した
窃盗,自転車盗,茂原,茂原駅前,122106,千葉県,茂原市,町保,2023-04-14,16,道路上,その他,10歳代,高校生,施錠せず
窃盗,自転車盗,茂原,茂原駅前,122106,千葉県,茂原市,町保,2023-06-01,18,その他,駐車（輪）場,60-64歳,その他,施錠した
窃盗,自転車盗,茂原,茂原駅前,122106,千葉県,茂原市,町保,2023-06-10,18,その他,駐車（輪）場,10歳代,高校生,施錠した
窃盗,自転車盗,茂原,茂原駅前,122106,千葉県,茂原市,町保,2023-06-13,16,その他,駐車（輪）場,10歳代,高校生,施錠せず
窃盗,自転車盗,茂原,茂原駅前,122106,千葉県,茂原市,町保,2023-07-26,17,その他,駐車（輪）場,10歳代,高校生,施錠した
窃盗,自転車盗,茂原,茂原駅前,122106,千葉県,茂原市,町保,2023-09-14,19,その他,駐車（輪）場,20歳代,その他,施錠した
窃盗,自転車盗,茂原,茂原駅前,122106,千葉県,茂原市,町保,2023-09-19,15,その他,駐車（輪）場,10歳代,中学生,施錠せず
窃盗,自転車盗,茂原,茂原駅前,122106,千葉県,茂原市,町保,2023-09-27,17,その他,駐車（輪）場,30歳代,その他,施錠せず
窃盗,自転車盗,茂原,茂原駅前,122106,千葉県,茂原市,町保,2023-10-07,11,その他,駐車（輪）場,10歳代,高校生,施錠した
窃盗,自転車盗,茂原,茂原駅前,122106,千葉県,茂原市,町保,2023-10-25,18,その他,駐車（輪）場,30歳代,その他,施錠せず
窃盗,自転車盗,茂原,茂原駅前,122106,千葉県,茂原市,町保,2023-11-11,20,駐車（輪）場,駐車（輪）場,10歳代,高校生,施錠せず
窃盗,自転車盗,茂原,茂原駅前,122106,千葉県,茂原市,町保,2023-11-24,11,その他,駐車（輪）場,20歳代,その他,施錠せず
窃盗,自転車盗,茂原,茂原駅前,122106,千葉県,茂原市,町保,2023-12-02,18,その他,駐車（輪）場,50歳代,その他,施錠した
窃盗,自転車盗,茂原,茂原駅前,122106,千葉県,茂原市,町保,2023-12-22,15,その他,駐車（輪）場,10歳代,高校生,施錠した
窃盗,自転車盗,茂原,茂原駅前,122106,千葉県,茂原市,町保,2023-12-22,18,その他,駐車（輪）場,30歳代,その他,施錠した
窃盗,自転車盗,茂原,茂原駅前,122106,千葉県,茂原市,町保,2023-12-26,11,その他,駐車（輪）場,10歳代,高校生,施錠した
窃盗,自転車盗,茂原,茂原駅前,122106,千葉県,茂原市,六ツ野,2023-01-10,07,駐車（輪）場,駐車（輪）場,10歳代,高校生,施錠せず
窃盗,自転車盗,茂原,茂原駅前,122106,千葉県,茂原市,六ツ野,2023-04-21,09,駐車（輪）場,駐車（輪）場,20歳代,その他,施錠した
窃盗,自転車盗,茂原,茂原駅前,122106,千葉県,茂原市,六ツ野,2023-07-02,14,駐車（輪）場,駐車（輪）場,10歳代,高校生,施錠せず
窃盗,自転車盗,茂原,茂原駅前,122106,千葉県,茂原市,六ツ野,2023-10-02,17,駐車（輪）場,駐車（輪）場,65-69歳,その他,施錠した
窃盗,自転車盗,茂原,茂原駅前,122106,千葉県,茂原市,六ツ野,2023-10-06,10,駐車（輪）場,駐車（輪）場,10歳代,大学生,施錠した
窃盗,自転車盗,茂原,茂原駅前,122106,千葉県,茂原市,六ツ野,2023-10-24,07,駐車（輪）場,駐車（輪）場,10歳代,その他,施錠せず
窃盗,自転車盗,茂原,茂原駅前,122106,千葉県,茂原市,六ツ野,2023-10-24,18,駐車（輪）場,駐車（輪）場,10歳代,大学生,施錠せず
窃盗,自転車盗,茂原,茂原駅前,122106,千葉県,茂原市,六ツ野,2023-10-27,08,駐車（輪）場,駐車（輪）場,10歳代,高校生,施錠した
窃盗,自転車盗,茂原,茂原駅前,122106,千葉県,茂原市,六ツ野,2023-10-31,07,駐車（輪）場,駐車（輪）場,20歳代,その他,施錠せず
窃盗,自転車盗,茂原,茂原駅前,122106,千葉県,茂原市,六ツ野,2023-11-01,07,駐車（輪）場,駐車（輪）場,10歳代,高校生,施錠せず
窃盗,自転車盗,茂原,茂原駅前,122106,千葉県,茂原市,六ツ野,2023-11-02,07,駐車（輪）場,駐車（輪）場,10歳代,高校生,施錠せず
窃盗,自転車盗,茂原,茂原駅前,122106,千葉県,茂原市,六ツ野,2023-11-09,06,駐車（輪）場,駐車（輪）場,10歳代,高校生,施錠せず
窃盗,自転車盗,茂原,茂原駅前,122106,千葉県,茂原市,六ツ野,2023-11-22,07,駐車（輪）場,駐車（輪）場,10歳代,高校生,施錠せず
窃盗,自転車盗,茂原,茂原駅前,122106,千葉県,茂原市,六ツ野,2023-11-26,12,その他,駐車（輪）場,10歳代,高校生,施錠せず
窃盗,自転車盗,茂原,茂原駅前,122106,千葉県,茂原市,六ツ野,2023-12-07,07,駐車（輪）場,駐車（輪）場,30歳代,その他,施錠せず
窃盗,自転車盗,茂原,茂原駅前,122106,千葉県,茂原市,六ツ野,2023-12-15,06,駐車（輪）場,駐車（輪）場,10歳代,大学生,施錠せず
窃盗,自転車盗,茂原,茂原駅前,122106,千葉県,茂原市,茂原,2022-12-31,01,その他の住宅（３階建て以下共同住宅等）,駐車（輪）場,法人・団体、被害者なし,法人・団体、被害者なし,施錠せず
窃盗,自転車盗,茂原,茂原駅前,122106,千葉県,茂原市,茂原,2023-04-12,11,その他,その他,20歳代,その他,施錠した
窃盗,自転車盗,茂原,茂原駅前,122106,千葉県,茂原市,茂原,2023-08-25,17,その他,駐車（輪）場,10歳代,高校生,施錠せず
窃盗,自転車盗,茂原,茂原駅前,122106,千葉県,茂原市,東部台３丁目,2023-10-08,17,その他,駐車（輪）場,10歳代,高校生,施錠せず
窃盗,自転車盗,茂原,長柄,124265,千葉県,長柄町,山之郷,2023-01-07,11,一戸建住宅,駐車（輪）場,40歳代,その他,施錠した
窃盗,自転車盗,茂原,鶴枝,122106,千葉県,茂原市,下永吉,2023-06-28,15,一戸建住宅,その他,70歳以上,その他,施錠せず
窃盗,自転車盗,いすみ,大原駅前,122386,千葉県,いすみ市,大原,2023-02-02,09,その他,駐車（輪）場,70歳以上,その他,施錠せず
窃盗,自転車盗,いすみ,大原駅前,122386,千葉県,いすみ市,大原,2023-02-07,07,その他,駐車（輪）場,20歳代,その他,施錠せず
窃盗,自転車盗,いすみ,大原駅前,122386,千葉県,いすみ市,大原,2023-06-22,06,その他,駐車（輪）場,10歳代,高校生,施錠せず
窃盗,自転車盗,いすみ,大原駅前,122386,千葉県,いすみ市,大原,2023-07-29,06,その他,その他,10歳代,高校生,施錠した
窃盗,自転車盗,いすみ,大原駅前,122386,千葉県,いすみ市,大原,2023-11-28,17,その他,駐車（輪）場,10歳代,高校生,施錠せず
窃盗,自転車盗,いすみ,大原駅前,122386,千葉県,いすみ市,大原,2023-12-01,06,その他,駐車（輪）場,10歳代,高校生,施錠せず
窃盗,自転車盗,いすみ,太東,122386,千葉県,いすみ市,岬町椎木,2023-07-21,08,その他,駐車（輪）場,10歳代,高校生,施錠せず
窃盗,自転車盗,いすみ,太東,122386,千葉県,いすみ市,岬町椎木,2023-08-23,09,その他,駐車（輪）場,10歳代,中学生,施錠せず
窃盗,自転車盗,いすみ,太東,122386,千葉県,いすみ市,岬町椎木,2023-08-23,12,その他,駐車（輪）場,10歳代,中学生,施錠せず
窃盗,自転車盗,いすみ,太東,122386,千葉県,いすみ市,岬町椎木,2023-09-28,23,駐車（輪）場,駐車（輪）場,20歳代,その他,施錠せず
窃盗,自転車盗,いすみ,浪花,122386,千葉県,いすみ市,小池,2023-06-06,12,その他の住宅（３階建て以下共同住宅等）,駐車（輪）場,50歳代,その他,施錠した
窃盗,自転車盗,いすみ,長者,122386,千葉県,いすみ市,岬町長者,2023-01-13,07,その他,駐車（輪）場,10歳代,高校生,施錠せず
窃盗,自転車盗,いすみ,長者,122386,千葉県,いすみ市,岬町長者,2023-03-08,07,その他,駐車（輪）場,10歳代,高校生,施錠せず
窃盗,自転車盗,いすみ,長者,122386,千葉県,いすみ市,岬町長者,2023-06-21,18,その他の住宅（３階建て以下共同住宅等）,その他,40歳代,その他,施錠せず
窃盗,自転車盗,いすみ,長者,122386,千葉県,いすみ市,岬町長者,2023-11-11,07,その他,駐車（輪）場,10歳代,高校生,施錠せず
窃盗,自転車盗,いすみ,長者,122386,千葉県,いすみ市,岬町長者,2023-11-16,15,その他,駐車（輪）場,10歳代,高校生,施錠した
窃盗,自転車盗,勝浦,勝浦駅前,122181,千葉県,勝浦市,沢倉,2023-08-09,14,４階建て以上共同住宅,駐車（輪）場,70歳以上,その他,施錠した
窃盗,自転車盗,勝浦,勝浦駅前,122181,千葉県,勝浦市,新官,2023-06-18,11,その他,駐車（輪）場,20歳代,大学生,施錠せず
窃盗,自転車盗,勝浦,勝浦駅前,122181,千葉県,勝浦市,新官,2023-06-23,19,その他,駐車（輪）場,10歳代,大学生,施錠せず
窃盗,自転車盗,勝浦,勝浦駅前,122181,千葉県,勝浦市,墨名,2023-10-05,09,その他,駐車（輪）場,10歳代,高校生,施錠せず
窃盗,自転車盗,勝浦,勝浦駅前,122181,千葉県,勝浦市,墨名,2023-10-12,07,その他,駐車（輪）場,10歳代,高校生,施錠せず
窃盗,自転車盗,勝浦,勝浦駅前,122181,千葉県,勝浦市,松部,2023-08-16,17,一戸建住宅,その他,30歳代,その他,施錠せず
窃盗,自転車盗,勝浦,勝浦駅前,122181,千葉県,勝浦市,松部,2023-08-16,17,一戸建住宅,その他,30歳代,その他,施錠せず
窃盗,自転車盗,勝浦,大多喜幹部,124419,千葉県,大多喜町,大多喜,2023-06-20,07,その他,駐車（輪）場,10歳代,高校生,施錠せず
窃盗,自転車盗,勝浦,大多喜幹部,124419,千葉県,大多喜町,大多喜,2023-11-18,19,その他,駐車（輪）場,10歳代,高校生,施錠せず
窃盗,自転車盗,市原,ちはら台駅前,122190,千葉県,市原市,菊間,2023-05-22,20,４階建て以上共同住宅,駐車（輪）場,30歳代,その他,施錠せず
窃盗,自転車盗,市原,ちはら台駅前,122190,千葉県,市原市,ちはら台西１丁目,2023-12-04,07,駐車（輪）場,駐車（輪）場,10歳代,中学生,施錠せず
窃盗,自転車盗,市原,ちはら台駅前,122190,千葉県,市原市,ちはら台西２丁目,2023-04-22,13,その他の住宅（３階建て以下共同住宅等）,駐車（輪）場,10歳代,大学生,施錠せず
窃盗,自転車盗,市原,ちはら台駅前,122190,千葉県,市原市,ちはら台西２丁目,2023-05-31,16,その他,駐車（輪）場,10歳代,高校生,施錠せず
窃盗,自転車盗,市原,ちはら台駅前,122190,千葉県,市原市,ちはら台西３丁目,2023-04-12,19,その他,駐車（輪）場,10歳代,高校生,施錠せず
窃盗,自転車盗,市原,ちはら台駅前,122190,千葉県,市原市,ちはら台西３丁目,2023-04-13,07,その他,駐車（輪）場,10歳代,高校生,施錠した
窃盗,自転車盗,市原,ちはら台駅前,122190,千葉県,市原市,ちはら台西３丁目,2023-05-06,18,その他,その他,10歳代,中学生,施錠せず
窃盗,自転車盗,市原,ちはら台駅前,122190,千葉県,市原市,ちはら台西３丁目,2023-05-06,18,その他,その他,10歳代,中学生,施錠せず
窃盗,自転車盗,市原,ちはら台駅前,122190,千葉県,市原市,ちはら台西３丁目,2023-05-29,11,その他,駐車（輪）場,10歳代,高校生,施錠せず
窃盗,自転車盗,市原,ちはら台駅前,122190,千葉県,市原市,ちはら台西３丁目,2023-07-15,16,その他,駐車（輪）場,10歳代,高校生,施錠せず
窃盗,自転車盗,市原,ちはら台駅前,122190,千葉県,市原市,ちはら台西３丁目,2023-11-18,15,その他,駐車（輪）場,10歳代,高校生,施錠せず
窃盗,自転車盗,市原,ちはら台駅前,122190,千葉県,市原市,ちはら台西３丁目,2023-12-07,17,その他,駐車（輪）場,10歳代,大学生,施錠せず
窃盗,自転車盗,市原,ちはら台駅前,122190,千葉県,市原市,ちはら台西３丁目,2023-12-08,17,その他,駐車（輪）場,10歳代,高校生,施錠せず
窃盗,自転車盗,市原,ちはら台駅前,122190,千葉県,市原市,ちはら台西３丁目,2023-12-17,15,その他,駐車（輪）場,10歳代,中学生,施錠せず
窃盗,自転車盗,市原,ちはら台駅前,122190,千葉県,市原市,ちはら台西６丁目,2023-09-18,08,一戸建住宅,駐車（輪）場,40歳代,その他,施錠せず
窃盗,自転車盗,市原,ちはら台駅前,122190,千葉県,市原市,ちはら台東１丁目,2023-12-11,08,一戸建住宅,駐車（輪）場,10歳未満,小学生,施錠せず
窃盗,自転車盗,市原,ちはら台駅前,122190,千葉県,市原市,ちはら台東５丁目,2023-07-08,18,その他の住宅（３階建て以下共同住宅等）,駐車（輪）場,10歳代,大学生,施錠せず
窃盗,自転車盗,市原,ちはら台駅前,122190,千葉県,市原市,ちはら台東７丁目,2023-09-10,12,一戸建住宅,その他,10歳代,高校生,施錠せず
窃盗,自転車盗,市原,ちはら台駅前,122190,千葉県,市原市,ちはら台東８丁目,2023-06-22,17,一戸建住宅,その他,10歳代,高校生,施錠せず
窃盗,自転車盗,市原,ちはら台駅前,122190,千葉県,市原市,ちはら台東８丁目,2023-08-22,11,一戸建住宅,その他,10歳代,中学生,施錠せず
窃盗,自転車盗,市原,ちはら台駅前,122190,千葉県,市原市,ちはら台東８丁目,不明,不明,一戸建住宅,駐車（輪）場,20歳代,その他,施錠せず
窃盗,自転車盗,市原,ちはら台駅前,122190,千葉県,市原市,ちはら台東９丁目,2023-06-19,16,その他,その他,10歳代,小学生,施錠せず
窃盗,自転車盗,市原,ちはら台駅前,122190,千葉県,市原市,ちはら台南２丁目,2023-06-17,14,その他の住宅（３階建て以下共同住宅等）,その他,10歳代,大学生,施錠せず
窃盗,自転車盗,市原,ちはら台駅前,122190,千葉県,市原市,ちはら台南５丁目,2023-02-05,13,道路上,その他,10歳未満,小学生,施錠せず
窃盗,自転車盗,市原,ちはら台駅前,122190,千葉県,市原市,ちはら台南５丁目,2023-06-01,16,一戸建住宅,駐車（輪）場,40歳代,その他,施錠した
窃盗,自転車盗,市原,ちはら台駅前,122190,千葉県,市原市,ちはら台南６丁目,2023-03-01,08,４階建て以上共同住宅,駐車（輪）場,30歳代,その他,施錠した
窃盗,自転車盗,市原,五井西,122190,千葉県,市原市,青柳北１丁目,2023-02-01,17,その他,駐車（輪）場,10歳代,中学生,施錠せず
窃盗,自転車盗,市原,五井西,122190,千葉県,市原市,青柳北１丁目,2023-05-01,16,その他,駐車（輪）場,30歳代,その他,施錠せず
窃盗,自転車盗,市原,五井西,122190,千葉県,市原市,青柳北１丁目,2023-07-17,19,その他,駐車（輪）場,10歳代,高校生,施錠せず
窃盗,自転車盗,市原,五井西,122190,千葉県,市原市,島野,2023-03-01,17,その他,その他,法人・団体、被害者なし,法人・団体、被害者なし,施錠した
窃盗,自転車盗,市原,五井西,122190,千葉県,市原市,玉前,2023-02-26,18,その他の住宅（３階建て以下共同住宅等）,駐車（輪）場,70歳以上,その他,施錠せず
窃盗,自転車盗,市原,五井西,122190,千葉県,市原市,玉前,2023-10-18,17,その他の住宅（３階建て以下共同住宅等）,駐車（輪）場,30歳代,その他,施錠せず
窃盗,自転車盗,市原,五井西,122190,千葉県,市原市,玉前西２丁目,2023-03-22,08,その他,その他,法人・団体、被害者なし,法人・団体、被害者なし,施錠せず
窃盗,自転車盗,市原,五井西,122190,千葉県,市原市,千種６丁目,2023-08-20,17,その他,駐車（輪）場,30歳代,その他,施錠せず
窃盗,自転車盗,市原,五井西,122190,千葉県,市原市,五井西３丁目,2023-07-17,14,その他の住宅（３階建て以下共同住宅等）,その他,20歳代,その他,施錠した
窃盗,自転車盗,市原,五井西,122190,千葉県,市原市,五井西４丁目,2023-10-11,20,その他の住宅（３階建て以下共同住宅等）,駐車（輪）場,10歳代,その他,施錠せず
窃盗,自転車盗,市原,五井西,122190,千葉県,市原市,五井西６丁目,2023-10-14,18,４階建て以上共同住宅,駐車（輪）場,20歳代,大学生,施錠した
窃盗,自転車盗,市原,五井駅前,122190,千葉県,市原市,五井,2023-01-06,18,その他の住宅（３階建て以下共同住宅等）,駐車（輪）場,30歳代,その他,施錠せず
窃盗,自転車盗,市原,五井駅前,122190,千葉県,市原市,五井,2023-02-11,14,その他,駐車（輪）場,20歳代,その他,施錠せず
窃盗,自転車盗,市原,五井駅前,122190,千葉県,市原市,五井,2023-04-21,15,その他,駐車（輪）場,10歳未満,小学生,施錠せず
窃盗,自転車盗,市原,五井駅前,122190,千葉県,市原市,五井,2023-05-04,08,その他,その他,20歳代,その他,施錠せず
窃盗,自転車盗,市原,五井駅前,122190,千葉県,市原市,五井,2023-05-12,09,４階建て以上共同住宅,駐車（輪）場,10歳代,高校生,施錠せず
窃盗,自転車盗,市原,五井駅前,122190,千葉県,市原市,五井,2023-05-17,22,その他の住宅（３階建て以下共同住宅等）,駐車（輪）場,20歳代,その他,施錠した
窃盗,自転車盗,市原,五井駅前,122190,千葉県,市原市,五井,2023-08-13,17,４階建て以上共同住宅,駐車（輪）場,30歳代,その他,施錠した
窃盗,自転車盗,市原,五井駅前,122190,千葉県,市原市,五井,2023-09-14,05,一戸建住宅,その他,10歳代,小学生,施錠せず
窃盗,自転車盗,市原,五井駅前,122190,千葉県,市原市,五井,2023-10-13,20,４階建て以上共同住宅,駐車（輪）場,10歳代,高校生,施錠せず
窃盗,自転車盗,市原,五井駅前,122190,千葉県,市原市,五井,2023-10-20,18,４階建て以上共同住宅,駐車（輪）場,10歳代,高校生,施錠せず
窃盗,自転車盗,市原,五井駅前,122190,千葉県,市原市,五井,2023-11-11,08,その他,駐車（輪）場,20歳代,その他,施錠せず
窃盗,自転車盗,市原,五井駅前,122190,千葉県,市原市,五井,2023-11-25,21,その他の住宅（３階建て以下共同住宅等）,駐車（輪）場,40歳代,その他,施錠せず
窃盗,自転車盗,市原,五井駅前,122190,千葉県,市原市,五井東１丁目,2023-07-30,09,一戸建住宅,駐車（輪）場,10歳代,高校生,施錠せず
窃盗,自転車盗,市原,五井駅前,122190,千葉県,市原市,五井東１丁目,2023-08-09,10,４階建て以上共同住宅,駐車（輪）場,10歳代,中学生,施錠せず
窃盗,自転車盗,市原,五井駅前,122190,千葉県,市原市,五井東１丁目,2023-08-31,21,その他の住宅（３階建て以下共同住宅等）,駐車（輪）場,10歳代,高校生,施錠した
窃盗,自転車盗,市原,五井駅前,122190,千葉県,市原市,五井東１丁目,2023-10-02,18,その他の住宅（３階建て以下共同住宅等）,駐車（輪）場,20歳代,その他,施錠せず
窃盗,自転車盗,市原,五井駅前,122190,千葉県,市原市,五井中央東１丁目,2022-12-27,20,その他の住宅（３階建て以下共同住宅等）,駐車（輪）場,10歳代,中学生,施錠した
窃盗,自転車盗,市原,五井駅前,122190,千葉県,市原市,五井中央東２丁目,2023-05-21,21,その他の住宅（３階建て以下共同住宅等）,駐車（輪）場,10歳代,高校生,施錠せず
窃盗,自転車盗,市原,五井駅前,122190,千葉県,市原市,五井中央東２丁目,2023-12-10,16,４階建て以上共同住宅,駐車（輪）場,20歳代,その他,施錠した
窃盗,自転車盗,市原,五井駅前,122190,千葉県,市原市,千種７丁目,2023-10-17,18,その他の住宅（３階建て以下共同住宅等）,駐車（輪）場,40歳代,その他,施錠した
窃盗,自転車盗,市原,五井駅前,122190,千葉県,市原市,五井中央西１丁目,2023-04-06,07,その他,その他,10歳代,高校生,施錠せず
窃盗,自転車盗,市原,五井駅前,122190,千葉県,市原市,五井中央西１丁目,2023-08-12,09,４階建て以上共同住宅,駐車（輪）場,20歳代,その他,施錠した
窃盗,自転車盗,市原,五井駅前,122190,千葉県,市原市,五井中央西１丁目,2023-08-16,15,４階建て以上共同住宅,駐車（輪）場,70歳以上,その他,施錠した
窃盗,自転車盗,市原,五井駅前,122190,千葉県,市原市,五井中央西１丁目,2023-10-08,06,駐車（輪）場,駐車（輪）場,10歳代,中学生,施錠せず
窃盗,自転車盗,市原,五井駅前,122190,千葉県,市原市,五井中央西１丁目,2023-10-23,07,駐車（輪）場,駐車（輪）場,10歳代,高校生,施錠した
窃盗,自転車盗,市原,五井駅前,122190,千葉県,市原市,五井中央西１丁目,2023-10-23,08,駐車（輪）場,駐車（輪）場,20歳代,その他,施錠した
窃盗,自転車盗,市原,五井駅前,122190,千葉県,市原市,五井中央西１丁目,2023-10-30,17,その他,駐車（輪）場,10歳代,中学生,施錠せず
窃盗,自転車盗,市原,五井駅前,122190,千葉県,市原市,五井中央西１丁目,2023-11-23,17,その他,駐車（輪）場,10歳代,高校生,施錠せず
窃盗,自転車盗,市原,五井駅前,122190,千葉県,市原市,五井中央西１丁目,2023-11-24,08,その他,その他,20歳代,その他,施錠せず
窃盗,自転車盗,市原,五井駅前,122190,千葉県,市原市,五井中央西１丁目,2023-12-22,07,駐車（輪）場,駐車（輪）場,10歳代,高校生,施錠せず
窃盗,自転車盗,市原,五井駅前,122190,千葉県,市原市,五井中央西２丁目,2023-06-21,18,その他,駐車（輪）場,20歳代,その他,施錠せず
窃盗,自転車盗,市原,五井駅前,122190,千葉県,市原市,五井中央西２丁目,2023-07-15,17,その他,駐車（輪）場,20歳代,その他,施錠せず
窃盗,自転車盗,市原,五井駅前,122190,千葉県,市原市,五井中央西２丁目,2023-07-20,18,駐車（輪）場,駐車（輪）場,20歳代,その他,施錠した
窃盗,自転車盗,市原,五井駅前,122190,千葉県,市原市,五井中央西２丁目,2023-08-13,18,駐車（輪）場,駐車（輪）場,20歳代,その他,施錠せず
窃盗,自転車盗,市原,五井駅前,122190,千葉県,市原市,五井中央西２丁目,2023-09-04,12,駐車（輪）場,駐車（輪）場,10歳代,その他,施錠せず
窃盗,自転車盗,市原,五井駅前,122190,千葉県,市原市,五井中央西２丁目,2023-09-15,21,その他,駐車（輪）場,20歳代,その他,施錠せず
窃盗,自転車盗,市原,五井駅前,122190,千葉県,市原市,五井中央西２丁目,2023-09-16,15,その他,駐車（輪）場,10歳代,中学生,施錠せず
窃盗,自転車盗,市原,五井駅前,122190,千葉県,市原市,五井中央西２丁目,2023-09-17,10,その他,駐車（輪）場,20歳代,その他,施錠せず
窃盗,自転車盗,市原,五井駅前,122190,千葉県,市原市,五井中央西２丁目,2023-10-04,08,その他,駐車（輪）場,20歳代,その他,施錠せず
窃盗,自転車盗,市原,五井駅前,122190,千葉県,市原市,五井中央西２丁目,2023-10-21,18,道路上,その他,10歳代,高校生,施錠せず
窃盗,自転車盗,市原,五井駅前,122190,千葉県,市原市,五井中央西２丁目,2023-10-24,11,その他,駐車（輪）場,30歳代,その他,施錠せず
窃盗,自転車盗,市原,五井駅前,122190,千葉県,市原市,五井中央西２丁目,2023-11-03,01,駐車（輪）場,駐車（輪）場,10歳代,その他,施錠した
窃盗,自転車盗,市原,五井駅前,122190,千葉県,市原市,五井中央西２丁目,2023-12-03,12,その他,駐車（輪）場,10歳代,高校生,施錠せず
窃盗,自転車盗,市原,五井駅前,122190,千葉県,市原市,五井中央西２丁目,2023-12-10,12,駐車（輪）場,駐車（輪）場,20歳代,その他,施錠した
窃盗,自転車盗,市原,五井駅前,122190,千葉県,市原市,更級１丁目,2023-10-03,12,その他の住宅（３階建て以下共同住宅等）,その他,30歳代,その他,施錠せず
窃盗,自転車盗,市原,五井駅前,122190,千葉県,市原市,更級２丁目,2022-12-29,17,その他の住宅（３階建て以下共同住宅等）,駐車（輪）場,10歳代,高校生,施錠した
窃盗,自転車盗,市原,五井駅前,122190,千葉県,市原市,更級３丁目,2023-09-24,10,その他,駐車（輪）場,10歳代,高校生,施錠せず
窃盗,自転車盗,市原,五井駅前,122190,千葉県,市原市,更級４丁目,2023-01-10,19,その他,駐車（輪）場,20歳代,その他,施錠せず
窃盗,自転車盗,市原,五井駅前,122190,千葉県,市原市,更級４丁目,2023-01-25,19,その他,駐車（輪）場,30歳代,その他,施錠せず
窃盗,自転車盗,市原,五井駅前,122190,千葉県,市原市,更級４丁目,2023-02-25,15,その他,駐車（輪）場,10歳代,中学生,施錠せず
窃盗,自転車盗,市原,五井駅前,122190,千葉県,市原市,更級４丁目,2023-03-29,16,その他,駐車（輪）場,10歳代,高校生,施錠せず
窃盗,自転車盗,市原,五井駅前,122190,千葉県,市原市,更級４丁目,2023-05-22,14,その他,駐車（輪）場,20歳代,その他,施錠せず
窃盗,自転車盗,市原,五井駅前,122190,千葉県,市原市,更級４丁目,2023-06-08,17,その他,駐車（輪）場,10歳代,大学生,施錠した
窃盗,自転車盗,市原,五井駅前,122190,千葉県,市原市,更級４丁目,2023-06-18,13,その他,駐車（輪）場,40歳代,その他,施錠せず
窃盗,自転車盗,市原,五井駅前,122190,千葉県,市原市,更級４丁目,2023-08-21,14,その他,駐車（輪）場,10歳代,中学生,施錠せず
窃盗,自転車盗,市原,五井駅前,122190,千葉県,市原市,更級４丁目,2023-08-24,03,その他,駐車（輪）場,10歳代,高校生,施錠せず
窃盗,自転車盗,市原,五井駅前,122190,千葉県,市原市,更級４丁目,2023-08-24,13,その他,駐車（輪）場,10歳代,中学生,施錠せず
窃盗,自転車盗,市原,五井駅前,122190,千葉県,市原市,更級４丁目,2023-09-01,19,その他,駐車（輪）場,10歳代,高校生,施錠せず
窃盗,自転車盗,市原,五井駅前,122190,千葉県,市原市,更級４丁目,2023-09-08,19,その他,駐車（輪）場,10歳代,高校生,施錠せず
窃盗,自転車盗,市原,五井駅前,122190,千葉県,市原市,更級４丁目,2023-09-12,20,その他,駐車（輪）場,10歳代,高校生,施錠せず
窃盗,自転車盗,市原,五井駅前,122190,千葉県,市原市,更級４丁目,2023-09-21,18,その他,駐車（輪）場,10歳代,高校生,施錠せず
窃盗,自転車盗,市原,五井駅前,122190,千葉県,市原市,更級４丁目,2023-09-22,16,その他,駐車（輪）場,10歳代,高校生,施錠せず
窃盗,自転車盗,市原,五井駅前,122190,千葉県,市原市,更級４丁目,2023-09-22,17,その他,駐車（輪）場,10歳代,高校生,施錠した
窃盗,自転車盗,市原,五井駅前,122190,千葉県,市原市,更級４丁目,2023-10-24,17,その他,駐車（輪）場,20歳代,その他,施錠した
窃盗,自転車盗,市原,五井駅前,122190,千葉県,市原市,更級４丁目,2023-11-16,16,その他,駐車（輪）場,10歳代,中学生,施錠せず
窃盗,自転車盗,市原,五井駅前,122190,千葉県,市原市,更級４丁目,2023-12-03,17,その他,駐車（輪）場,10歳代,中学生,施錠した
窃盗,自転車盗,市原,五井駅前,122190,千葉県,市原市,五井中央南１丁目,2023-10-01,20,その他の住宅（３階建て以下共同住宅等）,駐車（輪）場,10歳代,中学生,施錠せず
窃盗,自転車盗,市原,光風台,122190,千葉県,市原市,中高根,2022-12-10,不明,その他,駐車（輪）場,10歳代,高校生,施錠せず
窃盗,自転車盗,市原,八幡宿駅前,122190,千葉県,市原市,五所,2023-02-01,10,その他,駐車（輪）場,70歳以上,その他,施錠せず
窃盗,自転車盗,市原,八幡宿駅前,122190,千葉県,市原市,五所,2023-03-11,21,４階建て以上共同住宅,駐車（輪）場,10歳代,高校生,施錠した
窃盗,自転車盗,市原,八幡宿駅前,122190,千葉県,市原市,五所,2023-06-28,20,４階建て以上共同住宅,駐車（輪）場,10歳代,中学生,施錠せず
窃盗,自転車盗,市原,八幡宿駅前,122190,千葉県,市原市,五所,2023-08-17,07,４階建て以上共同住宅,駐車（輪）場,30歳代,その他,施錠した
窃盗,自転車盗,市原,八幡宿駅前,122190,千葉県,市原市,五所,2023-09-01,21,４階建て以上共同住宅,駐車（輪）場,10歳代,高校生,施錠せず
窃盗,自転車盗,市原,八幡宿駅前,122190,千葉県,市原市,五所,2023-11-24,15,４階建て以上共同住宅,駐車（輪）場,10歳代,高校生,施錠した
窃盗,自転車盗,市原,八幡宿駅前,122190,千葉県,市原市,東五所,2023-01-20,13,その他の住宅（３階建て以下共同住宅等）,駐車（輪）場,10歳代,大学生,施錠せず
窃盗,自転車盗,市原,八幡宿駅前,122190,千葉県,市原市,東五所,2023-09-03,22,その他の住宅（３階建て以下共同住宅等）,その他,10歳代,大学生,施錠した
窃盗,自転車盗,市原,八幡宿駅前,122190,千葉県,市原市,東五所,2023-11-11,19,道路上,その他,10歳代,高校生,施錠せず
窃盗,自転車盗,市原,八幡宿駅前,122190,千葉県,市原市,八幡,2022-11-07,08,その他の住宅（３階建て以下共同住宅等）,駐車（輪）場,20歳代,大学生,施錠せず
窃盗,自転車盗,市原,八幡宿駅前,122190,千葉県,市原市,八幡,2023-01-06,20,その他の住宅（３階建て以下共同住宅等）,駐車（輪）場,20歳代,その他,施錠せず
窃盗,自転車盗,市原,八幡宿駅前,122190,千葉県,市原市,八幡,2023-01-11,22,その他の住宅（３階建て以下共同住宅等）,駐車（輪）場,50歳代,その他,施錠した
窃盗,自転車盗,市原,八幡宿駅前,122190,千葉県,市原市,八幡,2023-01-24,18,その他の住宅（３階建て以下共同住宅等）,駐車（輪）場,50歳代,その他,施錠せず
窃盗,自転車盗,市原,八幡宿駅前,122190,千葉県,市原市,八幡,2023-03-10,09,その他,その他,20歳代,大学生,施錠した
窃盗,自転車盗,市原,八幡宿駅前,122190,千葉県,市原市,八幡,2023-03-10,15,駐車（輪）場,駐車（輪）場,20歳代,その他,施錠せず
窃盗,自転車盗,市原,八幡宿駅前,122190,千葉県,市原市,八幡,2023-03-11,12,一戸建住宅,駐車（輪）場,10歳代,その他,施錠せず
窃盗,自転車盗,市原,八幡宿駅前,122190,千葉県,市原市,八幡,2023-04-17,16,その他,駐車（輪）場,10歳代,高校生,施錠した
窃盗,自転車盗,市原,八幡宿駅前,122190,千葉県,市原市,八幡,2023-05-02,16,４階建て以上共同住宅,駐車（輪）場,10歳代,中学生,施錠せず
窃盗,自転車盗,市原,八幡宿駅前,122190,千葉県,市原市,八幡,2023-05-25,06,駐車（輪）場,駐車（輪）場,20歳代,その他,施錠せず
窃盗,自転車盗,市原,八幡宿駅前,122190,千葉県,市原市,八幡,2023-05-27,17,その他の住宅（３階建て以下共同住宅等）,駐車（輪）場,20歳代,その他,施錠せず
窃盗,自転車盗,市原,八幡宿駅前,122190,千葉県,市原市,八幡,2023-06-04,18,その他の住宅（３階建て以下共同住宅等）,その他,40歳代,その他,施錠せず
窃盗,自転車盗,市原,八幡宿駅前,122190,千葉県,市原市,八幡,2023-07-06,21,駐車（輪）場,駐車（輪）場,10歳代,高校生,施錠せず
窃盗,自転車盗,市原,八幡宿駅前,122190,千葉県,市原市,八幡,2023-07-29,01,その他の住宅（３階建て以下共同住宅等）,駐車（輪）場,20歳代,その他,施錠せず
窃盗,自転車盗,市原,八幡宿駅前,122190,千葉県,市原市,八幡,2023-09-01,10,その他の住宅（３階建て以下共同住宅等）,駐車（輪）場,20歳代,その他,施錠せず
窃盗,自転車盗,市原,八幡宿駅前,122190,千葉県,市原市,八幡,2023-10-07,20,道路上,その他,20歳代,大学生,施錠した
窃盗,自転車盗,市原,八幡宿駅前,122190,千葉県,市原市,八幡,2023-10-11,00,その他の住宅（３階建て以下共同住宅等）,駐車（輪）場,20歳代,その他,施錠した
窃盗,自転車盗,市原,八幡宿駅前,122190,千葉県,市原市,八幡,2023-10-14,17,その他,駐車（輪）場,40歳代,その他,施錠した
窃盗,自転車盗,市原,八幡宿駅前,122190,千葉県,市原市,八幡,2023-11-05,20,駐車（輪）場,駐車（輪）場,10歳代,高校生,施錠せず
窃盗,自転車盗,市原,八幡宿駅前,122190,千葉県,市原市,八幡,2023-11-17,07,駐車（輪）場,駐車（輪）場,50歳代,その他,施錠した
窃盗,自転車盗,市原,八幡宿駅前,122190,千葉県,市原市,八幡,2023-11-20,20,その他の住宅（３階建て以下共同住宅等）,その他,20歳代,その他,施錠せず
窃盗,自転車盗,市原,八幡宿駅前,122190,千葉県,市原市,八幡,2023-11-30,18,４階建て以上共同住宅,駐車（輪）場,20歳代,その他,施錠せず
窃盗,自転車盗,市原,八幡宿駅前,122190,千葉県,市原市,八幡,2023-12-03,16,その他,駐車（輪）場,10歳代,高校生,施錠せず
窃盗,自転車盗,市原,八幡宿駅前,122190,千葉県,市原市,八幡,2023-12-09,18,駐車（輪）場,駐車（輪）場,10歳代,その他,施錠せず
窃盗,自転車盗,市原,八幡宿駅前,122190,千葉県,市原市,八幡,不明,不明,その他の住宅（３階建て以下共同住宅等）,駐車（輪）場,20歳代,その他,施錠した
窃盗,自転車盗,市原,八幡宿駅前,122190,千葉県,市原市,八幡石塚１丁目,2023-01-13,20,その他の住宅（３階建て以下共同住宅等）,駐車（輪）場,10歳代,中学生,施錠せず
窃盗,自転車盗,市原,八幡宿駅前,122190,千葉県,市原市,八幡石塚１丁目,2023-12-15,21,その他の住宅（３階建て以下共同住宅等）,駐車（輪）場,20歳代,その他,施錠した
窃盗,自転車盗,市原,八幡宿駅前,122190,千葉県,市原市,八幡石塚２丁目,2023-03-22,20,道路上,その他,50歳代,その他,施錠した
窃盗,自転車盗,市原,八幡宿駅前,122190,千葉県,市原市,八幡石塚２丁目,2023-06-18,13,その他の住宅（３階建て以下共同住宅等）,駐車（輪）場,50歳代,その他,施錠した
窃盗,自転車盗,市原,八幡宿駅前,122190,千葉県,市原市,八幡海岸通,2023-05-16,20,４階建て以上共同住宅,駐車（輪）場,20歳代,その他,施錠せず
窃盗,自転車盗,市原,八幡宿駅前,122190,千葉県,市原市,八幡海岸通,2023-09-24,22,４階建て以上共同住宅,駐車（輪）場,20歳代,その他,施錠せず
窃盗,自転車盗,市原,八幡宿駅前,122190,千葉県,市原市,八幡北町３丁目,2023-03-02,10,その他,駐車（輪）場,10歳代,高校生,施錠せず
窃盗,自転車盗,市原,八幡宿駅前,122190,千葉県,市原市,八幡北町３丁目,2023-07-02,10,その他,その他,50歳代,その他,施錠せず
窃盗,自転車盗,市原,八幡宿駅前,122190,千葉県,市原市,八幡北町３丁目,2023-07-24,17,その他,駐車（輪）場,10歳代,中学生,施錠せず
窃盗,自転車盗,市原,八幡宿駅前,122190,千葉県,市原市,ちはら台西３丁目,2023-07-02,18,その他,駐車（輪）場,10歳代,高校生,施錠せず
窃盗,自転車盗,市原,南総幹部,122190,千葉県,市原市,牛久,2023-02-11,20,その他,駐車（輪）場,10歳代,その他,施錠せず
窃盗,自転車盗,市原,南総幹部,122190,千葉県,市原市,佐是,2023-10-01,07,一戸建住宅,その他,10歳代,中学生,施錠せず
窃盗,自転車盗,市原,国分寺台,122190,千葉県,市原市,惣社２丁目,2023-02-22,06,その他の住宅（３階建て以下共同住宅等）,駐車（輪）場,10歳代,その他,施錠した
窃盗,自転車盗,市原,国分寺台,122190,千葉県,市原市,根田３丁目,2023-10-25,04,その他の住宅（３階建て以下共同住宅等）,その他,20歳代,その他,施錠せず
窃盗,自転車盗,市原,国分寺台,122190,千葉県,市原市,平田,2023-01-07,17,その他の住宅（３階建て以下共同住宅等）,駐車（輪）場,10歳代,高校生,施錠せず
窃盗,自転車盗,市原,国分寺台,122190,千葉県,市原市,平田,2023-06-21,21,一戸建住宅,その他,40歳代,その他,施錠せず
窃盗,自転車盗,市原,国分寺台,122190,千葉県,市原市,村上,2023-10-19,18,一戸建住宅,その他,10歳代,中学生,施錠せず
窃盗,自転車盗,市原,国分寺台,122190,千葉県,市原市,村上,2023-11-09,08,その他,駐車（輪）場,10歳代,高校生,施錠せず
窃盗,自転車盗,市原,国分寺台,122190,千葉県,市原市,北国分寺台１丁目,2023-04-05,17,一戸建住宅,駐車（輪）場,30歳代,その他,施錠した
窃盗,自転車盗,市原,国分寺台,122190,千葉県,市原市,国分寺台中央７丁目,2023-06-10,13,その他,駐車（輪）場,70歳以上,その他,施錠せず
窃盗,自転車盗,市原,国分寺台,122190,千葉県,市原市,東国分寺台４丁目,2023-10-10,12,一戸建住宅,その他,65-69歳,その他,施錠せず
窃盗,自転車盗,市原,国分寺台,122190,千葉県,市原市,東国分寺台５丁目,2023-07-13,22,その他の住宅（３階建て以下共同住宅等）,駐車（輪）場,30歳代,その他,施錠せず
窃盗,自転車盗,市原,姉崎,122190,千葉県,市原市,姉崎,2022-10-16,20,その他,駐車（輪）場,10歳代,その他,施錠せず
窃盗,自転車盗,市原,姉崎,122190,千葉県,市原市,姉崎,2022-12-27,17,一戸建住宅,その他,20歳代,その他,施錠せず
窃盗,自転車盗,市原,姉崎,122190,千葉県,市原市,姉崎,2023-01-28,20,その他,駐車（輪）場,10歳代,中学生,施錠せず
窃盗,自転車盗,市原,姉崎,122190,千葉県,市原市,姉崎,2023-04-12,16,駐車（輪）場,駐車（輪）場,10歳代,高校生,施錠せず
窃盗,自転車盗,市原,姉崎,122190,千葉県,市原市,姉崎,2023-04-13,21,その他,その他,60-64歳,その他,施錠せず
窃盗,自転車盗,市原,姉崎,122190,千葉県,市原市,姉崎,2023-04-17,07,駐車（輪）場,駐車（輪）場,10歳代,高校生,施錠せず
窃盗,自転車盗,市原,姉崎,122190,千葉県,市原市,姉崎,2023-04-18,07,その他,駐車（輪）場,30歳代,その他,施錠した
窃盗,自転車盗,市原,姉崎,122190,千葉県,市原市,姉崎,2023-04-20,20,その他の住宅（３階建て以下共同住宅等）,駐車（輪）場,20歳代,その他,施錠した
窃盗,自転車盗,市原,姉崎,122190,千葉県,市原市,姉崎,2023-05-27,12,その他,駐車（輪）場,10歳代,その他,施錠せず
窃盗,自転車盗,市原,姉崎,122190,千葉県,市原市,姉崎,2023-06-09,20,その他,駐車（輪）場,20歳代,その他,施錠せず
窃盗,自転車盗,市原,姉崎,122190,千葉県,市原市,姉崎,2023-06-17,11,その他,駐車（輪）場,70歳以上,その他,施錠せず
窃盗,自転車盗,市原,姉崎,122190,千葉県,市原市,姉崎,2023-06-19,09,その他,その他,40歳代,その他,施錠した
窃盗,自転車盗,市原,姉崎,122190,千葉県,市原市,姉崎,2023-06-20,17,４階建て以上共同住宅,駐車（輪）場,20歳代,その他,施錠せず
窃盗,自転車盗,市原,姉崎,122190,千葉県,市原市,姉崎,2023-07-10,18,その他,駐車（輪）場,10歳代,高校生,施錠せず
窃盗,自転車盗,市原,姉崎,122190,千葉県,市原市,姉崎,2023-07-14,16,その他の住宅（３階建て以下共同住宅等）,駐車（輪）場,20歳代,その他,施錠した
窃盗,自転車盗,市原,姉崎,122190,千葉県,市原市,姉崎,2023-09-21,11,駐車（輪）場,駐車（輪）場,20歳代,その他,施錠した
窃盗,自転車盗,市原,姉崎,122190,千葉県,市原市,姉崎,2023-10-13,17,その他の住宅（３階建て以下共同住宅等）,駐車（輪）場,20歳代,その他,施錠せず
窃盗,自転車盗,市原,姉崎,122190,千葉県,市原市,姉崎,2023-12-02,16,一戸建住宅,その他,30歳代,その他,施錠せず
窃盗,自転車盗,市原,姉崎,122190,千葉県,市原市,姉崎,2023-12-11,13,その他の住宅（３階建て以下共同住宅等）,駐車（輪）場,10歳代,高校生,施錠せず
窃盗,自転車盗,市原,姉崎,122190,千葉県,市原市,今津朝山,2023-08-18,09,一戸建住宅,駐車（輪）場,30歳代,その他,施錠せず
窃盗,自転車盗,市原,姉崎,122190,千葉県,市原市,椎津,2023-05-22,14,道路上,その他,70歳以上,その他,施錠せず
窃盗,自転車盗,市原,姉崎,122190,千葉県,市原市,姉崎西１丁目,2023-02-26,11,駐車（輪）場,駐車（輪）場,20歳代,その他,施錠せず
窃盗,自転車盗,市原,姉崎,122190,千葉県,市原市,姉崎西１丁目,2023-07-22,09,駐車（輪）場,駐車（輪）場,10歳代,その他,施錠した
窃盗,自転車盗,市原,姉崎,122190,千葉県,市原市,姉崎西１丁目,2023-10-21,18,４階建て以上共同住宅,駐車（輪）場,30歳代,その他,施錠した
窃盗,自転車盗,市原,姉崎,122190,千葉県,市原市,姉崎西２丁目,2023-02-16,17,その他の住宅（３階建て以下共同住宅等）,駐車（輪）場,20歳代,その他,施錠せず
窃盗,自転車盗,市原,姉崎,122190,千葉県,市原市,,2023-05-14,18,駐車（輪）場,駐車（輪）場,20歳代,その他,施錠せず
窃盗,自転車盗,市原,姉崎,122190,千葉県,市原市,姉崎東１丁目,2022-12-19,07,駐車（輪）場,駐車（輪）場,10歳代,高校生,施錠せず
窃盗,自転車盗,市原,姉崎,122190,千葉県,市原市,姉崎東１丁目,2023-01-13,07,駐車（輪）場,駐車（輪）場,10歳代,高校生,施錠せず
窃盗,自転車盗,市原,姉崎,122190,千葉県,市原市,姉崎東１丁目,2023-02-01,06,駐車（輪）場,駐車（輪）場,10歳代,大学生,施錠した
窃盗,自転車盗,市原,姉崎,122190,千葉県,市原市,姉崎東１丁目,2023-04-01,12,駐車（輪）場,駐車（輪）場,10歳代,高校生,施錠せず
窃盗,自転車盗,市原,姉崎,122190,千葉県,市原市,姉崎東１丁目,2023-04-26,07,その他,駐車（輪）場,50歳代,その他,施錠せず
窃盗,自転車盗,市原,姉崎,122190,千葉県,市原市,姉崎東１丁目,2023-04-28,11,駐車（輪）場,駐車（輪）場,20歳代,その他,施錠せず
窃盗,自転車盗,市原,姉崎,122190,千葉県,市原市,姉崎東１丁目,2023-07-13,20,駐車（輪）場,駐車（輪）場,10歳代,高校生,施錠せず
窃盗,自転車盗,市原,姉崎,122190,千葉県,市原市,姉崎東２丁目,2023-08-01,18,その他の住宅（３階建て以下共同住宅等）,駐車（輪）場,50歳代,その他,施錠せず
窃盗,自転車盗,市原,姉崎,122190,千葉県,市原市,姉崎東２丁目,2023-09-25,17,４階建て以上共同住宅,駐車（輪）場,40歳代,その他,施錠した
窃盗,自転車盗,市原,姉崎,122190,千葉県,市原市,姉崎東２丁目,2023-12-20,15,その他,その他,65-69歳,その他,施錠せず
窃盗,自転車盗,市原,姉崎,122190,千葉県,市原市,姉崎東３丁目,2023-02-14,14,一戸建住宅,その他,10歳代,その他,施錠せず
窃盗,自転車盗,市原,姉崎,122190,千葉県,市原市,姉崎東３丁目,2023-03-24,13,その他,その他,10歳代,高校生,施錠せず
窃盗,自転車盗,市原,姉崎,122190,千葉県,市原市,姉崎東３丁目,2023-09-09,18,その他,駐車（輪）場,10歳代,中学生,施錠せず
窃盗,自転車盗,市原,姉崎,122190,千葉県,市原市,姉崎東３丁目,2023-09-25,08,その他の住宅（３階建て以下共同住宅等）,その他,10歳代,中学生,施錠した
窃盗,自転車盗,市原,姉崎,122190,千葉県,市原市,姉崎東３丁目,2023-10-07,17,その他,駐車（輪）場,10歳代,高校生,施錠せず
窃盗,自転車盗,市原,姉崎,122190,千葉県,市原市,姉崎東３丁目,2023-11-30,07,その他,その他,10歳代,高校生,施錠せず
窃盗,自転車盗,市原,姉崎,122190,千葉県,市原市,姉崎東３丁目,2023-12-03,09,その他,その他,10歳代,大学生,施錠せず
窃盗,自転車盗,市原,姉崎,122190,千葉県,市原市,姉崎東３丁目,2023-12-15,08,その他,その他,10歳代,高校生,施錠せず
窃盗,自転車盗,市原,姉崎,122190,千葉県,市原市,姉崎東３丁目,2023-12-17,10,その他,駐車（輪）場,10歳代,中学生,施錠した
窃盗,自転車盗,市原,市西,122190,千葉県,市原市,海士有木,2023-02-02,06,駐車（輪）場,駐車（輪）場,10歳代,高校生,施錠せず
窃盗,自転車盗,市原,市西,122190,千葉県,市原市,海士有木,2023-11-16,08,その他,駐車（輪）場,10歳代,中学生,施錠せず
窃盗,自転車盗,市原,廿五里,122190,千葉県,市原市,島野,2023-08-12,17,その他,その他,40歳代,その他,施錠した
窃盗,自転車盗,市原,有秋,122190,千葉県,市原市,千種３丁目,2023-08-29,19,その他の住宅（３階建て以下共同住宅等）,駐車（輪）場,20歳代,その他,施錠した
窃盗,自転車盗,市原,東国吉,122190,千葉県,市原市,金剛地,不明,不明,一戸建住宅,駐車（輪）場,65-69歳,その他,施錠せず
窃盗,自転車盗,市原,潤井戸,122190,千葉県,市原市,喜多,2023-08-22,21,一戸建住宅,その他,70歳以上,その他,施錠した
窃盗,自転車盗,市原,白金,122190,千葉県,市原市,君塚１丁目,2023-10-10,16,その他の住宅（３階建て以下共同住宅等）,駐車（輪）場,50歳代,その他,施錠せず
窃盗,自転車盗,市原,白金,122190,千葉県,市原市,君塚２丁目,2023-08-20,20,その他の住宅（３階建て以下共同住宅等）,駐車（輪）場,50歳代,その他,施錠せず
窃盗,自転車盗,市原,白金,122190,千葉県,市原市,君塚３丁目,2023-04-25,18,その他の住宅（３階建て以下共同住宅等）,駐車（輪）場,10歳代,高校生,施錠せず
窃盗,自転車盗,市原,白金,122190,千葉県,市原市,君塚３丁目,2023-05-22,17,その他の住宅（３階建て以下共同住宅等）,駐車（輪）場,20歳代,その他,施錠せず
窃盗,自転車盗,市原,白金,122190,千葉県,市原市,君塚５丁目,2023-06-17,07,その他の住宅（３階建て以下共同住宅等）,駐車（輪）場,20歳代,その他,施錠せず
窃盗,自転車盗,市原,白金,122190,千葉県,市原市,君塚５丁目,2023-12-24,22,その他の住宅（３階建て以下共同住宅等）,その他,50歳代,その他,施錠せず
窃盗,自転車盗,市原,白金,122190,千葉県,市原市,五井,2023-02-19,05,その他,駐車（輪）場,20歳代,その他,施錠せず
窃盗,自転車盗,市原,白金,122190,千葉県,市原市,白金町４丁目,2023-06-23,13,４階建て以上共同住宅,駐車（輪）場,20歳代,その他,施錠した
窃盗,自転車盗,市原,白金,122190,千葉県,市原市,白金町４丁目,2023-08-04,21,その他の住宅（３階建て以下共同住宅等）,その他,40歳代,その他,施錠せず
窃盗,自転車盗,市原,白金,122190,千葉県,市原市,西五所,2023-02-12,16,その他の住宅（３階建て以下共同住宅等）,駐車（輪）場,20歳代,その他,施錠せず
窃盗,自転車盗,市原,白金,122190,千葉県,市原市,西五所,2023-02-25,08,一戸建住宅,駐車（輪）場,10歳代,高校生,施錠せず
窃盗,自転車盗,市原,白金,122190,千葉県,市原市,西五所,2023-09-13,18,一戸建住宅,その他,50歳代,その他,施錠せず
窃盗,自転車盗,市原,白金,122190,千葉県,市原市,西五所,不明,不明,その他の住宅（３階建て以下共同住宅等）,その他,70歳以上,その他,施錠せず
窃盗,自転車盗,市原,白金,122190,千葉県,市原市,八幡,2023-11-26,17,その他,駐車（輪）場,20歳代,その他,施錠せず
窃盗,自転車盗,市原,菊間,122190,千葉県,市原市,菊間,2022-12-30,17,４階建て以上共同住宅,駐車（輪）場,10歳代,中学生,施錠した
窃盗,自転車盗,市原,菊間,122190,千葉県,市原市,菊間,2023-02-13,20,その他の住宅（３階建て以下共同住宅等）,駐車（輪）場,30歳代,その他,施錠せず
窃盗,自転車盗,市原,菊間,122190,千葉県,市原市,菊間,2023-05-31,18,その他の住宅（３階建て以下共同住宅等）,駐車（輪）場,10歳代,高校生,施錠せず
窃盗,自転車盗,市原,菊間,122190,千葉県,市原市,菊間,2023-07-08,11,その他,駐車（輪）場,10歳代,中学生,施錠せず
窃盗,自転車盗,市原,菊間,122190,千葉県,市原市,菊間,2023-07-08,11,その他,駐車（輪）場,10歳代,中学生,施錠せず
窃盗,自転車盗,市原,菊間,122190,千葉県,市原市,菊間,2023-12-19,16,４階建て以上共同住宅,駐車（輪）場,10歳代,小学生,施錠せず
窃盗,自転車盗,市原,菊間,122190,千葉県,市原市,古市場,2023-01-03,17,その他,駐車（輪）場,10歳代,高校生,施錠した
窃盗,自転車盗,市原,菊間,122190,千葉県,市原市,古市場,2023-03-22,12,その他,駐車（輪）場,40歳代,その他,施錠した
窃盗,自転車盗,市原,菊間,122190,千葉県,市原市,古市場,2023-11-21,21,その他,駐車（輪）場,20歳代,大学生,施錠せず
窃盗,自転車盗,市原,菊間,122190,千葉県,市原市,若宮２丁目,2023-05-09,21,一戸建住宅,その他,50歳代,その他,施錠せず
窃盗,自転車盗,市原,藤井,122190,千葉県,市原市,市原,2023-11-25,14,一戸建住宅,その他,10歳代,大学生,施錠せず
窃盗,自転車盗,市原,藤井,122190,千葉県,市原市,根田２丁目,2023-03-19,17,その他の住宅（３階建て以下共同住宅等）,その他,10歳代,その他,施錠した
窃盗,自転車盗,市原,藤井,122190,千葉県,市原市,能満,2023-06-07,17,一戸建住宅,駐車（輪）場,10歳代,中学生,施錠せず
窃盗,自転車盗,市原,藤井,122190,千葉県,市原市,能満,2023-12-09,11,一戸建住宅,駐車（輪）場,20歳代,その他,施錠せず
窃盗,自転車盗,市原,藤井,122190,千葉県,市原市,山木,2023-06-03,22,その他,駐車（輪）場,10歳代,高校生,施錠せず
窃盗,自転車盗,市原,藤井,122190,千葉県,市原市,山木,2023-07-29,07,４階建て以上共同住宅,駐車（輪）場,10歳代,高校生,施錠せず
窃盗,自転車盗,市原,藤井,122190,千葉県,市原市,山田橋１丁目,2023-05-06,17,その他の住宅（３階建て以下共同住宅等）,駐車（輪）場,20歳代,その他,施錠せず
窃盗,自転車盗,市原,藤井,122190,千葉県,市原市,山田橋２丁目,2023-05-30,15,一戸建住宅,その他,20歳代,大学生,施錠せず
窃盗,自転車盗,市原,藤井,122190,千葉県,市原市,北国分寺台２丁目,2023-04-26,11,道路上,その他,30歳代,その他,施錠せず
窃盗,自転車盗,市原,藤井,122190,千葉県,市原市,国分寺台中央３丁目,2023-10-27,11,その他の住宅（３階建て以下共同住宅等）,駐車（輪）場,20歳代,大学生,施錠せず
窃盗,自転車盗,市原,辰巳台,122190,千葉県,市原市,辰巳台西１丁目,2023-01-03,16,その他,駐車（輪）場,10歳代,高校生,施錠せず
窃盗,自転車盗,市原,辰巳台,122190,千葉県,市原市,辰巳台西１丁目,2023-05-04,17,その他,その他,10歳代,高校生,施錠せず
窃盗,自転車盗,市原,辰巳台,122190,千葉県,市原市,辰巳台西１丁目,2023-08-22,11,４階建て以上共同住宅,その他,70歳以上,その他,施錠せず
窃盗,自転車盗,市原,辰巳台,122190,千葉県,市原市,辰巳台西２丁目,2023-06-04,08,一戸建住宅,駐車（輪）場,50歳代,その他,施錠せず
窃盗,自転車盗,市原,辰巳台,122190,千葉県,市原市,辰巳台西２丁目,2023-06-05,20,その他,駐車（輪）場,20歳代,その他,施錠せず
窃盗,自転車盗,市原,辰巳台,122190,千葉県,市原市,辰巳台東２丁目,2023-08-25,20,４階建て以上共同住宅,駐車（輪）場,10歳代,中学生,施錠した
窃盗,自転車盗,市原,辰巳台,122190,千葉県,市原市,辰巳台東２丁目,2023-10-28,12,４階建て以上共同住宅,駐車（輪）場,70歳以上,その他,施錠せず
窃盗,自転車盗,市原,辰巳台,122190,千葉県,市原市,辰巳台東３丁目,2023-07-16,22,一戸建住宅,その他,10歳代,高校生,施錠せず
窃盗,自転車盗,市原,辰巳台,122190,千葉県,市原市,辰巳台東４丁目,2023-09-16,21,その他,その他,20歳代,その他,施錠せず
窃盗,自転車盗,市原,辰巳台,122190,千葉県,市原市,辰巳台東５丁目,2023-05-13,19,一戸建住宅,その他,40歳代,その他,施錠せず
窃盗,自転車盗,市原,辰巳台,122190,千葉県,市原市,ちはら台西１丁目,2023-12-09,07,駐車（輪）場,駐車（輪）場,10歳代,大学生,施錠せず
窃盗,自転車盗,市原,青柳,122190,千葉県,市原市,千種４丁目,2023-12-01,17,駐車（輪）場,駐車（輪）場,10歳代,その他,施錠せず
窃盗,自転車盗,市原,青柳,122190,千葉県,市原市,千種７丁目,2023-03-08,07,一戸建住宅,その他,10歳代,中学生,施錠せず
窃盗,自転車盗,市原,養老,122190,千葉県,市原市,磯ケ谷,2023-11-04,20,その他,その他,20歳代,その他,施錠した
窃盗,自転車盗,木更津,中郷,122068,千葉県,木更津市,上望陀,2023-05-12,07,一戸建住宅,その他,70歳以上,その他,施錠せず
窃盗,自転車盗,木更津,小浜,122068,千葉県,木更津市,築地,2023-10-08,13,その他,駐車（輪）場,10歳代,中学生,施錠せず
窃盗,自転車盗,木更津,小浜,122068,千葉県,木更津市,築地,2023-10-21,13,その他,駐車（輪）場,10歳代,中学生,施錠せず
窃盗,自転車盗,木更津,小浜,122068,千葉県,木更津市,築地,2023-11-23,13,その他,駐車（輪）場,10歳代,中学生,施錠せず
窃盗,自転車盗,木更津,小浜,122068,千葉県,木更津市,築地,2023-11-26,14,その他,駐車（輪）場,10歳代,中学生,施錠せず
窃盗,自転車盗,木更津,小浜,122068,千葉県,木更津市,真舟３丁目,2023-06-30,08,その他,駐車（輪）場,10歳代,高校生,施錠せず
窃盗,自転車盗,木更津,小浜,122068,千葉県,木更津市,真舟５丁目,2023-10-12,12,その他の住宅（３階建て以下共同住宅等）,その他,10歳代,高校生,施錠した
窃盗,自転車盗,木更津,小浜,122068,千葉県,木更津市,請西南２丁目,2023-05-02,19,その他,駐車（輪）場,10歳代,中学生,施錠せず
窃盗,自転車盗,木更津,小浜,122068,千葉県,木更津市,請西南２丁目,2023-06-26,09,その他,駐車（輪）場,20歳代,その他,施錠せず
窃盗,自転車盗,木更津,小浜,122068,千葉県,木更津市,請西南２丁目,2023-10-19,18,その他,駐車（輪）場,10歳代,中学生,施錠せず
窃盗,自転車盗,木更津,岩根駅前,122068,千葉県,木更津市,岩根３丁目,2023-07-27,20,その他,駐車（輪）場,20歳代,その他,施錠せず
窃盗,自転車盗,木更津,岩根駅前,122068,千葉県,木更津市,岩根３丁目,2023-08-05,12,その他の住宅（３階建て以下共同住宅等）,その他,20歳代,その他,施錠した
窃盗,自転車盗,木更津,岩根駅前,122068,千葉県,木更津市,高砂２丁目,2023-10-16,19,その他,駐車（輪）場,20歳代,大学生,施錠せず
窃盗,自転車盗,木更津,岩根駅前,122068,千葉県,木更津市,高砂３丁目,2023-11-23,08,駐車（輪）場,駐車（輪）場,20歳代,その他,施錠した
窃盗,自転車盗,木更津,岩根駅前,122068,千葉県,木更津市,高柳,2023-04-13,06,道路上,その他,20歳代,その他,施錠せず
窃盗,自転車盗,木更津,岩根駅前,122068,千葉県,木更津市,高柳,2023-05-11,17,その他の住宅（３階建て以下共同住宅等）,駐車（輪）場,20歳代,その他,施錠せず
窃盗,自転車盗,木更津,岩根駅前,122068,千葉県,木更津市,高柳,2023-08-20,12,その他の住宅（３階建て以下共同住宅等）,その他,50歳代,その他,施錠した
窃盗,自転車盗,木更津,岩根駅前,122068,千葉県,木更津市,高柳３丁目,2023-10-30,13,その他の住宅（３階建て以下共同住宅等）,その他,65-69歳,その他,施錠せず
窃盗,自転車盗,木更津,岩根駅前,122068,千葉県,木更津市,富士見１丁目,2023-10-20,18,その他の住宅（３階建て以下共同住宅等）,駐車（輪）場,20歳代,その他,施錠した
窃盗,自転車盗,木更津,岩根駅前,122068,千葉県,木更津市,富士見２丁目,2023-09-22,10,その他,駐車（輪）場,10歳代,高校生,施錠せず
窃盗,自転車盗,木更津,木更津駅前,122068,千葉県,木更津市,貝渕２丁目,2023-07-10,19,一戸建住宅,その他,10歳代,大学生,施錠せず
窃盗,自転車盗,木更津,木更津駅前,122068,千葉県,木更津市,貝渕２丁目,2023-09-15,07,一戸建住宅,駐車（輪）場,30歳代,その他,施錠せず
窃盗,自転車盗,木更津,木更津駅前,122068,千葉県,木更津市,貝渕４丁目,2023-09-14,22,その他の住宅（３階建て以下共同住宅等）,駐車（輪）場,20歳代,その他,施錠した
窃盗,自転車盗,木更津,木更津駅前,122068,千葉県,木更津市,木更津１丁目,2023-03-17,09,その他,駐車（輪）場,10歳代,高校生,施錠せず
窃盗,自転車盗,木更津,木更津駅前,122068,千葉県,木更津市,木更津１丁目,2023-07-14,15,その他,駐車（輪）場,10歳代,高校生,施錠せず
窃盗,自転車盗,木更津,木更津駅前,122068,千葉県,木更津市,木更津１丁目,2023-07-28,19,その他,駐車（輪）場,40歳代,その他,施錠した
窃盗,自転車盗,木更津,木更津駅前,122068,千葉県,木更津市,木更津１丁目,2023-10-20,10,駐車（輪）場,駐車（輪）場,10歳代,高校生,施錠せず
窃盗,自転車盗,木更津,木更津駅前,122068,千葉県,木更津市,木更津１丁目,2023-12-11,19,その他,駐車（輪）場,10歳代,その他,施錠した
窃盗,自転車盗,木更津,木更津駅前,122068,千葉県,木更津市,木更津３丁目,2023-04-12,18,その他の住宅（３階建て以下共同住宅等）,駐車（輪）場,20歳代,その他,施錠せず
窃盗,自転車盗,木更津,木更津駅前,122068,千葉県,木更津市,幸町１丁目,2023-02-13,08,一戸建住宅,その他,65-69歳,その他,施錠せず
窃盗,自転車盗,木更津,木更津駅前,122068,千葉県,木更津市,幸町３丁目,2023-10-27,17,一戸建住宅,その他,40歳代,その他,施錠せず
窃盗,自転車盗,木更津,木更津駅前,122068,千葉県,木更津市,新田２丁目,2023-03-01,00,その他の住宅（３階建て以下共同住宅等）,駐車（輪）場,20歳代,その他,施錠せず
窃盗,自転車盗,木更津,木更津駅前,122068,千葉県,木更津市,新田２丁目,2023-09-05,15,一戸建住宅,駐車（輪）場,20歳代,その他,施錠せず
窃盗,自転車盗,木更津,木更津駅前,122068,千葉県,木更津市,中央１丁目,2023-09-03,08,４階建て以上共同住宅,駐車（輪）場,10歳代,小学生,施錠した
窃盗,自転車盗,木更津,木更津駅前,122068,千葉県,木更津市,中央１丁目,2023-10-09,18,その他の住宅（３階建て以下共同住宅等）,駐車（輪）場,10歳代,中学生,施錠せず
窃盗,自転車盗,木更津,木更津駅前,122068,千葉県,木更津市,中央２丁目,2023-09-01,07,４階建て以上共同住宅,駐車（輪）場,10歳代,高校生,施錠せず
窃盗,自転車盗,木更津,木更津駅前,122068,千葉県,木更津市,中央３丁目,2023-11-22,16,４階建て以上共同住宅,駐車（輪）場,10歳代,その他,施錠せず
窃盗,自転車盗,木更津,木更津駅前,122068,千葉県,木更津市,東太田３丁目,2023-11-21,16,その他,駐車（輪）場,10歳代,高校生,施錠した
窃盗,自転車盗,木更津,木更津駅前,122068,千葉県,木更津市,東中央１丁目,2023-05-12,09,道路上,その他,10歳代,高校生,施錠した
窃盗,自転車盗,木更津,木更津駅前,122068,千葉県,木更津市,東中央１丁目,2023-05-17,08,道路上,その他,10歳代,大学生,施錠した
窃盗,自転車盗,木更津,木更津駅前,122068,千葉県,木更津市,東中央２丁目,2022-12-28,18,駐車（輪）場,駐車（輪）場,10歳代,大学生,施錠せず
窃盗,自転車盗,木更津,木更津駅前,122068,千葉県,木更津市,東中央３丁目,2023-03-25,09,４階建て以上共同住宅,駐車（輪）場,30歳代,その他,施錠した
窃盗,自転車盗,木更津,木更津駅前,122068,千葉県,木更津市,富士見１丁目,2022-08-12,16,その他,駐車（輪）場,10歳代,その他,施錠せず
窃盗,自転車盗,木更津,木更津駅前,122068,千葉県,木更津市,富士見１丁目,2022-09-26,08,その他,駐車（輪）場,40歳代,その他,施錠せず
窃盗,自転車盗,木更津,木更津駅前,122068,千葉県,木更津市,富士見１丁目,2023-02-04,07,駐車（輪）場,駐車（輪）場,10歳代,高校生,施錠せず
窃盗,自転車盗,木更津,木更津駅前,122068,千葉県,木更津市,富士見１丁目,2023-02-04,08,駐車（輪）場,駐車（輪）場,10歳代,高校生,施錠した
窃盗,自転車盗,木更津,木更津駅前,122068,千葉県,木更津市,富士見１丁目,2023-02-04,17,その他,駐車（輪）場,10歳代,中学生,施錠せず
窃盗,自転車盗,木更津,木更津駅前,122068,千葉県,木更津市,富士見１丁目,2023-02-15,16,駐車（輪）場,駐車（輪）場,10歳代,高校生,施錠せず
窃盗,自転車盗,木更津,木更津駅前,122068,千葉県,木更津市,富士見１丁目,2023-02-15,19,駐車（輪）場,駐車（輪）場,10歳代,高校生,施錠した
窃盗,自転車盗,木更津,木更津駅前,122068,千葉県,木更津市,富士見１丁目,2023-02-16,06,駐車（輪）場,駐車（輪）場,10歳代,高校生,施錠した
窃盗,自転車盗,木更津,木更津駅前,122068,千葉県,木更津市,富士見１丁目,2023-03-06,08,その他,駐車（輪）場,10歳代,その他,施錠した
窃盗,自転車盗,木更津,木更津駅前,122068,千葉県,木更津市,富士見１丁目,2023-03-10,19,その他,駐車（輪）場,50歳代,その他,施錠した
窃盗,自転車盗,木更津,木更津駅前,122068,千葉県,木更津市,富士見１丁目,2023-03-11,16,その他,駐車（輪）場,10歳代,高校生,施錠せず
窃盗,自転車盗,木更津,木更津駅前,122068,千葉県,木更津市,富士見１丁目,2023-03-22,06,その他,駐車（輪）場,10歳代,大学生,施錠せず
窃盗,自転車盗,木更津,木更津駅前,122068,千葉県,木更津市,富士見１丁目,2023-04-03,06,その他,駐車（輪）場,20歳代,大学生,施錠した
窃盗,自転車盗,木更津,木更津駅前,122068,千葉県,木更津市,富士見１丁目,2023-04-06,07,駐車（輪）場,駐車（輪）場,10歳代,中学生,施錠せず
窃盗,自転車盗,木更津,木更津駅前,122068,千葉県,木更津市,富士見１丁目,2023-04-10,07,その他,駐車（輪）場,10歳代,高校生,施錠せず
窃盗,自転車盗,木更津,木更津駅前,122068,千葉県,木更津市,富士見１丁目,2023-04-17,15,駐車（輪）場,駐車（輪）場,10歳代,高校生,施錠せず
窃盗,自転車盗,木更津,木更津駅前,122068,千葉県,木更津市,富士見１丁目,2023-04-26,07,その他,駐車（輪）場,10歳代,その他,施錠した
窃盗,自転車盗,木更津,木更津駅前,122068,千葉県,木更津市,富士見１丁目,2023-04-27,14,駐車（輪）場,駐車（輪）場,50歳代,その他,施錠した
窃盗,自転車盗,木更津,木更津駅前,122068,千葉県,木更津市,富士見１丁目,2023-05-21,10,その他,駐車（輪）場,10歳代,大学生,施錠せず
窃盗,自転車盗,木更津,木更津駅前,122068,千葉県,木更津市,富士見１丁目,2023-06-05,16,その他,駐車（輪）場,10歳代,高校生,施錠せず
窃盗,自転車盗,木更津,木更津駅前,122068,千葉県,木更津市,富士見１丁目,2023-06-13,13,その他,駐車（輪）場,10歳代,その他,施錠せず
窃盗,自転車盗,木更津,木更津駅前,122068,千葉県,木更津市,富士見１丁目,2023-06-20,17,その他,駐車（輪）場,10歳代,高校生,施錠せず
窃盗,自転車盗,木更津,木更津駅前,122068,千葉県,木更津市,富士見１丁目,2023-06-22,07,その他,駐車（輪）場,10歳代,高校生,施錠した
窃盗,自転車盗,木更津,木更津駅前,122068,千葉県,木更津市,富士見１丁目,2023-07-02,15,その他,駐車（輪）場,10歳代,高校生,施錠せず
窃盗,自転車盗,木更津,木更津駅前,122068,千葉県,木更津市,富士見１丁目,2023-07-19,16,その他,駐車（輪）場,10歳代,その他,施錠せず
窃盗,自転車盗,木更津,木更津駅前,122068,千葉県,木更津市,富士見１丁目,2023-07-25,13,その他,駐車（輪）場,20歳代,その他,施錠せず
窃盗,自転車盗,木更津,木更津駅前,122068,千葉県,木更津市,富士見１丁目,2023-07-26,08,その他,駐車（輪）場,10歳代,中学生,施錠せず
窃盗,自転車盗,木更津,木更津駅前,122068,千葉県,木更津市,富士見１丁目,2023-07-26,16,駐車（輪）場,駐車（輪）場,10歳代,その他,施錠せず
窃盗,自転車盗,木更津,木更津駅前,122068,千葉県,木更津市,富士見１丁目,2023-07-29,01,駐車（輪）場,駐車（輪）場,20歳代,その他,施錠した
窃盗,自転車盗,木更津,木更津駅前,122068,千葉県,木更津市,富士見１丁目,2023-07-31,18,その他,駐車（輪）場,10歳代,高校生,施錠せず
窃盗,自転車盗,木更津,木更津駅前,122068,千葉県,木更津市,富士見１丁目,2023-08-01,17,駐車（輪）場,駐車（輪）場,10歳代,その他,施錠せず
窃盗,自転車盗,木更津,木更津駅前,122068,千葉県,木更津市,富士見１丁目,2023-08-04,09,その他,駐車（輪）場,10歳代,高校生,施錠せず
窃盗,自転車盗,木更津,木更津駅前,122068,千葉県,木更津市,富士見１丁目,2023-08-04,19,その他,駐車（輪）場,10歳代,高校生,施錠せず
窃盗,自転車盗,木更津,木更津駅前,122068,千葉県,木更津市,富士見１丁目,2023-08-06,07,駐車（輪）場,駐車（輪）場,10歳代,大学生,施錠した
窃盗,自転車盗,木更津,木更津駅前,122068,千葉県,木更津市,富士見１丁目,2023-08-10,04,駐車（輪）場,駐車（輪）場,40歳代,その他,施錠せず
窃盗,自転車盗,木更津,木更津駅前,122068,千葉県,木更津市,富士見１丁目,2023-08-11,12,その他,駐車（輪）場,20歳代,その他,施錠した
窃盗,自転車盗,木更津,木更津駅前,122068,千葉県,木更津市,富士見１丁目,2023-08-15,14,その他,駐車（輪）場,10歳代,高校生,施錠せず
窃盗,自転車盗,木更津,木更津駅前,122068,千葉県,木更津市,富士見１丁目,2023-08-29,19,その他,駐車（輪）場,10歳代,高校生,施錠せず
窃盗,自転車盗,木更津,木更津駅前,122068,千葉県,木更津市,富士見１丁目,2023-09-03,10,駐車（輪）場,駐車（輪）場,10歳代,高校生,施錠した
窃盗,自転車盗,木更津,木更津駅前,122068,千葉県,木更津市,富士見１丁目,2023-09-06,05,その他,駐車（輪）場,65-69歳,その他,施錠した
窃盗,自転車盗,木更津,木更津駅前,122068,千葉県,木更津市,富士見１丁目,2023-09-09,11,駐車（輪）場,駐車（輪）場,10歳代,高校生,施錠した
窃盗,自転車盗,木更津,木更津駅前,122068,千葉県,木更津市,富士見１丁目,2023-09-17,16,その他,駐車（輪）場,10歳代,その他,施錠せず
窃盗,自転車盗,木更津,木更津駅前,122068,千葉県,木更津市,富士見１丁目,2023-09-19,08,その他,駐車（輪）場,10歳代,高校生,施錠せず
窃盗,自転車盗,木更津,木更津駅前,122068,千葉県,木更津市,富士見１丁目,2023-09-22,07,駐車（輪）場,駐車（輪）場,10歳代,高校生,施錠せず
窃盗,自転車盗,木更津,木更津駅前,122068,千葉県,木更津市,富士見１丁目,2023-11-15,18,駐車（輪）場,駐車（輪）場,10歳代,高校生,施錠せず
窃盗,自転車盗,木更津,木更津駅前,122068,千葉県,木更津市,富士見１丁目,2023-11-19,11,駐車（輪）場,駐車（輪）場,30歳代,その他,施錠せず
窃盗,自転車盗,木更津,木更津駅前,122068,千葉県,木更津市,富士見１丁目,2023-12-02,18,その他,駐車（輪）場,10歳代,その他,施錠せず
窃盗,自転車盗,木更津,木更津駅前,122068,千葉県,木更津市,富士見２丁目,2023-02-05,13,４階建て以上共同住宅,駐車（輪）場,30歳代,その他,施錠した
窃盗,自転車盗,木更津,木更津駅前,122068,千葉県,木更津市,富士見２丁目,2023-09-08,20,その他の住宅（３階建て以下共同住宅等）,駐車（輪）場,20歳代,その他,施錠せず
窃盗,自転車盗,木更津,木更津駅前,122068,千葉県,木更津市,文京５丁目,2023-03-27,20,駐車（輪）場,駐車（輪）場,30歳代,その他,施錠せず
窃盗,自転車盗,木更津,木更津駅前,122068,千葉県,木更津市,文京５丁目,2023-10-06,19,その他の住宅（３階建て以下共同住宅等）,駐車（輪）場,40歳代,その他,施錠せず
窃盗,自転車盗,木更津,木更津駅前,122068,千葉県,木更津市,文京６丁目,2023-09-11,08,その他の住宅（３階建て以下共同住宅等）,駐車（輪）場,30歳代,その他,施錠した
窃盗,自転車盗,木更津,木更津駅前,122068,千葉県,木更津市,文京６丁目,2023-09-20,16,一戸建住宅,その他,10歳代,中学生,施錠せず
窃盗,自転車盗,木更津,木更津駅前,122068,千葉県,木更津市,大和１丁目,2023-03-02,13,その他,駐車（輪）場,10歳代,高校生,施錠せず
窃盗,自転車盗,木更津,木更津駅前,122068,千葉県,木更津市,大和３丁目,2023-09-16,10,その他,駐車（輪）場,10歳代,高校生,施錠せず
窃盗,自転車盗,木更津,木更津駅前,122068,千葉県,木更津市,請西南２丁目,2023-09-21,07,その他,駐車（輪）場,70歳以上,その他,施錠せず
窃盗,自転車盗,木更津,桜井,122068,千葉県,木更津市,桜井,2023-10-27,18,一戸建住宅,その他,10歳未満,小学生,施錠せず
窃盗,自転車盗,木更津,桜井,122068,千葉県,木更津市,桜井新町１丁目,2023-12-17,11,その他の住宅（３階建て以下共同住宅等）,駐車（輪）場,20歳代,その他,施錠せず
窃盗,自転車盗,木更津,桜井,122068,千葉県,木更津市,桜井新町４丁目,2023-10-21,16,一戸建住宅,駐車（輪）場,40歳代,その他,施錠せず
窃盗,自転車盗,木更津,江川,122068,千葉県,木更津市,江川,2023-03-03,18,その他の住宅（３階建て以下共同住宅等）,駐車（輪）場,10歳代,小学生,施錠せず
窃盗,自転車盗,木更津,江川,122068,千葉県,木更津市,江川,2023-06-21,19,その他,駐車（輪）場,20歳代,その他,施錠せず
窃盗,自転車盗,木更津,江川,122068,千葉県,木更津市,江川,2023-08-02,21,その他,駐車（輪）場,40歳代,その他,施錠せず
窃盗,自転車盗,木更津,江川,122068,千葉県,木更津市,江川,2023-09-04,11,その他,駐車（輪）場,20歳代,その他,施錠せず
窃盗,自転車盗,木更津,波岡,122068,千葉県,木更津市,八幡台３丁目,2023-01-12,17,その他,駐車（輪）場,10歳代,高校生,施錠せず
窃盗,自転車盗,木更津,清見台,122068,千葉県,木更津市,朝日３丁目,2023-03-09,10,その他の住宅（３階建て以下共同住宅等）,駐車（輪）場,30歳代,その他,施錠した
窃盗,自転車盗,木更津,清見台,122068,千葉県,木更津市,太田４丁目,2023-12-07,14,その他,駐車（輪）場,10歳代,中学生,施錠した
窃盗,自転車盗,木更津,清見台,122068,千葉県,木更津市,清川２丁目,2023-10-20,16,その他の住宅（３階建て以下共同住宅等）,その他,10歳代,大学生,施錠せず
窃盗,自転車盗,木更津,清見台,122068,千葉県,木更津市,清見台東２丁目,2023-01-06,19,その他の住宅（３階建て以下共同住宅等）,駐車（輪）場,30歳代,その他,施錠せず
窃盗,自転車盗,木更津,清見台,122068,千葉県,木更津市,清見台東２丁目,2023-12-10,13,一戸建住宅,駐車（輪）場,10歳代,中学生,施錠せず
窃盗,自転車盗,木更津,清見台,122068,千葉県,木更津市,清見台南１丁目,2023-06-03,09,その他の住宅（３階建て以下共同住宅等）,その他,10歳代,大学生,施錠した
窃盗,自転車盗,木更津,清見台,122068,千葉県,木更津市,清見台南５丁目,2023-01-26,02,４階建て以上共同住宅,駐車（輪）場,20歳代,大学生,施錠せず
窃盗,自転車盗,木更津,清見台,122068,千葉県,木更津市,清見台南５丁目,2023-06-09,11,４階建て以上共同住宅,駐車（輪）場,10歳代,大学生,施錠した
窃盗,自転車盗,木更津,清見台,122068,千葉県,木更津市,清見台南５丁目,2023-12-08,12,４階建て以上共同住宅,その他,20歳代,大学生,施錠せず
窃盗,自転車盗,木更津,清見台,122068,千葉県,木更津市,祇園３丁目,2023-02-27,17,その他の住宅（３階建て以下共同住宅等）,その他,50歳代,その他,施錠せず
窃盗,自転車盗,木更津,清見台,122068,千葉県,木更津市,請西１丁目,2023-11-01,16,その他,駐車（輪）場,10歳代,大学生,施錠せず
窃盗,自転車盗,木更津,清見台,122068,千葉県,木更津市,請西３丁目,2022-12-28,20,その他の住宅（３階建て以下共同住宅等）,その他,20歳代,その他,施錠せず
窃盗,自転車盗,木更津,清見台,122068,千葉県,木更津市,長須賀,2023-08-30,21,その他,駐車（輪）場,20歳代,大学生,施錠せず
窃盗,自転車盗,木更津,清見台,122068,千葉県,木更津市,東太田２丁目,2023-04-28,19,その他,駐車（輪）場,10歳代,その他,施錠せず
窃盗,自転車盗,木更津,清見台,122068,千葉県,木更津市,東太田２丁目,2023-11-22,19,その他の住宅（３階建て以下共同住宅等）,駐車（輪）場,10歳代,大学生,施錠せず
窃盗,自転車盗,木更津,清見台,122068,千葉県,木更津市,東太田３丁目,2023-01-06,18,その他,駐車（輪）場,10歳代,高校生,施錠せず
窃盗,自転車盗,木更津,清見台,122068,千葉県,木更津市,東太田３丁目,2023-03-28,06,その他,駐車（輪）場,10歳代,大学生,施錠せず
窃盗,自転車盗,木更津,清見台,122068,千葉県,木更津市,東太田３丁目,2023-05-01,13,その他,駐車（輪）場,10歳代,大学生,施錠した
窃盗,自転車盗,木更津,清見台,122068,千葉県,木更津市,東太田３丁目,2023-07-28,10,その他,駐車（輪）場,10歳代,大学生,施錠せず
窃盗,自転車盗,木更津,清見台,122068,千葉県,木更津市,東太田４丁目,2023-06-02,18,その他の住宅（３階建て以下共同住宅等）,駐車（輪）場,20歳代,大学生,施錠せず
窃盗,自転車盗,木更津,清見台,122068,千葉県,木更津市,東太田４丁目,2023-11-04,06,その他の住宅（３階建て以下共同住宅等）,駐車（輪）場,20歳代,その他,施錠せず
窃盗,自転車盗,木更津,清見台,122068,千葉県,木更津市,富士見１丁目,不明,不明,その他,駐車（輪）場,20歳代,その他,施錠した
窃盗,自転車盗,木更津,袖ケ浦駅前,122297,千葉県,袖ケ浦市,今井１丁目,2023-06-13,16,一戸建住宅,その他,10歳代,大学生,施錠せず
窃盗,自転車盗,木更津,袖ケ浦駅前,122297,千葉県,袖ケ浦市,神納,2023-02-08,17,一戸建住宅,駐車（輪）場,60-64歳,その他,施錠せず
窃盗,自転車盗,木更津,袖ケ浦駅前,122297,千葉県,袖ケ浦市,神納,2023-08-16,08,一戸建住宅,その他,10歳代,高校生,施錠した
窃盗,自転車盗,木更津,袖ケ浦駅前,122297,千葉県,袖ケ浦市,坂戸市場,2023-05-24,19,一戸建住宅,その他,65-69歳,その他,施錠せず
窃盗,自転車盗,木更津,袖ケ浦駅前,122297,千葉県,袖ケ浦市,坂戸市場,2023-10-20,22,一戸建住宅,その他,10歳代,中学生,施錠せず
窃盗,自転車盗,木更津,袖ケ浦駅前,122297,千葉県,袖ケ浦市,坂戸市場,2023-11-28,18,一戸建住宅,駐車（輪）場,50歳代,その他,施錠せず
窃盗,自転車盗,木更津,袖ケ浦駅前,122297,千葉県,袖ケ浦市,奈良輪１丁目,2023-08-08,21,その他の住宅（３階建て以下共同住宅等）,駐車（輪）場,20歳代,その他,施錠せず
窃盗,自転車盗,木更津,袖ケ浦駅前,122297,千葉県,袖ケ浦市,奈良輪２丁目,2023-06-12,07,その他,駐車（輪）場,10歳代,高校生,施錠せず
窃盗,自転車盗,木更津,袖ケ浦駅前,122297,千葉県,袖ケ浦市,袖ケ浦駅前１丁目,2023-06-28,07,その他,駐車（輪）場,10歳代,高校生,施錠した
窃盗,自転車盗,木更津,袖ケ浦駅前,122297,千葉県,袖ケ浦市,袖ケ浦駅前１丁目,2023-08-13,12,その他,駐車（輪）場,10歳代,中学生,施錠せず
窃盗,自転車盗,木更津,袖ケ浦駅前,122297,千葉県,袖ケ浦市,袖ケ浦駅前１丁目,2023-08-28,08,その他,駐車（輪）場,10歳代,高校生,施錠せず
窃盗,自転車盗,木更津,袖ケ浦駅前,122297,千葉県,袖ケ浦市,袖ケ浦駅前１丁目,2023-10-17,00,その他,駐車（輪）場,30歳代,その他,施錠せず
窃盗,自転車盗,木更津,袖ケ浦駅前,122297,千葉県,袖ケ浦市,袖ケ浦駅前１丁目,2023-11-25,23,その他,駐車（輪）場,30歳代,その他,施錠せず
窃盗,自転車盗,木更津,金田,122068,千葉県,木更津市,瓜倉,2023-09-08,06,駐車（輪）場,駐車（輪）場,30歳代,その他,施錠せず
窃盗,自転車盗,木更津,金田,122068,千葉県,木更津市,金田東３丁目,2023-10-13,18,その他,駐車（輪）場,10歳代,中学生,施錠せず
窃盗,自転車盗,木更津,金田,122068,千葉県,木更津市,金田東３丁目,2023-10-22,10,その他,駐車（輪）場,10歳代,大学生,施錠せず
窃盗,自転車盗,木更津,金田,122068,千葉県,木更津市,金田東５丁目,2023-06-30,16,その他の住宅（３階建て以下共同住宅等）,駐車（輪）場,10歳代,小学生,施錠せず
窃盗,自転車盗,木更津,金田,122068,千葉県,木更津市,金田東６丁目,2023-05-21,22,その他の住宅（３階建て以下共同住宅等）,駐車（輪）場,20歳代,その他,施錠せず
窃盗,自転車盗,木更津,長浦駅前,122297,千葉県,袖ケ浦市,久保田１丁目,2023-11-16,16,その他の住宅（３階建て以下共同住宅等）,駐車（輪）場,20歳代,その他,施錠せず
窃盗,自転車盗,木更津,長浦駅前,122297,千葉県,袖ケ浦市,蔵波,2023-07-16,16,その他,駐車（輪）場,10歳代,その他,施錠せず
窃盗,自転車盗,木更津,長浦駅前,122297,千葉県,袖ケ浦市,蔵波,2023-10-19,13,その他,駐車（輪）場,50歳代,その他,施錠せず
窃盗,自転車盗,木更津,長浦駅前,122297,千葉県,袖ケ浦市,蔵波,2023-10-28,09,その他の住宅（３階建て以下共同住宅等）,駐車（輪）場,20歳代,その他,施錠せず
窃盗,自転車盗,木更津,長浦駅前,122297,千葉県,袖ケ浦市,蔵波,2023-12-21,07,その他,駐車（輪）場,10歳代,高校生,施錠した
窃盗,自転車盗,木更津,長浦駅前,122297,千葉県,袖ケ浦市,長浦駅前１丁目,2023-05-09,10,その他,駐車（輪）場,10歳代,高校生,施錠せず
窃盗,自転車盗,木更津,長浦駅前,122297,千葉県,袖ケ浦市,長浦駅前１丁目,2023-05-19,18,その他の住宅（３階建て以下共同住宅等）,駐車（輪）場,30歳代,その他,施錠せず
窃盗,自転車盗,木更津,長浦駅前,122297,千葉県,袖ケ浦市,長浦駅前１丁目,2023-08-05,10,その他,駐車（輪）場,10歳代,その他,施錠した
窃盗,自転車盗,木更津,長浦駅前,122297,千葉県,袖ケ浦市,長浦駅前６丁目,2023-12-22,21,４階建て以上共同住宅,駐車（輪）場,10歳代,中学生,施錠した
窃盗,自転車盗,木更津,長浦駅前,122297,千葉県,袖ケ浦市,長浦駅前７丁目,2023-07-17,23,その他の住宅（３階建て以下共同住宅等）,その他,30歳代,その他,施錠せず
窃盗,自転車盗,木更津,長浦駅前,122297,千葉県,袖ケ浦市,袖ケ浦駅前１丁目,2023-04-07,07,駐車（輪）場,駐車（輪）場,20歳代,その他,施錠した
窃盗,自転車盗,木更津,長須賀,122068,千葉県,木更津市,太田３丁目,2023-11-19,12,その他の住宅（３階建て以下共同住宅等）,駐車（輪）場,30歳代,その他,施錠せず
窃盗,自転車盗,木更津,長須賀,122068,千葉県,木更津市,清見台３丁目,2023-06-11,12,一戸建住宅,その他,10歳未満,小学生,施錠せず
窃盗,自転車盗,木更津,長須賀,122068,千葉県,木更津市,清見台南２丁目,2023-10-23,20,道路上,その他,10歳代,大学生,施錠せず
窃盗,自転車盗,木更津,長須賀,122068,千葉県,木更津市,請西１丁目,2023-01-05,20,その他,駐車（輪）場,20歳代,その他,施錠せず
窃盗,自転車盗,木更津,長須賀,122068,千葉県,木更津市,請西３丁目,2023-11-02,09,４階建て以上共同住宅,駐車（輪）場,20歳代,その他,施錠した
窃盗,自転車盗,木更津,長須賀,122068,千葉県,木更津市,永井作,2023-09-20,18,その他の住宅（３階建て以下共同住宅等）,駐車（輪）場,10歳代,中学生,施錠せず
窃盗,自転車盗,木更津,長須賀,122068,千葉県,木更津市,永井作２丁目,2023-02-08,06,駐車（輪）場,駐車（輪）場,10歳代,高校生,施錠せず
窃盗,自転車盗,木更津,長須賀,122068,千葉県,木更津市,長須賀,2023-02-26,17,道路上,その他,10歳代,高校生,施錠せず
窃盗,自転車盗,木更津,長須賀,122068,千葉県,木更津市,長須賀,2023-08-24,19,その他の住宅（３階建て以下共同住宅等）,駐車（輪）場,20歳代,その他,施錠した
窃盗,自転車盗,木更津,長須賀,122068,千葉県,木更津市,長須賀,2023-09-13,22,一戸建住宅,その他,10歳代,高校生,施錠せず
窃盗,自転車盗,木更津,長須賀,122068,千葉県,木更津市,長須賀,2023-09-18,19,その他の住宅（３階建て以下共同住宅等）,駐車（輪）場,法人・団体、被害者なし,法人・団体、被害者なし,施錠せず
窃盗,自転車盗,木更津,長須賀,122068,千葉県,木更津市,長須賀,2023-12-03,22,その他の住宅（３階建て以下共同住宅等）,その他,30歳代,その他,施錠した
窃盗,自転車盗,木更津,長須賀,122068,千葉県,木更津市,東太田３丁目,2023-05-21,17,その他,駐車（輪）場,10歳代,高校生,施錠した
窃盗,自転車盗,木更津,馬来田,122068,千葉県,木更津市,真里,2023-03-10,06,その他,駐車（輪）場,10歳代,高校生,施錠した
窃盗,自転車盗,木更津,馬来田,122068,千葉県,木更津市,真里,2023-12-15,12,その他,駐車（輪）場,40歳代,その他,施錠せず
窃盗,自転車盗,君津,君津駅前,122254,千葉県,君津市,大和田２丁目,2023-09-07,10,一戸建住宅,その他,40歳代,その他,施錠した
窃盗,自転車盗,君津,君津駅前,122254,千葉県,君津市,北子安１丁目,2023-10-27,18,４階建て以上共同住宅,駐車（輪）場,10歳代,中学生,施錠した
窃盗,自転車盗,君津,君津駅前,122254,千葉県,君津市,北子安１丁目,2023-11-16,18,４階建て以上共同住宅,駐車（輪）場,10歳代,中学生,施錠した
窃盗,自転車盗,君津,君津駅前,122254,千葉県,君津市,北子安４丁目,2023-04-29,10,その他の住宅（３階建て以下共同住宅等）,その他,30歳代,その他,施錠せず
窃盗,自転車盗,君津,君津駅前,122254,千葉県,君津市,北子安５丁目,2023-07-03,07,４階建て以上共同住宅,駐車（輪）場,20歳代,その他,施錠せず
窃盗,自転車盗,君津,君津駅前,122254,千葉県,君津市,久保１丁目,2023-01-01,16,その他,駐車（輪）場,20歳代,その他,施錠せず
窃盗,自転車盗,君津,君津駅前,122254,千葉県,君津市,久保１丁目,2023-01-28,07,その他,駐車（輪）場,20歳代,その他,施錠した
窃盗,自転車盗,君津,君津駅前,122254,千葉県,君津市,久保１丁目,2023-05-26,21,その他,駐車（輪）場,20歳代,その他,施錠せず
窃盗,自転車盗,君津,君津駅前,122254,千葉県,君津市,久保１丁目,2023-07-17,08,その他,その他,10歳代,その他,施錠せず
窃盗,自転車盗,君津,君津駅前,122254,千葉県,君津市,久保１丁目,2023-08-17,11,その他,駐車（輪）場,10歳代,高校生,施錠せず
窃盗,自転車盗,君津,君津駅前,122254,千葉県,君津市,久保１丁目,2023-09-03,15,その他,駐車（輪）場,10歳代,中学生,施錠せず
窃盗,自転車盗,君津,君津駅前,122254,千葉県,君津市,久保１丁目,2023-11-29,07,その他,駐車（輪）場,10歳代,高校生,施錠せず
窃盗,自転車盗,君津,君津駅前,122254,千葉県,君津市,久保２丁目,2023-06-12,08,その他,駐車（輪）場,20歳代,その他,施錠せず
窃盗,自転車盗,君津,君津駅前,122254,千葉県,君津市,久保２丁目,2023-07-27,15,その他,駐車（輪）場,20歳代,大学生,施錠せず
窃盗,自転車盗,君津,君津駅前,122254,千葉県,君津市,久保２丁目,2023-10-07,03,４階建て以上共同住宅,駐車（輪）場,20歳代,その他,施錠せず
窃盗,自転車盗,君津,君津駅前,122254,千葉県,君津市,久保３丁目,2023-11-24,19,その他の住宅（３階建て以下共同住宅等）,その他,20歳代,その他,施錠せず
窃盗,自転車盗,君津,君津駅前,122254,千葉県,君津市,久保５丁目,2022-09-12,17,その他,その他,10歳代,中学生,施錠せず
窃盗,自転車盗,君津,君津駅前,122254,千葉県,君津市,久保５丁目,2023-03-24,16,その他,その他,30歳代,その他,施錠せず
窃盗,自転車盗,君津,君津駅前,122254,千葉県,君津市,台１丁目,2023-01-13,16,その他の住宅（３階建て以下共同住宅等）,駐車（輪）場,20歳代,その他,施錠せず
窃盗,自転車盗,君津,君津駅前,122254,千葉県,君津市,中野１丁目,2023-03-31,17,その他の住宅（３階建て以下共同住宅等）,その他,30歳代,その他,施錠した
窃盗,自転車盗,君津,君津駅前,122254,千葉県,君津市,中野１丁目,2023-06-06,08,駐車（輪）場,駐車（輪）場,10歳代,高校生,施錠せず
窃盗,自転車盗,君津,君津駅前,122254,千葉県,君津市,中野１丁目,2023-06-09,07,駐車（輪）場,駐車（輪）場,10歳代,高校生,施錠した
窃盗,自転車盗,君津,君津駅前,122254,千葉県,君津市,中野１丁目,2023-06-13,06,駐車（輪）場,駐車（輪）場,10歳代,高校生,施錠した
窃盗,自転車盗,君津,君津駅前,122254,千葉県,君津市,中野４丁目,2023-08-23,18,一戸建住宅,その他,20歳代,大学生,施錠せず
窃盗,自転車盗,君津,君津駅前,122254,千葉県,君津市,西坂田３丁目,2023-12-17,20,その他の住宅（３階建て以下共同住宅等）,駐車（輪）場,20歳代,その他,施錠せず
窃盗,自転車盗,君津,君津駅前,122254,千葉県,君津市,東坂田１丁目,2023-04-21,05,駐車（輪）場,駐車（輪）場,50歳代,その他,施錠した
窃盗,自転車盗,君津,君津駅前,122254,千葉県,君津市,東坂田１丁目,2023-05-06,10,駐車（輪）場,駐車（輪）場,30歳代,その他,施錠した
窃盗,自転車盗,君津,君津駅前,122254,千葉県,君津市,東坂田１丁目,2023-05-27,06,駐車（輪）場,駐車（輪）場,10歳代,高校生,施錠した
窃盗,自転車盗,君津,君津駅前,122254,千葉県,君津市,東坂田１丁目,2023-06-04,09,駐車（輪）場,駐車（輪）場,10歳代,その他,施錠した
窃盗,自転車盗,君津,君津駅前,122254,千葉県,君津市,東坂田１丁目,2023-06-08,12,駐車（輪）場,駐車（輪）場,10歳代,高校生,施錠した
窃盗,自転車盗,君津,君津駅前,122254,千葉県,君津市,東坂田１丁目,2023-06-15,12,駐車（輪）場,駐車（輪）場,10歳代,高校生,施錠した
窃盗,自転車盗,君津,君津駅前,122254,千葉県,君津市,東坂田１丁目,2023-06-17,07,駐車（輪）場,駐車（輪）場,10歳代,その他,施錠せず
窃盗,自転車盗,君津,君津駅前,122254,千葉県,君津市,東坂田１丁目,2023-06-17,07,駐車（輪）場,駐車（輪）場,10歳代,高校生,施錠せず
窃盗,自転車盗,君津,君津駅前,122254,千葉県,君津市,東坂田１丁目,2023-06-19,07,駐車（輪）場,駐車（輪）場,10歳代,その他,施錠せず
窃盗,自転車盗,君津,君津駅前,122254,千葉県,君津市,東坂田１丁目,2023-06-20,07,駐車（輪）場,駐車（輪）場,10歳代,その他,施錠した
窃盗,自転車盗,君津,君津駅前,122254,千葉県,君津市,東坂田１丁目,2023-06-26,07,駐車（輪）場,駐車（輪）場,10歳代,高校生,施錠した
窃盗,自転車盗,君津,君津駅前,122254,千葉県,君津市,東坂田１丁目,2023-06-26,08,駐車（輪）場,駐車（輪）場,10歳代,高校生,施錠した
窃盗,自転車盗,君津,君津駅前,122254,千葉県,君津市,東坂田１丁目,2023-07-31,12,駐車（輪）場,駐車（輪）場,10歳代,高校生,施錠せず
窃盗,自転車盗,君津,君津駅前,122254,千葉県,君津市,東坂田１丁目,2023-09-03,08,駐車（輪）場,駐車（輪）場,10歳代,高校生,施錠した
窃盗,自転車盗,君津,君津駅前,122254,千葉県,君津市,東坂田１丁目,2023-10-14,13,駐車（輪）場,駐車（輪）場,10歳代,高校生,施錠せず
窃盗,自転車盗,君津,君津駅前,122254,千葉県,君津市,東坂田１丁目,2023-12-03,17,その他,その他,40歳代,その他,施錠せず
窃盗,自転車盗,君津,君津駅前,122254,千葉県,君津市,東坂田１丁目,不明,不明,駐車（輪）場,駐車（輪）場,10歳代,高校生,施錠した
窃盗,自転車盗,君津,君津駅前,122254,千葉県,君津市,東坂田２丁目,2023-09-15,17,その他,駐車（輪）場,10歳代,高校生,施錠せず
窃盗,自転車盗,君津,君津駅前,122254,千葉県,君津市,東坂田２丁目,2023-11-12,18,その他,その他,20歳代,その他,施錠した
窃盗,自転車盗,君津,君津駅前,122254,千葉県,君津市,東坂田４丁目,2023-06-16,18,その他,駐車（輪）場,10歳代,高校生,施錠せず
窃盗,自転車盗,君津,君津駅前,122254,千葉県,君津市,東坂田４丁目,2023-10-21,17,その他,駐車（輪）場,20歳代,その他,施錠せず
窃盗,自転車盗,君津,君津駅前,122254,千葉県,君津市,杢師４丁目,2023-06-17,17,４階建て以上共同住宅,駐車（輪）場,10歳代,高校生,施錠せず
窃盗,自転車盗,君津,君津駅前,122254,千葉県,君津市,杢師４丁目,2023-12-07,12,道路上,その他,40歳代,その他,施錠せず
窃盗,自転車盗,君津,君津駅前,122254,千葉県,君津市,陽光台１丁目,2023-11-09,21,その他の住宅（３階建て以下共同住宅等）,駐車（輪）場,50歳代,その他,施錠せず
窃盗,自転車盗,君津,周南,122254,千葉県,君津市,郡１丁目,2023-07-12,16,一戸建住宅,駐車（輪）場,10歳代,小学生,施錠せず
窃盗,自転車盗,君津,周南,122254,千葉県,君津市,常代２丁目,2023-08-04,17,その他,駐車（輪）場,10歳代,高校生,施錠せず
窃盗,自転車盗,君津,外箕輪,122254,千葉県,君津市,外箕輪,2023-03-31,17,その他,駐車（輪）場,10歳代,高校生,施錠せず
窃盗,自転車盗,君津,外箕輪,122254,千葉県,君津市,外箕輪３丁目,2023-08-05,19,その他,駐車（輪）場,10歳代,その他,施錠せず
窃盗,自転車盗,君津,外箕輪,122254,千葉県,君津市,外箕輪３丁目,2023-10-28,19,その他,その他,20歳代,その他,施錠せず
窃盗,自転車盗,君津,外箕輪,122254,千葉県,君津市,常代１丁目,2023-04-13,07,４階建て以上共同住宅,駐車（輪）場,50歳代,その他,施錠せず
窃盗,自転車盗,君津,外箕輪,122254,千葉県,君津市,南子安１丁目,2023-02-20,18,その他の住宅（３階建て以下共同住宅等）,その他,10歳代,中学生,施錠した
窃盗,自転車盗,君津,外箕輪,122254,千葉県,君津市,南子安１丁目,2023-03-09,16,一戸建住宅,その他,60-64歳,その他,施錠せず
窃盗,自転車盗,君津,外箕輪,122254,千葉県,君津市,南子安１丁目,2023-10-12,07,道路上,その他,10歳代,中学生,施錠せず
窃盗,自転車盗,君津,外箕輪,122254,千葉県,君津市,南子安４丁目,2023-09-06,09,一戸建住宅,その他,20歳代,その他,施錠せず
窃盗,自転車盗,君津,外箕輪,122254,千葉県,君津市,南子安６丁目,2023-08-07,11,その他の住宅（３階建て以下共同住宅等）,駐車（輪）場,50歳代,その他,施錠した
窃盗,自転車盗,君津,外箕輪,122254,千葉県,君津市,南子安６丁目,2023-10-01,08,その他,駐車（輪）場,10歳代,その他,施錠せず
窃盗,自転車盗,君津,外箕輪,122254,千葉県,君津市,南子安７丁目,2023-08-05,20,その他の住宅（３階建て以下共同住宅等）,その他,50歳代,その他,施錠せず
窃盗,自転車盗,君津,外箕輪,122254,千葉県,君津市,南子安７丁目,2023-12-22,15,その他の住宅（３階建て以下共同住宅等）,その他,50歳代,その他,施錠せず
窃盗,自転車盗,君津,外箕輪,122254,千葉県,君津市,南子安８丁目,2023-03-17,19,その他の住宅（３階建て以下共同住宅等）,その他,10歳代,中学生,施錠せず
窃盗,自転車盗,君津,大和田,122254,千葉県,君津市,君津,不明,不明,その他,駐車（輪）場,20歳代,その他,施錠せず
窃盗,自転車盗,君津,大和田,122254,千葉県,君津市,人見,2023-09-02,19,一戸建住宅,その他,65-69歳,その他,施錠せず
窃盗,自転車盗,富津,佐貫,122262,千葉県,富津市,佐貫,2023-10-05,17,駐車（輪）場,駐車（輪）場,50歳代,その他,施錠した
窃盗,自転車盗,富津,大佐和,122262,千葉県,富津市,千種新田,2023-03-03,11,駐車（輪）場,駐車（輪）場,10歳代,高校生,施錠した
窃盗,自転車盗,富津,大佐和,122262,千葉県,富津市,千種新田,2023-03-03,11,駐車（輪）場,駐車（輪）場,10歳代,高校生,施錠した
窃盗,自転車盗,富津,大佐和,122262,千葉県,富津市,千種新田,2023-03-17,22,４階建て以上共同住宅,駐車（輪）場,10歳代,中学生,施錠した
窃盗,自転車盗,富津,大佐和,122262,千葉県,富津市,千種新田,2023-08-03,09,駐車（輪）場,駐車（輪）場,10歳代,高校生,施錠せず
窃盗,自転車盗,富津,大佐和,122262,千葉県,富津市,千種新田,2023-11-08,07,駐車（輪）場,駐車（輪）場,10歳代,高校生,施錠せず
窃盗,自転車盗,富津,大佐和,122262,千葉県,富津市,千種新田,2023-12-15,12,駐車（輪）場,駐車（輪）場,30歳代,その他,施錠せず
窃盗,自転車盗,富津,新井,122262,千葉県,富津市,富津,2023-08-28,07,その他,その他,10歳代,高校生,施錠せず
窃盗,自転車盗,富津,新井,122262,千葉県,富津市,新富,2023-06-25,13,その他,その他,10歳代,中学生,施錠せず
窃盗,自転車盗,富津,環,122262,千葉県,富津市,湊,2023-07-03,07,駐車（輪）場,駐車（輪）場,10歳代,高校生,施錠せず
窃盗,自転車盗,富津,青堀駅前,122262,千葉県,富津市,青木１丁目,2023-08-04,15,その他,駐車（輪）場,10歳代,中学生,施錠せず
窃盗,自転車盗,富津,青堀駅前,122262,千葉県,富津市,青木１丁目,2023-08-09,17,その他,駐車（輪）場,10歳代,その他,施錠せず
窃盗,自転車盗,富津,青堀駅前,122262,千葉県,富津市,青木１丁目,2023-08-15,11,その他,駐車（輪）場,10歳代,中学生,施錠せず
窃盗,自転車盗,富津,青堀駅前,122262,千葉県,富津市,青木３丁目,2023-02-17,16,道路上,その他,10歳代,中学生,施錠せず
窃盗,自転車盗,富津,青堀駅前,122262,千葉県,富津市,大堀,2023-01-12,18,その他,その他,50歳代,その他,施錠した
窃盗,自転車盗,富津,青堀駅前,122262,千葉県,富津市,大堀,2023-04-21,15,駐車（輪）場,駐車（輪）場,10歳代,高校生,施錠せず
窃盗,自転車盗,富津,青堀駅前,122262,千葉県,富津市,大堀,2023-04-24,08,その他,その他,10歳代,高校生,施錠せず
窃盗,自転車盗,富津,青堀駅前,122262,千葉県,富津市,大堀,2023-08-04,22,駐車（輪）場,駐車（輪）場,20歳代,その他,施錠せず
窃盗,自転車盗,富津,青堀駅前,122262,千葉県,富津市,大堀,2023-10-06,18,駐車（輪）場,駐車（輪）場,10歳代,高校生,施錠せず
窃盗,自転車盗,富津,青堀駅前,122262,千葉県,富津市,大堀,2023-10-10,18,道路上,その他,10歳代,高校生,施錠せず
窃盗,自転車盗,富津,青堀駅前,122262,千葉県,富津市,大堀,2023-10-19,18,駐車（輪）場,駐車（輪）場,20歳代,その他,施錠せず
窃盗,自転車盗,富津,青堀駅前,122262,千葉県,富津市,大堀,2023-11-02,09,その他,その他,10歳代,高校生,施錠せず
窃盗,自転車盗,富津,青堀駅前,122262,千葉県,富津市,大堀３丁目,2023-06-18,17,その他,駐車（輪）場,70歳以上,その他,施錠せず
窃盗,自転車盗,富津,青堀駅前,122262,千葉県,富津市,大堀３丁目,2023-10-24,21,一戸建住宅,駐車（輪）場,20歳代,大学生,施錠せず
窃盗,自転車盗,富津,青堀駅前,122262,千葉県,富津市,下飯野,不明,不明,一戸建住宅,駐車（輪）場,10歳代,その他,施錠せず
窃盗,自転車盗,館山,九重,122050,千葉県,館山市,二子,2023-04-18,08,その他,駐車（輪）場,10歳代,高校生,施錠せず
窃盗,自転車盗,館山,千倉幹部,122343,千葉県,南房総市,千倉町瀬戸,2023-01-28,22,その他,駐車（輪）場,10歳代,高校生,施錠せず
窃盗,自転車盗,館山,千倉幹部,122343,千葉県,南房総市,千倉町瀬戸,2023-07-27,07,その他,駐車（輪）場,10歳代,高校生,施錠せず
窃盗,自転車盗,館山,千倉幹部,122343,千葉県,南房総市,千倉町南朝夷,2023-09-26,17,一戸建住宅,その他,10歳代,高校生,施錠せず
窃盗,自転車盗,館山,原岡,122343,千葉県,南房総市,富浦町原岡,2023-09-17,19,駐車（輪）場,駐車（輪）場,10歳代,高校生,施錠せず
窃盗,自転車盗,館山,和田,122343,千葉県,南房総市,和田町仁我浦,2023-12-10,10,その他,駐車（輪）場,70歳以上,その他,施錠せず
窃盗,自転車盗,館山,城山,122050,千葉県,館山市,長須賀,2023-10-26,18,その他の住宅（３階建て以下共同住宅等）,駐車（輪）場,20歳代,その他,施錠せず
窃盗,自転車盗,館山,城山,122050,千葉県,館山市,宮城,2023-11-14,23,その他,駐車（輪）場,70歳以上,その他,施錠せず
窃盗,自転車盗,館山,岩井,122343,千葉県,南房総市,市部,2023-06-06,07,その他,駐車（輪）場,10歳代,高校生,施錠せず
窃盗,自転車盗,館山,岩井,122343,千葉県,南房総市,市部,2023-10-20,19,４階建て以上共同住宅,駐車（輪）場,20歳代,その他,施錠せず
窃盗,自転車盗,館山,岩井,122343,千葉県,南房総市,久枝,2023-10-21,20,その他,駐車（輪）場,10歳代,高校生,施錠せず
窃盗,自転車盗,館山,白浜,122343,千葉県,南房総市,白浜町滝口,2023-10-14,05,その他,駐車（輪）場,50歳代,その他,施錠せず
窃盗,自転車盗,館山,船形,122050,千葉県,館山市,船形,2023-08-13,07,道路上,その他,70歳以上,その他,施錠せず
窃盗,自転車盗,館山,船形,122050,千葉県,館山市,船形,2023-08-21,07,その他,駐車（輪）場,10歳代,高校生,施錠せず
窃盗,自転車盗,館山,船形,122050,千葉県,館山市,船形,2023-09-03,10,一戸建住宅,その他,70歳以上,その他,施錠せず
窃盗,自転車盗,館山,船形,122050,千葉県,館山市,船形,2023-12-26,10,その他,駐車（輪）場,10歳代,高校生,施錠せず
窃盗,自転車盗,館山,西岬,122050,千葉県,館山市,洲崎,2023-10-04,21,４階建て以上共同住宅,駐車（輪）場,70歳以上,その他,施錠せず
窃盗,自転車盗,館山,館山駅前,122050,千葉県,館山市,北条,2023-01-10,06,駐車（輪）場,駐車（輪）場,10歳代,その他,施錠せず
窃盗,自転車盗,館山,館山駅前,122050,千葉県,館山市,北条,2023-01-11,06,駐車（輪）場,駐車（輪）場,65-69歳,その他,施錠せず
窃盗,自転車盗,館山,館山駅前,122050,千葉県,館山市,北条,2023-01-25,17,駐車（輪）場,駐車（輪）場,10歳代,高校生,施錠した
窃盗,自転車盗,館山,館山駅前,122050,千葉県,館山市,北条,2023-02-24,18,その他,駐車（輪）場,70歳以上,その他,施錠した
窃盗,自転車盗,館山,館山駅前,122050,千葉県,館山市,北条,2023-03-19,11,その他の住宅（３階建て以下共同住宅等）,駐車（輪）場,30歳代,その他,施錠せず
窃盗,自転車盗,館山,館山駅前,122050,千葉県,館山市,北条,2023-05-06,04,道路上,その他,50歳代,その他,施錠せず
窃盗,自転車盗,館山,館山駅前,122050,千葉県,館山市,北条,2023-07-02,12,その他,駐車（輪）場,10歳代,中学生,施錠せず
窃盗,自転車盗,館山,館山駅前,122050,千葉県,館山市,北条,2023-08-12,06,その他,駐車（輪）場,30歳代,その他,施錠せず
窃盗,自転車盗,館山,館山駅前,122050,千葉県,館山市,北条,2023-08-16,12,その他,駐車（輪）場,10歳代,中学生,施錠せず
窃盗,自転車盗,館山,館山駅前,122050,千葉県,館山市,北条,2023-09-02,07,その他,その他,10歳代,高校生,施錠せず
窃盗,自転車盗,館山,館山駅前,122050,千葉県,館山市,北条,2023-09-17,13,その他,駐車（輪）場,10歳代,高校生,施錠した
窃盗,自転車盗,館山,館山駅前,122050,千葉県,館山市,北条,2023-10-05,03,その他の住宅（３階建て以下共同住宅等）,その他,20歳代,その他,施錠せず
窃盗,自転車盗,館山,館山駅前,122050,千葉県,館山市,北条,2023-10-20,12,その他の住宅（３階建て以下共同住宅等）,駐車（輪）場,30歳代,その他,施錠せず
窃盗,自転車盗,館山,館山駅前,122050,千葉県,館山市,北条,2023-10-29,12,その他,駐車（輪）場,20歳代,その他,施錠した
窃盗,自転車盗,館山,館山駅前,122050,千葉県,館山市,北条,2023-12-11,23,一戸建住宅,駐車（輪）場,10歳代,高校生,施錠せず
窃盗,自転車盗,館山,館山駅前,122050,千葉県,館山市,北条,2023-12-17,13,その他,駐車（輪）場,20歳代,大学生,施錠せず
窃盗,自転車盗,館山,館山駅前,122050,千葉県,館山市,北条,不明,不明,その他,駐車（輪）場,20歳代,その他,施錠した
窃盗,自転車盗,館山,館山駅前,122050,千葉県,館山市,八幡,2023-03-12,18,その他,駐車（輪）場,10歳代,高校生,施錠した
窃盗,自転車盗,館山,館山駅前,122050,千葉県,館山市,八幡,2023-09-17,16,その他,駐車（輪）場,10歳代,中学生,施錠せず
窃盗,自転車盗,館山,館山駅前,122050,千葉県,館山市,八幡,2023-10-22,13,一戸建住宅,その他,50歳代,その他,施錠せず
窃盗,自転車盗,鴨川,天津,122238,千葉県,鴨川市,天津,2023-07-17,14,駐車（輪）場,駐車（輪）場,30歳代,その他,施錠せず
窃盗,自転車盗,鴨川,天津,122238,千葉県,鴨川市,浜荻,2023-12-29,21,一戸建住宅,その他,10歳代,高校生,施錠せず
窃盗,自転車盗,鴨川,小湊,122238,千葉県,鴨川市,小湊,2023-07-19,18,一戸建住宅,その他,10歳代,高校生,施錠せず
窃盗,自転車盗,鴨川,東条,122238,千葉県,鴨川市,東町,2023-07-09,17,その他,駐車（輪）場,40歳代,その他,施錠した
窃盗,自転車盗,鴨川,江見,122238,千葉県,鴨川市,西江見,2023-11-03,13,その他,駐車（輪）場,10歳代,その他,施錠せず
窃盗,自転車盗,鴨川,西条,122238,千葉県,鴨川市,太尾,2023-07-18,09,その他,その他,20歳代,その他,施錠した
窃盗,自転車盗,鴨川,鴨川駅前,122238,千葉県,鴨川市,前原,2023-01-22,16,道路上,その他,40歳代,その他,施錠せず
窃盗,自転車盗,鴨川,鴨川駅前,122238,千葉県,鴨川市,横渚,2023-03-17,08,駐車（輪）場,駐車（輪）場,20歳代,その他,施錠した
窃盗,自転車盗,鴨川,鴨川駅前,122238,千葉県,鴨川市,横渚,2023-06-16,20,その他,駐車（輪）場,10歳代,大学生,施錠せず
窃盗,自転車盗,鴨川,鴨川駅前,122238,千葉県,鴨川市,横渚,2023-07-08,07,駐車（輪）場,駐車（輪）場,10歳代,高校生,施錠せず
窃盗,自転車盗,鴨川,鴨川駅前,122238,千葉県,鴨川市,横渚,2023-07-10,07,駐車（輪）場,駐車（輪）場,20歳代,その他,施錠せず
窃盗,自転車盗,鴨川,鴨川駅前,122238,千葉県,鴨川市,横渚,2023-07-19,07,駐車（輪）場,駐車（輪）場,10歳代,高校生,施錠せず
窃盗,自転車盗,鴨川,鴨川駅前,122238,千葉県,鴨川市,横渚,2023-09-19,17,その他の住宅（３階建て以下共同住宅等）,駐車（輪）場,20歳代,大学生,施錠せず
窃盗,自転車盗,鴨川,鴨川駅前,122238,千葉県,鴨川市,横渚,2023-10-21,17,駐車（輪）場,駐車（輪）場,10歳代,高校生,施錠せず
窃盗,自転車盗,千葉西,小中台,121029,千葉県,千葉市花見川区,西小中台,2023-03-12,21,４階建て以上共同住宅,駐車（輪）場,10歳代,中学生,施錠せず
窃盗,自転車盗,千葉西,小中台,121029,千葉県,千葉市花見川区,西小中台,2023-09-09,18,４階建て以上共同住宅,駐車（輪）場,70歳以上,その他,施錠した
窃盗,自転車盗,千葉西,小中台,121029,千葉県,千葉市花見川区,西小中台,2023-09-22,14,４階建て以上共同住宅,駐車（輪）場,10歳代,高校生,施錠せず
窃盗,自転車盗,千葉西,小中台,121037,千葉県,千葉市稲毛区,稲丘町,2023-09-21,17,一戸建住宅,その他,10歳未満,小学生,施錠せず
窃盗,自転車盗,千葉西,小中台,121037,千葉県,千葉市稲毛区,稲毛３丁目,2023-06-08,07,駐車（輪）場,駐車（輪）場,20歳代,大学生,施錠した
窃盗,自転車盗,千葉西,小中台,121037,千葉県,千葉市稲毛区,稲毛東２丁目,2023-09-16,16,その他の住宅（３階建て以下共同住宅等）,駐車（輪）場,20歳代,その他,施錠した
窃盗,自転車盗,千葉西,小中台,121037,千葉県,千葉市稲毛区,稲毛東５丁目,2023-03-12,14,その他,その他,10歳代,中学生,施錠せず
窃盗,自転車盗,千葉西,小中台,121037,千葉県,千葉市稲毛区,小仲台１丁目,2023-01-20,16,その他,駐車（輪）場,10歳代,高校生,施錠せず
窃盗,自転車盗,千葉西,小中台,121037,千葉県,千葉市稲毛区,小仲台１丁目,2023-01-28,17,その他,駐車（輪）場,40歳代,その他,施錠した
窃盗,自転車盗,千葉西,小中台,121037,千葉県,千葉市稲毛区,小仲台１丁目,2023-02-07,19,その他,駐車（輪）場,10歳代,高校生,施錠せず
窃盗,自転車盗,千葉西,小中台,121037,千葉県,千葉市稲毛区,小仲台１丁目,2023-02-22,18,その他,駐車（輪）場,10歳代,高校生,施錠せず
窃盗,自転車盗,千葉西,小中台,121037,千葉県,千葉市稲毛区,小仲台１丁目,2023-02-23,19,その他,駐車（輪）場,10歳代,中学生,施錠せず
窃盗,自転車盗,千葉西,小中台,121037,千葉県,千葉市稲毛区,小仲台１丁目,2023-02-27,22,その他,駐車（輪）場,65-69歳,その他,施錠せず
窃盗,自転車盗,千葉西,小中台,121037,千葉県,千葉市稲毛区,小仲台１丁目,2023-03-14,20,その他,駐車（輪）場,10歳代,中学生,施錠せず
窃盗,自転車盗,千葉西,小中台,121037,千葉県,千葉市稲毛区,小仲台１丁目,2023-04-02,12,その他,駐車（輪）場,10歳代,高校生,施錠せず
窃盗,自転車盗,千葉西,小中台,121037,千葉県,千葉市稲毛区,小仲台１丁目,2023-07-15,21,４階建て以上共同住宅,駐車（輪）場,20歳代,大学生,施錠せず
窃盗,自転車盗,千葉西,小中台,121037,千葉県,千葉市稲毛区,小仲台１丁目,2023-08-29,18,その他,駐車（輪）場,10歳代,高校生,施錠せず
窃盗,自転車盗,千葉西,小中台,121037,千葉県,千葉市稲毛区,小仲台１丁目,2023-10-03,10,その他,駐車（輪）場,50歳代,その他,施錠した
窃盗,自転車盗,千葉西,小中台,121037,千葉県,千葉市稲毛区,小仲台１丁目,2023-12-02,19,その他,駐車（輪）場,10歳代,高校生,施錠せず
窃盗,自転車盗,千葉西,小中台,121037,千葉県,千葉市稲毛区,小仲台２丁目,2023-01-14,12,駐車（輪）場,駐車（輪）場,10歳代,高校生,施錠せず
窃盗,自転車盗,千葉西,小中台,121037,千葉県,千葉市稲毛区,小仲台２丁目,2023-02-06,14,その他,その他,20歳代,大学生,施錠せず
窃盗,自転車盗,千葉西,小中台,121037,千葉県,千葉市稲毛区,小仲台２丁目,2023-02-17,19,その他,駐車（輪）場,10歳代,高校生,施錠せず
窃盗,自転車盗,千葉西,小中台,121037,千葉県,千葉市稲毛区,小仲台２丁目,2023-02-19,17,道路上,その他,20歳代,大学生,施錠せず
窃盗,自転車盗,千葉西,小中台,121037,千葉県,千葉市稲毛区,小仲台２丁目,2023-03-09,20,その他,その他,10歳代,高校生,施錠した
窃盗,自転車盗,千葉西,小中台,121037,千葉県,千葉市稲毛区,小仲台２丁目,2023-03-13,13,駐車（輪）場,駐車（輪）場,10歳代,高校生,施錠した
窃盗,自転車盗,千葉西,小中台,121037,千葉県,千葉市稲毛区,小仲台２丁目,2023-04-04,11,その他,その他,30歳代,その他,施錠せず
窃盗,自転車盗,千葉西,小中台,121037,千葉県,千葉市稲毛区,小仲台２丁目,2023-04-19,07,駐車（輪）場,駐車（輪）場,10歳代,大学生,施錠せず
窃盗,自転車盗,千葉西,小中台,121037,千葉県,千葉市稲毛区,小仲台２丁目,2023-04-19,23,その他,その他,10歳代,大学生,施錠せず
窃盗,自転車盗,千葉西,小中台,121037,千葉県,千葉市稲毛区,小仲台２丁目,2023-05-24,06,駐車（輪）場,駐車（輪）場,10歳代,高校生,施錠した
窃盗,自転車盗,千葉西,小中台,121037,千葉県,千葉市稲毛区,小仲台２丁目,2023-08-01,16,その他,駐車（輪）場,10歳代,高校生,施錠した
窃盗,自転車盗,千葉西,小中台,121037,千葉県,千葉市稲毛区,小仲台２丁目,2023-08-15,13,その他,駐車（輪）場,10歳代,中学生,施錠せず
窃盗,自転車盗,千葉西,小中台,121037,千葉県,千葉市稲毛区,小仲台２丁目,2023-09-23,09,道路上,その他,20歳代,大学生,施錠した
窃盗,自転車盗,千葉西,小中台,121037,千葉県,千葉市稲毛区,小仲台２丁目,2023-10-07,06,駐車（輪）場,駐車（輪）場,50歳代,その他,施錠した
窃盗,自転車盗,千葉西,小中台,121037,千葉県,千葉市稲毛区,小仲台２丁目,2023-11-08,16,その他,駐車（輪）場,10歳代,高校生,施錠した
窃盗,自転車盗,千葉西,小中台,121037,千葉県,千葉市稲毛区,小仲台３丁目,2022-12-30,11,その他の住宅（３階建て以下共同住宅等）,駐車（輪）場,20歳代,その他,施錠した
窃盗,自転車盗,千葉西,小中台,121037,千葉県,千葉市稲毛区,小仲台３丁目,2023-01-23,05,その他の住宅（３階建て以下共同住宅等）,駐車（輪）場,20歳代,大学生,施錠した
窃盗,自転車盗,千葉西,小中台,121037,千葉県,千葉市稲毛区,小仲台３丁目,2023-05-26,17,その他の住宅（３階建て以下共同住宅等）,駐車（輪）場,20歳代,その他,施錠せず
窃盗,自転車盗,千葉西,小中台,121037,千葉県,千葉市稲毛区,小仲台４丁目,2023-06-26,22,その他の住宅（３階建て以下共同住宅等）,駐車（輪）場,20歳代,大学生,施錠せず
窃盗,自転車盗,千葉西,小中台,121037,千葉県,千葉市稲毛区,小仲台４丁目,2023-12-22,18,駐車（輪）場,駐車（輪）場,40歳代,その他,施錠した
窃盗,自転車盗,千葉西,小中台,121037,千葉県,千葉市稲毛区,小仲台５丁目,2023-02-22,11,その他,駐車（輪）場,10歳代,高校生,施錠した
窃盗,自転車盗,千葉西,小中台,121037,千葉県,千葉市稲毛区,小仲台５丁目,2023-05-21,22,４階建て以上共同住宅,駐車（輪）場,10歳代,中学生,施錠せず
窃盗,自転車盗,千葉西,小中台,121037,千葉県,千葉市稲毛区,小仲台５丁目,2023-06-15,08,４階建て以上共同住宅,駐車（輪）場,10歳代,中学生,施錠せず
窃盗,自転車盗,千葉西,小中台,121037,千葉県,千葉市稲毛区,小仲台５丁目,2023-10-28,08,その他,その他,10歳代,高校生,施錠した
窃盗,自転車盗,千葉西,小中台,121037,千葉県,千葉市稲毛区,小仲台５丁目,2023-10-28,12,その他,その他,10歳代,小学生,施錠せず
窃盗,自転車盗,千葉西,小中台,121037,千葉県,千葉市稲毛区,小仲台６丁目,2022-12-26,14,その他の住宅（３階建て以下共同住宅等）,駐車（輪）場,10歳代,大学生,施錠した
窃盗,自転車盗,千葉西,小中台,121037,千葉県,千葉市稲毛区,小仲台６丁目,2023-02-26,19,その他,その他,30歳代,その他,施錠した
窃盗,自転車盗,千葉西,小中台,121037,千葉県,千葉市稲毛区,小仲台６丁目,2023-08-04,17,道路上,その他,10歳代,中学生,施錠した
窃盗,自転車盗,千葉西,小中台,121037,千葉県,千葉市稲毛区,小仲台７丁目,2023-06-11,19,その他の住宅（３階建て以下共同住宅等）,駐車（輪）場,10歳代,高校生,施錠した
窃盗,自転車盗,千葉西,小中台,121037,千葉県,千葉市稲毛区,小仲台７丁目,2023-10-14,00,一戸建住宅,その他,40歳代,その他,施錠した
窃盗,自転車盗,千葉西,小中台,121037,千葉県,千葉市稲毛区,小仲台７丁目,2023-11-24,22,その他,駐車（輪）場,10歳代,大学生,施錠せず
窃盗,自転車盗,千葉西,小中台,121037,千葉県,千葉市稲毛区,小仲台８丁目,2023-04-14,20,４階建て以上共同住宅,その他,20歳代,その他,施錠せず
窃盗,自転車盗,千葉西,小中台,121037,千葉県,千葉市稲毛区,小仲台８丁目,2023-05-05,20,４階建て以上共同住宅,駐車（輪）場,10歳代,中学生,施錠せず
窃盗,自転車盗,千葉西,小中台,121037,千葉県,千葉市稲毛区,小仲台８丁目,2023-06-09,22,その他の住宅（３階建て以下共同住宅等）,駐車（輪）場,30歳代,その他,施錠せず
窃盗,自転車盗,千葉西,小中台,121037,千葉県,千葉市稲毛区,小仲台８丁目,2023-07-29,17,４階建て以上共同住宅,駐車（輪）場,10歳代,大学生,施錠せず
窃盗,自転車盗,千葉西,小中台,121037,千葉県,千葉市稲毛区,小仲台８丁目,2023-08-11,14,４階建て以上共同住宅,その他,30歳代,その他,施錠した
窃盗,自転車盗,千葉西,小中台,121037,千葉県,千葉市稲毛区,小仲台８丁目,2023-08-23,09,その他,その他,70歳以上,その他,施錠した
窃盗,自転車盗,千葉西,小中台,121037,千葉県,千葉市稲毛区,小仲台８丁目,2023-10-29,15,４階建て以上共同住宅,駐車（輪）場,20歳代,大学生,施錠せず
窃盗,自転車盗,千葉西,小中台,121037,千葉県,千葉市稲毛区,小中台町,2023-05-22,10,４階建て以上共同住宅,駐車（輪）場,20歳代,大学生,施錠せず
窃盗,自転車盗,千葉西,小中台,121037,千葉県,千葉市稲毛区,小中台町,2023-07-21,21,４階建て以上共同住宅,駐車（輪）場,40歳代,その他,施錠せず
窃盗,自転車盗,千葉西,小中台,121037,千葉県,千葉市稲毛区,小中台町,2023-07-26,20,一戸建住宅,その他,10歳代,高校生,施錠せず
窃盗,自転車盗,千葉西,小中台,121037,千葉県,千葉市稲毛区,小中台町,2023-08-13,16,４階建て以上共同住宅,駐車（輪）場,50歳代,その他,施錠した
窃盗,自転車盗,千葉西,小中台,121037,千葉県,千葉市稲毛区,小中台町,2023-10-08,16,４階建て以上共同住宅,駐車（輪）場,70歳以上,その他,施錠せず
窃盗,自転車盗,千葉西,小中台,121037,千葉県,千葉市稲毛区,園生町,2023-04-16,02,その他,その他,40歳代,その他,施錠せず
窃盗,自転車盗,千葉西,幕張,121029,千葉県,千葉市花見川区,幕張町１丁目,2023-04-19,23,その他,駐車（輪）場,40歳代,その他,施錠せず
窃盗,自転車盗,千葉西,幕張,121029,千葉県,千葉市花見川区,幕張町１丁目,2023-06-13,22,その他,駐車（輪）場,20歳代,大学生,施錠した
窃盗,自転車盗,千葉西,幕張,121029,千葉県,千葉市花見川区,幕張町１丁目,2023-07-31,19,一戸建住宅,駐車（輪）場,70歳以上,その他,施錠せず
窃盗,自転車盗,千葉西,幕張,121029,千葉県,千葉市花見川区,幕張町２丁目,2023-07-07,22,その他,駐車（輪）場,20歳代,その他,施錠した
窃盗,自転車盗,千葉西,幕張,121029,千葉県,千葉市花見川区,幕張町２丁目,2023-07-26,23,その他,駐車（輪）場,20歳代,その他,施錠せず
窃盗,自転車盗,千葉西,幕張,121029,千葉県,千葉市花見川区,幕張町２丁目,2023-08-27,16,その他,駐車（輪）場,10歳代,高校生,施錠した
窃盗,自転車盗,千葉西,幕張,121029,千葉県,千葉市花見川区,幕張町６丁目,2023-08-15,16,駐車（輪）場,駐車（輪）場,10歳代,高校生,施錠した
窃盗,自転車盗,千葉西,幕張,121029,千葉県,千葉市花見川区,幕張町６丁目,2023-09-30,23,その他の住宅（３階建て以下共同住宅等）,駐車（輪）場,20歳代,その他,施錠せず
窃盗,自転車盗,千葉西,幕張,121061,千葉県,千葉市美浜区,幕張西１丁目,2022-12-27,20,一戸建住宅,その他,65-69歳,その他,施錠せず
窃盗,自転車盗,千葉西,幕張,121061,千葉県,千葉市美浜区,幕張西２丁目,2023-08-24,19,その他,駐車（輪）場,10歳代,高校生,施錠せず
窃盗,自転車盗,千葉西,幕張,121061,千葉県,千葉市美浜区,幕張西２丁目,2023-10-13,07,駐車（輪）場,駐車（輪）場,10歳代,大学生,施錠せず
窃盗,自転車盗,千葉西,幕張,121061,千葉県,千葉市美浜区,幕張西６丁目,2023-03-07,13,一戸建住宅,その他,70歳以上,その他,施錠せず
窃盗,自転車盗,千葉西,幕張メッセ,121061,千葉県,千葉市美浜区,打瀬２丁目,2023-05-05,20,その他,駐車（輪）場,70歳以上,その他,施錠せず
窃盗,自転車盗,千葉西,幕張メッセ,121061,千葉県,千葉市美浜区,打瀬２丁目,2023-06-27,16,その他,その他,40歳代,その他,施錠せず
窃盗,自転車盗,千葉西,幕張メッセ,121061,千葉県,千葉市美浜区,打瀬２丁目,2023-08-25,09,その他,駐車（輪）場,10歳代,高校生,施錠せず
窃盗,自転車盗,千葉西,幕張メッセ,121061,千葉県,千葉市美浜区,打瀬２丁目,2023-11-07,17,４階建て以上共同住宅,駐車（輪）場,20歳代,大学生,施錠した
窃盗,自転車盗,千葉西,幕張メッセ,121061,千葉県,千葉市美浜区,豊砂,2023-02-11,16,その他,駐車（輪）場,10歳代,高校生,施錠した
窃盗,自転車盗,千葉西,幕張メッセ,121061,千葉県,千葉市美浜区,豊砂,2023-03-29,10,その他,駐車（輪）場,10歳代,中学生,施錠せず
窃盗,自転車盗,千葉西,幕張メッセ,121061,千葉県,千葉市美浜区,豊砂,2023-04-13,10,その他,駐車（輪）場,20歳代,その他,施錠せず
窃盗,自転車盗,千葉西,幕張メッセ,121061,千葉県,千葉市美浜区,豊砂,2023-04-14,08,その他,駐車（輪）場,50歳代,その他,施錠した
窃盗,自転車盗,千葉西,幕張メッセ,121061,千葉県,千葉市美浜区,豊砂,2023-04-14,19,その他,駐車（輪）場,10歳代,中学生,施錠せず
窃盗,自転車盗,千葉西,幕張メッセ,121061,千葉県,千葉市美浜区,豊砂,2023-05-06,11,その他,駐車（輪）場,10歳代,大学生,施錠せず
窃盗,自転車盗,千葉西,幕張メッセ,121061,千葉県,千葉市美浜区,豊砂,2023-06-28,09,その他,駐車（輪）場,40歳代,その他,施錠した
窃盗,自転車盗,千葉西,幕張メッセ,121061,千葉県,千葉市美浜区,豊砂,2023-07-08,18,その他,駐車（輪）場,10歳代,高校生,施錠せず
窃盗,自転車盗,千葉西,幕張メッセ,121061,千葉県,千葉市美浜区,豊砂,2023-07-13,13,その他,駐車（輪）場,10歳代,高校生,施錠せず
窃盗,自転車盗,千葉西,幕張メッセ,121061,千葉県,千葉市美浜区,豊砂,2023-08-05,19,その他,駐車（輪）場,40歳代,その他,施錠せず
窃盗,自転車盗,千葉西,幕張メッセ,121061,千葉県,千葉市美浜区,豊砂,2023-08-16,16,その他,駐車（輪）場,50歳代,その他,施錠せず
窃盗,自転車盗,千葉西,幕張メッセ,121061,千葉県,千葉市美浜区,豊砂,2023-08-27,11,その他,駐車（輪）場,10歳代,高校生,施錠した
窃盗,自転車盗,千葉西,幕張メッセ,121061,千葉県,千葉市美浜区,豊砂,2023-10-30,14,その他,駐車（輪）場,40歳代,その他,施錠した
窃盗,自転車盗,千葉西,幕張メッセ,121061,千葉県,千葉市美浜区,豊砂,2023-11-24,07,駐車（輪）場,駐車（輪）場,10歳代,高校生,施錠した
窃盗,自転車盗,千葉西,幕張メッセ,121061,千葉県,千葉市美浜区,中瀬１丁目,2023-01-09,18,その他,駐車（輪）場,10歳代,高校生,施錠した
窃盗,自転車盗,千葉西,幕張メッセ,121061,千葉県,千葉市美浜区,中瀬１丁目,2023-02-05,18,道路上,その他,10歳代,大学生,施錠した
窃盗,自転車盗,千葉西,幕張メッセ,121061,千葉県,千葉市美浜区,中瀬１丁目,2023-02-20,07,その他,駐車（輪）場,20歳代,その他,施錠した
窃盗,自転車盗,千葉西,幕張メッセ,121061,千葉県,千葉市美浜区,中瀬１丁目,2023-04-21,09,その他,駐車（輪）場,50歳代,その他,施錠した
窃盗,自転車盗,千葉西,幕張メッセ,121061,千葉県,千葉市美浜区,中瀬１丁目,2023-04-21,18,その他,駐車（輪）場,20歳代,大学生,施錠した
窃盗,自転車盗,千葉西,幕張メッセ,121061,千葉県,千葉市美浜区,中瀬１丁目,2023-06-04,13,その他,駐車（輪）場,20歳代,その他,施錠せず
窃盗,自転車盗,千葉西,幕張メッセ,121061,千葉県,千葉市美浜区,中瀬１丁目,2023-07-11,16,その他,駐車（輪）場,30歳代,その他,施錠せず
窃盗,自転車盗,千葉西,幕張メッセ,121061,千葉県,千葉市美浜区,中瀬１丁目,2023-07-16,20,道路上,その他,40歳代,その他,施錠せず
窃盗,自転車盗,千葉西,幕張メッセ,121061,千葉県,千葉市美浜区,中瀬１丁目,2023-07-16,21,道路上,その他,10歳代,高校生,施錠せず
窃盗,自転車盗,千葉西,幕張メッセ,121061,千葉県,千葉市美浜区,中瀬１丁目,2023-08-21,16,道路上,その他,10歳代,高校生,施錠した
窃盗,自転車盗,千葉西,幕張メッセ,121061,千葉県,千葉市美浜区,中瀬１丁目,2023-09-02,16,道路上,その他,10歳代,高校生,施錠した
窃盗,自転車盗,千葉西,幕張メッセ,121061,千葉県,千葉市美浜区,中瀬１丁目,2023-09-23,15,その他,駐車（輪）場,20歳代,大学生,施錠した
窃盗,自転車盗,千葉西,幕張メッセ,121061,千葉県,千葉市美浜区,中瀬１丁目,2023-09-28,07,その他,駐車（輪）場,40歳代,その他,施錠せず
窃盗,自転車盗,千葉西,幕張メッセ,121061,千葉県,千葉市美浜区,中瀬１丁目,2023-11-13,08,その他,駐車（輪）場,40歳代,その他,施錠せず
窃盗,自転車盗,千葉西,幕張メッセ,121061,千葉県,千葉市美浜区,中瀬２丁目,2023-06-01,16,その他,駐車（輪）場,20歳代,大学生,施錠した
窃盗,自転車盗,千葉西,幕張メッセ,121061,千葉県,千葉市美浜区,浜田１丁目,2023-03-03,17,道路上,その他,10歳代,中学生,施錠せず
窃盗,自転車盗,千葉西,幕張メッセ,121061,千葉県,千葉市美浜区,ひび野１丁目,2022-12-13,21,駐車（輪）場,駐車（輪）場,40歳代,その他,施錠せず
窃盗,自転車盗,千葉西,幕張メッセ,121061,千葉県,千葉市美浜区,ひび野１丁目,2023-01-05,13,その他,駐車（輪）場,20歳代,大学生,施錠した
窃盗,自転車盗,千葉西,幕張メッセ,121061,千葉県,千葉市美浜区,ひび野１丁目,2023-01-26,09,駐車（輪）場,駐車（輪）場,30歳代,その他,施錠した
窃盗,自転車盗,千葉西,幕張メッセ,121061,千葉県,千葉市美浜区,ひび野１丁目,2023-02-20,14,その他,駐車（輪）場,50歳代,その他,施錠した
窃盗,自転車盗,千葉西,幕張メッセ,121061,千葉県,千葉市美浜区,ひび野１丁目,2023-06-03,18,その他,駐車（輪）場,20歳代,その他,施錠せず
窃盗,自転車盗,千葉西,幕張メッセ,121061,千葉県,千葉市美浜区,ひび野１丁目,2023-06-16,17,その他,駐車（輪）場,50歳代,その他,施錠せず
窃盗,自転車盗,千葉西,幕張メッセ,121061,千葉県,千葉市美浜区,ひび野１丁目,2023-07-02,20,道路上,その他,40歳代,その他,施錠した
窃盗,自転車盗,千葉西,幕張メッセ,121061,千葉県,千葉市美浜区,ひび野１丁目,2023-08-05,11,その他,駐車（輪）場,20歳代,大学生,施錠した
窃盗,自転車盗,千葉西,幕張メッセ,121061,千葉県,千葉市美浜区,ひび野１丁目,2023-09-19,16,その他,駐車（輪）場,10歳代,その他,施錠せず
窃盗,自転車盗,千葉西,幕張メッセ,121061,千葉県,千葉市美浜区,ひび野１丁目,2023-10-04,07,駐車（輪）場,駐車（輪）場,10歳代,高校生,施錠した
窃盗,自転車盗,千葉西,幕張メッセ,121061,千葉県,千葉市美浜区,ひび野１丁目,2023-10-08,11,道路上,その他,40歳代,その他,施錠せず
窃盗,自転車盗,千葉西,幕張メッセ,121061,千葉県,千葉市美浜区,ひび野１丁目,2023-12-15,16,駐車（輪）場,駐車（輪）場,30歳代,その他,施錠せず
窃盗,自転車盗,千葉西,幕張メッセ,121061,千葉県,千葉市美浜区,ひび野１丁目,2023-12-17,18,その他,駐車（輪）場,10歳代,高校生,施錠せず
窃盗,自転車盗,千葉西,幕張メッセ,121061,千葉県,千葉市美浜区,ひび野２丁目,2022-12-24,15,その他,駐車（輪）場,20歳代,大学生,施錠せず
窃盗,自転車盗,千葉西,幕張メッセ,121061,千葉県,千葉市美浜区,ひび野２丁目,2022-12-30,17,その他,駐車（輪）場,20歳代,大学生,施錠せず
窃盗,自転車盗,千葉西,幕張メッセ,121061,千葉県,千葉市美浜区,ひび野２丁目,2023-03-04,19,その他,駐車（輪）場,20歳代,その他,施錠した
窃盗,自転車盗,千葉西,幕張メッセ,121061,千葉県,千葉市美浜区,ひび野２丁目,2023-03-11,10,その他,駐車（輪）場,10歳代,高校生,施錠せず
窃盗,自転車盗,千葉西,幕張メッセ,121061,千葉県,千葉市美浜区,ひび野２丁目,2023-04-05,08,駐車（輪）場,駐車（輪）場,20歳代,その他,施錠せず
窃盗,自転車盗,千葉西,幕張メッセ,121061,千葉県,千葉市美浜区,ひび野２丁目,2023-04-28,07,その他,駐車（輪）場,10歳代,高校生,施錠した
窃盗,自転車盗,千葉西,幕張メッセ,121061,千葉県,千葉市美浜区,ひび野２丁目,2023-05-06,12,その他,駐車（輪）場,30歳代,その他,施錠した
窃盗,自転車盗,千葉西,幕張メッセ,121061,千葉県,千葉市美浜区,ひび野２丁目,2023-05-09,16,その他,駐車（輪）場,10歳代,高校生,施錠せず
窃盗,自転車盗,千葉西,幕張メッセ,121061,千葉県,千葉市美浜区,ひび野２丁目,2023-05-22,06,その他,駐車（輪）場,10歳代,中学生,施錠せず
窃盗,自転車盗,千葉西,幕張メッセ,121061,千葉県,千葉市美浜区,ひび野２丁目,2023-05-25,07,駐車（輪）場,駐車（輪）場,10歳代,高校生,施錠した
窃盗,自転車盗,千葉西,幕張メッセ,121061,千葉県,千葉市美浜区,ひび野２丁目,2023-07-02,13,その他,駐車（輪）場,10歳代,大学生,施錠した
窃盗,自転車盗,千葉西,幕張メッセ,121061,千葉県,千葉市美浜区,ひび野２丁目,2023-07-03,07,駐車（輪）場,駐車（輪）場,10歳代,中学生,施錠せず
窃盗,自転車盗,千葉西,幕張メッセ,121061,千葉県,千葉市美浜区,ひび野２丁目,2023-07-05,07,駐車（輪）場,駐車（輪）場,50歳代,その他,施錠した
窃盗,自転車盗,千葉西,幕張メッセ,121061,千葉県,千葉市美浜区,ひび野２丁目,2023-08-24,16,駐車（輪）場,駐車（輪）場,10歳代,大学生,施錠せず
窃盗,自転車盗,千葉西,幕張メッセ,121061,千葉県,千葉市美浜区,ひび野２丁目,2023-09-07,17,その他,駐車（輪）場,10歳代,大学生,施錠せず
窃盗,自転車盗,千葉西,幕張メッセ,121061,千葉県,千葉市美浜区,ひび野２丁目,2023-09-23,12,道路上,その他,10歳代,高校生,施錠した
窃盗,自転車盗,千葉西,幕張メッセ,121061,千葉県,千葉市美浜区,ひび野２丁目,2023-10-03,23,その他,駐車（輪）場,20歳代,大学生,施錠せず
窃盗,自転車盗,千葉西,幕張メッセ,121061,千葉県,千葉市美浜区,ひび野２丁目,2023-10-19,07,駐車（輪）場,駐車（輪）場,20歳代,大学生,施錠した
窃盗,自転車盗,千葉西,幕張メッセ,121061,千葉県,千葉市美浜区,ひび野２丁目,2023-10-31,12,その他,駐車（輪）場,20歳代,その他,施錠した
窃盗,自転車盗,千葉西,幕張メッセ,121061,千葉県,千葉市美浜区,ひび野２丁目,2023-11-03,12,その他,駐車（輪）場,10歳代,高校生,施錠せず
窃盗,自転車盗,千葉西,幕張メッセ,121061,千葉県,千葉市美浜区,ひび野２丁目,2023-11-09,16,道路上,その他,10歳代,小学生,施錠せず
窃盗,自転車盗,千葉西,幕張メッセ,121061,千葉県,千葉市美浜区,ひび野２丁目,2023-12-16,12,その他,駐車（輪）場,10歳代,中学生,施錠せず
窃盗,自転車盗,千葉西,幕張メッセ,121061,千葉県,千葉市美浜区,美浜,2023-09-24,17,道路上,その他,10歳代,大学生,施錠した
窃盗,自転車盗,千葉西,幕張メッセ,121061,千葉県,千葉市美浜区,美浜,2023-09-24,17,道路上,その他,10歳代,大学生,施錠した
窃盗,自転車盗,千葉西,幕張メッセ,121061,千葉県,千葉市美浜区,若葉１丁目,2023-06-17,09,その他,その他,10歳代,大学生,施錠せず
窃盗,自転車盗,千葉西,幕張本郷駅前,121029,千葉県,千葉市花見川区,幕張町１丁目,2023-07-12,16,その他,駐車（輪）場,10歳代,高校生,施錠せず
窃盗,自転車盗,千葉西,幕張本郷駅前,121029,千葉県,千葉市花見川区,幕張本郷１丁目,2022-12-09,12,駐車（輪）場,駐車（輪）場,10歳代,大学生,施錠した
窃盗,自転車盗,千葉西,幕張本郷駅前,121029,千葉県,千葉市花見川区,幕張本郷１丁目,2023-02-13,18,駐車（輪）場,駐車（輪）場,50歳代,その他,施錠せず
窃盗,自転車盗,千葉西,幕張本郷駅前,121029,千葉県,千葉市花見川区,幕張本郷１丁目,2023-03-27,13,駐車（輪）場,駐車（輪）場,10歳代,大学生,施錠した
窃盗,自転車盗,千葉西,幕張本郷駅前,121029,千葉県,千葉市花見川区,幕張本郷１丁目,2023-04-04,08,駐車（輪）場,駐車（輪）場,20歳代,その他,施錠せず
窃盗,自転車盗,千葉西,幕張本郷駅前,121029,千葉県,千葉市花見川区,幕張本郷１丁目,2023-05-20,07,駐車（輪）場,駐車（輪）場,10歳代,高校生,施錠せず
窃盗,自転車盗,千葉西,幕張本郷駅前,121029,千葉県,千葉市花見川区,幕張本郷１丁目,2023-06-03,20,その他の住宅（３階建て以下共同住宅等）,駐車（輪）場,20歳代,その他,施錠した
窃盗,自転車盗,千葉西,幕張本郷駅前,121029,千葉県,千葉市花見川区,幕張本郷１丁目,2023-07-02,16,４階建て以上共同住宅,駐車（輪）場,30歳代,その他,施錠した
窃盗,自転車盗,千葉西,幕張本郷駅前,121029,千葉県,千葉市花見川区,幕張本郷１丁目,2023-07-23,08,駐車（輪）場,駐車（輪）場,50歳代,その他,施錠した
窃盗,自転車盗,千葉西,幕張本郷駅前,121029,千葉県,千葉市花見川区,幕張本郷１丁目,2023-08-04,15,駐車（輪）場,駐車（輪）場,20歳代,大学生,施錠せず
窃盗,自転車盗,千葉西,幕張本郷駅前,121029,千葉県,千葉市花見川区,幕張本郷１丁目,2023-08-14,06,駐車（輪）場,駐車（輪）場,10歳代,高校生,施錠せず
窃盗,自転車盗,千葉西,幕張本郷駅前,121029,千葉県,千葉市花見川区,幕張本郷１丁目,2023-09-02,11,駐車（輪）場,駐車（輪）場,10歳代,中学生,施錠せず
窃盗,自転車盗,千葉西,幕張本郷駅前,121029,千葉県,千葉市花見川区,幕張本郷１丁目,2023-09-06,16,駐車（輪）場,駐車（輪）場,20歳代,大学生,施錠せず
窃盗,自転車盗,千葉西,幕張本郷駅前,121029,千葉県,千葉市花見川区,幕張本郷１丁目,2023-09-08,06,駐車（輪）場,駐車（輪）場,40歳代,その他,施錠した
窃盗,自転車盗,千葉西,幕張本郷駅前,121029,千葉県,千葉市花見川区,幕張本郷１丁目,2023-09-19,07,駐車（輪）場,駐車（輪）場,10歳代,高校生,施錠せず
窃盗,自転車盗,千葉西,幕張本郷駅前,121029,千葉県,千葉市花見川区,幕張本郷１丁目,2023-09-22,13,駐車（輪）場,駐車（輪）場,20歳代,大学生,施錠せず
窃盗,自転車盗,千葉西,幕張本郷駅前,121029,千葉県,千葉市花見川区,幕張本郷１丁目,2023-11-06,18,４階建て以上共同住宅,駐車（輪）場,40歳代,その他,施錠せず
窃盗,自転車盗,千葉西,幕張本郷駅前,121029,千葉県,千葉市花見川区,幕張本郷１丁目,2023-11-14,08,４階建て以上共同住宅,その他,20歳代,その他,施錠した
窃盗,自転車盗,千葉西,幕張本郷駅前,121029,千葉県,千葉市花見川区,幕張本郷２丁目,2023-03-11,20,その他,駐車（輪）場,20歳代,その他,施錠した
窃盗,自転車盗,千葉西,幕張本郷駅前,121029,千葉県,千葉市花見川区,幕張本郷２丁目,2023-03-12,22,その他の住宅（３階建て以下共同住宅等）,その他,50歳代,その他,施錠せず
窃盗,自転車盗,千葉西,幕張本郷駅前,121029,千葉県,千葉市花見川区,幕張本郷２丁目,2023-04-27,07,駐車（輪）場,駐車（輪）場,30歳代,その他,施錠した
窃盗,自転車盗,千葉西,幕張本郷駅前,121029,千葉県,千葉市花見川区,幕張本郷２丁目,2023-06-07,17,その他,駐車（輪）場,10歳代,大学生,施錠した
窃盗,自転車盗,千葉西,幕張本郷駅前,121029,千葉県,千葉市花見川区,幕張本郷２丁目,2023-09-17,11,駐車（輪）場,駐車（輪）場,30歳代,その他,施錠せず
窃盗,自転車盗,千葉西,幕張本郷駅前,121029,千葉県,千葉市花見川区,幕張本郷２丁目,2023-10-02,08,駐車（輪）場,駐車（輪）場,30歳代,その他,施錠せず
窃盗,自転車盗,千葉西,幕張本郷駅前,121029,千葉県,千葉市花見川区,幕張本郷２丁目,2023-10-10,20,その他,駐車（輪）場,30歳代,その他,施錠した
窃盗,自転車盗,千葉西,幕張本郷駅前,121029,千葉県,千葉市花見川区,幕張本郷２丁目,2023-10-17,08,駐車（輪）場,駐車（輪）場,10歳代,高校生,施錠せず
窃盗,自転車盗,千葉西,幕張本郷駅前,121029,千葉県,千葉市花見川区,幕張本郷２丁目,2023-10-18,01,道路上,その他,20歳代,大学生,施錠せず
窃盗,自転車盗,千葉西,幕張本郷駅前,121029,千葉県,千葉市花見川区,幕張本郷２丁目,2023-10-18,11,その他,駐車（輪）場,40歳代,その他,施錠した
窃盗,自転車盗,千葉西,幕張本郷駅前,121029,千葉県,千葉市花見川区,幕張本郷２丁目,2023-10-31,07,４階建て以上共同住宅,駐車（輪）場,40歳代,その他,施錠した
窃盗,自転車盗,千葉西,幕張本郷駅前,121029,千葉県,千葉市花見川区,幕張本郷２丁目,2023-12-15,08,駐車（輪）場,駐車（輪）場,50歳代,その他,施錠せず
窃盗,自転車盗,千葉西,幕張本郷駅前,121029,千葉県,千葉市花見川区,幕張本郷２丁目,2023-12-19,15,駐車（輪）場,駐車（輪）場,10歳代,高校生,施錠せず
窃盗,自転車盗,千葉西,幕張本郷駅前,121029,千葉県,千葉市花見川区,幕張本郷２丁目,不明,不明,４階建て以上共同住宅,駐車（輪）場,10歳代,大学生,施錠した
窃盗,自転車盗,千葉西,幕張本郷駅前,121029,千葉県,千葉市花見川区,幕張本郷３丁目,2023-03-24,17,４階建て以上共同住宅,駐車（輪）場,10歳未満,小学生,施錠せず
窃盗,自転車盗,千葉西,幕張本郷駅前,121029,千葉県,千葉市花見川区,幕張本郷３丁目,2023-07-27,19,４階建て以上共同住宅,その他,10歳代,大学生,施錠した
窃盗,自転車盗,千葉西,幕張本郷駅前,121029,千葉県,千葉市花見川区,幕張本郷３丁目,2023-11-02,20,４階建て以上共同住宅,その他,10歳代,高校生,施錠せず
窃盗,自転車盗,千葉西,幕張本郷駅前,121029,千葉県,千葉市花見川区,幕張本郷３丁目,2023-11-02,20,４階建て以上共同住宅,その他,10歳代,高校生,施錠せず
窃盗,自転車盗,千葉西,幕張本郷駅前,121029,千葉県,千葉市花見川区,幕張本郷４丁目,2023-10-30,12,その他の住宅（３階建て以下共同住宅等）,駐車（輪）場,20歳代,その他,施錠した
窃盗,自転車盗,千葉西,幕張本郷駅前,121029,千葉県,千葉市花見川区,幕張本郷５丁目,2023-02-22,07,４階建て以上共同住宅,駐車（輪）場,65-69歳,その他,施錠した
窃盗,自転車盗,千葉西,幕張本郷駅前,121029,千葉県,千葉市花見川区,幕張本郷５丁目,2023-07-03,13,その他の住宅（３階建て以下共同住宅等）,その他,30歳代,その他,施錠した
窃盗,自転車盗,千葉西,幕張本郷駅前,121029,千葉県,千葉市花見川区,幕張本郷６丁目,2023-09-23,07,駐車（輪）場,駐車（輪）場,20歳代,その他,施錠した
窃盗,自転車盗,千葉西,幕張本郷駅前,121029,千葉県,千葉市花見川区,幕張本郷６丁目,2023-10-25,05,駐車（輪）場,駐車（輪）場,30歳代,その他,施錠した
窃盗,自転車盗,千葉西,幕張本郷駅前,121029,千葉県,千葉市花見川区,幕張本郷６丁目,2023-11-04,20,駐車（輪）場,駐車（輪）場,20歳代,大学生,施錠せず
窃盗,自転車盗,千葉西,幕張本郷駅前,121029,千葉県,千葉市花見川区,幕張本郷７丁目,2023-01-18,21,その他の住宅（３階建て以下共同住宅等）,その他,20歳代,その他,施錠せず
窃盗,自転車盗,千葉西,幕張本郷駅前,121029,千葉県,千葉市花見川区,幕張本郷７丁目,2023-07-16,13,４階建て以上共同住宅,駐車（輪）場,10歳代,高校生,施錠した
窃盗,自転車盗,千葉西,幕張本郷駅前,121029,千葉県,千葉市花見川区,幕張本郷７丁目,2023-07-22,17,その他,その他,10歳代,小学生,施錠せず
窃盗,自転車盗,千葉西,幕張本郷駅前,121029,千葉県,千葉市花見川区,幕張本郷７丁目,2023-09-17,21,４階建て以上共同住宅,駐車（輪）場,10歳代,中学生,施錠せず
窃盗,自転車盗,千葉西,幕張本郷駅前,121029,千葉県,千葉市花見川区,幕張本郷７丁目,2023-11-24,17,その他の住宅（３階建て以下共同住宅等）,駐車（輪）場,10歳代,高校生,施錠せず
窃盗,自転車盗,千葉西,幕張駅前,121029,千葉県,千葉市花見川区,武石町１丁目,2023-06-08,07,一戸建住宅,駐車（輪）場,10歳未満,小学生,施錠せず
窃盗,自転車盗,千葉西,幕張駅前,121029,千葉県,千葉市花見川区,幕張町３丁目,2022-12-23,10,その他,駐車（輪）場,30歳代,その他,施錠せず
窃盗,自転車盗,千葉西,幕張駅前,121029,千葉県,千葉市花見川区,幕張町３丁目,2023-02-01,17,その他の住宅（３階建て以下共同住宅等）,駐車（輪）場,30歳代,その他,施錠せず
窃盗,自転車盗,千葉西,幕張駅前,121029,千葉県,千葉市花見川区,幕張町３丁目,2023-03-31,12,その他の住宅（３階建て以下共同住宅等）,駐車（輪）場,20歳代,その他,施錠せず
窃盗,自転車盗,千葉西,幕張駅前,121029,千葉県,千葉市花見川区,幕張町４丁目,2022-12-29,16,その他,駐車（輪）場,10歳代,高校生,施錠せず
窃盗,自転車盗,千葉西,幕張駅前,121029,千葉県,千葉市花見川区,幕張町４丁目,2022-12-29,19,一戸建住宅,その他,30歳代,その他,施錠せず
窃盗,自転車盗,千葉西,幕張駅前,121029,千葉県,千葉市花見川区,幕張町４丁目,2023-01-29,14,駐車（輪）場,駐車（輪）場,20歳代,その他,施錠した
窃盗,自転車盗,千葉西,幕張駅前,121029,千葉県,千葉市花見川区,幕張町４丁目,2023-02-08,11,駐車（輪）場,駐車（輪）場,20歳代,大学生,施錠した
窃盗,自転車盗,千葉西,幕張駅前,121029,千葉県,千葉市花見川区,幕張町４丁目,2023-02-08,14,その他の住宅（３階建て以下共同住宅等）,駐車（輪）場,60-64歳,その他,施錠せず
窃盗,自転車盗,千葉西,幕張駅前,121029,千葉県,千葉市花見川区,幕張町４丁目,2023-03-05,16,その他,駐車（輪）場,10歳代,高校生,施錠せず
窃盗,自転車盗,千葉西,幕張駅前,121029,千葉県,千葉市花見川区,幕張町４丁目,2023-03-16,11,道路上,その他,70歳以上,その他,施錠せず
窃盗,自転車盗,千葉西,幕張駅前,121029,千葉県,千葉市花見川区,幕張町４丁目,2023-03-21,07,その他,駐車（輪）場,10歳代,中学生,施錠せず
窃盗,自転車盗,千葉西,幕張駅前,121029,千葉県,千葉市花見川区,幕張町４丁目,2023-04-01,09,その他,駐車（輪）場,30歳代,その他,施錠した
窃盗,自転車盗,千葉西,幕張駅前,121029,千葉県,千葉市花見川区,幕張町４丁目,2023-04-01,10,その他,駐車（輪）場,40歳代,その他,施錠した
窃盗,自転車盗,千葉西,幕張駅前,121029,千葉県,千葉市花見川区,幕張町４丁目,2023-04-18,08,駐車（輪）場,駐車（輪）場,10歳代,大学生,施錠した
窃盗,自転車盗,千葉西,幕張駅前,121029,千葉県,千葉市花見川区,幕張町４丁目,2023-04-19,18,その他,駐車（輪）場,10歳代,大学生,施錠した
窃盗,自転車盗,千葉西,幕張駅前,121029,千葉県,千葉市花見川区,幕張町４丁目,2023-04-29,17,その他,駐車（輪）場,10歳代,大学生,施錠せず
窃盗,自転車盗,千葉西,幕張駅前,121029,千葉県,千葉市花見川区,幕張町４丁目,2023-05-13,04,その他の住宅（３階建て以下共同住宅等）,駐車（輪）場,20歳代,大学生,施錠せず
窃盗,自転車盗,千葉西,幕張駅前,121029,千葉県,千葉市花見川区,幕張町４丁目,2023-05-24,12,その他,駐車（輪）場,40歳代,その他,施錠せず
窃盗,自転車盗,千葉西,幕張駅前,121029,千葉県,千葉市花見川区,幕張町４丁目,2023-06-18,15,その他,駐車（輪）場,40歳代,その他,施錠した
窃盗,自転車盗,千葉西,幕張駅前,121029,千葉県,千葉市花見川区,幕張町４丁目,2023-06-25,17,その他,駐車（輪）場,10歳代,大学生,施錠せず
窃盗,自転車盗,千葉西,幕張駅前,121029,千葉県,千葉市花見川区,幕張町４丁目,2023-07-01,08,４階建て以上共同住宅,駐車（輪）場,50歳代,その他,施錠した
窃盗,自転車盗,千葉西,幕張駅前,121029,千葉県,千葉市花見川区,幕張町４丁目,2023-07-04,19,その他,駐車（輪）場,20歳代,その他,施錠せず
窃盗,自転車盗,千葉西,幕張駅前,121029,千葉県,千葉市花見川区,幕張町４丁目,2023-07-07,18,４階建て以上共同住宅,駐車（輪）場,40歳代,その他,施錠した
窃盗,自転車盗,千葉西,幕張駅前,121029,千葉県,千葉市花見川区,幕張町４丁目,2023-07-14,07,駐車（輪）場,駐車（輪）場,30歳代,その他,施錠した
窃盗,自転車盗,千葉西,幕張駅前,121029,千葉県,千葉市花見川区,幕張町４丁目,2023-07-14,18,その他,駐車（輪）場,10歳代,高校生,施錠せず
窃盗,自転車盗,千葉西,幕張駅前,121029,千葉県,千葉市花見川区,幕張町４丁目,2023-07-14,18,その他,駐車（輪）場,20歳代,その他,施錠せず
窃盗,自転車盗,千葉西,幕張駅前,121029,千葉県,千葉市花見川区,幕張町４丁目,2023-08-01,07,駐車（輪）場,駐車（輪）場,40歳代,その他,施錠した
窃盗,自転車盗,千葉西,幕張駅前,121029,千葉県,千葉市花見川区,幕張町４丁目,2023-08-08,13,その他,駐車（輪）場,20歳代,大学生,施錠せず
窃盗,自転車盗,千葉西,幕張駅前,121029,千葉県,千葉市花見川区,幕張町４丁目,2023-09-04,07,駐車（輪）場,駐車（輪）場,20歳代,その他,施錠した
窃盗,自転車盗,千葉西,幕張駅前,121029,千葉県,千葉市花見川区,幕張町４丁目,2023-09-10,16,その他,駐車（輪）場,40歳代,その他,施錠せず
窃盗,自転車盗,千葉西,幕張駅前,121029,千葉県,千葉市花見川区,幕張町４丁目,2023-09-17,12,その他,駐車（輪）場,50歳代,その他,施錠せず
窃盗,自転車盗,千葉西,幕張駅前,121029,千葉県,千葉市花見川区,幕張町４丁目,2023-09-22,17,駐車（輪）場,駐車（輪）場,10歳代,大学生,施錠せず
窃盗,自転車盗,千葉西,幕張駅前,121029,千葉県,千葉市花見川区,幕張町４丁目,2023-11-05,15,駐車（輪）場,駐車（輪）場,10歳代,中学生,施錠せず
窃盗,自転車盗,千葉西,幕張駅前,121029,千葉県,千葉市花見川区,幕張町４丁目,2023-11-08,11,駐車（輪）場,駐車（輪）場,20歳代,大学生,施錠せず
窃盗,自転車盗,千葉西,幕張駅前,121029,千葉県,千葉市花見川区,幕張町４丁目,2023-12-09,17,一戸建住宅,その他,20歳代,大学生,施錠した
窃盗,自転車盗,千葉西,幕張駅前,121029,千葉県,千葉市花見川区,幕張町５丁目,2022-12-10,19,４階建て以上共同住宅,駐車（輪）場,20歳代,大学生,施錠した
窃盗,自転車盗,千葉西,幕張駅前,121029,千葉県,千葉市花見川区,幕張町５丁目,2023-04-09,21,その他,駐車（輪）場,20歳代,その他,施錠せず
窃盗,自転車盗,千葉西,幕張駅前,121029,千葉県,千葉市花見川区,幕張町５丁目,2023-05-25,07,駐車（輪）場,駐車（輪）場,50歳代,その他,施錠せず
窃盗,自転車盗,千葉西,幕張駅前,121029,千葉県,千葉市花見川区,幕張町５丁目,2023-07-09,23,駐車（輪）場,駐車（輪）場,20歳代,その他,施錠せず
窃盗,自転車盗,千葉西,幕張駅前,121029,千葉県,千葉市花見川区,幕張町５丁目,2023-07-25,16,駐車（輪）場,駐車（輪）場,30歳代,その他,施錠した
窃盗,自転車盗,千葉西,幕張駅前,121029,千葉県,千葉市花見川区,幕張町５丁目,2023-08-15,10,その他,駐車（輪）場,65-69歳,その他,施錠せず
窃盗,自転車盗,千葉西,幕張駅前,121029,千葉県,千葉市花見川区,幕張町５丁目,2023-09-09,09,駐車（輪）場,駐車（輪）場,20歳代,その他,施錠した
窃盗,自転車盗,千葉西,幕張駅前,121029,千葉県,千葉市花見川区,幕張町５丁目,2023-09-30,15,４階建て以上共同住宅,駐車（輪）場,10歳代,中学生,施錠せず
窃盗,自転車盗,千葉西,幕張駅前,121029,千葉県,千葉市花見川区,幕張町５丁目,2023-10-04,08,その他,駐車（輪）場,10歳代,その他,施錠せず
窃盗,自転車盗,千葉西,幕張駅前,121029,千葉県,千葉市花見川区,幕張町５丁目,2023-10-10,21,その他の住宅（３階建て以下共同住宅等）,駐車（輪）場,20歳代,その他,施錠せず
窃盗,自転車盗,千葉西,幕張駅前,121029,千葉県,千葉市花見川区,幕張町５丁目,2023-10-15,23,その他,その他,20歳代,大学生,施錠した
窃盗,自転車盗,千葉西,幕張駅前,121029,千葉県,千葉市花見川区,幕張町５丁目,2023-10-16,17,４階建て以上共同住宅,駐車（輪）場,20歳代,その他,施錠した
窃盗,自転車盗,千葉西,幕張駅前,121029,千葉県,千葉市花見川区,幕張町５丁目,2023-12-20,17,その他の住宅（３階建て以下共同住宅等）,駐車（輪）場,20歳代,大学生,施錠せず
窃盗,自転車盗,千葉西,幕張駅前,121029,千葉県,千葉市花見川区,幕張町５丁目,不明,不明,その他の住宅（３階建て以下共同住宅等）,駐車（輪）場,20歳代,大学生,施錠した
窃盗,自転車盗,千葉西,幕張駅前,121029,千葉県,千葉市花見川区,幕張町５丁目,不明,不明,駐車（輪）場,駐車（輪）場,30歳代,その他,施錠せず
窃盗,自転車盗,千葉西,幕張駅前,121029,千葉県,千葉市花見川区,幕張町６丁目,2023-04-20,08,駐車（輪）場,駐車（輪）場,20歳代,その他,施錠した
窃盗,自転車盗,千葉西,幕張駅前,121029,千葉県,千葉市花見川区,幕張町６丁目,2023-06-25,19,一戸建住宅,駐車（輪）場,40歳代,その他,施錠せず
窃盗,自転車盗,千葉西,幕張駅前,121029,千葉県,千葉市花見川区,幕張町６丁目,2023-07-18,14,その他の住宅（３階建て以下共同住宅等）,その他,30歳代,その他,施錠せず
窃盗,自転車盗,千葉西,幕張駅前,121029,千葉県,千葉市花見川区,幕張町６丁目,2023-10-31,15,駐車（輪）場,駐車（輪）場,40歳代,その他,施錠した
窃盗,自転車盗,千葉西,幕張駅前,121029,千葉県,千葉市花見川区,幕張町６丁目,2023-11-16,19,４階建て以上共同住宅,駐車（輪）場,40歳代,その他,施錠せず
窃盗,自転車盗,千葉西,幕張駅前,121029,千葉県,千葉市花見川区,幕張町６丁目,2023-11-29,09,駐車（輪）場,駐車（輪）場,10歳代,大学生,施錠せず
窃盗,自転車盗,千葉西,幕張駅前,121029,千葉県,千葉市花見川区,幕張本郷６丁目,2023-05-30,09,その他,駐車（輪）場,20歳代,その他,施錠した
窃盗,自転車盗,千葉西,幕張駅前,121061,千葉県,千葉市美浜区,若葉１丁目,2023-10-21,08,その他,駐車（輪）場,20歳代,その他,施錠せず
窃盗,自転車盗,千葉西,幸町,121061,千葉県,千葉市美浜区,幸町１丁目,2023-02-14,16,４階建て以上共同住宅,駐車（輪）場,10歳代,小学生,施錠せず
窃盗,自転車盗,千葉西,幸町,121061,千葉県,千葉市美浜区,幸町１丁目,2023-03-02,22,４階建て以上共同住宅,駐車（輪）場,10歳代,高校生,施錠した
窃盗,自転車盗,千葉西,幸町,121061,千葉県,千葉市美浜区,幸町１丁目,2023-03-08,19,一戸建住宅,その他,40歳代,その他,施錠した
窃盗,自転車盗,千葉西,幸町,121061,千葉県,千葉市美浜区,幸町１丁目,2023-05-06,10,４階建て以上共同住宅,駐車（輪）場,10歳代,大学生,施錠した
窃盗,自転車盗,千葉西,幸町,121061,千葉県,千葉市美浜区,幸町１丁目,2023-05-13,22,４階建て以上共同住宅,駐車（輪）場,20歳代,大学生,施錠した
窃盗,自転車盗,千葉西,幸町,121061,千葉県,千葉市美浜区,幸町１丁目,2023-06-11,22,４階建て以上共同住宅,駐車（輪）場,20歳代,その他,施錠せず
窃盗,自転車盗,千葉西,幸町,121061,千葉県,千葉市美浜区,幸町１丁目,2023-08-26,19,４階建て以上共同住宅,駐車（輪）場,10歳代,高校生,施錠せず
窃盗,自転車盗,千葉西,幸町,121061,千葉県,千葉市美浜区,幸町１丁目,2023-09-13,16,４階建て以上共同住宅,駐車（輪）場,10歳代,大学生,施錠せず
窃盗,自転車盗,千葉西,幸町,121061,千葉県,千葉市美浜区,幸町１丁目,2023-10-29,14,その他,駐車（輪）場,10歳代,中学生,施錠せず
窃盗,自転車盗,千葉西,幸町,121061,千葉県,千葉市美浜区,幸町２丁目,2022-12-24,14,４階建て以上共同住宅,その他,40歳代,その他,施錠した
窃盗,自転車盗,千葉西,幸町,121061,千葉県,千葉市美浜区,幸町２丁目,2023-01-01,08,４階建て以上共同住宅,駐車（輪）場,40歳代,その他,施錠した
窃盗,自転車盗,千葉西,幸町,121061,千葉県,千葉市美浜区,幸町２丁目,2023-01-18,18,４階建て以上共同住宅,駐車（輪）場,20歳代,その他,施錠した
窃盗,自転車盗,千葉西,幸町,121061,千葉県,千葉市美浜区,幸町２丁目,2023-01-18,19,４階建て以上共同住宅,駐車（輪）場,10歳代,その他,施錠せず
窃盗,自転車盗,千葉西,幸町,121061,千葉県,千葉市美浜区,幸町２丁目,2023-02-04,10,４階建て以上共同住宅,駐車（輪）場,60-64歳,その他,施錠した
窃盗,自転車盗,千葉西,幸町,121061,千葉県,千葉市美浜区,幸町２丁目,2023-02-09,21,その他の住宅（３階建て以下共同住宅等）,駐車（輪）場,20歳代,その他,施錠せず
窃盗,自転車盗,千葉西,幸町,121061,千葉県,千葉市美浜区,幸町２丁目,2023-02-18,16,４階建て以上共同住宅,その他,70歳以上,その他,施錠せず
窃盗,自転車盗,千葉西,幸町,121061,千葉県,千葉市美浜区,幸町２丁目,2023-03-31,12,その他,駐車（輪）場,20歳代,大学生,施錠せず
窃盗,自転車盗,千葉西,幸町,121061,千葉県,千葉市美浜区,幸町２丁目,2023-04-03,07,４階建て以上共同住宅,駐車（輪）場,20歳代,その他,施錠せず
窃盗,自転車盗,千葉西,幸町,121061,千葉県,千葉市美浜区,幸町２丁目,2023-04-27,15,その他の住宅（３階建て以下共同住宅等）,駐車（輪）場,50歳代,その他,施錠せず
窃盗,自転車盗,千葉西,幸町,121061,千葉県,千葉市美浜区,幸町２丁目,2023-05-17,16,４階建て以上共同住宅,駐車（輪）場,20歳代,その他,施錠せず
窃盗,自転車盗,千葉西,幸町,121061,千葉県,千葉市美浜区,幸町２丁目,2023-06-13,19,４階建て以上共同住宅,駐車（輪）場,10歳代,高校生,施錠せず
窃盗,自転車盗,千葉西,幸町,121061,千葉県,千葉市美浜区,幸町２丁目,2023-06-17,15,４階建て以上共同住宅,駐車（輪）場,30歳代,その他,施錠せず
窃盗,自転車盗,千葉西,幸町,121061,千葉県,千葉市美浜区,幸町２丁目,2023-07-22,15,４階建て以上共同住宅,その他,20歳代,その他,施錠した
窃盗,自転車盗,千葉西,幸町,121061,千葉県,千葉市美浜区,幸町２丁目,2023-07-22,23,４階建て以上共同住宅,駐車（輪）場,20歳代,その他,施錠した
窃盗,自転車盗,千葉西,幸町,121061,千葉県,千葉市美浜区,幸町２丁目,2023-07-27,03,４階建て以上共同住宅,駐車（輪）場,70歳以上,その他,施錠した
窃盗,自転車盗,千葉西,幸町,121061,千葉県,千葉市美浜区,幸町２丁目,2023-07-27,12,４階建て以上共同住宅,駐車（輪）場,70歳以上,その他,施錠した
窃盗,自転車盗,千葉西,幸町,121061,千葉県,千葉市美浜区,幸町２丁目,2023-08-06,15,４階建て以上共同住宅,駐車（輪）場,70歳以上,その他,施錠した
窃盗,自転車盗,千葉西,幸町,121061,千葉県,千葉市美浜区,幸町２丁目,2023-08-22,18,４階建て以上共同住宅,駐車（輪）場,30歳代,その他,施錠せず
窃盗,自転車盗,千葉西,幸町,121061,千葉県,千葉市美浜区,幸町２丁目,2023-10-20,06,４階建て以上共同住宅,駐車（輪）場,30歳代,その他,施錠せず
窃盗,自転車盗,千葉西,幸町,121061,千葉県,千葉市美浜区,幸町２丁目,2023-10-21,14,４階建て以上共同住宅,駐車（輪）場,10歳未満,小学生,施錠した
窃盗,自転車盗,千葉西,幸町,121061,千葉県,千葉市美浜区,幸町２丁目,2023-10-31,16,その他,駐車（輪）場,40歳代,その他,施錠した
窃盗,自転車盗,千葉西,幸町,121061,千葉県,千葉市美浜区,幸町２丁目,2023-12-16,20,その他,駐車（輪）場,10歳代,大学生,施錠せず
窃盗,自転車盗,千葉西,幸町,121061,千葉県,千葉市美浜区,新港,2023-07-27,08,その他,駐車（輪）場,30歳代,その他,施錠せず
窃盗,自転車盗,千葉西,幸町,121061,千葉県,千葉市美浜区,新港,2023-08-03,07,その他,駐車（輪）場,20歳代,その他,施錠せず
窃盗,自転車盗,千葉西,幸町,121061,千葉県,千葉市美浜区,高洲２丁目,2023-11-11,18,その他の住宅（３階建て以下共同住宅等）,駐車（輪）場,10歳代,高校生,施錠せず
窃盗,自転車盗,千葉西,新検見川駅前,121029,千葉県,千葉市花見川区,検見川町１丁目,2023-04-01,10,駐車（輪）場,駐車（輪）場,10歳代,高校生,施錠せず
窃盗,自転車盗,千葉西,新検見川駅前,121029,千葉県,千葉市花見川区,検見川町１丁目,2023-05-25,07,駐車（輪）場,駐車（輪）場,10歳代,高校生,施錠せず
窃盗,自転車盗,千葉西,新検見川駅前,121029,千葉県,千葉市花見川区,検見川町１丁目,2023-10-31,07,駐車（輪）場,駐車（輪）場,10歳代,高校生,施錠せず
窃盗,自転車盗,千葉西,新検見川駅前,121029,千葉県,千葉市花見川区,検見川町１丁目,不明,不明,その他の住宅（３階建て以下共同住宅等）,駐車（輪）場,20歳代,その他,施錠した
窃盗,自転車盗,千葉西,新検見川駅前,121029,千葉県,千葉市花見川区,検見川町５丁目,2023-05-14,20,一戸建住宅,その他,10歳代,中学生,施錠せず
窃盗,自転車盗,千葉西,新検見川駅前,121029,千葉県,千葉市花見川区,検見川町５丁目,2023-12-23,16,一戸建住宅,その他,70歳以上,その他,施錠せず
窃盗,自転車盗,千葉西,新検見川駅前,121029,千葉県,千葉市花見川区,浪花町,2023-03-12,14,一戸建住宅,駐車（輪）場,60-64歳,その他,施錠せず
窃盗,自転車盗,千葉西,新検見川駅前,121029,千葉県,千葉市花見川区,花園１丁目,2023-02-19,08,駐車（輪）場,駐車（輪）場,10歳代,大学生,施錠した
窃盗,自転車盗,千葉西,新検見川駅前,121029,千葉県,千葉市花見川区,花園１丁目,2023-05-21,09,道路上,その他,20歳代,その他,施錠した
窃盗,自転車盗,千葉西,新検見川駅前,121029,千葉県,千葉市花見川区,花園１丁目,2023-08-18,17,駐車（輪）場,駐車（輪）場,10歳代,中学生,施錠せず
窃盗,自転車盗,千葉西,新検見川駅前,121029,千葉県,千葉市花見川区,花園１丁目,2023-10-27,22,駐車（輪）場,駐車（輪）場,10歳代,中学生,施錠せず
窃盗,自転車盗,千葉西,新検見川駅前,121029,千葉県,千葉市花見川区,花園２丁目,2022-12-22,21,道路上,その他,20歳代,その他,施錠せず
窃盗,自転車盗,千葉西,新検見川駅前,121029,千葉県,千葉市花見川区,花園２丁目,2023-02-08,07,その他,駐車（輪）場,10歳代,高校生,施錠した
窃盗,自転車盗,千葉西,新検見川駅前,121029,千葉県,千葉市花見川区,花園２丁目,2023-04-08,17,その他の住宅（３階建て以下共同住宅等）,その他,20歳代,その他,施錠した
窃盗,自転車盗,千葉西,新検見川駅前,121029,千葉県,千葉市花見川区,花園２丁目,2023-10-25,07,駐車（輪）場,駐車（輪）場,10歳代,高校生,施錠した
窃盗,自転車盗,千葉西,新検見川駅前,121029,千葉県,千葉市花見川区,花園３丁目,2023-10-06,21,一戸建住宅,駐車（輪）場,10歳代,高校生,施錠せず
窃盗,自転車盗,千葉西,新検見川駅前,121029,千葉県,千葉市花見川区,花園５丁目,2023-06-01,07,駐車（輪）場,駐車（輪）場,10歳代,高校生,施錠せず
窃盗,自転車盗,千葉西,新検見川駅前,121029,千葉県,千葉市花見川区,花園５丁目,2023-06-24,11,駐車（輪）場,駐車（輪）場,20歳代,その他,施錠した
窃盗,自転車盗,千葉西,新検見川駅前,121029,千葉県,千葉市花見川区,花園５丁目,2023-09-14,07,駐車（輪）場,駐車（輪）場,20歳代,その他,施錠せず
窃盗,自転車盗,千葉西,新検見川駅前,121029,千葉県,千葉市花見川区,花園町,2023-03-10,14,その他の住宅（３階建て以下共同住宅等）,その他,70歳以上,その他,施錠せず
窃盗,自転車盗,千葉西,新検見川駅前,121029,千葉県,千葉市花見川区,南花園１丁目,2023-06-29,14,一戸建住宅,駐車（輪）場,20歳代,大学生,施錠した
窃盗,自転車盗,千葉西,新検見川駅前,121029,千葉県,千葉市花見川区,南花園１丁目,2023-12-17,09,道路上,その他,10歳代,中学生,施錠せず
窃盗,自転車盗,千葉西,新検見川駅前,121029,千葉県,千葉市花見川区,南花園２丁目,2023-03-20,07,駐車（輪）場,駐車（輪）場,20歳代,その他,施錠せず
窃盗,自転車盗,千葉西,新検見川駅前,121029,千葉県,千葉市花見川区,南花園２丁目,2023-04-01,15,駐車（輪）場,駐車（輪）場,40歳代,その他,施錠した
窃盗,自転車盗,千葉西,新検見川駅前,121029,千葉県,千葉市花見川区,南花園２丁目,2023-07-29,14,その他,その他,10歳代,大学生,施錠した
窃盗,自転車盗,千葉西,新検見川駅前,121029,千葉県,千葉市花見川区,南花園２丁目,2023-08-22,19,駐車（輪）場,駐車（輪）場,10歳代,高校生,施錠せず
窃盗,自転車盗,千葉西,新検見川駅前,121029,千葉県,千葉市花見川区,南花園２丁目,2023-09-29,19,道路上,その他,30歳代,その他,施錠せず
窃盗,自転車盗,千葉西,新検見川駅前,121029,千葉県,千葉市花見川区,南花園２丁目,2023-10-05,18,駐車（輪）場,駐車（輪）場,30歳代,その他,施錠せず
窃盗,自転車盗,千葉西,新検見川駅前,121029,千葉県,千葉市花見川区,南花園２丁目,2023-10-20,17,駐車（輪）場,駐車（輪）場,10歳代,中学生,施錠せず
窃盗,自転車盗,千葉西,新検見川駅前,121029,千葉県,千葉市花見川区,南花園２丁目,2023-11-17,08,駐車（輪）場,駐車（輪）場,10歳代,大学生,施錠せず
窃盗,自転車盗,千葉西,検見川浜駅前,121029,千葉県,千葉市花見川区,検見川町３丁目,2023-04-22,15,その他の住宅（３階建て以下共同住宅等）,その他,20歳代,その他,施錠せず
窃盗,自転車盗,千葉西,検見川浜駅前,121029,千葉県,千葉市花見川区,検見川町３丁目,2023-07-27,22,その他の住宅（３階建て以下共同住宅等）,駐車（輪）場,20歳代,その他,施錠した
窃盗,自転車盗,千葉西,検見川浜駅前,121037,千葉県,千葉市稲毛区,稲毛３丁目,2023-05-20,08,駐車（輪）場,駐車（輪）場,30歳代,その他,施錠せず
窃盗,自転車盗,千葉西,検見川浜駅前,121061,千葉県,千葉市美浜区,磯辺２丁目,2023-09-11,08,その他,駐車（輪）場,10歳代,高校生,施錠せず
窃盗,自転車盗,千葉西,検見川浜駅前,121061,千葉県,千葉市美浜区,磯辺５丁目,2022-12-23,12,駐車（輪）場,駐車（輪）場,10歳代,高校生,施錠した
窃盗,自転車盗,千葉西,検見川浜駅前,121061,千葉県,千葉市美浜区,磯辺５丁目,2023-02-20,17,４階建て以上共同住宅,駐車（輪）場,10歳代,小学生,施錠した
窃盗,自転車盗,千葉西,検見川浜駅前,121061,千葉県,千葉市美浜区,磯辺５丁目,2023-03-04,16,駐車（輪）場,駐車（輪）場,20歳代,その他,施錠せず
窃盗,自転車盗,千葉西,検見川浜駅前,121061,千葉県,千葉市美浜区,磯辺５丁目,2023-04-04,20,道路上,その他,50歳代,その他,施錠した
窃盗,自転車盗,千葉西,検見川浜駅前,121061,千葉県,千葉市美浜区,磯辺５丁目,2023-04-22,17,４階建て以上共同住宅,駐車（輪）場,50歳代,その他,施錠した
窃盗,自転車盗,千葉西,検見川浜駅前,121061,千葉県,千葉市美浜区,磯辺５丁目,2023-05-03,11,駐車（輪）場,駐車（輪）場,20歳代,その他,施錠した
窃盗,自転車盗,千葉西,検見川浜駅前,121061,千葉県,千葉市美浜区,磯辺５丁目,2023-06-18,20,その他,その他,60-64歳,その他,施錠せず
窃盗,自転車盗,千葉西,検見川浜駅前,121061,千葉県,千葉市美浜区,磯辺５丁目,2023-11-23,07,駐車（輪）場,駐車（輪）場,10歳代,高校生,施錠した
窃盗,自転車盗,千葉西,検見川浜駅前,121061,千葉県,千葉市美浜区,磯辺６丁目,2022-12-25,17,４階建て以上共同住宅,駐車（輪）場,10歳代,小学生,施錠せず
窃盗,自転車盗,千葉西,検見川浜駅前,121061,千葉県,千葉市美浜区,磯辺６丁目,2023-04-22,21,４階建て以上共同住宅,駐車（輪）場,20歳代,大学生,施錠した
窃盗,自転車盗,千葉西,検見川浜駅前,121061,千葉県,千葉市美浜区,磯辺８丁目,2022-12-28,12,一戸建住宅,その他,40歳代,その他,施錠せず
窃盗,自転車盗,千葉西,検見川浜駅前,121061,千葉県,千葉市美浜区,磯辺８丁目,2022-12-28,21,一戸建住宅,その他,10歳代,高校生,施錠せず
窃盗,自転車盗,千葉西,検見川浜駅前,121061,千葉県,千葉市美浜区,磯辺８丁目,2023-07-03,20,一戸建住宅,その他,10歳代,中学生,施錠せず
窃盗,自転車盗,千葉西,検見川浜駅前,121061,千葉県,千葉市美浜区,真砂４丁目,2023-02-16,02,その他,駐車（輪）場,40歳代,その他,施錠した
窃盗,自転車盗,千葉西,検見川浜駅前,121061,千葉県,千葉市美浜区,真砂４丁目,2023-02-28,15,その他,その他,65-69歳,その他,施錠した
窃盗,自転車盗,千葉西,検見川浜駅前,121061,千葉県,千葉市美浜区,真砂４丁目,2023-03-10,08,駐車（輪）場,駐車（輪）場,40歳代,その他,施錠せず
窃盗,自転車盗,千葉西,検見川浜駅前,121061,千葉県,千葉市美浜区,真砂４丁目,2023-04-14,12,４階建て以上共同住宅,駐車（輪）場,20歳代,大学生,施錠した
窃盗,自転車盗,千葉西,検見川浜駅前,121061,千葉県,千葉市美浜区,真砂４丁目,2023-07-20,05,駐車（輪）場,駐車（輪）場,65-69歳,その他,施錠せず
窃盗,自転車盗,千葉西,検見川浜駅前,121061,千葉県,千葉市美浜区,真砂４丁目,2023-07-21,16,４階建て以上共同住宅,駐車（輪）場,10歳代,大学生,施錠せず
窃盗,自転車盗,千葉西,検見川浜駅前,121061,千葉県,千葉市美浜区,真砂４丁目,2023-08-04,19,４階建て以上共同住宅,駐車（輪）場,30歳代,その他,施錠せず
窃盗,自転車盗,千葉西,検見川浜駅前,121061,千葉県,千葉市美浜区,真砂４丁目,2023-10-12,04,道路上,その他,50歳代,その他,施錠せず
窃盗,自転車盗,千葉西,検見川浜駅前,121061,千葉県,千葉市美浜区,真砂４丁目,2023-10-17,18,駐車（輪）場,駐車（輪）場,40歳代,その他,施錠した
窃盗,自転車盗,千葉西,真砂,121061,千葉県,千葉市美浜区,真砂１丁目,2023-05-15,01,その他,駐車（輪）場,40歳代,その他,施錠せず
窃盗,自転車盗,千葉西,真砂,121061,千葉県,千葉市美浜区,真砂１丁目,2023-05-17,20,４階建て以上共同住宅,駐車（輪）場,20歳代,その他,施錠した
窃盗,自転車盗,千葉西,真砂,121061,千葉県,千葉市美浜区,真砂２丁目,2023-03-28,21,４階建て以上共同住宅,駐車（輪）場,40歳代,その他,施錠した
窃盗,自転車盗,千葉西,真砂,121061,千葉県,千葉市美浜区,真砂２丁目,2023-04-06,15,道路上,その他,10歳代,中学生,施錠せず
窃盗,自転車盗,千葉西,真砂,121061,千葉県,千葉市美浜区,真砂２丁目,2023-10-19,13,４階建て以上共同住宅,駐車（輪）場,10歳代,中学生,施錠せず
窃盗,自転車盗,千葉西,真砂,121061,千葉県,千葉市美浜区,真砂２丁目,2023-10-26,23,４階建て以上共同住宅,駐車（輪）場,70歳以上,その他,施錠した
窃盗,自転車盗,千葉西,真砂,121061,千葉県,千葉市美浜区,真砂３丁目,不明,不明,４階建て以上共同住宅,駐車（輪）場,50歳代,その他,施錠した
窃盗,自転車盗,千葉西,真砂,121061,千葉県,千葉市美浜区,真砂４丁目,2022-12-24,17,４階建て以上共同住宅,駐車（輪）場,30歳代,その他,施錠した
窃盗,自転車盗,千葉西,真砂,121061,千葉県,千葉市美浜区,真砂４丁目,2023-06-26,10,一戸建住宅,その他,50歳代,その他,施錠した
窃盗,自転車盗,千葉西,真砂,121061,千葉県,千葉市美浜区,真砂４丁目,2023-08-07,14,その他の住宅（３階建て以下共同住宅等）,駐車（輪）場,30歳代,その他,施錠した
窃盗,自転車盗,千葉西,真砂,121061,千葉県,千葉市美浜区,真砂４丁目,2023-09-29,11,４階建て以上共同住宅,駐車（輪）場,70歳以上,その他,施錠した
窃盗,自転車盗,千葉西,稲毛海岸駅前,121029,千葉県,千葉市花見川区,花園３丁目,2023-02-27,08,その他の住宅（３階建て以下共同住宅等）,その他,30歳代,その他,施錠せず
窃盗,自転車盗,千葉西,稲毛海岸駅前,121037,千葉県,千葉市稲毛区,稲毛３丁目,2023-07-25,08,駐車（輪）場,駐車（輪）場,10歳代,その他,施錠せず
窃盗,自転車盗,千葉西,稲毛海岸駅前,121037,千葉県,千葉市稲毛区,稲毛東３丁目,2023-01-04,18,その他の住宅（３階建て以下共同住宅等）,その他,20歳代,その他,施錠せず
窃盗,自転車盗,千葉西,稲毛海岸駅前,121037,千葉県,千葉市稲毛区,稲毛東３丁目,2023-02-19,06,駐車（輪）場,駐車（輪）場,20歳代,その他,施錠せず
窃盗,自転車盗,千葉西,稲毛海岸駅前,121037,千葉県,千葉市稲毛区,稲毛東３丁目,2023-10-13,16,駐車（輪）場,駐車（輪）場,40歳代,その他,施錠せず
窃盗,自転車盗,千葉西,稲毛海岸駅前,121037,千葉県,千葉市稲毛区,稲毛東４丁目,2023-01-21,19,４階建て以上共同住宅,駐車（輪）場,10歳代,中学生,施錠した
窃盗,自転車盗,千葉西,稲毛海岸駅前,121037,千葉県,千葉市稲毛区,稲毛東４丁目,2023-02-19,16,駐車（輪）場,駐車（輪）場,20歳代,その他,施錠した
窃盗,自転車盗,千葉西,稲毛海岸駅前,121037,千葉県,千葉市稲毛区,稲毛東５丁目,2023-10-11,14,その他,その他,10歳代,小学生,施錠した
窃盗,自転車盗,千葉西,稲毛海岸駅前,121037,千葉県,千葉市稲毛区,小仲台２丁目,2023-02-22,15,その他,その他,10歳代,高校生,施錠した
窃盗,自転車盗,千葉西,稲毛海岸駅前,121037,千葉県,千葉市稲毛区,小仲台２丁目,2023-12-05,07,駐車（輪）場,駐車（輪）場,10歳代,大学生,施錠した
窃盗,自転車盗,千葉西,稲毛海岸駅前,121037,千葉県,千葉市稲毛区,小仲台７丁目,2022-11-26,21,道路上,その他,65-69歳,その他,施錠せず
窃盗,自転車盗,千葉西,稲毛海岸駅前,121061,千葉県,千葉市美浜区,稲毛海岸１丁目,2023-04-29,13,その他の住宅（３階建て以下共同住宅等）,駐車（輪）場,20歳代,その他,施錠した
窃盗,自転車盗,千葉西,稲毛海岸駅前,121061,千葉県,千葉市美浜区,稲毛海岸１丁目,2023-06-10,22,一戸建住宅,駐車（輪）場,30歳代,その他,施錠した
窃盗,自転車盗,千葉西,稲毛海岸駅前,121061,千葉県,千葉市美浜区,稲毛海岸１丁目,2023-09-20,06,４階建て以上共同住宅,駐車（輪）場,20歳代,その他,施錠せず
窃盗,自転車盗,千葉西,稲毛海岸駅前,121061,千葉県,千葉市美浜区,稲毛海岸１丁目,2023-12-20,19,４階建て以上共同住宅,駐車（輪）場,20歳代,大学生,施錠せず
窃盗,自転車盗,千葉西,稲毛海岸駅前,121061,千葉県,千葉市美浜区,稲毛海岸３丁目,2022-10-20,不明,４階建て以上共同住宅,駐車（輪）場,10歳代,大学生,施錠せず
窃盗,自転車盗,千葉西,稲毛海岸駅前,121061,千葉県,千葉市美浜区,稲毛海岸３丁目,2023-05-05,22,４階建て以上共同住宅,駐車（輪）場,10歳代,大学生,施錠した
窃盗,自転車盗,千葉西,稲毛海岸駅前,121061,千葉県,千葉市美浜区,稲毛海岸３丁目,2023-05-22,12,４階建て以上共同住宅,駐車（輪）場,50歳代,その他,施錠した
窃盗,自転車盗,千葉西,稲毛海岸駅前,121061,千葉県,千葉市美浜区,稲毛海岸３丁目,2023-06-18,21,４階建て以上共同住宅,駐車（輪）場,20歳代,その他,施錠せず
窃盗,自転車盗,千葉西,稲毛海岸駅前,121061,千葉県,千葉市美浜区,稲毛海岸３丁目,2023-07-15,15,４階建て以上共同住宅,駐車（輪）場,10歳代,高校生,施錠せず
窃盗,自転車盗,千葉西,稲毛海岸駅前,121061,千葉県,千葉市美浜区,稲毛海岸３丁目,2023-09-09,18,４階建て以上共同住宅,駐車（輪）場,70歳以上,その他,施錠した
窃盗,自転車盗,千葉西,稲毛海岸駅前,121061,千葉県,千葉市美浜区,稲毛海岸３丁目,2023-10-12,22,４階建て以上共同住宅,駐車（輪）場,65-69歳,その他,施錠した
窃盗,自転車盗,千葉西,稲毛海岸駅前,121061,千葉県,千葉市美浜区,稲毛海岸５丁目,2023-03-09,12,道路上,その他,10歳代,高校生,施錠せず
窃盗,自転車盗,千葉西,稲毛海岸駅前,121061,千葉県,千葉市美浜区,稲毛海岸５丁目,2023-06-20,19,４階建て以上共同住宅,駐車（輪）場,10歳代,中学生,施錠せず
窃盗,自転車盗,千葉西,稲毛海岸駅前,121061,千葉県,千葉市美浜区,稲毛海岸５丁目,2023-07-15,13,４階建て以上共同住宅,駐車（輪）場,40歳代,その他,施錠せず
窃盗,自転車盗,千葉西,稲毛海岸駅前,121061,千葉県,千葉市美浜区,稲毛海岸５丁目,2023-11-18,12,４階建て以上共同住宅,駐車（輪）場,50歳代,その他,施錠せず
窃盗,自転車盗,千葉西,稲毛海岸駅前,121061,千葉県,千葉市美浜区,幸町１丁目,2023-04-17,19,４階建て以上共同住宅,駐車（輪）場,30歳代,その他,施錠せず
窃盗,自転車盗,千葉西,稲毛海岸駅前,121061,千葉県,千葉市美浜区,高洲１丁目,2023-02-20,17,４階建て以上共同住宅,駐車（輪）場,10歳代,中学生,施錠せず
窃盗,自転車盗,千葉西,稲毛海岸駅前,121061,千葉県,千葉市美浜区,高洲１丁目,2023-02-20,22,その他,駐車（輪）場,20歳代,大学生,施錠せず
窃盗,自転車盗,千葉西,稲毛海岸駅前,121061,千葉県,千葉市美浜区,高洲１丁目,2023-03-03,06,駐車（輪）場,駐車（輪）場,20歳代,その他,施錠した
窃盗,自転車盗,千葉西,稲毛海岸駅前,121061,千葉県,千葉市美浜区,高洲１丁目,2023-05-03,19,道路上,その他,10歳代,高校生,施錠せず
窃盗,自転車盗,千葉西,稲毛海岸駅前,121061,千葉県,千葉市美浜区,高洲１丁目,2023-05-06,22,４階建て以上共同住宅,駐車（輪）場,20歳代,大学生,施錠せず
窃盗,自転車盗,千葉西,稲毛海岸駅前,121061,千葉県,千葉市美浜区,高洲１丁目,2023-05-14,09,４階建て以上共同住宅,駐車（輪）場,70歳以上,その他,施錠した
窃盗,自転車盗,千葉西,稲毛海岸駅前,121061,千葉県,千葉市美浜区,高洲１丁目,2023-06-13,21,道路上,その他,20歳代,その他,施錠した
窃盗,自転車盗,千葉西,稲毛海岸駅前,121061,千葉県,千葉市美浜区,高洲１丁目,2023-07-23,04,４階建て以上共同住宅,その他,30歳代,その他,施錠した
窃盗,自転車盗,千葉西,稲毛海岸駅前,121061,千葉県,千葉市美浜区,高洲１丁目,2023-08-17,18,その他,駐車（輪）場,20歳代,その他,施錠した
窃盗,自転車盗,千葉西,稲毛海岸駅前,121061,千葉県,千葉市美浜区,高洲１丁目,2023-08-23,13,その他,駐車（輪）場,20歳代,その他,施錠せず
窃盗,自転車盗,千葉西,稲毛海岸駅前,121061,千葉県,千葉市美浜区,高洲１丁目,2023-10-31,12,道路上,その他,20歳代,大学生,施錠した
窃盗,自転車盗,千葉西,稲毛海岸駅前,121061,千葉県,千葉市美浜区,高洲２丁目,2022-12-23,13,４階建て以上共同住宅,駐車（輪）場,70歳以上,その他,施錠した
窃盗,自転車盗,千葉西,稲毛海岸駅前,121061,千葉県,千葉市美浜区,高洲２丁目,2023-02-05,20,４階建て以上共同住宅,駐車（輪）場,50歳代,その他,施錠した
窃盗,自転車盗,千葉西,稲毛海岸駅前,121061,千葉県,千葉市美浜区,高洲２丁目,2023-02-09,21,４階建て以上共同住宅,その他,50歳代,その他,施錠した
窃盗,自転車盗,千葉西,稲毛海岸駅前,121061,千葉県,千葉市美浜区,高洲２丁目,2023-02-22,18,４階建て以上共同住宅,駐車（輪）場,50歳代,その他,施錠した
窃盗,自転車盗,千葉西,稲毛海岸駅前,121061,千葉県,千葉市美浜区,高洲２丁目,2023-03-04,17,４階建て以上共同住宅,その他,40歳代,その他,施錠せず
窃盗,自転車盗,千葉西,稲毛海岸駅前,121061,千葉県,千葉市美浜区,高洲２丁目,2023-04-29,18,４階建て以上共同住宅,駐車（輪）場,40歳代,その他,施錠せず
窃盗,自転車盗,千葉西,稲毛海岸駅前,121061,千葉県,千葉市美浜区,高洲２丁目,2023-05-02,17,４階建て以上共同住宅,駐車（輪）場,10歳代,大学生,施錠せず
窃盗,自転車盗,千葉西,稲毛海岸駅前,121061,千葉県,千葉市美浜区,高洲２丁目,2023-07-09,19,その他の住宅（３階建て以下共同住宅等）,駐車（輪）場,50歳代,その他,施錠した
窃盗,自転車盗,千葉西,稲毛海岸駅前,121061,千葉県,千葉市美浜区,高洲２丁目,2023-08-05,07,４階建て以上共同住宅,駐車（輪）場,10歳代,小学生,施錠した
窃盗,自転車盗,千葉西,稲毛海岸駅前,121061,千葉県,千葉市美浜区,高洲２丁目,2023-08-28,14,４階建て以上共同住宅,駐車（輪）場,10歳代,高校生,施錠せず
窃盗,自転車盗,千葉西,稲毛海岸駅前,121061,千葉県,千葉市美浜区,高洲２丁目,2023-11-15,12,４階建て以上共同住宅,その他,10歳代,その他,施錠した
窃盗,自転車盗,千葉西,稲毛海岸駅前,121061,千葉県,千葉市美浜区,高洲２丁目,2023-12-10,16,４階建て以上共同住宅,駐車（輪）場,40歳代,その他,施錠した
窃盗,自転車盗,千葉西,稲毛海岸駅前,121061,千葉県,千葉市美浜区,高洲２丁目,2023-12-14,18,４階建て以上共同住宅,駐車（輪）場,20歳代,その他,施錠せず
窃盗,自転車盗,千葉西,稲毛海岸駅前,121061,千葉県,千葉市美浜区,高洲３丁目,2022-10-01,12,４階建て以上共同住宅,駐車（輪）場,20歳代,その他,施錠した
窃盗,自転車盗,千葉西,稲毛海岸駅前,121061,千葉県,千葉市美浜区,高洲３丁目,2022-11-24,08,駐車（輪）場,駐車（輪）場,40歳代,その他,施錠した
窃盗,自転車盗,千葉西,稲毛海岸駅前,121061,千葉県,千葉市美浜区,高洲３丁目,2022-12-16,18,駐車（輪）場,駐車（輪）場,10歳代,高校生,施錠せず
窃盗,自転車盗,千葉西,稲毛海岸駅前,121061,千葉県,千葉市美浜区,高洲３丁目,2022-12-29,13,駐車（輪）場,駐車（輪）場,10歳代,中学生,施錠した
窃盗,自転車盗,千葉西,稲毛海岸駅前,121061,千葉県,千葉市美浜区,高洲３丁目,2023-01-08,17,駐車（輪）場,駐車（輪）場,10歳代,高校生,施錠せず
窃盗,自転車盗,千葉西,稲毛海岸駅前,121061,千葉県,千葉市美浜区,高洲３丁目,2023-01-16,19,その他,駐車（輪）場,40歳代,その他,施錠せず
窃盗,自転車盗,千葉西,稲毛海岸駅前,121061,千葉県,千葉市美浜区,高洲３丁目,2023-01-19,18,４階建て以上共同住宅,駐車（輪）場,30歳代,その他,施錠せず
窃盗,自転車盗,千葉西,稲毛海岸駅前,121061,千葉県,千葉市美浜区,高洲３丁目,2023-01-26,16,その他,駐車（輪）場,10歳代,中学生,施錠せず
窃盗,自転車盗,千葉西,稲毛海岸駅前,121061,千葉県,千葉市美浜区,高洲３丁目,2023-01-26,18,その他,駐車（輪）場,10歳代,中学生,施錠せず
窃盗,自転車盗,千葉西,稲毛海岸駅前,121061,千葉県,千葉市美浜区,高洲３丁目,2023-02-16,17,駐車（輪）場,駐車（輪）場,10歳代,高校生,施錠した
窃盗,自転車盗,千葉西,稲毛海岸駅前,121061,千葉県,千葉市美浜区,高洲３丁目,2023-02-18,05,駐車（輪）場,駐車（輪）場,70歳以上,その他,施錠した
窃盗,自転車盗,千葉西,稲毛海岸駅前,121061,千葉県,千葉市美浜区,高洲３丁目,2023-02-20,12,駐車（輪）場,駐車（輪）場,10歳代,高校生,施錠した
窃盗,自転車盗,千葉西,稲毛海岸駅前,121061,千葉県,千葉市美浜区,高洲３丁目,2023-02-27,15,その他,駐車（輪）場,10歳代,小学生,施錠せず
窃盗,自転車盗,千葉西,稲毛海岸駅前,121061,千葉県,千葉市美浜区,高洲３丁目,2023-03-03,21,駐車（輪）場,駐車（輪）場,20歳代,その他,施錠した
窃盗,自転車盗,千葉西,稲毛海岸駅前,121061,千葉県,千葉市美浜区,高洲３丁目,2023-03-04,07,駐車（輪）場,駐車（輪）場,20歳代,その他,施錠した
窃盗,自転車盗,千葉西,稲毛海岸駅前,121061,千葉県,千葉市美浜区,高洲３丁目,2023-03-04,17,駐車（輪）場,駐車（輪）場,40歳代,その他,施錠した
窃盗,自転車盗,千葉西,稲毛海岸駅前,121061,千葉県,千葉市美浜区,高洲３丁目,2023-03-08,11,駐車（輪）場,駐車（輪）場,20歳代,その他,施錠した
窃盗,自転車盗,千葉西,稲毛海岸駅前,121061,千葉県,千葉市美浜区,高洲３丁目,2023-03-11,11,その他,駐車（輪）場,20歳代,その他,施錠せず
窃盗,自転車盗,千葉西,稲毛海岸駅前,121061,千葉県,千葉市美浜区,高洲３丁目,2023-03-30,08,駐車（輪）場,駐車（輪）場,20歳代,その他,施錠した
窃盗,自転車盗,千葉西,稲毛海岸駅前,121061,千葉県,千葉市美浜区,高洲３丁目,2023-04-19,06,駐車（輪）場,駐車（輪）場,30歳代,その他,施錠した
窃盗,自転車盗,千葉西,稲毛海岸駅前,121061,千葉県,千葉市美浜区,高洲３丁目,2023-04-22,09,その他,駐車（輪）場,50歳代,その他,施錠せず
窃盗,自転車盗,千葉西,稲毛海岸駅前,121061,千葉県,千葉市美浜区,高洲３丁目,2023-04-25,06,駐車（輪）場,駐車（輪）場,40歳代,その他,施錠した
窃盗,自転車盗,千葉西,稲毛海岸駅前,121061,千葉県,千葉市美浜区,高洲３丁目,2023-05-16,15,４階建て以上共同住宅,駐車（輪）場,10歳代,高校生,施錠せず
窃盗,自転車盗,千葉西,稲毛海岸駅前,121061,千葉県,千葉市美浜区,高洲３丁目,2023-05-22,08,駐車（輪）場,駐車（輪）場,20歳代,その他,施錠せず
窃盗,自転車盗,千葉西,稲毛海岸駅前,121061,千葉県,千葉市美浜区,高洲３丁目,2023-05-23,07,その他,駐車（輪）場,20歳代,その他,施錠せず
窃盗,自転車盗,千葉西,稲毛海岸駅前,121061,千葉県,千葉市美浜区,高洲３丁目,2023-06-11,09,駐車（輪）場,駐車（輪）場,20歳代,大学生,施錠した
窃盗,自転車盗,千葉西,稲毛海岸駅前,121061,千葉県,千葉市美浜区,高洲３丁目,2023-06-13,07,駐車（輪）場,駐車（輪）場,10歳代,高校生,施錠した
窃盗,自転車盗,千葉西,稲毛海岸駅前,121061,千葉県,千葉市美浜区,高洲３丁目,2023-06-16,18,その他,駐車（輪）場,30歳代,その他,施錠せず
窃盗,自転車盗,千葉西,稲毛海岸駅前,121061,千葉県,千葉市美浜区,高洲３丁目,2023-07-10,09,駐車（輪）場,駐車（輪）場,20歳代,その他,施錠せず
窃盗,自転車盗,千葉西,稲毛海岸駅前,121061,千葉県,千葉市美浜区,高洲３丁目,2023-07-11,16,駐車（輪）場,駐車（輪）場,10歳代,高校生,施錠した
窃盗,自転車盗,千葉西,稲毛海岸駅前,121061,千葉県,千葉市美浜区,高洲３丁目,2023-07-12,08,駐車（輪）場,駐車（輪）場,50歳代,その他,施錠した
窃盗,自転車盗,千葉西,稲毛海岸駅前,121061,千葉県,千葉市美浜区,高洲３丁目,2023-07-14,21,駐車（輪）場,駐車（輪）場,10歳代,高校生,施錠した
窃盗,自転車盗,千葉西,稲毛海岸駅前,121061,千葉県,千葉市美浜区,高洲３丁目,2023-07-17,07,駐車（輪）場,駐車（輪）場,65-69歳,その他,施錠した
窃盗,自転車盗,千葉西,稲毛海岸駅前,121061,千葉県,千葉市美浜区,高洲３丁目,2023-07-19,15,駐車（輪）場,駐車（輪）場,65-69歳,その他,施錠した
窃盗,自転車盗,千葉西,稲毛海岸駅前,121061,千葉県,千葉市美浜区,高洲３丁目,2023-07-22,12,その他,駐車（輪）場,20歳代,その他,施錠せず
窃盗,自転車盗,千葉西,稲毛海岸駅前,121061,千葉県,千葉市美浜区,高洲３丁目,2023-07-24,08,駐車（輪）場,駐車（輪）場,10歳代,高校生,施錠した
窃盗,自転車盗,千葉西,稲毛海岸駅前,121061,千葉県,千葉市美浜区,高洲３丁目,2023-07-27,07,駐車（輪）場,駐車（輪）場,20歳代,その他,施錠せず
窃盗,自転車盗,千葉西,稲毛海岸駅前,121061,千葉県,千葉市美浜区,高洲３丁目,2023-07-30,16,駐車（輪）場,駐車（輪）場,10歳代,高校生,施錠した
窃盗,自転車盗,千葉西,稲毛海岸駅前,121061,千葉県,千葉市美浜区,高洲３丁目,2023-08-04,09,その他,駐車（輪）場,65-69歳,その他,施錠せず
窃盗,自転車盗,千葉西,稲毛海岸駅前,121061,千葉県,千葉市美浜区,高洲３丁目,2023-08-07,07,駐車（輪）場,駐車（輪）場,20歳代,その他,施錠した
窃盗,自転車盗,千葉西,稲毛海岸駅前,121061,千葉県,千葉市美浜区,高洲３丁目,2023-08-07,09,駐車（輪）場,駐車（輪）場,10歳代,高校生,施錠した
窃盗,自転車盗,千葉西,稲毛海岸駅前,121061,千葉県,千葉市美浜区,高洲３丁目,2023-08-07,18,その他,駐車（輪）場,40歳代,その他,施錠せず
窃盗,自転車盗,千葉西,稲毛海岸駅前,121061,千葉県,千葉市美浜区,高洲３丁目,2023-08-10,14,その他,駐車（輪）場,10歳代,高校生,施錠せず
窃盗,自転車盗,千葉西,稲毛海岸駅前,121061,千葉県,千葉市美浜区,高洲３丁目,2023-08-17,11,その他,駐車（輪）場,10歳代,大学生,施錠した
窃盗,自転車盗,千葉西,稲毛海岸駅前,121061,千葉県,千葉市美浜区,高洲３丁目,2023-09-04,15,その他,駐車（輪）場,70歳以上,その他,施錠せず
窃盗,自転車盗,千葉西,稲毛海岸駅前,121061,千葉県,千葉市美浜区,高洲３丁目,2023-09-05,12,その他,駐車（輪）場,20歳代,大学生,施錠せず
窃盗,自転車盗,千葉西,稲毛海岸駅前,121061,千葉県,千葉市美浜区,高洲３丁目,2023-09-06,08,駐車（輪）場,駐車（輪）場,20歳代,その他,施錠せず
窃盗,自転車盗,千葉西,稲毛海岸駅前,121061,千葉県,千葉市美浜区,高洲３丁目,2023-09-06,18,その他,駐車（輪）場,10歳代,小学生,施錠した
窃盗,自転車盗,千葉西,稲毛海岸駅前,121061,千葉県,千葉市美浜区,高洲３丁目,2023-09-10,19,４階建て以上共同住宅,駐車（輪）場,30歳代,その他,施錠した
窃盗,自転車盗,千葉西,稲毛海岸駅前,121061,千葉県,千葉市美浜区,高洲３丁目,2023-09-16,07,駐車（輪）場,駐車（輪）場,10歳代,高校生,施錠せず
窃盗,自転車盗,千葉西,稲毛海岸駅前,121061,千葉県,千葉市美浜区,高洲３丁目,2023-09-16,13,駐車（輪）場,駐車（輪）場,30歳代,その他,施錠した
窃盗,自転車盗,千葉西,稲毛海岸駅前,121061,千葉県,千葉市美浜区,高洲３丁目,2023-09-25,16,駐車（輪）場,駐車（輪）場,10歳代,高校生,施錠せず
窃盗,自転車盗,千葉西,稲毛海岸駅前,121061,千葉県,千葉市美浜区,高洲３丁目,2023-10-07,20,駐車（輪）場,駐車（輪）場,50歳代,その他,施錠せず
窃盗,自転車盗,千葉西,稲毛海岸駅前,121061,千葉県,千葉市美浜区,高洲３丁目,2023-10-16,19,４階建て以上共同住宅,駐車（輪）場,10歳代,小学生,施錠せず
窃盗,自転車盗,千葉西,稲毛海岸駅前,121061,千葉県,千葉市美浜区,高洲３丁目,2023-10-30,18,その他,駐車（輪）場,20歳代,その他,施錠せず
窃盗,自転車盗,千葉西,稲毛海岸駅前,121061,千葉県,千葉市美浜区,高洲３丁目,2023-11-08,08,駐車（輪）場,駐車（輪）場,20歳代,大学生,施錠せず
窃盗,自転車盗,千葉西,稲毛海岸駅前,121061,千葉県,千葉市美浜区,高洲３丁目,2023-11-25,11,その他,駐車（輪）場,20歳代,その他,施錠せず
窃盗,自転車盗,千葉西,稲毛海岸駅前,121061,千葉県,千葉市美浜区,高洲３丁目,2023-12-06,17,その他,駐車（輪）場,10歳代,高校生,施錠せず
窃盗,自転車盗,千葉西,稲毛海岸駅前,121061,千葉県,千葉市美浜区,高洲３丁目,2023-12-08,15,その他,その他,10歳代,高校生,施錠した
窃盗,自転車盗,千葉西,稲毛海岸駅前,121061,千葉県,千葉市美浜区,高洲４丁目,2023-05-22,22,４階建て以上共同住宅,駐車（輪）場,20歳代,大学生,施錠した
窃盗,自転車盗,千葉西,稲毛海岸駅前,121061,千葉県,千葉市美浜区,高洲４丁目,2023-05-24,22,その他,駐車（輪）場,10歳代,高校生,施錠せず
窃盗,自転車盗,千葉西,稲毛海岸駅前,121061,千葉県,千葉市美浜区,高洲４丁目,2023-06-13,19,４階建て以上共同住宅,駐車（輪）場,40歳代,その他,施錠した
窃盗,自転車盗,千葉西,稲毛海岸駅前,121061,千葉県,千葉市美浜区,高洲４丁目,2023-07-08,15,その他,駐車（輪）場,10歳代,中学生,施錠せず
窃盗,自転車盗,千葉西,稲毛海岸駅前,121061,千葉県,千葉市美浜区,高洲４丁目,2023-11-26,14,４階建て以上共同住宅,駐車（輪）場,50歳代,その他,施錠せず
窃盗,自転車盗,千葉西,稲毛海岸駅前,121061,千葉県,千葉市美浜区,高浜１丁目,2023-02-19,14,４階建て以上共同住宅,駐車（輪）場,50歳代,その他,施錠した
窃盗,自転車盗,千葉西,稲毛海岸駅前,121061,千葉県,千葉市美浜区,高浜１丁目,2023-04-11,13,４階建て以上共同住宅,駐車（輪）場,50歳代,その他,施錠した
窃盗,自転車盗,千葉西,稲毛海岸駅前,121061,千葉県,千葉市美浜区,高浜１丁目,2023-05-01,20,４階建て以上共同住宅,駐車（輪）場,10歳代,中学生,施錠せず
窃盗,自転車盗,千葉西,稲毛海岸駅前,121061,千葉県,千葉市美浜区,高浜１丁目,2023-07-11,21,４階建て以上共同住宅,駐車（輪）場,10歳代,高校生,施錠した
窃盗,自転車盗,千葉西,稲毛海岸駅前,121061,千葉県,千葉市美浜区,高浜１丁目,2023-07-25,21,その他,駐車（輪）場,10歳代,高校生,施錠せず
窃盗,自転車盗,千葉西,稲毛海岸駅前,121061,千葉県,千葉市美浜区,高浜１丁目,2023-08-01,22,４階建て以上共同住宅,駐車（輪）場,10歳代,高校生,施錠した
窃盗,自転車盗,千葉西,稲毛海岸駅前,121061,千葉県,千葉市美浜区,高浜３丁目,2023-03-09,09,その他,駐車（輪）場,50歳代,その他,施錠した
窃盗,自転車盗,千葉西,稲毛海岸駅前,121061,千葉県,千葉市美浜区,高浜３丁目,2023-07-15,21,４階建て以上共同住宅,駐車（輪）場,10歳代,高校生,施錠した
窃盗,自転車盗,千葉西,稲毛海岸駅前,121061,千葉県,千葉市美浜区,高浜３丁目,2023-07-15,21,４階建て以上共同住宅,駐車（輪）場,40歳代,その他,施錠せず
窃盗,自転車盗,千葉西,稲毛海岸駅前,121061,千葉県,千葉市美浜区,高浜４丁目,2023-02-24,17,４階建て以上共同住宅,駐車（輪）場,10歳代,小学生,施錠せず
窃盗,自転車盗,千葉西,稲毛海岸駅前,121061,千葉県,千葉市美浜区,高浜４丁目,2023-03-30,02,４階建て以上共同住宅,駐車（輪）場,10歳代,その他,施錠した
窃盗,自転車盗,千葉西,稲毛海岸駅前,121061,千葉県,千葉市美浜区,高浜４丁目,2023-03-30,21,４階建て以上共同住宅,駐車（輪）場,10歳未満,小学生,施錠した
窃盗,自転車盗,千葉西,稲毛海岸駅前,121061,千葉県,千葉市美浜区,高浜４丁目,2023-04-28,19,４階建て以上共同住宅,駐車（輪）場,65-69歳,その他,施錠した
窃盗,自転車盗,千葉西,稲毛海岸駅前,121061,千葉県,千葉市美浜区,高浜４丁目,2023-05-31,18,４階建て以上共同住宅,駐車（輪）場,10歳代,高校生,施錠した
窃盗,自転車盗,千葉西,稲毛海岸駅前,121061,千葉県,千葉市美浜区,高浜４丁目,2023-08-02,15,その他の住宅（３階建て以下共同住宅等）,駐車（輪）場,65-69歳,その他,施錠せず
窃盗,自転車盗,千葉西,稲毛海岸駅前,121061,千葉県,千葉市美浜区,高浜４丁目,2023-08-10,13,４階建て以上共同住宅,駐車（輪）場,10歳代,中学生,施錠せず
窃盗,自転車盗,千葉西,稲毛海岸駅前,121061,千葉県,千葉市美浜区,高浜４丁目,2023-09-25,16,４階建て以上共同住宅,駐車（輪）場,10歳代,中学生,施錠した
窃盗,自転車盗,千葉西,稲毛海岸駅前,121061,千葉県,千葉市美浜区,高浜４丁目,2023-11-22,09,４階建て以上共同住宅,駐車（輪）場,70歳以上,その他,施錠せず
窃盗,自転車盗,千葉西,稲毛海岸駅前,121061,千葉県,千葉市美浜区,高浜７丁目,2023-03-09,14,その他,その他,10歳代,中学生,施錠した
窃盗,自転車盗,千葉西,稲毛海岸駅前,121061,千葉県,千葉市美浜区,高浜７丁目,2023-04-16,16,その他,駐車（輪）場,10歳代,高校生,施錠せず
窃盗,自転車盗,千葉西,稲毛海岸駅前,121061,千葉県,千葉市美浜区,高浜７丁目,2023-07-14,01,その他,その他,20歳代,大学生,施錠せず
窃盗,自転車盗,千葉西,稲毛駅前,121037,千葉県,千葉市稲毛区,稲毛２丁目,2023-05-05,23,４階建て以上共同住宅,駐車（輪）場,65-69歳,その他,施錠した
窃盗,自転車盗,千葉西,稲毛駅前,121037,千葉県,千葉市稲毛区,稲毛３丁目,2023-02-27,17,その他の住宅（３階建て以下共同住宅等）,その他,50歳代,その他,施錠した
窃盗,自転車盗,千葉西,稲毛駅前,121037,千葉県,千葉市稲毛区,稲毛３丁目,2023-06-20,19,駐車（輪）場,駐車（輪）場,10歳代,大学生,施錠せず
窃盗,自転車盗,千葉西,稲毛駅前,121037,千葉県,千葉市稲毛区,稲毛３丁目,2023-06-21,08,駐車（輪）場,駐車（輪）場,40歳代,その他,施錠せず
窃盗,自転車盗,千葉西,稲毛駅前,121037,千葉県,千葉市稲毛区,稲毛３丁目,2023-07-10,20,その他の住宅（３階建て以下共同住宅等）,その他,40歳代,その他,施錠した
窃盗,自転車盗,千葉西,稲毛駅前,121037,千葉県,千葉市稲毛区,稲毛３丁目,2023-07-14,08,駐車（輪）場,駐車（輪）場,10歳代,高校生,施錠した
窃盗,自転車盗,千葉西,稲毛駅前,121037,千葉県,千葉市稲毛区,稲毛３丁目,2023-08-09,15,駐車（輪）場,駐車（輪）場,20歳代,その他,施錠せず
窃盗,自転車盗,千葉西,稲毛駅前,121037,千葉県,千葉市稲毛区,稲毛３丁目,2023-09-12,06,駐車（輪）場,駐車（輪）場,30歳代,その他,施錠した
窃盗,自転車盗,千葉西,稲毛駅前,121037,千葉県,千葉市稲毛区,稲毛３丁目,2023-10-02,07,駐車（輪）場,駐車（輪）場,10歳代,高校生,施錠せず
窃盗,自転車盗,千葉西,稲毛駅前,121037,千葉県,千葉市稲毛区,稲毛台町,2023-01-16,17,駐車（輪）場,駐車（輪）場,20歳代,その他,施錠した
窃盗,自転車盗,千葉西,稲毛駅前,121037,千葉県,千葉市稲毛区,稲毛台町,2023-03-28,15,その他の住宅（３階建て以下共同住宅等）,駐車（輪）場,20歳代,その他,施錠した
窃盗,自転車盗,千葉西,稲毛駅前,121037,千葉県,千葉市稲毛区,稲毛台町,2023-06-17,23,その他の住宅（３階建て以下共同住宅等）,駐車（輪）場,20歳代,大学生,施錠せず
窃盗,自転車盗,千葉西,稲毛駅前,121037,千葉県,千葉市稲毛区,稲毛台町,2023-07-18,19,４階建て以上共同住宅,駐車（輪）場,10歳代,中学生,施錠せず
窃盗,自転車盗,千葉西,稲毛駅前,121037,千葉県,千葉市稲毛区,稲毛台町,2023-07-24,04,駐車（輪）場,駐車（輪）場,20歳代,その他,施錠せず
窃盗,自転車盗,千葉西,稲毛駅前,121037,千葉県,千葉市稲毛区,稲毛台町,2023-08-03,17,４階建て以上共同住宅,駐車（輪）場,10歳代,中学生,施錠せず
窃盗,自転車盗,千葉西,稲毛駅前,121037,千葉県,千葉市稲毛区,稲毛台町,2023-08-20,20,その他の住宅（３階建て以下共同住宅等）,駐車（輪）場,10歳代,大学生,施錠した
窃盗,自転車盗,千葉西,稲毛駅前,121037,千葉県,千葉市稲毛区,稲毛台町,2023-11-12,14,駐車（輪）場,駐車（輪）場,65-69歳,その他,施錠せず
窃盗,自転車盗,千葉西,稲毛駅前,121037,千葉県,千葉市稲毛区,稲毛町４丁目,2023-10-20,07,駐車（輪）場,駐車（輪）場,10歳代,大学生,施錠した
窃盗,自転車盗,千葉西,稲毛駅前,121037,千葉県,千葉市稲毛区,稲毛町５丁目,2023-01-20,17,その他の住宅（３階建て以下共同住宅等）,駐車（輪）場,10歳未満,小学生,施錠せず
窃盗,自転車盗,千葉西,稲毛駅前,121037,千葉県,千葉市稲毛区,稲毛東２丁目,2023-08-07,07,駐車（輪）場,駐車（輪）場,10歳代,高校生,施錠せず
窃盗,自転車盗,千葉西,稲毛駅前,121037,千葉県,千葉市稲毛区,稲毛東２丁目,2023-09-18,07,駐車（輪）場,駐車（輪）場,20歳代,その他,施錠せず
窃盗,自転車盗,千葉西,稲毛駅前,121037,千葉県,千葉市稲毛区,稲毛東３丁目,2023-01-14,11,駐車（輪）場,駐車（輪）場,20歳代,大学生,施錠した
窃盗,自転車盗,千葉西,稲毛駅前,121037,千葉県,千葉市稲毛区,稲毛東３丁目,2023-01-18,14,道路上,その他,70歳以上,その他,施錠せず
窃盗,自転車盗,千葉西,稲毛駅前,121037,千葉県,千葉市稲毛区,稲毛東３丁目,2023-01-30,07,駐車（輪）場,駐車（輪）場,10歳代,高校生,施錠せず
窃盗,自転車盗,千葉西,稲毛駅前,121037,千葉県,千葉市稲毛区,稲毛東３丁目,2023-03-16,14,駐車（輪）場,駐車（輪）場,20歳代,大学生,施錠せず
窃盗,自転車盗,千葉西,稲毛駅前,121037,千葉県,千葉市稲毛区,稲毛東３丁目,2023-04-26,18,駐車（輪）場,駐車（輪）場,10歳代,高校生,施錠した
窃盗,自転車盗,千葉西,稲毛駅前,121037,千葉県,千葉市稲毛区,稲毛東３丁目,2023-04-26,22,その他,駐車（輪）場,20歳代,大学生,施錠した
窃盗,自転車盗,千葉西,稲毛駅前,121037,千葉県,千葉市稲毛区,稲毛東３丁目,2023-05-11,06,駐車（輪）場,駐車（輪）場,10歳代,その他,施錠せず
窃盗,自転車盗,千葉西,稲毛駅前,121037,千葉県,千葉市稲毛区,稲毛東３丁目,2023-05-19,10,駐車（輪）場,駐車（輪）場,20歳代,その他,施錠せず
窃盗,自転車盗,千葉西,稲毛駅前,121037,千葉県,千葉市稲毛区,稲毛東３丁目,2023-06-06,08,駐車（輪）場,駐車（輪）場,30歳代,その他,施錠した
窃盗,自転車盗,千葉西,稲毛駅前,121037,千葉県,千葉市稲毛区,稲毛東３丁目,2023-06-07,15,駐車（輪）場,駐車（輪）場,10歳代,高校生,施錠せず
窃盗,自転車盗,千葉西,稲毛駅前,121037,千葉県,千葉市稲毛区,稲毛東３丁目,2023-06-11,18,その他,その他,30歳代,その他,施錠せず
窃盗,自転車盗,千葉西,稲毛駅前,121037,千葉県,千葉市稲毛区,稲毛東３丁目,2023-06-12,18,駐車（輪）場,駐車（輪）場,10歳代,高校生,施錠した
窃盗,自転車盗,千葉西,稲毛駅前,121037,千葉県,千葉市稲毛区,稲毛東３丁目,2023-06-16,21,駐車（輪）場,駐車（輪）場,10歳代,高校生,施錠せず
窃盗,自転車盗,千葉西,稲毛駅前,121037,千葉県,千葉市稲毛区,稲毛東３丁目,2023-06-23,16,駐車（輪）場,駐車（輪）場,10歳代,その他,施錠せず
窃盗,自転車盗,千葉西,稲毛駅前,121037,千葉県,千葉市稲毛区,稲毛東３丁目,2023-08-05,16,駐車（輪）場,駐車（輪）場,40歳代,その他,施錠した
窃盗,自転車盗,千葉西,稲毛駅前,121037,千葉県,千葉市稲毛区,稲毛東３丁目,2023-08-18,07,その他,駐車（輪）場,30歳代,その他,施錠せず
窃盗,自転車盗,千葉西,稲毛駅前,121037,千葉県,千葉市稲毛区,稲毛東３丁目,2023-08-24,16,その他,駐車（輪）場,10歳代,中学生,施錠せず
窃盗,自転車盗,千葉西,稲毛駅前,121037,千葉県,千葉市稲毛区,稲毛東３丁目,2023-09-18,07,駐車（輪）場,駐車（輪）場,20歳代,大学生,施錠した
窃盗,自転車盗,千葉西,稲毛駅前,121037,千葉県,千葉市稲毛区,稲毛東３丁目,2023-09-21,18,駐車（輪）場,駐車（輪）場,10歳代,高校生,施錠した
窃盗,自転車盗,千葉西,稲毛駅前,121037,千葉県,千葉市稲毛区,稲毛東３丁目,2023-09-23,17,駐車（輪）場,駐車（輪）場,20歳代,大学生,施錠した
窃盗,自転車盗,千葉西,稲毛駅前,121037,千葉県,千葉市稲毛区,稲毛東３丁目,2023-09-25,16,道路上,その他,70歳以上,その他,施錠せず
窃盗,自転車盗,千葉西,稲毛駅前,121037,千葉県,千葉市稲毛区,稲毛東３丁目,2023-11-20,09,駐車（輪）場,駐車（輪）場,10歳代,大学生,施錠した
窃盗,自転車盗,千葉西,稲毛駅前,121037,千葉県,千葉市稲毛区,稲毛東３丁目,2023-11-20,18,駐車（輪）場,駐車（輪）場,10歳代,高校生,施錠した
窃盗,自転車盗,千葉西,稲毛駅前,121037,千葉県,千葉市稲毛区,稲毛東３丁目,2023-12-03,15,駐車（輪）場,駐車（輪）場,10歳代,大学生,施錠せず
窃盗,自転車盗,千葉西,稲毛駅前,121037,千葉県,千葉市稲毛区,稲毛東３丁目,2023-12-11,15,駐車（輪）場,駐車（輪）場,10歳代,高校生,施錠せず
窃盗,自転車盗,千葉西,稲毛駅前,121037,千葉県,千葉市稲毛区,稲毛東４丁目,2022-07-15,14,駐車（輪）場,駐車（輪）場,50歳代,その他,施錠した
窃盗,自転車盗,千葉西,稲毛駅前,121037,千葉県,千葉市稲毛区,稲毛東４丁目,2023-02-25,05,駐車（輪）場,駐車（輪）場,10歳代,高校生,施錠した
窃盗,自転車盗,千葉西,稲毛駅前,121037,千葉県,千葉市稲毛区,稲毛東４丁目,2023-05-08,21,駐車（輪）場,駐車（輪）場,10歳代,中学生,施錠した
窃盗,自転車盗,千葉西,稲毛駅前,121037,千葉県,千葉市稲毛区,稲毛東４丁目,2023-06-07,07,駐車（輪）場,駐車（輪）場,10歳代,大学生,施錠した
窃盗,自転車盗,千葉西,稲毛駅前,121037,千葉県,千葉市稲毛区,稲毛東４丁目,2023-06-25,07,駐車（輪）場,駐車（輪）場,10歳代,高校生,施錠せず
窃盗,自転車盗,千葉西,稲毛駅前,121037,千葉県,千葉市稲毛区,稲毛東４丁目,2023-07-20,07,駐車（輪）場,駐車（輪）場,10歳代,その他,施錠せず
窃盗,自転車盗,千葉西,稲毛駅前,121037,千葉県,千葉市稲毛区,稲毛東４丁目,2023-07-22,07,駐車（輪）場,駐車（輪）場,10歳代,高校生,施錠した
窃盗,自転車盗,千葉西,稲毛駅前,121037,千葉県,千葉市稲毛区,稲毛東４丁目,2023-07-25,18,４階建て以上共同住宅,駐車（輪）場,10歳代,大学生,施錠した
窃盗,自転車盗,千葉西,稲毛駅前,121037,千葉県,千葉市稲毛区,稲毛東４丁目,2023-07-29,06,駐車（輪）場,駐車（輪）場,20歳代,その他,施錠せず
窃盗,自転車盗,千葉西,稲毛駅前,121037,千葉県,千葉市稲毛区,稲毛東４丁目,2023-07-30,08,駐車（輪）場,駐車（輪）場,10歳代,高校生,施錠せず
窃盗,自転車盗,千葉西,稲毛駅前,121037,千葉県,千葉市稲毛区,稲毛東４丁目,2023-07-31,08,駐車（輪）場,駐車（輪）場,10歳代,高校生,施錠せず
窃盗,自転車盗,千葉西,稲毛駅前,121037,千葉県,千葉市稲毛区,稲毛東４丁目,2023-08-12,09,駐車（輪）場,駐車（輪）場,30歳代,その他,施錠せず
窃盗,自転車盗,千葉西,稲毛駅前,121037,千葉県,千葉市稲毛区,稲毛東４丁目,2023-08-13,12,駐車（輪）場,駐車（輪）場,10歳代,高校生,施錠せず
窃盗,自転車盗,千葉西,稲毛駅前,121037,千葉県,千葉市稲毛区,稲毛東４丁目,2023-08-16,17,駐車（輪）場,駐車（輪）場,10歳代,その他,施錠せず
窃盗,自転車盗,千葉西,稲毛駅前,121037,千葉県,千葉市稲毛区,稲毛東４丁目,2023-10-14,07,駐車（輪）場,駐車（輪）場,10歳代,高校生,施錠した
窃盗,自転車盗,千葉西,稲毛駅前,121037,千葉県,千葉市稲毛区,稲毛東４丁目,2023-10-19,00,駐車（輪）場,駐車（輪）場,10歳代,高校生,施錠した
窃盗,自転車盗,千葉西,稲毛駅前,121037,千葉県,千葉市稲毛区,稲毛東４丁目,2023-10-22,06,駐車（輪）場,駐車（輪）場,50歳代,その他,施錠せず
窃盗,自転車盗,千葉西,稲毛駅前,121037,千葉県,千葉市稲毛区,稲毛東４丁目,2023-10-27,07,駐車（輪）場,駐車（輪）場,10歳代,高校生,施錠せず
窃盗,自転車盗,千葉西,稲毛駅前,121037,千葉県,千葉市稲毛区,稲毛東４丁目,2023-11-03,08,駐車（輪）場,駐車（輪）場,10歳代,高校生,施錠した
窃盗,自転車盗,千葉西,稲毛駅前,121037,千葉県,千葉市稲毛区,稲毛東４丁目,2023-12-03,15,４階建て以上共同住宅,駐車（輪）場,10歳代,中学生,施錠した
窃盗,自転車盗,千葉西,稲毛駅前,121037,千葉県,千葉市稲毛区,稲毛東４丁目,2023-12-07,07,駐車（輪）場,駐車（輪）場,10歳代,高校生,施錠した
窃盗,自転車盗,千葉西,稲毛駅前,121037,千葉県,千葉市稲毛区,稲毛東５丁目,2022-12-23,17,その他の住宅（３階建て以下共同住宅等）,駐車（輪）場,10歳代,大学生,施錠せず
窃盗,自転車盗,千葉西,稲毛駅前,121037,千葉県,千葉市稲毛区,稲毛東５丁目,2023-10-03,16,その他の住宅（３階建て以下共同住宅等）,駐車（輪）場,20歳代,その他,施錠した
窃盗,自転車盗,千葉西,稲毛駅前,121037,千葉県,千葉市稲毛区,稲毛東６丁目,2023-04-17,22,その他の住宅（３階建て以下共同住宅等）,その他,20歳代,大学生,施錠せず
窃盗,自転車盗,千葉西,稲毛駅前,121037,千葉県,千葉市稲毛区,小仲台１丁目,2023-03-10,17,その他,駐車（輪）場,10歳代,中学生,施錠した
窃盗,自転車盗,千葉西,稲毛駅前,121037,千葉県,千葉市稲毛区,小仲台２丁目,2023-08-03,15,道路上,その他,10歳代,高校生,施錠せず
窃盗,自転車盗,千葉西,稲毛駅前,121061,千葉県,千葉市美浜区,高洲３丁目,2023-08-28,05,駐車（輪）場,駐車（輪）場,50歳代,その他,施錠した
窃盗,自転車盗,千葉西,高洲,121061,千葉県,千葉市美浜区,高洲２丁目,2023-02-15,12,４階建て以上共同住宅,その他,65-69歳,その他,施錠せず
窃盗,自転車盗,千葉西,高洲,121061,千葉県,千葉市美浜区,高洲２丁目,2023-09-22,19,４階建て以上共同住宅,駐車（輪）場,30歳代,その他,施錠した
窃盗,自転車盗,千葉西,高洲,121061,千葉県,千葉市美浜区,高洲２丁目,2023-10-07,21,４階建て以上共同住宅,駐車（輪）場,10歳代,高校生,施錠した
窃盗,自転車盗,千葉西,高洲,121061,千葉県,千葉市美浜区,高洲２丁目,不明,不明,４階建て以上共同住宅,その他,法人・団体、被害者なし,法人・団体、被害者なし,施錠せず
窃盗,自転車盗,千葉西,高洲,121061,千葉県,千葉市美浜区,高洲３丁目,2023-09-28,07,その他,駐車（輪）場,10歳代,高校生,施錠した
窃盗,自転車盗,八千代,八千代中央駅前,122211,千葉県,八千代市,大和田新田,2023-01-10,12,その他,その他,50歳代,その他,施錠せず
窃盗,自転車盗,八千代,八千代中央駅前,122211,千葉県,八千代市,大和田新田,2023-04-16,09,その他,駐車（輪）場,20歳代,その他,施錠した
窃盗,自転車盗,八千代,八千代中央駅前,122211,千葉県,八千代市,大和田新田,2023-06-16,18,その他,駐車（輪）場,10歳代,高校生,施錠した
窃盗,自転車盗,八千代,八千代中央駅前,122211,千葉県,八千代市,大和田新田,2023-07-25,14,その他,その他,10歳代,中学生,施錠した
窃盗,自転車盗,八千代,八千代中央駅前,122211,千葉県,八千代市,大和田新田,2023-07-26,17,一戸建住宅,その他,10歳代,高校生,施錠せず
窃盗,自転車盗,八千代,八千代中央駅前,122211,千葉県,八千代市,大和田新田,2023-07-26,22,４階建て以上共同住宅,駐車（輪）場,10歳代,大学生,施錠した
窃盗,自転車盗,八千代,八千代中央駅前,122211,千葉県,八千代市,大和田新田,2023-09-28,20,その他,駐車（輪）場,10歳代,その他,施錠せず
窃盗,自転車盗,八千代,八千代中央駅前,122211,千葉県,八千代市,大和田新田,2023-10-30,16,その他,駐車（輪）場,10歳代,高校生,施錠せず
窃盗,自転車盗,八千代,八千代中央駅前,122211,千葉県,八千代市,萱田,2023-03-15,18,道路上,その他,10歳代,中学生,施錠せず
窃盗,自転車盗,八千代,八千代中央駅前,122211,千葉県,八千代市,萱田,2023-06-15,12,４階建て以上共同住宅,駐車（輪）場,50歳代,その他,施錠した
窃盗,自転車盗,八千代,八千代中央駅前,122211,千葉県,八千代市,萱田,2023-06-16,07,一戸建住宅,その他,30歳代,その他,施錠せず
窃盗,自転車盗,八千代,八千代中央駅前,122211,千葉県,八千代市,萱田,2023-06-27,18,その他,その他,30歳代,その他,施錠せず
窃盗,自転車盗,八千代,八千代中央駅前,122211,千葉県,八千代市,萱田町,2023-02-12,19,その他,その他,10歳代,高校生,施錠した
窃盗,自転車盗,八千代,八千代中央駅前,122211,千葉県,八千代市,萱田町,2023-04-02,16,その他の住宅（３階建て以下共同住宅等）,駐車（輪）場,10歳代,その他,施錠した
窃盗,自転車盗,八千代,八千代中央駅前,122211,千葉県,八千代市,萱田町,2023-10-04,08,一戸建住宅,駐車（輪）場,50歳代,その他,施錠せず
窃盗,自転車盗,八千代,八千代中央駅前,122211,千葉県,八千代市,ゆりのき台１丁目,2023-01-30,09,４階建て以上共同住宅,駐車（輪）場,40歳代,その他,施錠せず
窃盗,自転車盗,八千代,八千代中央駅前,122211,千葉県,八千代市,ゆりのき台１丁目,2023-04-02,20,その他の住宅（３階建て以下共同住宅等）,その他,30歳代,その他,施錠した
窃盗,自転車盗,八千代,八千代中央駅前,122211,千葉県,八千代市,ゆりのき台１丁目,2023-07-26,15,駐車（輪）場,駐車（輪）場,20歳代,大学生,施錠せず
窃盗,自転車盗,八千代,八千代中央駅前,122211,千葉県,八千代市,ゆりのき台１丁目,2023-08-28,23,４階建て以上共同住宅,駐車（輪）場,40歳代,その他,施錠せず
窃盗,自転車盗,八千代,八千代中央駅前,122211,千葉県,八千代市,ゆりのき台１丁目,2023-10-28,17,駐車（輪）場,駐車（輪）場,20歳代,その他,施錠した
窃盗,自転車盗,八千代,八千代中央駅前,122211,千葉県,八千代市,ゆりのき台１丁目,2023-11-20,14,その他の住宅（３階建て以下共同住宅等）,駐車（輪）場,50歳代,その他,施錠した
窃盗,自転車盗,八千代,八千代中央駅前,122211,千葉県,八千代市,ゆりのき台２丁目,2023-05-31,07,駐車（輪）場,駐車（輪）場,20歳代,その他,施錠した
窃盗,自転車盗,八千代,八千代中央駅前,122211,千葉県,八千代市,ゆりのき台３丁目,2023-03-01,09,その他,駐車（輪）場,20歳代,その他,施錠した
窃盗,自転車盗,八千代,八千代中央駅前,122211,千葉県,八千代市,ゆりのき台３丁目,2023-03-22,05,道路上,その他,10歳代,その他,施錠せず
窃盗,自転車盗,八千代,八千代中央駅前,122211,千葉県,八千代市,ゆりのき台４丁目,2022-12-31,23,駐車（輪）場,駐車（輪）場,20歳代,その他,施錠せず
窃盗,自転車盗,八千代,八千代中央駅前,122211,千葉県,八千代市,ゆりのき台４丁目,2023-01-09,15,４階建て以上共同住宅,駐車（輪）場,10歳未満,小学生,施錠した
窃盗,自転車盗,八千代,八千代中央駅前,122211,千葉県,八千代市,ゆりのき台４丁目,2023-03-06,16,その他,駐車（輪）場,30歳代,その他,施錠せず
窃盗,自転車盗,八千代,八千代中央駅前,122211,千葉県,八千代市,ゆりのき台４丁目,2023-05-25,20,一戸建住宅,その他,40歳代,その他,施錠せず
窃盗,自転車盗,八千代,八千代中央駅前,122211,千葉県,八千代市,ゆりのき台４丁目,2023-06-27,19,その他,駐車（輪）場,10歳代,中学生,施錠せず
窃盗,自転車盗,八千代,八千代中央駅前,122211,千葉県,八千代市,ゆりのき台４丁目,2023-06-27,19,その他,駐車（輪）場,10歳代,中学生,施錠せず
窃盗,自転車盗,八千代,八千代中央駅前,122211,千葉県,八千代市,ゆりのき台４丁目,2023-07-13,11,その他の住宅（３階建て以下共同住宅等）,駐車（輪）場,20歳代,大学生,施錠せず
窃盗,自転車盗,八千代,八千代中央駅前,122211,千葉県,八千代市,ゆりのき台４丁目,2023-11-29,17,４階建て以上共同住宅,その他,10歳代,中学生,施錠した
窃盗,自転車盗,八千代,八千代台東,122211,千葉県,八千代市,八千代台東１丁目,2022-12-30,15,その他,駐車（輪）場,10歳代,中学生,施錠せず
窃盗,自転車盗,八千代,八千代台東,122211,千葉県,八千代市,八千代台東１丁目,2023-01-05,18,その他,駐車（輪）場,10歳代,高校生,施錠した
窃盗,自転車盗,八千代,八千代台東,122211,千葉県,八千代市,八千代台東１丁目,2023-01-06,18,その他,駐車（輪）場,10歳代,中学生,施錠せず
窃盗,自転車盗,八千代,八千代台東,122211,千葉県,八千代市,八千代台東１丁目,2023-01-16,16,その他,駐車（輪）場,10歳代,中学生,施錠した
窃盗,自転車盗,八千代,八千代台東,122211,千葉県,八千代市,八千代台東１丁目,2023-01-21,16,その他,駐車（輪）場,60-64歳,その他,施錠した
窃盗,自転車盗,八千代,八千代台東,122211,千葉県,八千代市,八千代台東１丁目,2023-03-17,11,その他,駐車（輪）場,10歳代,高校生,施錠せず
窃盗,自転車盗,八千代,八千代台東,122211,千葉県,八千代市,八千代台東１丁目,2023-04-07,15,その他,駐車（輪）場,10歳代,高校生,施錠せず
窃盗,自転車盗,八千代,八千代台東,122211,千葉県,八千代市,八千代台東１丁目,2023-04-10,15,その他,その他,20歳代,その他,施錠した
窃盗,自転車盗,八千代,八千代台東,122211,千葉県,八千代市,八千代台東１丁目,2023-04-10,18,その他,駐車（輪）場,10歳代,中学生,施錠せず
窃盗,自転車盗,八千代,八千代台東,122211,千葉県,八千代市,八千代台東１丁目,2023-04-12,18,その他,駐車（輪）場,10歳代,中学生,施錠せず
窃盗,自転車盗,八千代,八千代台東,122211,千葉県,八千代市,八千代台東１丁目,2023-05-23,12,その他,駐車（輪）場,20歳代,その他,施錠せず
窃盗,自転車盗,八千代,八千代台東,122211,千葉県,八千代市,八千代台東１丁目,2023-06-24,15,その他,駐車（輪）場,10歳代,その他,施錠した
窃盗,自転車盗,八千代,八千代台東,122211,千葉県,八千代市,八千代台東１丁目,2023-07-02,07,一戸建住宅,駐車（輪）場,10歳代,高校生,施錠した
窃盗,自転車盗,八千代,八千代台東,122211,千葉県,八千代市,八千代台東１丁目,2023-07-13,21,駐車（輪）場,駐車（輪）場,20歳代,その他,施錠せず
窃盗,自転車盗,八千代,八千代台東,122211,千葉県,八千代市,八千代台東１丁目,2023-07-14,17,その他,駐車（輪）場,10歳代,中学生,施錠せず
窃盗,自転車盗,八千代,八千代台東,122211,千葉県,八千代市,八千代台東１丁目,2023-07-16,17,その他,駐車（輪）場,20歳代,その他,施錠せず
窃盗,自転車盗,八千代,八千代台東,122211,千葉県,八千代市,八千代台東１丁目,2023-08-03,15,その他,駐車（輪）場,10歳代,中学生,施錠せず
窃盗,自転車盗,八千代,八千代台東,122211,千葉県,八千代市,八千代台東１丁目,2023-08-06,09,その他,駐車（輪）場,50歳代,その他,施錠せず
窃盗,自転車盗,八千代,八千代台東,122211,千葉県,八千代市,八千代台東１丁目,2023-10-22,11,その他,その他,10歳代,大学生,施錠せず
窃盗,自転車盗,八千代,八千代台東,122211,千葉県,八千代市,八千代台東１丁目,2023-10-22,12,その他,駐車（輪）場,10歳代,中学生,施錠した
窃盗,自転車盗,八千代,八千代台東,122211,千葉県,八千代市,八千代台東１丁目,2023-10-31,15,その他,駐車（輪）場,10歳代,その他,施錠した
窃盗,自転車盗,八千代,八千代台東,122211,千葉県,八千代市,八千代台東１丁目,2023-11-05,16,その他,その他,10歳代,高校生,施錠せず
窃盗,自転車盗,八千代,八千代台東,122211,千葉県,八千代市,八千代台東１丁目,2023-12-02,10,その他,駐車（輪）場,70歳以上,その他,施錠せず
窃盗,自転車盗,八千代,八千代台東,122211,千葉県,八千代市,八千代台東１丁目,2023-12-19,14,その他,駐車（輪）場,10歳代,小学生,施錠せず
窃盗,自転車盗,八千代,八千代台東,122211,千葉県,八千代市,八千代台東１丁目,2023-12-23,15,その他,駐車（輪）場,30歳代,その他,施錠した
窃盗,自転車盗,八千代,八千代台東,122211,千葉県,八千代市,八千代台東２丁目,2023-10-31,16,その他,駐車（輪）場,10歳代,高校生,施錠せず
窃盗,自転車盗,八千代,八千代台東,122211,千葉県,八千代市,八千代台東３丁目,2023-09-14,09,一戸建住宅,駐車（輪）場,70歳以上,その他,施錠せず
窃盗,自転車盗,八千代,八千代台東,122211,千葉県,八千代市,八千代台東４丁目,2023-02-01,12,一戸建住宅,駐車（輪）場,10歳代,高校生,施錠せず
窃盗,自転車盗,八千代,八千代台東,122211,千葉県,八千代市,八千代台東４丁目,2023-04-19,10,その他の住宅（３階建て以下共同住宅等）,その他,40歳代,その他,施錠した
窃盗,自転車盗,八千代,八千代台東,122211,千葉県,八千代市,八千代台東４丁目,2023-11-19,18,その他の住宅（３階建て以下共同住宅等）,駐車（輪）場,20歳代,その他,施錠せず
窃盗,自転車盗,八千代,八千代台東,122211,千葉県,八千代市,八千代台東５丁目,2023-02-17,17,その他の住宅（３階建て以下共同住宅等）,駐車（輪）場,10歳代,大学生,施錠した
窃盗,自転車盗,八千代,八千代台東,122211,千葉県,八千代市,八千代台東５丁目,2023-07-15,18,その他の住宅（３階建て以下共同住宅等）,その他,40歳代,その他,施錠せず
窃盗,自転車盗,八千代,八千代台東,122211,千葉県,八千代市,八千代台東５丁目,2023-08-10,18,その他の住宅（３階建て以下共同住宅等）,駐車（輪）場,30歳代,その他,施錠した
窃盗,自転車盗,八千代,八千代台東,122211,千葉県,八千代市,八千代台南１丁目,2023-01-11,07,駐車（輪）場,駐車（輪）場,60-64歳,その他,施錠した
窃盗,自転車盗,八千代,八千代台東,122211,千葉県,八千代市,八千代台南１丁目,2023-01-21,15,道路上,その他,20歳代,その他,施錠した
窃盗,自転車盗,八千代,八千代台東,122211,千葉県,八千代市,八千代台南１丁目,2023-01-28,13,その他,その他,10歳代,高校生,施錠せず
窃盗,自転車盗,八千代,八千代台東,122211,千葉県,八千代市,八千代台南１丁目,2023-02-08,16,駐車（輪）場,駐車（輪）場,10歳代,大学生,施錠した
窃盗,自転車盗,八千代,八千代台東,122211,千葉県,八千代市,八千代台南１丁目,2023-02-19,16,道路上,その他,20歳代,大学生,施錠した
窃盗,自転車盗,八千代,八千代台東,122211,千葉県,八千代市,八千代台南１丁目,2023-03-21,13,その他,その他,10歳代,小学生,施錠せず
窃盗,自転車盗,八千代,八千代台東,122211,千葉県,八千代市,八千代台南１丁目,2023-04-03,18,その他,その他,10歳代,その他,施錠せず
窃盗,自転車盗,八千代,八千代台東,122211,千葉県,八千代市,八千代台南１丁目,2023-04-09,21,その他の住宅（３階建て以下共同住宅等）,その他,20歳代,その他,施錠した
窃盗,自転車盗,八千代,八千代台東,122211,千葉県,八千代市,八千代台南１丁目,2023-05-03,21,その他,その他,10歳代,高校生,施錠せず
窃盗,自転車盗,八千代,八千代台東,122211,千葉県,八千代市,八千代台南１丁目,2023-05-17,08,駐車（輪）場,駐車（輪）場,30歳代,その他,施錠した
窃盗,自転車盗,八千代,八千代台東,122211,千葉県,八千代市,八千代台南１丁目,2023-05-21,10,その他,その他,10歳代,高校生,施錠せず
窃盗,自転車盗,八千代,八千代台東,122211,千葉県,八千代市,八千代台南１丁目,2023-06-25,20,その他,その他,20歳代,その他,施錠した
窃盗,自転車盗,八千代,八千代台東,122211,千葉県,八千代市,八千代台南１丁目,2023-06-29,07,道路上,その他,10歳代,高校生,施錠せず
窃盗,自転車盗,八千代,八千代台東,122211,千葉県,八千代市,八千代台南１丁目,2023-07-27,21,駐車（輪）場,駐車（輪）場,40歳代,その他,施錠した
窃盗,自転車盗,八千代,八千代台東,122211,千葉県,八千代市,八千代台南１丁目,2023-10-04,20,その他の住宅（３階建て以下共同住宅等）,駐車（輪）場,40歳代,その他,施錠した
窃盗,自転車盗,八千代,八千代台東,122211,千葉県,八千代市,八千代台南１丁目,2023-10-27,23,その他,その他,20歳代,その他,施錠せず
窃盗,自転車盗,八千代,八千代台東,122211,千葉県,八千代市,八千代台南１丁目,2023-11-21,08,駐車（輪）場,駐車（輪）場,10歳代,高校生,施錠せず
窃盗,自転車盗,八千代,八千代台東,122211,千葉県,八千代市,八千代台南１丁目,2023-11-21,15,駐車（輪）場,駐車（輪）場,20歳代,その他,施錠した
窃盗,自転車盗,八千代,八千代台東,122211,千葉県,八千代市,八千代台南１丁目,2023-11-26,14,駐車（輪）場,駐車（輪）場,20歳代,その他,施錠せず
窃盗,自転車盗,八千代,八千代台東,122211,千葉県,八千代市,八千代台南１丁目,不明,不明,一戸建住宅,その他,10歳代,中学生,施錠せず
窃盗,自転車盗,八千代,八千代台東,122211,千葉県,八千代市,八千代台南２丁目,2023-04-06,18,一戸建住宅,駐車（輪）場,10歳代,中学生,施錠せず
窃盗,自転車盗,八千代,八千代台東,122211,千葉県,八千代市,八千代台南２丁目,2023-06-30,21,その他,その他,20歳代,その他,施錠した
窃盗,自転車盗,八千代,八千代台東,122211,千葉県,八千代市,八千代台南２丁目,2023-10-09,17,その他の住宅（３階建て以下共同住宅等）,その他,10歳未満,小学生,施錠した
窃盗,自転車盗,八千代,八千代台東,122211,千葉県,八千代市,八千代台南３丁目,2023-02-25,21,その他の住宅（３階建て以下共同住宅等）,駐車（輪）場,10歳代,高校生,施錠した
窃盗,自転車盗,八千代,八千代台東,122211,千葉県,八千代市,八千代台南３丁目,2023-04-11,19,一戸建住宅,その他,50歳代,その他,施錠せず
窃盗,自転車盗,八千代,八千代台東,122211,千葉県,八千代市,八千代台南３丁目,2023-05-26,08,その他の住宅（３階建て以下共同住宅等）,駐車（輪）場,30歳代,その他,施錠せず
窃盗,自転車盗,八千代,八千代台駅前,122211,千葉県,八千代市,八千代台北１丁目,2022-12-29,15,駐車（輪）場,駐車（輪）場,30歳代,その他,施錠せず
窃盗,自転車盗,八千代,八千代台駅前,122211,千葉県,八千代市,八千代台北１丁目,2023-02-25,10,駐車（輪）場,駐車（輪）場,20歳代,その他,施錠せず
窃盗,自転車盗,八千代,八千代台駅前,122211,千葉県,八千代市,八千代台北１丁目,2023-03-03,10,駐車（輪）場,駐車（輪）場,60-64歳,その他,施錠した
窃盗,自転車盗,八千代,八千代台駅前,122211,千葉県,八千代市,八千代台北１丁目,2023-03-24,17,駐車（輪）場,駐車（輪）場,20歳代,その他,施錠せず
窃盗,自転車盗,八千代,八千代台駅前,122211,千葉県,八千代市,八千代台北１丁目,2023-07-08,07,駐車（輪）場,駐車（輪）場,20歳代,その他,施錠せず
窃盗,自転車盗,八千代,八千代台駅前,122211,千葉県,八千代市,八千代台北１丁目,2023-07-21,09,駐車（輪）場,駐車（輪）場,20歳代,その他,施錠せず
窃盗,自転車盗,八千代,八千代台駅前,122211,千葉県,八千代市,八千代台北１丁目,2023-09-09,12,駐車（輪）場,駐車（輪）場,10歳代,中学生,施錠せず
窃盗,自転車盗,八千代,八千代台駅前,122211,千葉県,八千代市,八千代台北１丁目,2023-10-29,09,駐車（輪）場,駐車（輪）場,20歳代,その他,施錠せず
窃盗,自転車盗,八千代,八千代台駅前,122211,千葉県,八千代市,八千代台北２丁目,2023-04-17,07,駐車（輪）場,駐車（輪）場,10歳代,その他,施錠せず
窃盗,自転車盗,八千代,八千代台駅前,122211,千葉県,八千代市,八千代台北２丁目,2023-04-19,07,駐車（輪）場,駐車（輪）場,10歳代,高校生,施錠した
窃盗,自転車盗,八千代,八千代台駅前,122211,千葉県,八千代市,八千代台北２丁目,2023-05-10,14,駐車（輪）場,駐車（輪）場,20歳代,大学生,施錠せず
窃盗,自転車盗,八千代,八千代台駅前,122211,千葉県,八千代市,八千代台北２丁目,2023-10-03,08,駐車（輪）場,駐車（輪）場,20歳代,その他,施錠せず
窃盗,自転車盗,八千代,八千代台駅前,122211,千葉県,八千代市,八千代台北２丁目,2023-10-07,10,駐車（輪）場,駐車（輪）場,10歳代,その他,施錠せず
窃盗,自転車盗,八千代,八千代台駅前,122211,千葉県,八千代市,八千代台北２丁目,2023-11-24,17,駐車（輪）場,駐車（輪）場,40歳代,その他,施錠した
窃盗,自転車盗,八千代,八千代台駅前,122211,千葉県,八千代市,八千代台北６丁目,2023-02-20,20,４階建て以上共同住宅,駐車（輪）場,20歳代,大学生,施錠せず
窃盗,自転車盗,八千代,八千代台駅前,122211,千葉県,八千代市,八千代台北６丁目,2023-04-14,08,４階建て以上共同住宅,その他,10歳代,その他,施錠せず
窃盗,自転車盗,八千代,八千代台駅前,122211,千葉県,八千代市,八千代台北６丁目,2023-05-26,00,４階建て以上共同住宅,駐車（輪）場,10歳代,その他,施錠せず
窃盗,自転車盗,八千代,八千代台駅前,122211,千葉県,八千代市,八千代台北９丁目,2023-02-24,08,一戸建住宅,その他,10歳代,中学生,施錠せず
窃盗,自転車盗,八千代,八千代台駅前,122211,千葉県,八千代市,八千代台北１０丁目,2023-09-30,18,その他の住宅（３階建て以下共同住宅等）,駐車（輪）場,20歳代,その他,施錠せず
窃盗,自転車盗,八千代,八千代台駅前,122211,千葉県,八千代市,八千代台北１３丁目,2023-02-08,21,一戸建住宅,駐車（輪）場,50歳代,その他,施錠せず
窃盗,自転車盗,八千代,八千代台駅前,122211,千葉県,八千代市,八千代台北１３丁目,2023-03-13,12,一戸建住宅,その他,10歳代,高校生,施錠せず
窃盗,自転車盗,八千代,八千代台駅前,122211,千葉県,八千代市,八千代台北１５丁目,2023-09-04,16,一戸建住宅,その他,10歳代,その他,施錠せず
窃盗,自転車盗,八千代,八千代台駅前,122211,千葉県,八千代市,八千代台西１丁目,2022-12-25,17,その他,駐車（輪）場,10歳代,高校生,施錠した
窃盗,自転車盗,八千代,八千代台駅前,122211,千葉県,八千代市,八千代台西１丁目,2023-01-16,07,駐車（輪）場,駐車（輪）場,10歳代,高校生,施錠せず
窃盗,自転車盗,八千代,八千代台駅前,122211,千葉県,八千代市,八千代台西１丁目,2023-02-02,10,その他,その他,10歳代,大学生,施錠せず
窃盗,自転車盗,八千代,八千代台駅前,122211,千葉県,八千代市,八千代台西１丁目,2023-02-20,17,その他,その他,20歳代,大学生,施錠した
窃盗,自転車盗,八千代,八千代台駅前,122211,千葉県,八千代市,八千代台西１丁目,2023-03-10,14,その他,駐車（輪）場,20歳代,大学生,施錠した
窃盗,自転車盗,八千代,八千代台駅前,122211,千葉県,八千代市,八千代台西１丁目,2023-03-16,07,駐車（輪）場,駐車（輪）場,20歳代,その他,施錠した
窃盗,自転車盗,八千代,八千代台駅前,122211,千葉県,八千代市,八千代台西１丁目,2023-03-22,13,駐車（輪）場,駐車（輪）場,20歳代,大学生,施錠せず
窃盗,自転車盗,八千代,八千代台駅前,122211,千葉県,八千代市,八千代台西１丁目,2023-04-22,16,駐車（輪）場,駐車（輪）場,10歳代,中学生,施錠した
窃盗,自転車盗,八千代,八千代台駅前,122211,千葉県,八千代市,八千代台西１丁目,2023-04-28,07,駐車（輪）場,駐車（輪）場,10歳代,その他,施錠せず
窃盗,自転車盗,八千代,八千代台駅前,122211,千葉県,八千代市,八千代台西１丁目,2023-04-29,14,駐車（輪）場,駐車（輪）場,10歳代,高校生,施錠せず
窃盗,自転車盗,八千代,八千代台駅前,122211,千葉県,八千代市,八千代台西１丁目,2023-06-14,17,駐車（輪）場,駐車（輪）場,10歳代,高校生,施錠せず
窃盗,自転車盗,八千代,八千代台駅前,122211,千葉県,八千代市,八千代台西１丁目,2023-06-21,06,駐車（輪）場,駐車（輪）場,20歳代,その他,施錠した
窃盗,自転車盗,八千代,八千代台駅前,122211,千葉県,八千代市,八千代台西１丁目,2023-06-23,17,駐車（輪）場,駐車（輪）場,20歳代,その他,施錠せず
窃盗,自転車盗,八千代,八千代台駅前,122211,千葉県,八千代市,八千代台西１丁目,2023-06-28,20,駐車（輪）場,駐車（輪）場,30歳代,その他,施錠せず
窃盗,自転車盗,八千代,八千代台駅前,122211,千葉県,八千代市,八千代台西１丁目,2023-07-02,05,駐車（輪）場,駐車（輪）場,10歳代,高校生,施錠せず
窃盗,自転車盗,八千代,八千代台駅前,122211,千葉県,八千代市,八千代台西１丁目,2023-07-02,18,駐車（輪）場,駐車（輪）場,10歳代,中学生,施錠した
窃盗,自転車盗,八千代,八千代台駅前,122211,千葉県,八千代市,八千代台西１丁目,2023-08-20,14,駐車（輪）場,駐車（輪）場,20歳代,その他,施錠した
窃盗,自転車盗,八千代,八千代台駅前,122211,千葉県,八千代市,八千代台西１丁目,2023-09-07,11,駐車（輪）場,駐車（輪）場,20歳代,大学生,施錠せず
窃盗,自転車盗,八千代,八千代台駅前,122211,千葉県,八千代市,八千代台西１丁目,2023-09-25,08,その他,駐車（輪）場,20歳代,大学生,施錠した
窃盗,自転車盗,八千代,八千代台駅前,122211,千葉県,八千代市,八千代台西２丁目,2023-03-02,18,その他の住宅（３階建て以下共同住宅等）,その他,30歳代,その他,施錠せず
窃盗,自転車盗,八千代,八千代台駅前,122211,千葉県,八千代市,八千代台西４丁目,2023-09-23,12,一戸建住宅,その他,10歳代,中学生,施錠せず
窃盗,自転車盗,八千代,八千代台駅前,122211,千葉県,八千代市,八千代台西５丁目,2023-07-05,23,一戸建住宅,その他,10歳代,大学生,施錠せず
窃盗,自転車盗,八千代,八千代台駅前,122211,千葉県,八千代市,八千代台西８丁目,2023-08-16,00,４階建て以上共同住宅,駐車（輪）場,10歳代,高校生,施錠した
窃盗,自転車盗,八千代,八千代台駅前,122211,千葉県,八千代市,八千代台西８丁目,2023-08-28,05,４階建て以上共同住宅,駐車（輪）場,10歳代,高校生,施錠した
窃盗,自転車盗,八千代,八千代台駅前,122211,千葉県,八千代市,八千代台西８丁目,2023-09-20,17,４階建て以上共同住宅,その他,10歳代,中学生,施錠せず
窃盗,自転車盗,八千代,八千代台駅前,122211,千葉県,八千代市,八千代台西８丁目,2023-10-28,19,４階建て以上共同住宅,駐車（輪）場,10歳代,高校生,施錠せず
窃盗,自転車盗,八千代,八千代台駅前,122211,千葉県,八千代市,八千代台西８丁目,2023-10-28,19,４階建て以上共同住宅,駐車（輪）場,10歳代,高校生,施錠せず
窃盗,自転車盗,八千代,八千代台駅前,122211,千葉県,八千代市,八千代台西９丁目,2023-02-26,22,その他の住宅（３階建て以下共同住宅等）,駐車（輪）場,20歳代,その他,施錠せず
窃盗,自転車盗,八千代,八千代台駅前,122211,千葉県,八千代市,八千代台東１丁目,2023-04-01,11,その他,駐車（輪）場,10歳代,中学生,施錠せず
窃盗,自転車盗,八千代,八千代台駅前,122211,千葉県,八千代市,八千代台東１丁目,2023-05-01,16,道路上,その他,40歳代,その他,施錠せず
窃盗,自転車盗,八千代,八千代台駅前,122211,千葉県,八千代市,八千代台東１丁目,2023-07-15,08,駐車（輪）場,駐車（輪）場,20歳代,大学生,施錠せず
窃盗,自転車盗,八千代,八千代台駅前,122211,千葉県,八千代市,八千代台東６丁目,2023-08-31,18,その他の住宅（３階建て以下共同住宅等）,駐車（輪）場,60-64歳,その他,施錠せず
窃盗,自転車盗,八千代,八千代台駅前,122211,千葉県,八千代市,八千代台南１丁目,2023-03-29,12,その他,その他,10歳代,その他,施錠せず
窃盗,自転車盗,八千代,八千代台駅前,122211,千葉県,八千代市,八千代台南１丁目,2023-04-21,17,駐車（輪）場,駐車（輪）場,20歳代,その他,施錠せず
窃盗,自転車盗,八千代,八千代緑が丘駅前,122211,千葉県,八千代市,大和田新田,2023-01-04,22,一戸建住宅,その他,50歳代,その他,施錠せず
窃盗,自転車盗,八千代,八千代緑が丘駅前,122211,千葉県,八千代市,大和田新田,2023-02-04,22,その他,駐車（輪）場,20歳代,大学生,施錠せず
窃盗,自転車盗,八千代,八千代緑が丘駅前,122211,千葉県,八千代市,大和田新田,2023-02-12,20,一戸建住宅,その他,40歳代,その他,施錠せず
窃盗,自転車盗,八千代,八千代緑が丘駅前,122211,千葉県,八千代市,大和田新田,2023-03-24,12,その他の住宅（３階建て以下共同住宅等）,駐車（輪）場,30歳代,その他,施錠した
窃盗,自転車盗,八千代,八千代緑が丘駅前,122211,千葉県,八千代市,大和田新田,2023-03-29,12,その他の住宅（３階建て以下共同住宅等）,その他,10歳代,大学生,施錠せず
窃盗,自転車盗,八千代,八千代緑が丘駅前,122211,千葉県,八千代市,大和田新田,2023-04-10,06,その他,駐車（輪）場,10歳代,高校生,施錠せず
窃盗,自転車盗,八千代,八千代緑が丘駅前,122211,千葉県,八千代市,大和田新田,2023-04-10,20,その他,駐車（輪）場,30歳代,その他,施錠せず
窃盗,自転車盗,八千代,八千代緑が丘駅前,122211,千葉県,八千代市,大和田新田,2023-05-14,07,その他,その他,10歳代,中学生,施錠した
窃盗,自転車盗,八千代,八千代緑が丘駅前,122211,千葉県,八千代市,大和田新田,2023-06-07,19,一戸建住宅,駐車（輪）場,10歳代,高校生,施錠した
窃盗,自転車盗,八千代,八千代緑が丘駅前,122211,千葉県,八千代市,大和田新田,2023-08-07,22,４階建て以上共同住宅,駐車（輪）場,50歳代,その他,施錠せず
窃盗,自転車盗,八千代,八千代緑が丘駅前,122211,千葉県,八千代市,大和田新田,2023-08-08,09,その他,その他,20歳代,大学生,施錠せず
窃盗,自転車盗,八千代,八千代緑が丘駅前,122211,千葉県,八千代市,大和田新田,2023-08-17,21,一戸建住宅,その他,30歳代,その他,施錠せず
窃盗,自転車盗,八千代,八千代緑が丘駅前,122211,千葉県,八千代市,大和田新田,2023-08-18,06,一戸建住宅,その他,30歳代,その他,施錠せず
窃盗,自転車盗,八千代,八千代緑が丘駅前,122211,千葉県,八千代市,大和田新田,2023-08-28,17,一戸建住宅,その他,10歳代,高校生,施錠した
窃盗,自転車盗,八千代,八千代緑が丘駅前,122211,千葉県,八千代市,大和田新田,2023-08-28,23,一戸建住宅,その他,10歳代,高校生,施錠せず
窃盗,自転車盗,八千代,八千代緑が丘駅前,122211,千葉県,八千代市,大和田新田,2023-10-12,19,その他,駐車（輪）場,10歳代,高校生,施錠した
窃盗,自転車盗,八千代,八千代緑が丘駅前,122211,千葉県,八千代市,大和田新田,2023-11-09,21,その他の住宅（３階建て以下共同住宅等）,駐車（輪）場,20歳代,大学生,施錠した
窃盗,自転車盗,八千代,八千代緑が丘駅前,122211,千葉県,八千代市,大和田新田,2023-11-13,16,その他の住宅（３階建て以下共同住宅等）,駐車（輪）場,10歳代,中学生,施錠した
窃盗,自転車盗,八千代,八千代緑が丘駅前,122211,千葉県,八千代市,大和田新田,2023-11-23,14,４階建て以上共同住宅,駐車（輪）場,10歳代,高校生,施錠せず
窃盗,自転車盗,八千代,八千代緑が丘駅前,122211,千葉県,八千代市,大和田新田,2023-12-07,19,その他,駐車（輪）場,10歳代,高校生,施錠せず
窃盗,自転車盗,八千代,八千代緑が丘駅前,122211,千葉県,八千代市,大和田新田,2023-12-21,12,その他,駐車（輪）場,10歳代,高校生,施錠せず
窃盗,自転車盗,八千代,八千代緑が丘駅前,122211,千葉県,八千代市,大和田新田,2023-12-21,14,その他,その他,10歳代,高校生,施錠した
窃盗,自転車盗,八千代,八千代緑が丘駅前,122211,千葉県,八千代市,桑橋,2023-05-15,08,その他,駐車（輪）場,10歳代,高校生,施錠せず
窃盗,自転車盗,八千代,八千代緑が丘駅前,122211,千葉県,八千代市,吉橋,2023-01-13,20,その他,その他,10歳代,中学生,施錠せず
窃盗,自転車盗,八千代,八千代緑が丘駅前,122211,千葉県,八千代市,吉橋,2023-06-20,20,その他,駐車（輪）場,10歳代,中学生,施錠せず
窃盗,自転車盗,八千代,八千代緑が丘駅前,122211,千葉県,八千代市,吉橋,2023-08-19,15,その他,駐車（輪）場,10歳代,大学生,施錠せず
窃盗,自転車盗,八千代,八千代緑が丘駅前,122211,千葉県,八千代市,緑が丘１丁目,2023-01-26,07,その他,駐車（輪）場,70歳以上,その他,施錠した
窃盗,自転車盗,八千代,八千代緑が丘駅前,122211,千葉県,八千代市,緑が丘１丁目,2023-02-24,20,その他,駐車（輪）場,10歳代,高校生,施錠した
窃盗,自転車盗,八千代,八千代緑が丘駅前,122211,千葉県,八千代市,緑が丘１丁目,2023-04-20,10,その他,駐車（輪）場,20歳代,大学生,施錠した
窃盗,自転車盗,八千代,八千代緑が丘駅前,122211,千葉県,八千代市,緑が丘１丁目,2023-05-19,08,その他,駐車（輪）場,20歳代,大学生,施錠した
窃盗,自転車盗,八千代,八千代緑が丘駅前,122211,千葉県,八千代市,緑が丘１丁目,2023-05-19,08,その他,駐車（輪）場,20歳代,大学生,施錠した
窃盗,自転車盗,八千代,八千代緑が丘駅前,122211,千葉県,八千代市,緑が丘１丁目,2023-07-10,14,４階建て以上共同住宅,駐車（輪）場,40歳代,その他,施錠した
窃盗,自転車盗,八千代,八千代緑が丘駅前,122211,千葉県,八千代市,緑が丘１丁目,2023-09-19,06,その他,その他,10歳代,その他,施錠せず
窃盗,自転車盗,八千代,八千代緑が丘駅前,122211,千葉県,八千代市,緑が丘１丁目,2023-10-20,19,その他,駐車（輪）場,20歳代,その他,施錠せず
窃盗,自転車盗,八千代,八千代緑が丘駅前,122211,千葉県,八千代市,緑が丘２丁目,2022-12-28,13,その他,駐車（輪）場,10歳代,中学生,施錠した
窃盗,自転車盗,八千代,八千代緑が丘駅前,122211,千葉県,八千代市,緑が丘２丁目,2023-01-06,16,その他,駐車（輪）場,10歳代,高校生,施錠した
窃盗,自転車盗,八千代,八千代緑が丘駅前,122211,千葉県,八千代市,緑が丘２丁目,2023-01-12,18,その他,駐車（輪）場,10歳代,中学生,施錠せず
窃盗,自転車盗,八千代,八千代緑が丘駅前,122211,千葉県,八千代市,緑が丘２丁目,2023-01-14,15,その他,駐車（輪）場,10歳代,大学生,施錠せず
窃盗,自転車盗,八千代,八千代緑が丘駅前,122211,千葉県,八千代市,緑が丘２丁目,2023-01-22,13,その他,駐車（輪）場,10歳代,高校生,施錠せず
窃盗,自転車盗,八千代,八千代緑が丘駅前,122211,千葉県,八千代市,緑が丘２丁目,2023-01-25,07,その他,駐車（輪）場,10歳代,高校生,施錠した
窃盗,自転車盗,八千代,八千代緑が丘駅前,122211,千葉県,八千代市,緑が丘２丁目,2023-02-14,10,その他,駐車（輪）場,65-69歳,その他,施錠せず
窃盗,自転車盗,八千代,八千代緑が丘駅前,122211,千葉県,八千代市,緑が丘２丁目,2023-02-14,18,その他,駐車（輪）場,20歳代,その他,施錠せず
窃盗,自転車盗,八千代,八千代緑が丘駅前,122211,千葉県,八千代市,緑が丘２丁目,2023-02-14,19,その他,駐車（輪）場,50歳代,その他,施錠した
窃盗,自転車盗,八千代,八千代緑が丘駅前,122211,千葉県,八千代市,緑が丘２丁目,2023-02-17,19,その他,駐車（輪）場,10歳代,高校生,施錠せず
窃盗,自転車盗,八千代,八千代緑が丘駅前,122211,千葉県,八千代市,緑が丘２丁目,2023-02-18,16,その他,駐車（輪）場,10歳代,中学生,施錠せず
窃盗,自転車盗,八千代,八千代緑が丘駅前,122211,千葉県,八千代市,緑が丘２丁目,2023-02-26,23,その他,駐車（輪）場,30歳代,その他,施錠せず
窃盗,自転車盗,八千代,八千代緑が丘駅前,122211,千葉県,八千代市,緑が丘２丁目,2023-03-04,16,その他,駐車（輪）場,10歳代,中学生,施錠せず
窃盗,自転車盗,八千代,八千代緑が丘駅前,122211,千葉県,八千代市,緑が丘２丁目,2023-03-12,18,その他,駐車（輪）場,10歳代,中学生,施錠せず
窃盗,自転車盗,八千代,八千代緑が丘駅前,122211,千葉県,八千代市,緑が丘２丁目,2023-03-27,15,その他,駐車（輪）場,10歳代,中学生,施錠せず
窃盗,自転車盗,八千代,八千代緑が丘駅前,122211,千葉県,八千代市,緑が丘２丁目,2023-03-31,16,その他,その他,10歳代,小学生,施錠せず
窃盗,自転車盗,八千代,八千代緑が丘駅前,122211,千葉県,八千代市,緑が丘２丁目,2023-04-01,14,その他,その他,10歳代,小学生,施錠せず
窃盗,自転車盗,八千代,八千代緑が丘駅前,122211,千葉県,八千代市,緑が丘２丁目,2023-04-01,18,その他,駐車（輪）場,10歳代,高校生,施錠せず
窃盗,自転車盗,八千代,八千代緑が丘駅前,122211,千葉県,八千代市,緑が丘２丁目,2023-04-05,19,その他,駐車（輪）場,10歳代,中学生,施錠せず
窃盗,自転車盗,八千代,八千代緑が丘駅前,122211,千葉県,八千代市,緑が丘２丁目,2023-04-14,16,その他,駐車（輪）場,10歳代,小学生,施錠せず
窃盗,自転車盗,八千代,八千代緑が丘駅前,122211,千葉県,八千代市,緑が丘２丁目,2023-04-20,16,その他,駐車（輪）場,10歳代,小学生,施錠せず
窃盗,自転車盗,八千代,八千代緑が丘駅前,122211,千葉県,八千代市,緑が丘２丁目,2023-05-09,19,その他,駐車（輪）場,10歳代,中学生,施錠せず
窃盗,自転車盗,八千代,八千代緑が丘駅前,122211,千葉県,八千代市,緑が丘２丁目,2023-05-10,07,その他,駐車（輪）場,10歳代,大学生,施錠せず
窃盗,自転車盗,八千代,八千代緑が丘駅前,122211,千葉県,八千代市,緑が丘２丁目,2023-06-26,16,その他,駐車（輪）場,30歳代,その他,施錠した
窃盗,自転車盗,八千代,八千代緑が丘駅前,122211,千葉県,八千代市,緑が丘２丁目,2023-07-03,19,その他,駐車（輪）場,30歳代,その他,施錠せず
窃盗,自転車盗,八千代,八千代緑が丘駅前,122211,千葉県,八千代市,緑が丘２丁目,2023-07-09,07,一戸建住宅,駐車（輪）場,70歳以上,その他,施錠せず
窃盗,自転車盗,八千代,八千代緑が丘駅前,122211,千葉県,八千代市,緑が丘２丁目,2023-07-10,19,その他,駐車（輪）場,20歳代,その他,施錠せず
窃盗,自転車盗,八千代,八千代緑が丘駅前,122211,千葉県,八千代市,緑が丘２丁目,2023-08-09,07,その他,駐車（輪）場,10歳代,高校生,施錠した
窃盗,自転車盗,八千代,八千代緑が丘駅前,122211,千葉県,八千代市,緑が丘２丁目,2023-08-09,11,その他,駐車（輪）場,10歳代,高校生,施錠せず
窃盗,自転車盗,八千代,八千代緑が丘駅前,122211,千葉県,八千代市,緑が丘２丁目,2023-08-22,17,その他,駐車（輪）場,10歳代,高校生,施錠せず
窃盗,自転車盗,八千代,八千代緑が丘駅前,122211,千葉県,八千代市,緑が丘２丁目,2023-08-28,12,その他,駐車（輪）場,10歳代,中学生,施錠せず
窃盗,自転車盗,八千代,八千代緑が丘駅前,122211,千葉県,八千代市,緑が丘２丁目,2023-08-28,22,その他の住宅（３階建て以下共同住宅等）,駐車（輪）場,20歳代,その他,施錠せず
窃盗,自転車盗,八千代,八千代緑が丘駅前,122211,千葉県,八千代市,緑が丘２丁目,2023-08-30,19,その他,駐車（輪）場,10歳代,大学生,施錠せず
窃盗,自転車盗,八千代,八千代緑が丘駅前,122211,千葉県,八千代市,緑が丘２丁目,2023-09-02,12,その他,駐車（輪）場,10歳代,高校生,施錠せず
窃盗,自転車盗,八千代,八千代緑が丘駅前,122211,千葉県,八千代市,緑が丘２丁目,2023-09-16,14,その他,駐車（輪）場,10歳代,高校生,施錠した
窃盗,自転車盗,八千代,八千代緑が丘駅前,122211,千葉県,八千代市,緑が丘２丁目,2023-09-18,08,その他,駐車（輪）場,10歳代,高校生,施錠せず
窃盗,自転車盗,八千代,八千代緑が丘駅前,122211,千葉県,八千代市,緑が丘２丁目,2023-09-23,16,その他,駐車（輪）場,10歳代,大学生,施錠せず
窃盗,自転車盗,八千代,八千代緑が丘駅前,122211,千葉県,八千代市,緑が丘２丁目,2023-09-28,17,その他,駐車（輪）場,10歳代,中学生,施錠せず
窃盗,自転車盗,八千代,八千代緑が丘駅前,122211,千葉県,八千代市,緑が丘２丁目,2023-09-28,19,その他,駐車（輪）場,10歳代,中学生,施錠せず
窃盗,自転車盗,八千代,八千代緑が丘駅前,122211,千葉県,八千代市,緑が丘２丁目,2023-10-02,17,その他,駐車（輪）場,10歳代,高校生,施錠した
窃盗,自転車盗,八千代,八千代緑が丘駅前,122211,千葉県,八千代市,緑が丘２丁目,2023-10-04,17,その他,駐車（輪）場,10歳代,高校生,施錠せず
窃盗,自転車盗,八千代,八千代緑が丘駅前,122211,千葉県,八千代市,緑が丘２丁目,2023-10-05,16,その他,駐車（輪）場,10歳代,高校生,施錠せず
窃盗,自転車盗,八千代,八千代緑が丘駅前,122211,千葉県,八千代市,緑が丘２丁目,2023-10-10,19,その他,駐車（輪）場,50歳代,その他,施錠せず
窃盗,自転車盗,八千代,八千代緑が丘駅前,122211,千葉県,八千代市,緑が丘２丁目,2023-10-28,14,その他,駐車（輪）場,10歳代,小学生,施錠せず
窃盗,自転車盗,八千代,八千代緑が丘駅前,122211,千葉県,八千代市,緑が丘２丁目,2023-10-30,17,その他,駐車（輪）場,10歳代,その他,施錠せず
窃盗,自転車盗,八千代,八千代緑が丘駅前,122211,千葉県,八千代市,緑が丘２丁目,2023-11-08,16,その他,駐車（輪）場,10歳代,高校生,施錠した
窃盗,自転車盗,八千代,八千代緑が丘駅前,122211,千葉県,八千代市,緑が丘２丁目,2023-11-09,16,その他,駐車（輪）場,10歳代,中学生,施錠した
窃盗,自転車盗,八千代,八千代緑が丘駅前,122211,千葉県,八千代市,緑が丘２丁目,2023-11-09,18,その他,駐車（輪）場,10歳代,高校生,施錠せず
窃盗,自転車盗,八千代,八千代緑が丘駅前,122211,千葉県,八千代市,緑が丘２丁目,2023-11-14,18,その他,駐車（輪）場,10歳代,高校生,施錠せず
窃盗,自転車盗,八千代,八千代緑が丘駅前,122211,千葉県,八千代市,緑が丘２丁目,2023-11-23,18,その他,駐車（輪）場,10歳代,中学生,施錠した
窃盗,自転車盗,八千代,八千代緑が丘駅前,122211,千葉県,八千代市,緑が丘２丁目,2023-12-12,15,その他,駐車（輪）場,10歳代,高校生,施錠せず
窃盗,自転車盗,八千代,八千代緑が丘駅前,122211,千葉県,八千代市,緑が丘２丁目,2023-12-15,07,その他,駐車（輪）場,10歳代,その他,施錠せず
窃盗,自転車盗,八千代,八千代緑が丘駅前,122211,千葉県,八千代市,緑が丘２丁目,2023-12-22,11,その他,駐車（輪）場,10歳代,大学生,施錠せず
窃盗,自転車盗,八千代,八千代緑が丘駅前,122211,千葉県,八千代市,緑が丘３丁目,2023-03-25,10,４階建て以上共同住宅,駐車（輪）場,10歳未満,小学生,施錠せず
窃盗,自転車盗,八千代,八千代緑が丘駅前,122211,千葉県,八千代市,緑が丘３丁目,2023-04-14,09,４階建て以上共同住宅,駐車（輪）場,10歳代,その他,施錠した
窃盗,自転車盗,八千代,八千代緑が丘駅前,122211,千葉県,八千代市,緑が丘３丁目,2023-04-19,12,その他,駐車（輪）場,70歳以上,その他,施錠した
窃盗,自転車盗,八千代,八千代緑が丘駅前,122211,千葉県,八千代市,緑が丘３丁目,2023-05-11,15,４階建て以上共同住宅,駐車（輪）場,10歳代,小学生,施錠せず
窃盗,自転車盗,八千代,八千代緑が丘駅前,122211,千葉県,八千代市,緑が丘３丁目,不明,不明,４階建て以上共同住宅,駐車（輪）場,10歳代,高校生,施錠せず
窃盗,自転車盗,八千代,八千代緑が丘駅前,122211,千葉県,八千代市,緑が丘４丁目,2023-04-02,14,その他,その他,40歳代,その他,施錠せず
窃盗,自転車盗,八千代,八千代緑が丘駅前,122211,千葉県,八千代市,緑が丘４丁目,2023-04-20,20,４階建て以上共同住宅,駐車（輪）場,10歳代,高校生,施錠せず
窃盗,自転車盗,八千代,八千代緑が丘駅前,122211,千葉県,八千代市,緑が丘４丁目,2023-06-30,17,その他の住宅（３階建て以下共同住宅等）,駐車（輪）場,10歳代,大学生,施錠した
窃盗,自転車盗,八千代,八千代緑が丘駅前,122211,千葉県,八千代市,緑が丘西１丁目,2023-09-03,00,その他の住宅（３階建て以下共同住宅等）,駐車（輪）場,20歳代,その他,施錠した
窃盗,自転車盗,八千代,八千代緑が丘駅前,122211,千葉県,八千代市,緑が丘西１丁目,2023-10-22,22,その他,駐車（輪）場,20歳代,大学生,施錠せず
窃盗,自転車盗,八千代,八千代緑が丘駅前,122211,千葉県,八千代市,緑が丘西１丁目,2023-11-13,12,４階建て以上共同住宅,駐車（輪）場,20歳代,大学生,施錠した
窃盗,自転車盗,八千代,八千代緑が丘駅前,122211,千葉県,八千代市,緑が丘西２丁目,2023-02-28,17,その他,駐車（輪）場,10歳代,高校生,施錠した
窃盗,自転車盗,八千代,八千代緑が丘駅前,122211,千葉県,八千代市,緑が丘西２丁目,2023-03-10,14,その他,駐車（輪）場,10歳代,中学生,施錠せず
窃盗,自転車盗,八千代,八千代緑が丘駅前,122211,千葉県,八千代市,緑が丘西２丁目,2023-06-22,18,その他,駐車（輪）場,10歳代,高校生,施錠せず
窃盗,自転車盗,八千代,八千代緑が丘駅前,122211,千葉県,八千代市,緑が丘西２丁目,2023-08-24,15,その他,駐車（輪）場,10歳代,高校生,施錠せず
窃盗,自転車盗,八千代,八千代緑が丘駅前,122211,千葉県,八千代市,緑が丘西２丁目,2023-09-11,17,その他,駐車（輪）場,10歳代,高校生,施錠せず
窃盗,自転車盗,八千代,八千代緑が丘駅前,122211,千葉県,八千代市,緑が丘西２丁目,2023-09-19,19,その他,駐車（輪）場,10歳代,高校生,施錠せず
窃盗,自転車盗,八千代,八千代緑が丘駅前,122211,千葉県,八千代市,緑が丘西２丁目,2023-09-27,17,その他,駐車（輪）場,10歳代,大学生,施錠した
窃盗,自転車盗,八千代,八千代緑が丘駅前,122211,千葉県,八千代市,緑が丘西２丁目,2023-10-07,10,その他,駐車（輪）場,30歳代,その他,施錠せず
窃盗,自転車盗,八千代,八千代緑が丘駅前,122211,千葉県,八千代市,緑が丘西２丁目,2023-10-13,07,その他,駐車（輪）場,20歳代,その他,施錠せず
窃盗,自転車盗,八千代,八千代緑が丘駅前,122211,千葉県,八千代市,緑が丘西２丁目,2023-10-13,16,４階建て以上共同住宅,駐車（輪）場,10歳代,小学生,施錠した
窃盗,自転車盗,八千代,八千代緑が丘駅前,122211,千葉県,八千代市,緑が丘西２丁目,2023-11-12,22,その他,駐車（輪）場,10歳代,大学生,施錠した
窃盗,自転車盗,八千代,八千代緑が丘駅前,122211,千葉県,八千代市,緑が丘西２丁目,2023-11-22,20,その他,駐車（輪）場,10歳代,高校生,施錠せず
窃盗,自転車盗,八千代,八千代緑が丘駅前,122211,千葉県,八千代市,緑が丘西３丁目,2023-03-17,11,その他の住宅（３階建て以下共同住宅等）,駐車（輪）場,10歳代,高校生,施錠せず
窃盗,自転車盗,八千代,勝田台,122211,千葉県,八千代市,勝田,2023-01-26,22,一戸建住宅,駐車（輪）場,50歳代,その他,施錠した
窃盗,自転車盗,八千代,勝田台,122211,千葉県,八千代市,勝田,2023-01-28,01,一戸建住宅,駐車（輪）場,10歳代,大学生,施錠した
窃盗,自転車盗,八千代,勝田台,122211,千葉県,八千代市,勝田台１丁目,2023-01-05,14,駐車（輪）場,駐車（輪）場,20歳代,大学生,施錠せず
窃盗,自転車盗,八千代,勝田台,122211,千葉県,八千代市,勝田台１丁目,2023-01-05,17,駐車（輪）場,駐車（輪）場,30歳代,その他,施錠せず
窃盗,自転車盗,八千代,勝田台,122211,千葉県,八千代市,勝田台１丁目,2023-01-20,20,道路上,その他,10歳代,大学生,施錠した
窃盗,自転車盗,八千代,勝田台,122211,千葉県,八千代市,勝田台１丁目,2023-02-10,12,駐車（輪）場,駐車（輪）場,50歳代,その他,施錠せず
窃盗,自転車盗,八千代,勝田台,122211,千葉県,八千代市,勝田台１丁目,2023-02-12,14,駐車（輪）場,駐車（輪）場,10歳代,高校生,施錠せず
窃盗,自転車盗,八千代,勝田台,122211,千葉県,八千代市,勝田台１丁目,2023-02-20,19,その他,その他,30歳代,その他,施錠した
窃盗,自転車盗,八千代,勝田台,122211,千葉県,八千代市,勝田台１丁目,2023-02-27,16,駐車（輪）場,駐車（輪）場,10歳代,中学生,施錠した
窃盗,自転車盗,八千代,勝田台,122211,千葉県,八千代市,勝田台１丁目,2023-03-04,09,道路上,その他,50歳代,その他,施錠した
窃盗,自転車盗,八千代,勝田台,122211,千葉県,八千代市,勝田台１丁目,2023-03-20,07,道路上,その他,10歳代,高校生,施錠した
窃盗,自転車盗,八千代,勝田台,122211,千葉県,八千代市,勝田台１丁目,2023-04-04,16,その他,その他,20歳代,大学生,施錠した
窃盗,自転車盗,八千代,勝田台,122211,千葉県,八千代市,勝田台１丁目,2023-04-29,08,駐車（輪）場,駐車（輪）場,10歳代,大学生,施錠せず
窃盗,自転車盗,八千代,勝田台,122211,千葉県,八千代市,勝田台１丁目,2023-05-07,19,道路上,その他,10歳代,その他,施錠せず
窃盗,自転車盗,八千代,勝田台,122211,千葉県,八千代市,勝田台１丁目,2023-05-10,15,道路上,その他,20歳代,大学生,施錠せず
窃盗,自転車盗,八千代,勝田台,122211,千葉県,八千代市,勝田台１丁目,2023-05-10,17,その他,駐車（輪）場,40歳代,その他,施錠した
窃盗,自転車盗,八千代,勝田台,122211,千葉県,八千代市,勝田台１丁目,2023-05-11,17,その他,駐車（輪）場,20歳代,その他,施錠せず
窃盗,自転車盗,八千代,勝田台,122211,千葉県,八千代市,勝田台１丁目,2023-05-23,21,４階建て以上共同住宅,その他,10歳代,高校生,施錠した
窃盗,自転車盗,八千代,勝田台,122211,千葉県,八千代市,勝田台１丁目,2023-05-30,15,駐車（輪）場,駐車（輪）場,20歳代,その他,施錠せず
窃盗,自転車盗,八千代,勝田台,122211,千葉県,八千代市,勝田台１丁目,2023-06-04,17,４階建て以上共同住宅,駐車（輪）場,10歳代,大学生,施錠せず
窃盗,自転車盗,八千代,勝田台,122211,千葉県,八千代市,勝田台１丁目,2023-07-05,17,駐車（輪）場,駐車（輪）場,10歳代,高校生,施錠した
窃盗,自転車盗,八千代,勝田台,122211,千葉県,八千代市,勝田台１丁目,2023-07-16,07,駐車（輪）場,駐車（輪）場,50歳代,その他,施錠せず
窃盗,自転車盗,八千代,勝田台,122211,千葉県,八千代市,勝田台１丁目,2023-07-18,11,駐車（輪）場,駐車（輪）場,20歳代,大学生,施錠した
窃盗,自転車盗,八千代,勝田台,122211,千葉県,八千代市,勝田台１丁目,2023-07-20,13,駐車（輪）場,駐車（輪）場,10歳代,高校生,施錠した
窃盗,自転車盗,八千代,勝田台,122211,千葉県,八千代市,勝田台１丁目,2023-08-18,18,その他,その他,10歳代,高校生,施錠せず
窃盗,自転車盗,八千代,勝田台,122211,千葉県,八千代市,勝田台１丁目,2023-08-21,16,駐車（輪）場,駐車（輪）場,10歳代,大学生,施錠した
窃盗,自転車盗,八千代,勝田台,122211,千葉県,八千代市,勝田台１丁目,2023-09-02,07,駐車（輪）場,駐車（輪）場,10歳代,その他,施錠せず
窃盗,自転車盗,八千代,勝田台,122211,千葉県,八千代市,勝田台１丁目,2023-09-06,19,駐車（輪）場,駐車（輪）場,10歳代,高校生,施錠せず
窃盗,自転車盗,八千代,勝田台,122211,千葉県,八千代市,勝田台１丁目,2023-09-18,20,駐車（輪）場,駐車（輪）場,10歳代,その他,施錠せず
窃盗,自転車盗,八千代,勝田台,122211,千葉県,八千代市,勝田台１丁目,2023-09-19,16,駐車（輪）場,駐車（輪）場,10歳代,高校生,施錠せず
窃盗,自転車盗,八千代,勝田台,122211,千葉県,八千代市,勝田台１丁目,2023-10-12,08,駐車（輪）場,駐車（輪）場,20歳代,その他,施錠せず
窃盗,自転車盗,八千代,勝田台,122211,千葉県,八千代市,勝田台１丁目,2023-10-15,17,４階建て以上共同住宅,その他,70歳以上,その他,施錠した
窃盗,自転車盗,八千代,勝田台,122211,千葉県,八千代市,勝田台１丁目,2023-10-21,13,その他,駐車（輪）場,10歳代,高校生,施錠せず
窃盗,自転車盗,八千代,勝田台,122211,千葉県,八千代市,勝田台１丁目,2023-10-27,15,その他の住宅（３階建て以下共同住宅等）,駐車（輪）場,40歳代,その他,施錠した
窃盗,自転車盗,八千代,勝田台,122211,千葉県,八千代市,勝田台１丁目,2023-10-30,10,駐車（輪）場,駐車（輪）場,20歳代,その他,施錠した
窃盗,自転車盗,八千代,勝田台,122211,千葉県,八千代市,勝田台１丁目,2023-11-02,16,駐車（輪）場,駐車（輪）場,20歳代,大学生,施錠せず
窃盗,自転車盗,八千代,勝田台,122211,千葉県,八千代市,勝田台１丁目,2023-11-10,19,その他,その他,20歳代,大学生,施錠せず
窃盗,自転車盗,八千代,勝田台,122211,千葉県,八千代市,勝田台１丁目,2023-11-20,10,道路上,その他,50歳代,その他,施錠せず
窃盗,自転車盗,八千代,勝田台,122211,千葉県,八千代市,勝田台１丁目,2023-11-22,07,駐車（輪）場,駐車（輪）場,10歳代,大学生,施錠せず
窃盗,自転車盗,八千代,勝田台,122211,千葉県,八千代市,勝田台１丁目,2023-11-22,12,駐車（輪）場,駐車（輪）場,20歳代,大学生,施錠せず
窃盗,自転車盗,八千代,勝田台,122211,千葉県,八千代市,勝田台１丁目,2023-11-28,17,駐車（輪）場,駐車（輪）場,10歳代,高校生,施錠した
窃盗,自転車盗,八千代,勝田台,122211,千葉県,八千代市,勝田台１丁目,2023-12-08,18,駐車（輪）場,駐車（輪）場,50歳代,その他,施錠した
窃盗,自転車盗,八千代,勝田台,122211,千葉県,八千代市,勝田台１丁目,2023-12-21,14,駐車（輪）場,駐車（輪）場,20歳代,大学生,施錠せず
窃盗,自転車盗,八千代,勝田台,122211,千葉県,八千代市,勝田台１丁目,2023-12-21,18,駐車（輪）場,駐車（輪）場,50歳代,その他,施錠せず
窃盗,自転車盗,八千代,勝田台,122211,千葉県,八千代市,勝田台２丁目,2023-05-25,12,一戸建住宅,その他,40歳代,その他,施錠せず
窃盗,自転車盗,八千代,勝田台,122211,千葉県,八千代市,勝田台２丁目,2023-07-07,21,その他の住宅（３階建て以下共同住宅等）,その他,20歳代,その他,施錠せず
窃盗,自転車盗,八千代,勝田台,122211,千葉県,八千代市,勝田台３丁目,2023-06-17,16,一戸建住宅,駐車（輪）場,10歳代,高校生,施錠せず
窃盗,自転車盗,八千代,勝田台,122211,千葉県,八千代市,勝田台５丁目,2023-01-27,23,その他の住宅（３階建て以下共同住宅等）,駐車（輪）場,20歳代,その他,施錠した
窃盗,自転車盗,八千代,勝田台,122211,千葉県,八千代市,勝田台７丁目,2023-04-24,06,その他の住宅（３階建て以下共同住宅等）,駐車（輪）場,10歳代,その他,施錠せず
窃盗,自転車盗,八千代,勝田台,122211,千葉県,八千代市,勝田台７丁目,2023-09-15,00,その他の住宅（３階建て以下共同住宅等）,その他,30歳代,その他,施錠した
窃盗,自転車盗,八千代,勝田台,122211,千葉県,八千代市,勝田台７丁目,2023-11-20,13,駐車（輪）場,駐車（輪）場,40歳代,その他,施錠せず
窃盗,自転車盗,八千代,勝田台,122211,千葉県,八千代市,勝田台７丁目,不明,不明,その他の住宅（３階建て以下共同住宅等）,駐車（輪）場,30歳代,その他,施錠した
窃盗,自転車盗,八千代,勝田台,122211,千葉県,八千代市,勝田台南１丁目,2023-12-08,07,その他,駐車（輪）場,10歳代,高校生,施錠せず
窃盗,自転車盗,八千代,勝田台,122211,千葉県,八千代市,勝田台南２丁目,2023-02-20,08,道路上,その他,20歳代,その他,施錠せず
窃盗,自転車盗,八千代,勝田台,122211,千葉県,八千代市,勝田台北１丁目,2023-04-30,13,駐車（輪）場,駐車（輪）場,70歳以上,その他,施錠した
窃盗,自転車盗,八千代,勝田台,122211,千葉県,八千代市,勝田台北２丁目,2023-07-11,21,その他,駐車（輪）場,20歳代,その他,施錠せず
窃盗,自転車盗,八千代,大和田駅前,122211,千葉県,八千代市,大和田,2023-01-15,06,駐車（輪）場,駐車（輪）場,10歳代,高校生,施錠せず
窃盗,自転車盗,八千代,大和田駅前,122211,千葉県,八千代市,大和田,2023-01-17,21,駐車（輪）場,駐車（輪）場,10歳代,高校生,施錠した
窃盗,自転車盗,八千代,大和田駅前,122211,千葉県,八千代市,大和田,2023-01-26,18,その他の住宅（３階建て以下共同住宅等）,その他,70歳以上,その他,施錠せず
窃盗,自転車盗,八千代,大和田駅前,122211,千葉県,八千代市,大和田,2023-02-11,20,道路上,その他,50歳代,その他,施錠せず
窃盗,自転車盗,八千代,大和田駅前,122211,千葉県,八千代市,大和田,2023-03-01,14,駐車（輪）場,駐車（輪）場,10歳代,高校生,施錠せず
窃盗,自転車盗,八千代,大和田駅前,122211,千葉県,八千代市,大和田,2023-04-03,19,駐車（輪）場,駐車（輪）場,10歳代,中学生,施錠した
窃盗,自転車盗,八千代,大和田駅前,122211,千葉県,八千代市,大和田,2023-04-07,11,駐車（輪）場,駐車（輪）場,10歳代,高校生,施錠せず
窃盗,自転車盗,八千代,大和田駅前,122211,千葉県,八千代市,大和田,2023-04-16,09,駐車（輪）場,駐車（輪）場,30歳代,その他,施錠せず
窃盗,自転車盗,八千代,大和田駅前,122211,千葉県,八千代市,大和田,2023-05-03,07,駐車（輪）場,駐車（輪）場,10歳代,高校生,施錠せず
窃盗,自転車盗,八千代,大和田駅前,122211,千葉県,八千代市,大和田,2023-05-27,09,駐車（輪）場,駐車（輪）場,10歳代,高校生,施錠せず
窃盗,自転車盗,八千代,大和田駅前,122211,千葉県,八千代市,大和田,2023-05-30,18,駐車（輪）場,駐車（輪）場,30歳代,その他,施錠せず
窃盗,自転車盗,八千代,大和田駅前,122211,千葉県,八千代市,大和田,2023-06-06,06,駐車（輪）場,駐車（輪）場,30歳代,その他,施錠せず
窃盗,自転車盗,八千代,大和田駅前,122211,千葉県,八千代市,大和田,2023-06-21,17,駐車（輪）場,駐車（輪）場,10歳代,大学生,施錠した
窃盗,自転車盗,八千代,大和田駅前,122211,千葉県,八千代市,大和田,2023-07-15,13,駐車（輪）場,駐車（輪）場,10歳代,その他,施錠した
窃盗,自転車盗,八千代,大和田駅前,122211,千葉県,八千代市,大和田,2023-07-20,07,駐車（輪）場,駐車（輪）場,10歳代,大学生,施錠せず
窃盗,自転車盗,八千代,大和田駅前,122211,千葉県,八千代市,大和田,2023-07-20,16,一戸建住宅,駐車（輪）場,10歳代,中学生,施錠せず
窃盗,自転車盗,八千代,大和田駅前,122211,千葉県,八千代市,大和田,2023-07-24,06,駐車（輪）場,駐車（輪）場,10歳代,中学生,施錠した
窃盗,自転車盗,八千代,大和田駅前,122211,千葉県,八千代市,大和田,2023-08-02,15,駐車（輪）場,駐車（輪）場,10歳代,その他,施錠せず
窃盗,自転車盗,八千代,大和田駅前,122211,千葉県,八千代市,大和田,2023-08-18,05,道路上,その他,10歳代,高校生,施錠した
窃盗,自転車盗,八千代,大和田駅前,122211,千葉県,八千代市,大和田,2023-08-19,17,その他,その他,10歳代,大学生,施錠せず
窃盗,自転車盗,八千代,大和田駅前,122211,千葉県,八千代市,大和田,2023-09-09,07,その他の住宅（３階建て以下共同住宅等）,駐車（輪）場,20歳代,大学生,施錠した
窃盗,自転車盗,八千代,大和田駅前,122211,千葉県,八千代市,大和田,2023-09-15,16,駐車（輪）場,駐車（輪）場,10歳代,高校生,施錠せず
窃盗,自転車盗,八千代,大和田駅前,122211,千葉県,八千代市,大和田,2023-09-20,15,道路上,その他,10歳代,小学生,施錠せず
窃盗,自転車盗,八千代,大和田駅前,122211,千葉県,八千代市,大和田,2023-09-21,17,その他,駐車（輪）場,20歳代,大学生,施錠せず
窃盗,自転車盗,八千代,大和田駅前,122211,千葉県,八千代市,大和田,2023-10-22,06,駐車（輪）場,駐車（輪）場,30歳代,その他,施錠した
窃盗,自転車盗,八千代,大和田駅前,122211,千葉県,八千代市,大和田,2023-10-24,19,道路上,その他,10歳代,その他,施錠せず
窃盗,自転車盗,八千代,大和田駅前,122211,千葉県,八千代市,大和田,2023-11-01,12,一戸建住宅,駐車（輪）場,10歳代,小学生,施錠せず
窃盗,自転車盗,八千代,大和田駅前,122211,千葉県,八千代市,大和田,2023-11-04,14,道路上,その他,70歳以上,その他,施錠せず
窃盗,自転車盗,八千代,大和田駅前,122211,千葉県,八千代市,大和田,2023-11-05,18,一戸建住宅,その他,40歳代,その他,施錠せず
窃盗,自転車盗,八千代,大和田駅前,122211,千葉県,八千代市,大和田,2023-11-17,18,一戸建住宅,その他,30歳代,その他,施錠した
窃盗,自転車盗,八千代,大和田駅前,122211,千葉県,八千代市,大和田新田,2023-09-01,20,一戸建住宅,駐車（輪）場,70歳以上,その他,施錠せず
窃盗,自転車盗,八千代,大和田駅前,122211,千葉県,八千代市,大和田新田,2023-11-09,19,その他の住宅（３階建て以下共同住宅等）,駐車（輪）場,10歳代,高校生,施錠せず
窃盗,自転車盗,八千代,大和田駅前,122211,千葉県,八千代市,大和田新田,2023-12-18,07,その他,その他,50歳代,その他,施錠せず
窃盗,自転車盗,八千代,大和田駅前,122211,千葉県,八千代市,萱田町,2023-02-08,17,４階建て以上共同住宅,駐車（輪）場,10歳代,中学生,施錠した
窃盗,自転車盗,八千代,大和田駅前,122211,千葉県,八千代市,萱田町,2023-04-28,23,その他の住宅（３階建て以下共同住宅等）,駐車（輪）場,40歳代,その他,施錠した
窃盗,自転車盗,八千代,大和田駅前,122211,千葉県,八千代市,萱田町,2023-07-20,19,その他の住宅（３階建て以下共同住宅等）,駐車（輪）場,20歳代,その他,施錠せず
窃盗,自転車盗,八千代,大和田駅前,122211,千葉県,八千代市,萱田町,2023-10-22,13,その他の住宅（３階建て以下共同住宅等）,駐車（輪）場,10歳代,その他,施錠せず
窃盗,自転車盗,八千代,村上駅前,122211,千葉県,八千代市,上高野,2023-06-22,18,４階建て以上共同住宅,駐車（輪）場,20歳代,その他,施錠せず
窃盗,自転車盗,八千代,村上駅前,122211,千葉県,八千代市,村上,2023-05-31,12,その他,駐車（輪）場,10歳代,中学生,施錠せず
窃盗,自転車盗,八千代,村上駅前,122211,千葉県,八千代市,村上,2023-06-02,08,その他,駐車（輪）場,40歳代,その他,施錠せず
窃盗,自転車盗,八千代,村上駅前,122211,千葉県,八千代市,村上,2023-07-11,16,４階建て以上共同住宅,駐車（輪）場,10歳代,中学生,施錠せず
窃盗,自転車盗,八千代,村上駅前,122211,千葉県,八千代市,村上,2023-07-22,10,４階建て以上共同住宅,駐車（輪）場,70歳以上,その他,施錠した
窃盗,自転車盗,八千代,村上駅前,122211,千葉県,八千代市,村上,2023-09-05,17,その他,駐車（輪）場,10歳代,高校生,施錠せず
窃盗,自転車盗,八千代,村上駅前,122211,千葉県,八千代市,村上,2023-11-01,18,４階建て以上共同住宅,駐車（輪）場,20歳代,その他,施錠せず
窃盗,自転車盗,八千代,村上駅前,122211,千葉県,八千代市,村上,2023-11-02,08,その他,駐車（輪）場,10歳代,高校生,施錠せず
窃盗,自転車盗,八千代,村上駅前,122211,千葉県,八千代市,村上,2023-11-17,08,その他,駐車（輪）場,10歳代,高校生,施錠せず
窃盗,自転車盗,八千代,村上駅前,122211,千葉県,八千代市,村上,2023-11-17,18,道路上,その他,60-64歳,その他,施錠せず
窃盗,自転車盗,八千代,村上駅前,122211,千葉県,八千代市,村上,2023-12-21,18,その他,駐車（輪）場,20歳代,大学生,施錠した
窃盗,自転車盗,八千代,村上駅前,122211,千葉県,八千代市,ゆりのき台４丁目,2023-11-15,19,４階建て以上共同住宅,その他,10歳代,中学生,施錠せず
窃盗,自転車盗,八千代,村上駅前,122211,千葉県,八千代市,村上南１丁目,2023-02-01,16,４階建て以上共同住宅,駐車（輪）場,10歳代,小学生,施錠せず
窃盗,自転車盗,八千代,村上駅前,122211,千葉県,八千代市,村上南１丁目,2023-02-08,11,その他,駐車（輪）場,30歳代,その他,施錠せず
窃盗,自転車盗,八千代,村上駅前,122211,千葉県,八千代市,村上南１丁目,2023-03-26,10,その他,駐車（輪）場,20歳代,その他,施錠せず
窃盗,自転車盗,八千代,村上駅前,122211,千葉県,八千代市,村上南１丁目,2023-03-26,15,その他,駐車（輪）場,20歳代,大学生,施錠せず
窃盗,自転車盗,八千代,村上駅前,122211,千葉県,八千代市,村上南１丁目,2023-04-05,16,その他,駐車（輪）場,70歳以上,その他,施錠せず
窃盗,自転車盗,八千代,村上駅前,122211,千葉県,八千代市,村上南１丁目,2023-04-28,16,その他,駐車（輪）場,10歳代,高校生,施錠せず
窃盗,自転車盗,八千代,村上駅前,122211,千葉県,八千代市,村上南１丁目,2023-06-16,09,その他,駐車（輪）場,50歳代,その他,施錠した
窃盗,自転車盗,八千代,村上駅前,122211,千葉県,八千代市,村上南１丁目,2023-06-18,11,その他,駐車（輪）場,20歳代,その他,施錠した
窃盗,自転車盗,八千代,村上駅前,122211,千葉県,八千代市,村上南１丁目,2023-06-26,17,その他,駐車（輪）場,10歳代,高校生,施錠せず
窃盗,自転車盗,八千代,村上駅前,122211,千葉県,八千代市,村上南１丁目,2023-07-14,17,駐車（輪）場,駐車（輪）場,10歳代,高校生,施錠せず
窃盗,自転車盗,八千代,村上駅前,122211,千葉県,八千代市,村上南１丁目,2023-07-21,12,駐車（輪）場,駐車（輪）場,10歳代,高校生,施錠せず
窃盗,自転車盗,八千代,村上駅前,122211,千葉県,八千代市,村上南１丁目,2023-07-24,15,その他,駐車（輪）場,10歳代,中学生,施錠せず
窃盗,自転車盗,八千代,村上駅前,122211,千葉県,八千代市,村上南１丁目,2023-08-02,14,その他,駐車（輪）場,10歳代,高校生,施錠せず
窃盗,自転車盗,八千代,村上駅前,122211,千葉県,八千代市,村上南１丁目,2023-08-18,13,その他,駐車（輪）場,10歳代,高校生,施錠せず
窃盗,自転車盗,八千代,村上駅前,122211,千葉県,八千代市,村上南１丁目,2023-08-26,16,その他,駐車（輪）場,10歳代,中学生,施錠せず
窃盗,自転車盗,八千代,村上駅前,122211,千葉県,八千代市,村上南１丁目,2023-08-30,19,その他,駐車（輪）場,10歳代,高校生,施錠せず
窃盗,自転車盗,八千代,村上駅前,122211,千葉県,八千代市,村上南１丁目,2023-10-05,19,その他,駐車（輪）場,10歳代,高校生,施錠した
窃盗,自転車盗,八千代,村上駅前,122211,千葉県,八千代市,村上南１丁目,2023-10-20,13,その他,駐車（輪）場,10歳代,高校生,施錠した
窃盗,自転車盗,八千代,村上駅前,122211,千葉県,八千代市,村上南１丁目,2023-11-06,04,その他,駐車（輪）場,10歳代,小学生,施錠せず
窃盗,自転車盗,八千代,村上駅前,122211,千葉県,八千代市,村上南１丁目,2023-12-06,15,その他,駐車（輪）場,10歳代,高校生,施錠せず
窃盗,自転車盗,八千代,村上駅前,122211,千葉県,八千代市,村上南２丁目,2023-07-21,20,一戸建住宅,その他,50歳代,その他,施錠せず
窃盗,自転車盗,八千代,村上駅前,122211,千葉県,八千代市,村上南３丁目,2023-04-25,07,４階建て以上共同住宅,駐車（輪）場,20歳代,その他,施錠した
窃盗,自転車盗,八千代,村上駅前,122211,千葉県,八千代市,村上南３丁目,2023-07-25,18,４階建て以上共同住宅,駐車（輪）場,10歳代,大学生,施錠した
窃盗,自転車盗,八千代,村上駅前,122211,千葉県,八千代市,村上南５丁目,2023-01-20,18,その他,駐車（輪）場,10歳代,高校生,施錠せず
窃盗,自転車盗,八千代,村上駅前,122211,千葉県,八千代市,村上南５丁目,2023-03-30,18,その他,駐車（輪）場,10歳代,中学生,施錠せず
窃盗,自転車盗,八千代,村上駅前,122211,千葉県,八千代市,村上南５丁目,2023-08-20,15,４階建て以上共同住宅,駐車（輪）場,20歳代,大学生,施錠した
窃盗,自転車盗,八千代,村上駅前,122211,千葉県,八千代市,勝田台北１丁目,2023-01-27,22,駐車（輪）場,駐車（輪）場,20歳代,その他,施錠した
窃盗,自転車盗,八千代,村上駅前,122211,千葉県,八千代市,勝田台北１丁目,2023-02-10,07,駐車（輪）場,駐車（輪）場,10歳代,高校生,施錠せず
窃盗,自転車盗,八千代,村上駅前,122211,千葉県,八千代市,勝田台北１丁目,2023-03-03,15,駐車（輪）場,駐車（輪）場,20歳代,大学生,施錠した
窃盗,自転車盗,八千代,村上駅前,122211,千葉県,八千代市,勝田台北１丁目,2023-04-14,09,駐車（輪）場,駐車（輪）場,30歳代,その他,施錠せず
窃盗,自転車盗,八千代,村上駅前,122211,千葉県,八千代市,勝田台北１丁目,2023-05-09,06,その他,駐車（輪）場,10歳代,大学生,施錠した
窃盗,自転車盗,八千代,村上駅前,122211,千葉県,八千代市,勝田台北１丁目,2023-05-31,17,その他,駐車（輪）場,10歳代,中学生,施錠せず
窃盗,自転車盗,八千代,村上駅前,122211,千葉県,八千代市,勝田台北１丁目,2023-06-04,03,駐車（輪）場,駐車（輪）場,20歳代,その他,施錠せず
窃盗,自転車盗,八千代,村上駅前,122211,千葉県,八千代市,勝田台北１丁目,2023-06-05,04,その他,その他,65-69歳,その他,施錠せず
窃盗,自転車盗,八千代,村上駅前,122211,千葉県,八千代市,勝田台北１丁目,2023-07-22,19,その他,その他,10歳代,中学生,施錠した
窃盗,自転車盗,八千代,村上駅前,122211,千葉県,八千代市,勝田台北１丁目,2023-08-03,07,駐車（輪）場,駐車（輪）場,10歳代,その他,施錠した
窃盗,自転車盗,八千代,村上駅前,122211,千葉県,八千代市,勝田台北１丁目,2023-08-17,21,その他の住宅（３階建て以下共同住宅等）,その他,10歳代,大学生,施錠せず
窃盗,自転車盗,八千代,村上駅前,122211,千葉県,八千代市,勝田台北１丁目,2023-11-01,09,その他の住宅（３階建て以下共同住宅等）,駐車（輪）場,20歳代,その他,施錠せず
窃盗,自転車盗,八千代,村上駅前,122211,千葉県,八千代市,勝田台北１丁目,2023-11-06,19,その他,その他,10歳代,中学生,施錠せず
窃盗,自転車盗,八千代,村上駅前,122211,千葉県,八千代市,勝田台北１丁目,2023-11-22,09,駐車（輪）場,駐車（輪）場,20歳代,大学生,施錠せず
窃盗,自転車盗,八千代,村上駅前,122211,千葉県,八千代市,勝田台北２丁目,2023-02-24,01,一戸建住宅,駐車（輪）場,70歳以上,その他,施錠せず
窃盗,自転車盗,八千代,村上駅前,122211,千葉県,八千代市,勝田台北２丁目,2023-04-05,22,その他の住宅（３階建て以下共同住宅等）,駐車（輪）場,50歳代,その他,施錠した
窃盗,自転車盗,八千代,村上駅前,122211,千葉県,八千代市,勝田台北２丁目,2023-05-01,19,その他の住宅（３階建て以下共同住宅等）,駐車（輪）場,20歳代,その他,施錠した
窃盗,自転車盗,八千代,村上駅前,122211,千葉県,八千代市,勝田台北２丁目,2023-11-30,15,その他,駐車（輪）場,20歳代,その他,施錠せず
窃盗,自転車盗,八千代,村上駅前,122211,千葉県,八千代市,勝田台北２丁目,2023-12-04,15,その他,駐車（輪）場,10歳代,中学生,施錠せず
窃盗,自転車盗,八千代,村上駅前,122211,千葉県,八千代市,勝田台北３丁目,2023-05-25,12,一戸建住宅,その他,70歳以上,その他,施錠した
窃盗,自転車盗,八千代,村上駅前,122211,千葉県,八千代市,勝田台北３丁目,2023-08-20,06,その他,駐車（輪）場,10歳未満,小学生,施錠せず
窃盗,自転車盗,八千代,睦,122211,千葉県,八千代市,桑橋,2023-09-23,13,その他,駐車（輪）場,10歳代,高校生,施錠せず
窃盗,自転車盗,八千代,米本,122211,千葉県,八千代市,上高野,2023-01-05,19,道路上,その他,70歳以上,その他,施錠せず
窃盗,自転車盗,八千代,米本,122211,千葉県,八千代市,上高野,2023-06-13,20,その他の住宅（３階建て以下共同住宅等）,駐車（輪）場,20歳代,その他,施錠せず
窃盗,自転車盗,八千代,米本,122211,千葉県,八千代市,上高野,2023-08-16,20,その他,駐車（輪）場,20歳代,その他,施錠せず
窃盗,自転車盗,八千代,米本,122211,千葉県,八千代市,下高野,2023-05-20,23,その他,その他,60-64歳,その他,施錠せず
窃盗,自転車盗,八千代,米本,122211,千葉県,八千代市,米本,2023-01-15,19,一戸建住宅,その他,30歳代,その他,施錠した
窃盗,自転車盗,八千代,米本,122211,千葉県,八千代市,米本,2023-01-16,17,その他の住宅（３階建て以下共同住宅等）,駐車（輪）場,10歳代,中学生,施錠した
窃盗,自転車盗,八千代,米本,122211,千葉県,八千代市,米本,2023-01-16,18,４階建て以上共同住宅,駐車（輪）場,20歳代,その他,施錠した
窃盗,自転車盗,八千代,米本,122211,千葉県,八千代市,米本,2023-01-17,16,４階建て以上共同住宅,駐車（輪）場,10歳代,高校生,施錠した
窃盗,自転車盗,八千代,米本,122211,千葉県,八千代市,米本,2023-04-14,11,その他,その他,70歳以上,その他,施錠せず
窃盗,自転車盗,八千代,米本,122211,千葉県,八千代市,米本,2023-08-18,19,４階建て以上共同住宅,駐車（輪）場,10歳代,その他,施錠せず
窃盗,自転車盗,八千代,米本,122211,千葉県,八千代市,米本,2023-11-18,20,４階建て以上共同住宅,駐車（輪）場,20歳代,その他,施錠せず
窃盗,自転車盗,八千代,米本,122211,千葉県,八千代市,米本,2023-11-25,05,一戸建住宅,駐車（輪）場,70歳以上,その他,施錠せず
窃盗,自転車盗,八千代,米本,122211,千葉県,八千代市,米本,2023-12-04,17,その他,駐車（輪）場,10歳代,高校生,施錠せず
窃盗,自転車盗,八千代,高津,122211,千葉県,八千代市,大和田新田,2022-12-25,15,４階建て以上共同住宅,駐車（輪）場,10歳未満,小学生,施錠した
窃盗,自転車盗,八千代,高津,122211,千葉県,八千代市,大和田新田,2022-12-27,07,４階建て以上共同住宅,その他,40歳代,その他,施錠した
窃盗,自転車盗,八千代,高津,122211,千葉県,八千代市,大和田新田,2023-03-24,16,４階建て以上共同住宅,その他,40歳代,その他,施錠した
窃盗,自転車盗,八千代,高津,122211,千葉県,八千代市,大和田新田,2023-05-08,15,４階建て以上共同住宅,駐車（輪）場,20歳代,その他,施錠した
窃盗,自転車盗,八千代,高津,122211,千葉県,八千代市,大和田新田,2023-05-08,21,４階建て以上共同住宅,駐車（輪）場,20歳代,その他,施錠した
窃盗,自転車盗,八千代,高津,122211,千葉県,八千代市,大和田新田,2023-06-16,18,その他,駐車（輪）場,20歳代,その他,施錠した
窃盗,自転車盗,八千代,高津,122211,千葉県,八千代市,大和田新田,2023-06-21,21,４階建て以上共同住宅,駐車（輪）場,10歳代,中学生,施錠せず
窃盗,自転車盗,八千代,高津,122211,千葉県,八千代市,大和田新田,2023-06-30,21,４階建て以上共同住宅,駐車（輪）場,10歳代,中学生,施錠せず
窃盗,自転車盗,八千代,高津,122211,千葉県,八千代市,大和田新田,2023-07-04,23,４階建て以上共同住宅,駐車（輪）場,10歳代,高校生,施錠せず
窃盗,自転車盗,八千代,高津,122211,千葉県,八千代市,大和田新田,2023-09-18,23,その他,駐車（輪）場,10歳代,大学生,施錠せず
窃盗,自転車盗,八千代,高津,122211,千葉県,八千代市,大和田新田,2023-10-11,19,その他,駐車（輪）場,10歳代,大学生,施錠せず
窃盗,自転車盗,八千代,高津,122211,千葉県,八千代市,高津,2023-02-08,18,４階建て以上共同住宅,駐車（輪）場,10歳代,その他,施錠せず
窃盗,自転車盗,八千代,高津,122211,千葉県,八千代市,高津,2023-02-17,17,その他の住宅（３階建て以下共同住宅等）,駐車（輪）場,10歳代,中学生,施錠せず
窃盗,自転車盗,八千代,高津,122211,千葉県,八千代市,高津,2023-03-14,01,一戸建住宅,その他,20歳代,大学生,施錠した
窃盗,自転車盗,八千代,高津,122211,千葉県,八千代市,高津,2023-03-19,15,４階建て以上共同住宅,駐車（輪）場,70歳以上,その他,施錠せず
窃盗,自転車盗,八千代,高津,122211,千葉県,八千代市,高津,2023-03-31,12,４階建て以上共同住宅,その他,10歳代,高校生,施錠した
窃盗,自転車盗,八千代,高津,122211,千葉県,八千代市,高津,2023-04-07,16,その他の住宅（３階建て以下共同住宅等）,駐車（輪）場,20歳代,その他,施錠した
窃盗,自転車盗,八千代,高津,122211,千葉県,八千代市,高津,2023-04-11,17,４階建て以上共同住宅,その他,10歳代,小学生,施錠せず
窃盗,自転車盗,八千代,高津,122211,千葉県,八千代市,高津,2023-06-11,11,その他,駐車（輪）場,20歳代,その他,施錠せず
窃盗,自転車盗,八千代,高津,122211,千葉県,八千代市,高津,2023-06-13,18,４階建て以上共同住宅,駐車（輪）場,20歳代,その他,施錠せず
窃盗,自転車盗,八千代,高津,122211,千葉県,八千代市,高津,2023-10-23,23,４階建て以上共同住宅,その他,20歳代,大学生,施錠せず
窃盗,自転車盗,八千代,高津,122211,千葉県,八千代市,高津,2023-12-05,00,一戸建住宅,駐車（輪）場,20歳代,その他,施錠せず
窃盗,自転車盗,八千代,高津,122211,千葉県,八千代市,高津,2023-12-16,15,その他,駐車（輪）場,10歳代,中学生,施錠した
窃盗,自転車盗,八千代,高津,122211,千葉県,八千代市,緑が丘２丁目,2023-11-20,16,その他,駐車（輪）場,20歳代,大学生,施錠せず
窃盗,自転車盗,八千代,高津,122211,千葉県,八千代市,高津東２丁目,2023-10-12,17,その他の住宅（３階建て以下共同住宅等）,駐車（輪）場,20歳代,その他,施錠せず
窃盗,自転車盗,八千代,高津,122211,千葉県,八千代市,高津東３丁目,2023-10-18,16,一戸建住宅,駐車（輪）場,30歳代,その他,施錠せず
窃盗,自転車盗,八千代,高津,122211,千葉県,八千代市,高津東４丁目,2023-11-07,15,一戸建住宅,駐車（輪）場,10歳未満,小学生,施錠せず
窃盗,自転車盗,船橋東,三山,122041,千葉県,船橋市,習志野４丁目,2023-01-07,20,その他,駐車（輪）場,10歳代,その他,施錠せず
窃盗,自転車盗,船橋東,三山,122041,千葉県,船橋市,習志野４丁目,2023-11-19,17,その他,駐車（輪）場,10歳代,高校生,施錠せず
窃盗,自転車盗,船橋東,三山,122041,千葉県,船橋市,習志野５丁目,2023-01-28,13,その他,駐車（輪）場,10歳代,中学生,施錠せず
窃盗,自転車盗,船橋東,三山,122041,千葉県,船橋市,習志野５丁目,2023-02-16,16,４階建て以上共同住宅,駐車（輪）場,60-64歳,その他,施錠した
窃盗,自転車盗,船橋東,三山,122041,千葉県,船橋市,習志野５丁目,2023-04-04,13,その他,駐車（輪）場,50歳代,その他,施錠せず
窃盗,自転車盗,船橋東,三山,122041,千葉県,船橋市,習志野５丁目,2023-08-09,18,４階建て以上共同住宅,駐車（輪）場,10歳代,中学生,施錠した
窃盗,自転車盗,船橋東,三山,122041,千葉県,船橋市,習志野５丁目,2023-10-14,17,その他,その他,10歳代,大学生,施錠せず
窃盗,自転車盗,船橋東,三山,122041,千葉県,船橋市,三山１丁目,2023-03-20,20,一戸建住宅,駐車（輪）場,10歳代,高校生,施錠した
窃盗,自転車盗,船橋東,三山,122041,千葉県,船橋市,三山２丁目,2023-09-16,08,一戸建住宅,その他,10歳代,高校生,施錠せず
窃盗,自転車盗,船橋東,三山,122041,千葉県,船橋市,三山２丁目,不明,不明,その他の住宅（３階建て以下共同住宅等）,駐車（輪）場,10歳代,大学生,施錠した
窃盗,自転車盗,船橋東,三山,122041,千葉県,船橋市,三山４丁目,2023-01-15,14,４階建て以上共同住宅,駐車（輪）場,40歳代,その他,施錠した
窃盗,自転車盗,船橋東,三山,122041,千葉県,船橋市,三山４丁目,2023-06-19,19,その他,駐車（輪）場,10歳代,中学生,施錠せず
窃盗,自転車盗,船橋東,三山,122041,千葉県,船橋市,三山４丁目,2023-12-11,08,駐車（輪）場,駐車（輪）場,20歳代,その他,施錠した
窃盗,自転車盗,船橋東,三山,122041,千葉県,船橋市,三山４丁目,2023-12-15,17,その他の住宅（３階建て以下共同住宅等）,その他,10歳代,大学生,施錠せず
窃盗,自転車盗,船橋東,三山,122041,千葉県,船橋市,三山４丁目,2023-12-28,00,一戸建住宅,その他,40歳代,その他,施錠せず
窃盗,自転車盗,船橋東,三山,122041,千葉県,船橋市,三山５丁目,2023-04-27,07,その他の住宅（３階建て以下共同住宅等）,駐車（輪）場,20歳代,その他,施錠した
窃盗,自転車盗,船橋東,三山,122041,千葉県,船橋市,三山６丁目,2023-01-27,16,一戸建住宅,その他,40歳代,その他,施錠した
窃盗,自転車盗,船橋東,三山,122041,千葉県,船橋市,三山６丁目,2023-04-27,20,その他の住宅（３階建て以下共同住宅等）,その他,50歳代,その他,施錠した
窃盗,自転車盗,船橋東,三山,122041,千葉県,船橋市,三山６丁目,2023-05-08,20,その他の住宅（３階建て以下共同住宅等）,その他,30歳代,その他,施錠した
窃盗,自転車盗,船橋東,三山,122041,千葉県,船橋市,三山６丁目,2023-06-20,23,その他の住宅（３階建て以下共同住宅等）,その他,20歳代,その他,施錠せず
窃盗,自転車盗,船橋東,三山,122041,千葉県,船橋市,三山６丁目,2023-10-06,08,一戸建住宅,その他,20歳代,大学生,施錠せず
窃盗,自転車盗,船橋東,三山,122041,千葉県,船橋市,三山７丁目,2023-04-18,06,その他の住宅（３階建て以下共同住宅等）,その他,10歳代,高校生,施錠せず
窃盗,自転車盗,船橋東,三山,122041,千葉県,船橋市,三山７丁目,2023-05-06,16,その他の住宅（３階建て以下共同住宅等）,駐車（輪）場,40歳代,その他,施錠した
窃盗,自転車盗,船橋東,三山,122041,千葉県,船橋市,三山７丁目,2023-08-06,09,その他の住宅（３階建て以下共同住宅等）,駐車（輪）場,20歳代,その他,施錠せず
窃盗,自転車盗,船橋東,三山,122041,千葉県,船橋市,三山８丁目,2023-11-27,16,その他の住宅（３階建て以下共同住宅等）,駐車（輪）場,20歳代,大学生,施錠した
窃盗,自転車盗,船橋東,三山,122041,千葉県,船橋市,三山９丁目,2023-12-02,09,その他,駐車（輪）場,30歳代,その他,施錠した
窃盗,自転車盗,船橋東,二和,122041,千葉県,船橋市,高野台２丁目,2023-08-05,21,一戸建住宅,駐車（輪）場,70歳以上,その他,施錠せず
窃盗,自転車盗,船橋東,二和,122041,千葉県,船橋市,高野台２丁目,2023-08-29,14,一戸建住宅,駐車（輪）場,10歳代,高校生,施錠せず
窃盗,自転車盗,船橋東,二和,122041,千葉県,船橋市,高野台２丁目,2023-09-09,19,一戸建住宅,その他,70歳以上,その他,施錠せず
窃盗,自転車盗,船橋東,二和,122041,千葉県,船橋市,咲が丘１丁目,2023-05-26,16,その他,駐車（輪）場,10歳代,高校生,施錠せず
窃盗,自転車盗,船橋東,二和,122041,千葉県,船橋市,咲が丘１丁目,2023-05-26,18,その他,駐車（輪）場,10歳代,高校生,施錠せず
窃盗,自転車盗,船橋東,二和,122041,千葉県,船橋市,咲が丘１丁目,2023-08-22,16,道路上,その他,50歳代,その他,施錠せず
窃盗,自転車盗,船橋東,二和,122041,千葉県,船橋市,咲が丘１丁目,2023-08-23,06,一戸建住宅,駐車（輪）場,65-69歳,その他,施錠せず
窃盗,自転車盗,船橋東,二和,122041,千葉県,船橋市,咲が丘１丁目,2023-08-29,21,一戸建住宅,その他,10歳代,高校生,施錠せず
窃盗,自転車盗,船橋東,二和,122041,千葉県,船橋市,咲が丘１丁目,2023-11-12,12,その他の住宅（３階建て以下共同住宅等）,駐車（輪）場,30歳代,その他,施錠した
窃盗,自転車盗,船橋東,二和,122041,千葉県,船橋市,咲が丘２丁目,2023-12-23,22,その他の住宅（３階建て以下共同住宅等）,駐車（輪）場,20歳代,その他,施錠せず
窃盗,自転車盗,船橋東,二和,122041,千葉県,船橋市,咲が丘３丁目,2023-04-28,18,その他の住宅（３階建て以下共同住宅等）,その他,20歳代,その他,施錠せず
窃盗,自転車盗,船橋東,二和,122041,千葉県,船橋市,咲が丘３丁目,2023-06-06,11,その他,駐車（輪）場,70歳以上,その他,施錠せず
窃盗,自転車盗,船橋東,二和,122041,千葉県,船橋市,咲が丘３丁目,2023-12-02,22,その他,駐車（輪）場,50歳代,その他,施錠せず
窃盗,自転車盗,船橋東,二和,122041,千葉県,船橋市,二和西１丁目,2023-03-04,19,その他の住宅（３階建て以下共同住宅等）,その他,60-64歳,その他,施錠した
窃盗,自転車盗,船橋東,二和,122041,千葉県,船橋市,二和西１丁目,2023-07-02,14,その他の住宅（３階建て以下共同住宅等）,駐車（輪）場,30歳代,その他,施錠した
窃盗,自転車盗,船橋東,二和,122041,千葉県,船橋市,二和西４丁目,2023-03-30,21,その他の住宅（３階建て以下共同住宅等）,その他,10歳代,その他,施錠せず
窃盗,自転車盗,船橋東,二和,122041,千葉県,船橋市,二和西５丁目,2023-02-16,22,一戸建住宅,駐車（輪）場,10歳代,高校生,施錠せず
窃盗,自転車盗,船橋東,二和,122041,千葉県,船橋市,二和西５丁目,2023-03-20,09,一戸建住宅,その他,50歳代,その他,施錠せず
窃盗,自転車盗,船橋東,二和,122041,千葉県,船橋市,二和西５丁目,2023-09-15,20,一戸建住宅,その他,30歳代,その他,施錠せず
窃盗,自転車盗,船橋東,二和,122041,千葉県,船橋市,二和西６丁目,2023-03-12,12,一戸建住宅,駐車（輪）場,10歳代,高校生,施錠せず
窃盗,自転車盗,船橋東,二和,122041,千葉県,船橋市,二和東３丁目,2023-02-14,19,その他の住宅（３階建て以下共同住宅等）,駐車（輪）場,40歳代,その他,施錠せず
窃盗,自転車盗,船橋東,二和,122041,千葉県,船橋市,二和東３丁目,2023-03-01,14,その他の住宅（３階建て以下共同住宅等）,駐車（輪）場,30歳代,その他,施錠した
窃盗,自転車盗,船橋東,二和,122041,千葉県,船橋市,二和東３丁目,2023-08-09,22,その他の住宅（３階建て以下共同住宅等）,駐車（輪）場,30歳代,その他,施錠せず
窃盗,自転車盗,船橋東,二和,122041,千葉県,船橋市,二和東３丁目,2023-08-11,19,道路上,その他,40歳代,その他,施錠した
窃盗,自転車盗,船橋東,二和,122041,千葉県,船橋市,二和東３丁目,2023-11-07,17,一戸建住宅,駐車（輪）場,50歳代,その他,施錠せず
窃盗,自転車盗,船橋東,二和,122041,千葉県,船橋市,二和東４丁目,2023-09-04,19,一戸建住宅,駐車（輪）場,10歳代,その他,施錠せず
窃盗,自転車盗,船橋東,二和,122041,千葉県,船橋市,二和東５丁目,2023-02-01,11,その他,駐車（輪）場,10歳代,高校生,施錠した
窃盗,自転車盗,船橋東,二和,122041,千葉県,船橋市,二和東５丁目,2023-04-04,08,その他,駐車（輪）場,10歳代,中学生,施錠せず
窃盗,自転車盗,船橋東,二和,122041,千葉県,船橋市,二和東５丁目,2023-04-06,12,一戸建住宅,その他,50歳代,その他,施錠せず
窃盗,自転車盗,船橋東,二和,122041,千葉県,船橋市,二和東５丁目,2023-04-19,06,道路上,その他,30歳代,その他,施錠した
窃盗,自転車盗,船橋東,二和,122041,千葉県,船橋市,二和東５丁目,2023-08-12,08,その他,駐車（輪）場,30歳代,その他,施錠せず
窃盗,自転車盗,船橋東,二和,122041,千葉県,船橋市,二和東５丁目,2023-08-12,09,その他,駐車（輪）場,40歳代,その他,施錠せず
窃盗,自転車盗,船橋東,二和,122041,千葉県,船橋市,二和東５丁目,2023-08-15,12,その他,駐車（輪）場,10歳代,高校生,施錠せず
窃盗,自転車盗,船橋東,二和,122041,千葉県,船橋市,二和東５丁目,2023-09-12,07,その他,駐車（輪）場,20歳代,その他,施錠せず
窃盗,自転車盗,船橋東,二和,122041,千葉県,船橋市,二和東５丁目,2023-09-14,07,その他,駐車（輪）場,10歳代,高校生,施錠せず
窃盗,自転車盗,船橋東,二和,122041,千葉県,船橋市,二和東５丁目,2023-10-28,07,その他,駐車（輪）場,10歳代,高校生,施錠せず
窃盗,自転車盗,船橋東,二和,122041,千葉県,船橋市,二和東５丁目,2023-11-11,10,一戸建住宅,駐車（輪）場,70歳以上,その他,施錠せず
窃盗,自転車盗,船橋東,二和,122041,千葉県,船橋市,二和東５丁目,2023-12-13,13,その他,その他,10歳代,高校生,施錠せず
窃盗,自転車盗,船橋東,二和,122041,千葉県,船橋市,二和東５丁目,2023-12-15,18,道路上,その他,10歳代,中学生,施錠せず
窃盗,自転車盗,船橋東,二和,122041,千葉県,船橋市,二和東５丁目,2023-12-17,09,駐車（輪）場,駐車（輪）場,30歳代,その他,施錠した
窃盗,自転車盗,船橋東,二和,122041,千葉県,船橋市,二和東５丁目,2023-12-18,12,駐車（輪）場,駐車（輪）場,10歳代,高校生,施錠した
窃盗,自転車盗,船橋東,二和,122041,千葉県,船橋市,二和東６丁目,2023-03-08,10,一戸建住宅,駐車（輪）場,70歳以上,その他,施錠せず
窃盗,自転車盗,船橋東,二和,122041,千葉県,船橋市,二和東６丁目,2023-03-23,07,駐車（輪）場,駐車（輪）場,40歳代,その他,施錠せず
窃盗,自転車盗,船橋東,二和,122041,千葉県,船橋市,二和東６丁目,2023-05-27,18,一戸建住宅,その他,40歳代,その他,施錠せず
窃盗,自転車盗,船橋東,二和,122041,千葉県,船橋市,二和東６丁目,2023-07-08,21,一戸建住宅,駐車（輪）場,40歳代,その他,施錠せず
窃盗,自転車盗,船橋東,二和,122041,千葉県,船橋市,二和東６丁目,2023-08-03,21,一戸建住宅,駐車（輪）場,20歳代,その他,施錠せず
窃盗,自転車盗,船橋東,二和,122041,千葉県,船橋市,二和東６丁目,2023-08-23,20,一戸建住宅,その他,60-64歳,その他,施錠せず
窃盗,自転車盗,船橋東,二和,122041,千葉県,船橋市,二和東６丁目,2023-08-29,13,一戸建住宅,その他,70歳以上,その他,施錠せず
窃盗,自転車盗,船橋東,二和,122041,千葉県,船橋市,三咲２丁目,2023-09-15,07,その他,駐車（輪）場,30歳代,その他,施錠した
窃盗,自転車盗,船橋東,二和,122041,千葉県,船橋市,三咲２丁目,2023-11-07,20,一戸建住宅,駐車（輪）場,50歳代,その他,施錠せず
窃盗,自転車盗,船橋東,二和,122041,千葉県,船橋市,三咲３丁目,2023-03-11,15,道路上,その他,70歳以上,その他,施錠せず
窃盗,自転車盗,船橋東,二和,122041,千葉県,船橋市,三咲３丁目,2023-10-31,10,一戸建住宅,その他,40歳代,その他,施錠せず
窃盗,自転車盗,船橋東,二和,122041,千葉県,船橋市,三咲５丁目,2023-11-04,12,その他,駐車（輪）場,70歳以上,その他,施錠した
窃盗,自転車盗,船橋東,二和,122041,千葉県,船橋市,南三咲３丁目,2023-07-26,06,その他の住宅（３階建て以下共同住宅等）,その他,50歳代,その他,施錠した
窃盗,自転車盗,船橋東,二和,122041,千葉県,船橋市,みやぎ台２丁目,2023-11-20,17,一戸建住宅,駐車（輪）場,40歳代,その他,施錠せず
窃盗,自転車盗,船橋東,二和,122041,千葉県,船橋市,みやぎ台４丁目,2023-05-15,07,一戸建住宅,駐車（輪）場,40歳代,その他,施錠せず
窃盗,自転車盗,船橋東,二和,122041,千葉県,船橋市,八木が谷１丁目,2023-04-17,19,一戸建住宅,その他,10歳代,高校生,施錠せず
窃盗,自転車盗,船橋東,二和,122041,千葉県,船橋市,八木が谷１丁目,2023-08-19,20,一戸建住宅,その他,50歳代,その他,施錠せず
窃盗,自転車盗,船橋東,二和,122041,千葉県,船橋市,大穴北８丁目,2023-03-22,19,一戸建住宅,駐車（輪）場,10歳代,高校生,施錠した
窃盗,自転車盗,船橋東,前原,122041,千葉県,船橋市,田喜野井５丁目,2023-07-25,15,一戸建住宅,その他,50歳代,その他,施錠せず
窃盗,自転車盗,船橋東,前原,122041,千葉県,船橋市,習志野５丁目,2023-05-04,22,４階建て以上共同住宅,駐車（輪）場,50歳代,その他,施錠した
窃盗,自転車盗,船橋東,前原,122041,千葉県,船橋市,前原西１丁目,2023-04-05,20,その他の住宅（３階建て以下共同住宅等）,駐車（輪）場,50歳代,その他,施錠せず
窃盗,自転車盗,船橋東,前原,122041,千葉県,船橋市,前原西１丁目,2023-05-20,13,その他の住宅（３階建て以下共同住宅等）,駐車（輪）場,20歳代,その他,施錠せず
窃盗,自転車盗,船橋東,前原,122041,千葉県,船橋市,前原西１丁目,2023-06-10,23,その他の住宅（３階建て以下共同住宅等）,その他,30歳代,その他,施錠した
窃盗,自転車盗,船橋東,前原,122041,千葉県,船橋市,前原西１丁目,2023-07-01,20,その他の住宅（３階建て以下共同住宅等）,駐車（輪）場,20歳代,その他,施錠した
窃盗,自転車盗,船橋東,前原,122041,千葉県,船橋市,前原西１丁目,2023-07-30,23,その他の住宅（３階建て以下共同住宅等）,駐車（輪）場,20歳代,大学生,施錠した
窃盗,自転車盗,船橋東,前原,122041,千葉県,船橋市,前原西１丁目,2023-11-02,22,４階建て以上共同住宅,駐車（輪）場,10歳代,中学生,施錠せず
窃盗,自転車盗,船橋東,前原,122041,千葉県,船橋市,前原西１丁目,2023-11-14,08,その他,その他,50歳代,その他,施錠せず
窃盗,自転車盗,船橋東,前原,122041,千葉県,船橋市,前原西１丁目,2023-11-18,08,４階建て以上共同住宅,駐車（輪）場,30歳代,その他,施錠した
窃盗,自転車盗,船橋東,前原,122041,千葉県,船橋市,前原西１丁目,2023-12-07,23,４階建て以上共同住宅,駐車（輪）場,20歳代,その他,施錠せず
窃盗,自転車盗,船橋東,前原,122041,千葉県,船橋市,前原西２丁目,2022-12-29,21,その他,駐車（輪）場,20歳代,その他,施錠せず
窃盗,自転車盗,船橋東,前原,122041,千葉県,船橋市,前原西２丁目,2022-12-30,00,道路上,その他,10歳代,その他,施錠せず
窃盗,自転車盗,船橋東,前原,122041,千葉県,船橋市,前原西２丁目,2023-01-20,20,その他,駐車（輪）場,20歳代,その他,施錠せず
窃盗,自転車盗,船橋東,前原,122041,千葉県,船橋市,前原西２丁目,2023-04-22,07,駐車（輪）場,駐車（輪）場,30歳代,その他,施錠した
窃盗,自転車盗,船橋東,前原,122041,千葉県,船橋市,前原西２丁目,2023-05-05,21,道路上,その他,20歳代,その他,施錠せず
窃盗,自転車盗,船橋東,前原,122041,千葉県,船橋市,前原西２丁目,2023-05-12,18,その他,駐車（輪）場,20歳代,大学生,施錠せず
窃盗,自転車盗,船橋東,前原,122041,千葉県,船橋市,前原西２丁目,2023-05-19,07,駐車（輪）場,駐車（輪）場,40歳代,その他,施錠した
窃盗,自転車盗,船橋東,前原,122041,千葉県,船橋市,前原西２丁目,2023-06-01,18,４階建て以上共同住宅,駐車（輪）場,10歳代,大学生,施錠せず
窃盗,自転車盗,船橋東,前原,122041,千葉県,船橋市,前原西２丁目,2023-06-23,19,道路上,その他,20歳代,大学生,施錠した
窃盗,自転車盗,船橋東,前原,122041,千葉県,船橋市,前原西２丁目,2023-06-26,21,４階建て以上共同住宅,駐車（輪）場,30歳代,その他,施錠した
窃盗,自転車盗,船橋東,前原,122041,千葉県,船橋市,前原西２丁目,2023-07-07,21,その他,駐車（輪）場,10歳代,大学生,施錠した
窃盗,自転車盗,船橋東,前原,122041,千葉県,船橋市,前原西２丁目,2023-07-08,12,駐車（輪）場,駐車（輪）場,10歳代,大学生,施錠した
窃盗,自転車盗,船橋東,前原,122041,千葉県,船橋市,前原西２丁目,2023-07-23,17,道路上,その他,10歳代,高校生,施錠せず
窃盗,自転車盗,船橋東,前原,122041,千葉県,船橋市,前原西２丁目,2023-07-27,19,その他,駐車（輪）場,30歳代,その他,施錠した
窃盗,自転車盗,船橋東,前原,122041,千葉県,船橋市,前原西２丁目,2023-07-30,17,その他,駐車（輪）場,10歳代,高校生,施錠せず
窃盗,自転車盗,船橋東,前原,122041,千葉県,船橋市,前原西２丁目,2023-08-13,10,駐車（輪）場,駐車（輪）場,10歳代,高校生,施錠した
窃盗,自転車盗,船橋東,前原,122041,千葉県,船橋市,前原西２丁目,2023-09-23,05,その他,駐車（輪）場,20歳代,大学生,施錠せず
窃盗,自転車盗,船橋東,前原,122041,千葉県,船橋市,前原西２丁目,2023-10-07,08,道路上,その他,10歳代,高校生,施錠せず
窃盗,自転車盗,船橋東,前原,122041,千葉県,船橋市,前原西２丁目,2023-10-18,10,駐車（輪）場,駐車（輪）場,20歳代,大学生,施錠した
窃盗,自転車盗,船橋東,前原,122041,千葉県,船橋市,前原西２丁目,2023-11-03,20,その他,駐車（輪）場,20歳代,大学生,施錠せず
窃盗,自転車盗,船橋東,前原,122041,千葉県,船橋市,前原西２丁目,2023-11-06,07,駐車（輪）場,駐車（輪）場,20歳代,その他,施錠した
窃盗,自転車盗,船橋東,前原,122041,千葉県,船橋市,前原西２丁目,2023-12-04,16,その他,駐車（輪）場,10歳代,高校生,施錠せず
窃盗,自転車盗,船橋東,前原,122041,千葉県,船橋市,前原西２丁目,2023-12-11,18,その他,その他,40歳代,その他,施錠した
窃盗,自転車盗,船橋東,前原,122041,千葉県,船橋市,前原西２丁目,不明,不明,その他,駐車（輪）場,10歳代,大学生,施錠せず
窃盗,自転車盗,船橋東,前原,122041,千葉県,船橋市,前原西３丁目,2023-05-12,08,その他の住宅（３階建て以下共同住宅等）,駐車（輪）場,20歳代,その他,施錠した
窃盗,自転車盗,船橋東,前原,122041,千葉県,船橋市,前原西３丁目,2023-06-03,21,その他の住宅（３階建て以下共同住宅等）,駐車（輪）場,20歳代,その他,施錠せず
窃盗,自転車盗,船橋東,前原,122041,千葉県,船橋市,前原西３丁目,2023-07-06,20,その他,駐車（輪）場,10歳代,大学生,施錠せず
窃盗,自転車盗,船橋東,前原,122041,千葉県,船橋市,前原西３丁目,2023-08-19,20,その他の住宅（３階建て以下共同住宅等）,駐車（輪）場,20歳代,その他,施錠した
窃盗,自転車盗,船橋東,前原,122041,千葉県,船橋市,前原西４丁目,2023-04-26,19,一戸建住宅,その他,40歳代,その他,施錠した
窃盗,自転車盗,船橋東,前原,122041,千葉県,船橋市,前原西４丁目,2023-05-20,21,その他の住宅（３階建て以下共同住宅等）,駐車（輪）場,30歳代,その他,施錠した
窃盗,自転車盗,船橋東,前原,122041,千葉県,船橋市,前原西４丁目,2023-08-06,10,一戸建住宅,駐車（輪）場,10歳代,高校生,施錠せず
窃盗,自転車盗,船橋東,前原,122041,千葉県,船橋市,前原西４丁目,2023-09-21,21,その他の住宅（３階建て以下共同住宅等）,駐車（輪）場,30歳代,その他,施錠せず
窃盗,自転車盗,船橋東,前原,122041,千葉県,船橋市,前原西４丁目,2023-12-07,17,その他の住宅（３階建て以下共同住宅等）,駐車（輪）場,30歳代,その他,施錠せず
窃盗,自転車盗,船橋東,前原,122041,千葉県,船橋市,前原西５丁目,2023-02-01,11,一戸建住宅,その他,30歳代,その他,施錠した
窃盗,自転車盗,船橋東,前原,122041,千葉県,船橋市,前原西５丁目,2023-05-11,17,その他,駐車（輪）場,10歳代,大学生,施錠せず
窃盗,自転車盗,船橋東,前原,122041,千葉県,船橋市,前原西６丁目,2023-10-07,13,４階建て以上共同住宅,駐車（輪）場,30歳代,その他,施錠した
窃盗,自転車盗,船橋東,前原,122041,千葉県,船橋市,前原西６丁目,2023-10-17,09,４階建て以上共同住宅,駐車（輪）場,20歳代,その他,施錠した
窃盗,自転車盗,船橋東,前原,122041,千葉県,船橋市,前原西７丁目,2023-11-24,08,その他,駐車（輪）場,20歳代,その他,施錠せず
窃盗,自転車盗,船橋東,前原,122041,千葉県,船橋市,前原西７丁目,不明,不明,その他の住宅（３階建て以下共同住宅等）,その他,20歳代,その他,施錠した
窃盗,自転車盗,船橋東,前原,122041,千葉県,船橋市,前原西８丁目,2023-02-26,08,その他,駐車（輪）場,60-64歳,その他,施錠せず
窃盗,自転車盗,船橋東,前原,122041,千葉県,船橋市,前原東１丁目,2023-02-28,11,一戸建住宅,駐車（輪）場,70歳以上,その他,施錠せず
窃盗,自転車盗,船橋東,前原,122041,千葉県,船橋市,前原東１丁目,2023-06-21,14,その他の住宅（３階建て以下共同住宅等）,駐車（輪）場,10歳代,大学生,施錠した
窃盗,自転車盗,船橋東,前原,122041,千葉県,船橋市,前原東１丁目,2023-06-23,17,その他の住宅（３階建て以下共同住宅等）,駐車（輪）場,10歳代,大学生,施錠せず
窃盗,自転車盗,船橋東,前原,122041,千葉県,船橋市,前原東１丁目,2023-09-01,19,その他の住宅（３階建て以下共同住宅等）,駐車（輪）場,30歳代,その他,施錠せず
窃盗,自転車盗,船橋東,前原,122041,千葉県,船橋市,前原東２丁目,2023-07-14,17,その他の住宅（３階建て以下共同住宅等）,駐車（輪）場,10歳代,大学生,施錠せず
窃盗,自転車盗,船橋東,前原,122041,千葉県,船橋市,前原東２丁目,2023-08-12,17,その他の住宅（３階建て以下共同住宅等）,その他,40歳代,その他,施錠せず
窃盗,自転車盗,船橋東,前原,122041,千葉県,船橋市,前原東２丁目,2023-10-08,11,その他の住宅（３階建て以下共同住宅等）,駐車（輪）場,30歳代,その他,施錠した
窃盗,自転車盗,船橋東,前原,122041,千葉県,船橋市,前原東３丁目,2022-12-01,17,４階建て以上共同住宅,駐車（輪）場,40歳代,その他,施錠した
窃盗,自転車盗,船橋東,前原,122041,千葉県,船橋市,前原東３丁目,2023-06-30,19,その他の住宅（３階建て以下共同住宅等）,駐車（輪）場,20歳代,その他,施錠した
窃盗,自転車盗,船橋東,前原,122041,千葉県,船橋市,前原東３丁目,2023-10-11,15,その他の住宅（３階建て以下共同住宅等）,駐車（輪）場,20歳代,その他,施錠した
窃盗,自転車盗,船橋東,前原,122041,千葉県,船橋市,前原東３丁目,2023-12-05,18,その他の住宅（３階建て以下共同住宅等）,その他,20歳代,大学生,施錠した
窃盗,自転車盗,船橋東,前原,122041,千葉県,船橋市,前原東４丁目,2023-01-11,17,４階建て以上共同住宅,駐車（輪）場,10歳代,中学生,施錠した
窃盗,自転車盗,船橋東,前原,122041,千葉県,船橋市,前原東４丁目,2023-08-07,16,一戸建住宅,駐車（輪）場,10歳代,中学生,施錠せず
窃盗,自転車盗,船橋東,前原,122041,千葉県,船橋市,前原東４丁目,2023-09-19,17,その他,駐車（輪）場,10歳代,高校生,施錠した
窃盗,自転車盗,船橋東,前原,122041,千葉県,船橋市,前原東４丁目,2023-11-24,10,その他の住宅（３階建て以下共同住宅等）,駐車（輪）場,10歳代,大学生,施錠した
窃盗,自転車盗,船橋東,前原,122041,千葉県,船橋市,前原東５丁目,2023-02-06,19,４階建て以上共同住宅,駐車（輪）場,20歳代,大学生,施錠せず
窃盗,自転車盗,船橋東,前原,122041,千葉県,船橋市,前原東５丁目,2023-02-25,23,一戸建住宅,駐車（輪）場,20歳代,大学生,施錠せず
窃盗,自転車盗,船橋東,前原,122041,千葉県,船橋市,前原東５丁目,2023-10-01,00,４階建て以上共同住宅,駐車（輪）場,10歳代,大学生,施錠せず
窃盗,自転車盗,船橋東,前原,122041,千葉県,船橋市,前原東５丁目,2023-12-26,08,一戸建住宅,その他,50歳代,その他,施錠せず
窃盗,自転車盗,船橋東,前原,122041,千葉県,船橋市,滝台２丁目,2023-05-22,01,その他,駐車（輪）場,20歳代,その他,施錠せず
窃盗,自転車盗,船橋東,前原,122041,千葉県,船橋市,中野木１丁目,2023-01-29,03,４階建て以上共同住宅,駐車（輪）場,10歳代,高校生,施錠せず
窃盗,自転車盗,船橋東,前原,122041,千葉県,船橋市,中野木１丁目,2023-04-05,18,４階建て以上共同住宅,駐車（輪）場,10歳代,大学生,施錠した
窃盗,自転車盗,船橋東,古和釜,122041,千葉県,船橋市,古和釜町,2023-07-30,07,その他,その他,40歳代,その他,施錠せず
窃盗,自転車盗,船橋東,古和釜,122041,千葉県,船橋市,古和釜町,2023-09-07,08,その他,駐車（輪）場,10歳代,高校生,施錠した
窃盗,自転車盗,船橋東,古和釜,122041,千葉県,船橋市,坪井町,2023-04-05,21,その他,その他,10歳代,高校生,施錠せず
窃盗,自転車盗,船橋東,古和釜,122041,千葉県,船橋市,坪井東１丁目,2023-02-09,11,一戸建住宅,その他,65-69歳,その他,施錠した
窃盗,自転車盗,船橋東,古和釜,122041,千葉県,船橋市,坪井東１丁目,2023-03-21,18,その他,その他,20歳代,大学生,施錠せず
窃盗,自転車盗,船橋東,古和釜,122041,千葉県,船橋市,坪井東１丁目,2023-04-29,00,その他の住宅（３階建て以下共同住宅等）,その他,20歳代,大学生,施錠せず
窃盗,自転車盗,船橋東,古和釜,122041,千葉県,船橋市,坪井東１丁目,2023-05-31,16,道路上,その他,10歳代,高校生,施錠せず
窃盗,自転車盗,船橋東,古和釜,122041,千葉県,船橋市,坪井東１丁目,2023-10-22,09,駐車（輪）場,駐車（輪）場,10歳代,高校生,施錠せず
窃盗,自転車盗,船橋東,古和釜,122041,千葉県,船橋市,坪井東１丁目,2023-10-23,07,駐車（輪）場,駐車（輪）場,10歳代,中学生,施錠せず
窃盗,自転車盗,船橋東,古和釜,122041,千葉県,船橋市,坪井東３丁目,2023-05-14,23,４階建て以上共同住宅,駐車（輪）場,10歳代,大学生,施錠した
窃盗,自転車盗,船橋東,古和釜,122041,千葉県,船橋市,坪井東３丁目,2023-06-19,07,その他,駐車（輪）場,10歳代,高校生,施錠した
窃盗,自転車盗,船橋東,古和釜,122041,千葉県,船橋市,坪井東３丁目,2023-10-07,22,その他,駐車（輪）場,20歳代,大学生,施錠せず
窃盗,自転車盗,船橋東,古和釜,122041,千葉県,船橋市,坪井東３丁目,2023-10-08,07,その他,駐車（輪）場,20歳代,その他,施錠した
窃盗,自転車盗,船橋東,大穴,122041,千葉県,船橋市,坪井町,2023-10-20,15,一戸建住宅,駐車（輪）場,10歳代,大学生,施錠せず
窃盗,自転車盗,船橋東,大穴,122041,千葉県,船橋市,三咲１丁目,2023-04-06,11,駐車（輪）場,駐車（輪）場,10歳代,高校生,施錠せず
窃盗,自転車盗,船橋東,大穴,122041,千葉県,船橋市,三咲１丁目,2023-08-16,17,その他の住宅（３階建て以下共同住宅等）,その他,20歳代,その他,施錠せず
窃盗,自転車盗,船橋東,大穴,122041,千葉県,船橋市,三咲２丁目,2023-01-28,15,駐車（輪）場,駐車（輪）場,10歳代,高校生,施錠した
窃盗,自転車盗,船橋東,大穴,122041,千葉県,船橋市,三咲２丁目,2023-03-04,15,駐車（輪）場,駐車（輪）場,10歳代,高校生,施錠した
窃盗,自転車盗,船橋東,大穴,122041,千葉県,船橋市,三咲２丁目,2023-04-08,16,駐車（輪）場,駐車（輪）場,20歳代,その他,施錠せず
窃盗,自転車盗,船橋東,大穴,122041,千葉県,船橋市,三咲２丁目,2023-04-20,06,その他の住宅（３階建て以下共同住宅等）,その他,20歳代,その他,施錠せず
窃盗,自転車盗,船橋東,大穴,122041,千葉県,船橋市,三咲２丁目,2023-06-19,17,その他,駐車（輪）場,10歳代,大学生,施錠せず
窃盗,自転車盗,船橋東,大穴,122041,千葉県,船橋市,三咲２丁目,2023-07-11,08,駐車（輪）場,駐車（輪）場,10歳代,大学生,施錠せず
窃盗,自転車盗,船橋東,大穴,122041,千葉県,船橋市,三咲２丁目,2023-07-24,12,駐車（輪）場,駐車（輪）場,10歳代,中学生,施錠せず
窃盗,自転車盗,船橋東,大穴,122041,千葉県,船橋市,三咲２丁目,2023-08-08,12,一戸建住宅,駐車（輪）場,30歳代,その他,施錠せず
窃盗,自転車盗,船橋東,大穴,122041,千葉県,船橋市,三咲２丁目,2023-08-08,13,一戸建住宅,その他,70歳以上,その他,施錠せず
窃盗,自転車盗,船橋東,大穴,122041,千葉県,船橋市,三咲２丁目,2023-08-12,11,一戸建住宅,その他,50歳代,その他,施錠せず
窃盗,自転車盗,船橋東,大穴,122041,千葉県,船橋市,三咲２丁目,2023-08-17,11,一戸建住宅,駐車（輪）場,30歳代,その他,施錠せず
窃盗,自転車盗,船橋東,大穴,122041,千葉県,船橋市,三咲２丁目,2023-08-20,07,一戸建住宅,その他,60-64歳,その他,施錠せず
窃盗,自転車盗,船橋東,大穴,122041,千葉県,船橋市,三咲２丁目,2023-08-26,07,駐車（輪）場,駐車（輪）場,10歳代,高校生,施錠せず
窃盗,自転車盗,船橋東,大穴,122041,千葉県,船橋市,三咲２丁目,2023-09-28,15,駐車（輪）場,駐車（輪）場,10歳代,高校生,施錠せず
窃盗,自転車盗,船橋東,大穴,122041,千葉県,船橋市,三咲３丁目,2023-08-09,08,その他,その他,50歳代,その他,施錠せず
窃盗,自転車盗,船橋東,大穴,122041,千葉県,船橋市,三咲４丁目,2023-06-17,10,その他の住宅（３階建て以下共同住宅等）,駐車（輪）場,40歳代,その他,施錠した
窃盗,自転車盗,船橋東,大穴,122041,千葉県,船橋市,三咲４丁目,2023-11-04,20,一戸建住宅,その他,30歳代,その他,施錠せず
窃盗,自転車盗,船橋東,大穴,122041,千葉県,船橋市,三咲５丁目,2022-08-11,15,その他,駐車（輪）場,40歳代,その他,施錠せず
窃盗,自転車盗,船橋東,大穴,122041,千葉県,船橋市,三咲５丁目,2023-01-14,15,駐車（輪）場,駐車（輪）場,10歳代,その他,施錠せず
窃盗,自転車盗,船橋東,大穴,122041,千葉県,船橋市,三咲５丁目,2023-08-07,12,駐車（輪）場,駐車（輪）場,70歳以上,その他,施錠せず
窃盗,自転車盗,船橋東,大穴,122041,千葉県,船橋市,三咲５丁目,2023-08-22,13,一戸建住宅,駐車（輪）場,10歳代,高校生,施錠せず
窃盗,自転車盗,船橋東,大穴,122041,千葉県,船橋市,三咲５丁目,2023-08-26,12,駐車（輪）場,駐車（輪）場,10歳代,高校生,施錠せず
窃盗,自転車盗,船橋東,大穴,122041,千葉県,船橋市,三咲５丁目,2023-09-03,20,４階建て以上共同住宅,駐車（輪）場,30歳代,その他,施錠した
窃盗,自転車盗,船橋東,大穴,122041,千葉県,船橋市,三咲５丁目,2023-10-30,15,その他,駐車（輪）場,10歳代,高校生,施錠せず
窃盗,自転車盗,船橋東,大穴,122041,千葉県,船橋市,三咲７丁目,2023-03-31,23,その他の住宅（３階建て以下共同住宅等）,駐車（輪）場,10歳代,高校生,施錠せず
窃盗,自転車盗,船橋東,大穴,122041,千葉県,船橋市,南三咲１丁目,2023-01-05,11,一戸建住宅,駐車（輪）場,10歳代,小学生,施錠せず
窃盗,自転車盗,船橋東,大穴,122041,千葉県,船橋市,南三咲２丁目,2023-06-24,13,その他,駐車（輪）場,10歳代,高校生,施錠せず
窃盗,自転車盗,船橋東,大穴,122041,千葉県,船橋市,南三咲２丁目,2023-08-09,09,その他の住宅（３階建て以下共同住宅等）,駐車（輪）場,30歳代,その他,施錠せず
窃盗,自転車盗,船橋東,大穴,122041,千葉県,船橋市,南三咲２丁目,2023-11-04,22,駐車（輪）場,駐車（輪）場,10歳代,高校生,施錠せず
窃盗,自転車盗,船橋東,大穴,122041,千葉県,船橋市,南三咲３丁目,2023-05-22,18,駐車（輪）場,駐車（輪）場,10歳代,中学生,施錠せず
窃盗,自転車盗,船橋東,大穴,122041,千葉県,船橋市,南三咲３丁目,2023-10-14,18,駐車（輪）場,駐車（輪）場,20歳代,その他,施錠せず
窃盗,自転車盗,船橋東,大穴,122041,千葉県,船橋市,南三咲３丁目,2023-10-31,17,その他,駐車（輪）場,10歳代,中学生,施錠した
窃盗,自転車盗,船橋東,大穴,122041,千葉県,船橋市,南三咲３丁目,2023-12-27,11,一戸建住宅,その他,70歳以上,その他,施錠した
窃盗,自転車盗,船橋東,大穴,122041,千葉県,船橋市,大穴北１丁目,2023-07-18,18,その他の住宅（３階建て以下共同住宅等）,駐車（輪）場,20歳代,その他,施錠せず
窃盗,自転車盗,船橋東,大穴,122041,千葉県,船橋市,大穴北１丁目,2023-08-03,12,一戸建住宅,駐車（輪）場,10歳代,高校生,施錠せず
窃盗,自転車盗,船橋東,大穴,122041,千葉県,船橋市,大穴北２丁目,2023-04-01,10,その他の住宅（３階建て以下共同住宅等）,その他,30歳代,その他,施錠せず
窃盗,自転車盗,船橋東,大穴,122041,千葉県,船橋市,大穴北２丁目,2023-07-29,11,一戸建住宅,その他,50歳代,その他,施錠した
窃盗,自転車盗,船橋東,大穴,122041,千葉県,船橋市,大穴北３丁目,2023-08-07,18,一戸建住宅,駐車（輪）場,20歳代,その他,施錠せず
窃盗,自転車盗,船橋東,大穴,122041,千葉県,船橋市,大穴北８丁目,2023-01-30,14,一戸建住宅,駐車（輪）場,30歳代,その他,施錠せず
窃盗,自転車盗,船橋東,大穴,122041,千葉県,船橋市,大穴北８丁目,2023-04-17,07,その他,駐車（輪）場,40歳代,その他,施錠せず
窃盗,自転車盗,船橋東,大穴,122041,千葉県,船橋市,大穴南１丁目,2023-11-01,17,一戸建住宅,駐車（輪）場,10歳代,高校生,施錠せず
窃盗,自転車盗,船橋東,大穴,122041,千葉県,船橋市,大穴南２丁目,2023-01-31,14,一戸建住宅,駐車（輪）場,30歳代,その他,施錠した
窃盗,自転車盗,船橋東,大穴,122041,千葉県,船橋市,大穴南３丁目,2023-06-10,19,その他,駐車（輪）場,10歳代,高校生,施錠せず
窃盗,自転車盗,船橋東,大穴,122041,千葉県,船橋市,大穴南４丁目,2023-03-31,21,一戸建住宅,その他,10歳代,高校生,施錠せず
窃盗,自転車盗,船橋東,大穴,122041,千葉県,船橋市,大穴南４丁目,2023-06-24,14,一戸建住宅,その他,10歳代,高校生,施錠せず
窃盗,自転車盗,船橋東,小室駅前,122041,千葉県,船橋市,小室町,2023-01-11,10,駐車（輪）場,駐車（輪）場,40歳代,その他,施錠せず
窃盗,自転車盗,船橋東,小室駅前,122041,千葉県,船橋市,小室町,2023-04-01,11,駐車（輪）場,駐車（輪）場,20歳代,その他,施錠せず
窃盗,自転車盗,船橋東,小室駅前,122041,千葉県,船橋市,小室町,2023-04-15,17,４階建て以上共同住宅,駐車（輪）場,30歳代,その他,施錠した
窃盗,自転車盗,船橋東,小室駅前,122041,千葉県,船橋市,小室町,2023-04-16,23,４階建て以上共同住宅,駐車（輪）場,10歳代,その他,施錠せず
窃盗,自転車盗,船橋東,小室駅前,122041,千葉県,船橋市,小室町,2023-05-30,10,駐車（輪）場,駐車（輪）場,30歳代,その他,施錠せず
窃盗,自転車盗,船橋東,小室駅前,122041,千葉県,船橋市,小室町,2023-08-01,12,４階建て以上共同住宅,駐車（輪）場,20歳代,大学生,施錠した
窃盗,自転車盗,船橋東,小室駅前,122041,千葉県,船橋市,小室町,2023-08-29,12,４階建て以上共同住宅,駐車（輪）場,50歳代,その他,施錠した
窃盗,自転車盗,船橋東,小室駅前,122041,千葉県,船橋市,小室町,2023-10-18,21,４階建て以上共同住宅,駐車（輪）場,70歳以上,その他,施錠した
窃盗,自転車盗,船橋東,小室駅前,122041,千葉県,船橋市,小室町,2023-10-26,17,駐車（輪）場,駐車（輪）場,10歳代,高校生,施錠せず
窃盗,自転車盗,船橋東,小室駅前,122041,千葉県,船橋市,小室町,2023-11-11,20,道路上,その他,20歳代,その他,施錠せず
窃盗,自転車盗,船橋東,小室駅前,122041,千葉県,船橋市,小室町,不明,不明,４階建て以上共同住宅,駐車（輪）場,30歳代,その他,施錠した
窃盗,自転車盗,船橋東,習志野台,122041,千葉県,船橋市,習志野台１丁目,2023-02-06,08,その他,駐車（輪）場,65-69歳,その他,施錠した
窃盗,自転車盗,船橋東,習志野台,122041,千葉県,船橋市,習志野台１丁目,2023-02-21,06,その他,駐車（輪）場,30歳代,その他,施錠せず
窃盗,自転車盗,船橋東,習志野台,122041,千葉県,船橋市,習志野台１丁目,2023-04-19,22,その他,駐車（輪）場,10歳代,大学生,施錠せず
窃盗,自転車盗,船橋東,習志野台,122041,千葉県,船橋市,習志野台１丁目,2023-04-25,16,その他,駐車（輪）場,10歳代,大学生,施錠せず
窃盗,自転車盗,船橋東,習志野台,122041,千葉県,船橋市,習志野台１丁目,2023-06-14,19,駐車（輪）場,駐車（輪）場,10歳代,高校生,施錠せず
窃盗,自転車盗,船橋東,習志野台,122041,千葉県,船橋市,習志野台１丁目,2023-06-14,19,４階建て以上共同住宅,駐車（輪）場,20歳代,大学生,施錠した
窃盗,自転車盗,船橋東,習志野台,122041,千葉県,船橋市,習志野台１丁目,2023-06-18,06,一戸建住宅,その他,50歳代,その他,施錠せず
窃盗,自転車盗,船橋東,習志野台,122041,千葉県,船橋市,習志野台１丁目,2023-07-02,14,その他,その他,20歳代,その他,施錠した
窃盗,自転車盗,船橋東,習志野台,122041,千葉県,船橋市,習志野台１丁目,2023-07-12,11,その他,駐車（輪）場,10歳代,高校生,施錠せず
窃盗,自転車盗,船橋東,習志野台,122041,千葉県,船橋市,習志野台１丁目,2023-08-23,18,その他,駐車（輪）場,10歳代,その他,施錠せず
窃盗,自転車盗,船橋東,習志野台,122041,千葉県,船橋市,習志野台１丁目,2023-09-02,16,その他,駐車（輪）場,20歳代,その他,施錠せず
窃盗,自転車盗,船橋東,習志野台,122041,千葉県,船橋市,習志野台１丁目,2023-09-09,12,その他,駐車（輪）場,20歳代,その他,施錠せず
窃盗,自転車盗,船橋東,習志野台,122041,千葉県,船橋市,習志野台１丁目,2023-09-13,08,その他,駐車（輪）場,30歳代,その他,施錠した
窃盗,自転車盗,船橋東,習志野台,122041,千葉県,船橋市,習志野台１丁目,2023-09-28,19,その他,その他,20歳代,大学生,施錠した
窃盗,自転車盗,船橋東,習志野台,122041,千葉県,船橋市,習志野台１丁目,2023-10-03,17,その他の住宅（３階建て以下共同住宅等）,駐車（輪）場,20歳代,大学生,施錠した
窃盗,自転車盗,船橋東,習志野台,122041,千葉県,船橋市,習志野台１丁目,2023-11-18,17,その他,駐車（輪）場,65-69歳,その他,施錠せず
窃盗,自転車盗,船橋東,習志野台,122041,千葉県,船橋市,習志野台１丁目,2023-11-21,07,その他,駐車（輪）場,10歳代,高校生,施錠した
窃盗,自転車盗,船橋東,習志野台,122041,千葉県,船橋市,習志野台１丁目,2023-11-28,15,その他,駐車（輪）場,60-64歳,その他,施錠せず
窃盗,自転車盗,船橋東,習志野台,122041,千葉県,船橋市,習志野台１丁目,2023-12-01,10,４階建て以上共同住宅,駐車（輪）場,50歳代,その他,施錠せず
窃盗,自転車盗,船橋東,習志野台,122041,千葉県,船橋市,習志野台２丁目,2023-01-05,18,道路上,その他,10歳代,高校生,施錠せず
窃盗,自転車盗,船橋東,習志野台,122041,千葉県,船橋市,習志野台２丁目,2023-01-08,19,道路上,その他,30歳代,その他,施錠せず
窃盗,自転車盗,船橋東,習志野台,122041,千葉県,船橋市,習志野台２丁目,2023-01-27,17,道路上,その他,20歳代,その他,施錠せず
窃盗,自転車盗,船橋東,習志野台,122041,千葉県,船橋市,習志野台２丁目,2023-02-04,19,駐車（輪）場,駐車（輪）場,10歳代,高校生,施錠せず
窃盗,自転車盗,船橋東,習志野台,122041,千葉県,船橋市,習志野台２丁目,2023-02-22,20,道路上,その他,10歳代,中学生,施錠した
窃盗,自転車盗,船橋東,習志野台,122041,千葉県,船橋市,習志野台２丁目,2023-04-21,08,駐車（輪）場,駐車（輪）場,10歳代,高校生,施錠した
窃盗,自転車盗,船橋東,習志野台,122041,千葉県,船橋市,習志野台２丁目,2023-06-12,17,駐車（輪）場,駐車（輪）場,10歳代,高校生,施錠せず
窃盗,自転車盗,船橋東,習志野台,122041,千葉県,船橋市,習志野台２丁目,2023-06-25,13,道路上,その他,40歳代,その他,施錠した
窃盗,自転車盗,船橋東,習志野台,122041,千葉県,船橋市,習志野台２丁目,2023-06-25,18,道路上,その他,20歳代,大学生,施錠した
窃盗,自転車盗,船橋東,習志野台,122041,千葉県,船橋市,習志野台２丁目,2023-07-16,23,道路上,その他,10歳代,大学生,施錠せず
窃盗,自転車盗,船橋東,習志野台,122041,千葉県,船橋市,習志野台２丁目,2023-07-21,08,その他,駐車（輪）場,20歳代,大学生,施錠せず
窃盗,自転車盗,船橋東,習志野台,122041,千葉県,船橋市,習志野台２丁目,2023-07-26,12,駐車（輪）場,駐車（輪）場,20歳代,大学生,施錠せず
窃盗,自転車盗,船橋東,習志野台,122041,千葉県,船橋市,習志野台２丁目,2023-07-28,20,駐車（輪）場,駐車（輪）場,10歳代,大学生,施錠せず
窃盗,自転車盗,船橋東,習志野台,122041,千葉県,船橋市,習志野台２丁目,2023-09-05,19,道路上,その他,10歳代,高校生,施錠せず
窃盗,自転車盗,船橋東,習志野台,122041,千葉県,船橋市,習志野台２丁目,2023-09-05,19,道路上,その他,20歳代,大学生,施錠せず
窃盗,自転車盗,船橋東,習志野台,122041,千葉県,船橋市,習志野台２丁目,2023-09-05,20,道路上,その他,10歳代,高校生,施錠せず
窃盗,自転車盗,船橋東,習志野台,122041,千葉県,船橋市,習志野台２丁目,2023-09-08,06,その他,駐車（輪）場,40歳代,その他,施錠した
窃盗,自転車盗,船橋東,習志野台,122041,千葉県,船橋市,習志野台２丁目,2023-09-26,22,その他,その他,50歳代,その他,施錠せず
窃盗,自転車盗,船橋東,習志野台,122041,千葉県,船橋市,習志野台２丁目,2023-10-07,19,道路上,その他,10歳代,中学生,施錠せず
窃盗,自転車盗,船橋東,習志野台,122041,千葉県,船橋市,習志野台２丁目,2023-10-16,20,道路上,その他,10歳代,高校生,施錠せず
窃盗,自転車盗,船橋東,習志野台,122041,千葉県,船橋市,習志野台２丁目,2023-10-22,20,駐車（輪）場,駐車（輪）場,10歳代,大学生,施錠せず
窃盗,自転車盗,船橋東,習志野台,122041,千葉県,船橋市,習志野台２丁目,2023-11-07,16,道路上,その他,10歳代,中学生,施錠せず
窃盗,自転車盗,船橋東,習志野台,122041,千葉県,船橋市,習志野台２丁目,2023-11-07,18,道路上,その他,10歳代,中学生,施錠した
窃盗,自転車盗,船橋東,習志野台,122041,千葉県,船橋市,習志野台２丁目,2023-11-11,19,道路上,その他,10歳代,中学生,施錠せず
窃盗,自転車盗,船橋東,習志野台,122041,千葉県,船橋市,習志野台２丁目,2023-11-18,18,その他,駐車（輪）場,10歳代,大学生,施錠した
窃盗,自転車盗,船橋東,習志野台,122041,千葉県,船橋市,習志野台２丁目,2023-11-23,13,道路上,その他,10歳代,中学生,施錠せず
窃盗,自転車盗,船橋東,習志野台,122041,千葉県,船橋市,習志野台２丁目,2023-11-23,21,道路上,その他,50歳代,その他,施錠した
窃盗,自転車盗,船橋東,習志野台,122041,千葉県,船橋市,習志野台２丁目,2023-12-08,18,道路上,その他,20歳代,その他,施錠せず
窃盗,自転車盗,船橋東,習志野台,122041,千葉県,船橋市,習志野台２丁目,2023-12-16,19,道路上,その他,20歳代,大学生,施錠せず
窃盗,自転車盗,船橋東,習志野台,122041,千葉県,船橋市,習志野台２丁目,2023-12-17,17,道路上,その他,10歳代,大学生,施錠せず
窃盗,自転車盗,船橋東,習志野台,122041,千葉県,船橋市,習志野台３丁目,2023-02-04,08,その他,駐車（輪）場,20歳代,その他,施錠せず
窃盗,自転車盗,船橋東,習志野台,122041,千葉県,船橋市,習志野台３丁目,2023-02-12,10,駐車（輪）場,駐車（輪）場,20歳代,大学生,施錠した
窃盗,自転車盗,船橋東,習志野台,122041,千葉県,船橋市,習志野台３丁目,2023-03-04,12,その他,駐車（輪）場,10歳代,高校生,施錠せず
窃盗,自転車盗,船橋東,習志野台,122041,千葉県,船橋市,習志野台３丁目,2023-03-09,13,その他,駐車（輪）場,20歳代,大学生,施錠せず
窃盗,自転車盗,船橋東,習志野台,122041,千葉県,船橋市,習志野台３丁目,2023-04-14,16,駐車（輪）場,駐車（輪）場,10歳代,高校生,施錠せず
窃盗,自転車盗,船橋東,習志野台,122041,千葉県,船橋市,習志野台３丁目,2023-04-20,08,駐車（輪）場,駐車（輪）場,10歳代,大学生,施錠した
窃盗,自転車盗,船橋東,習志野台,122041,千葉県,船橋市,習志野台３丁目,2023-04-30,10,駐車（輪）場,駐車（輪）場,10歳代,大学生,施錠した
窃盗,自転車盗,船橋東,習志野台,122041,千葉県,船橋市,習志野台３丁目,2023-05-21,13,その他,駐車（輪）場,60-64歳,その他,施錠した
窃盗,自転車盗,船橋東,習志野台,122041,千葉県,船橋市,習志野台３丁目,2023-05-30,07,駐車（輪）場,駐車（輪）場,20歳代,その他,施錠せず
窃盗,自転車盗,船橋東,習志野台,122041,千葉県,船橋市,習志野台３丁目,2023-06-02,16,駐車（輪）場,駐車（輪）場,10歳代,高校生,施錠せず
窃盗,自転車盗,船橋東,習志野台,122041,千葉県,船橋市,習志野台３丁目,2023-06-16,08,駐車（輪）場,駐車（輪）場,20歳代,その他,施錠した
窃盗,自転車盗,船橋東,習志野台,122041,千葉県,船橋市,習志野台３丁目,2023-06-17,11,駐車（輪）場,駐車（輪）場,10歳代,大学生,施錠せず
窃盗,自転車盗,船橋東,習志野台,122041,千葉県,船橋市,習志野台３丁目,2023-06-18,06,駐車（輪）場,駐車（輪）場,20歳代,その他,施錠せず
窃盗,自転車盗,船橋東,習志野台,122041,千葉県,船橋市,習志野台３丁目,2023-07-23,19,駐車（輪）場,駐車（輪）場,20歳代,大学生,施錠した
窃盗,自転車盗,船橋東,習志野台,122041,千葉県,船橋市,習志野台３丁目,2023-08-06,22,４階建て以上共同住宅,駐車（輪）場,10歳代,中学生,施錠せず
窃盗,自転車盗,船橋東,習志野台,122041,千葉県,船橋市,習志野台３丁目,2023-08-16,10,駐車（輪）場,駐車（輪）場,20歳代,その他,施錠した
窃盗,自転車盗,船橋東,習志野台,122041,千葉県,船橋市,習志野台３丁目,2023-08-22,07,その他,駐車（輪）場,40歳代,その他,施錠せず
窃盗,自転車盗,船橋東,習志野台,122041,千葉県,船橋市,習志野台３丁目,2023-09-02,17,道路上,その他,70歳以上,その他,施錠した
窃盗,自転車盗,船橋東,習志野台,122041,千葉県,船橋市,習志野台３丁目,2023-09-09,08,駐車（輪）場,駐車（輪）場,20歳代,その他,施錠した
窃盗,自転車盗,船橋東,習志野台,122041,千葉県,船橋市,習志野台３丁目,2023-09-30,10,駐車（輪）場,駐車（輪）場,20歳代,大学生,施錠せず
窃盗,自転車盗,船橋東,習志野台,122041,千葉県,船橋市,習志野台３丁目,2023-10-13,21,４階建て以上共同住宅,駐車（輪）場,50歳代,その他,施錠した
窃盗,自転車盗,船橋東,習志野台,122041,千葉県,船橋市,習志野台３丁目,2023-10-15,12,駐車（輪）場,駐車（輪）場,10歳代,大学生,施錠せず
窃盗,自転車盗,船橋東,習志野台,122041,千葉県,船橋市,習志野台３丁目,2023-10-23,17,駐車（輪）場,駐車（輪）場,10歳代,中学生,施錠した
窃盗,自転車盗,船橋東,習志野台,122041,千葉県,船橋市,習志野台３丁目,2023-11-02,14,駐車（輪）場,駐車（輪）場,10歳代,高校生,施錠した
窃盗,自転車盗,船橋東,習志野台,122041,千葉県,船橋市,習志野台３丁目,2023-12-12,07,駐車（輪）場,駐車（輪）場,20歳代,その他,施錠せず
窃盗,自転車盗,船橋東,習志野台,122041,千葉県,船橋市,習志野台３丁目,2023-12-14,07,駐車（輪）場,駐車（輪）場,40歳代,その他,施錠した
窃盗,自転車盗,船橋東,習志野台,122041,千葉県,船橋市,習志野台３丁目,2023-12-20,12,その他,駐車（輪）場,20歳代,その他,施錠せず
窃盗,自転車盗,船橋東,習志野台,122041,千葉県,船橋市,習志野台３丁目,不明,不明,４階建て以上共同住宅,駐車（輪）場,50歳代,その他,施錠した
窃盗,自転車盗,船橋東,習志野台,122041,千葉県,船橋市,習志野台４丁目,2023-05-11,17,４階建て以上共同住宅,駐車（輪）場,50歳代,その他,施錠した
窃盗,自転車盗,船橋東,習志野台,122041,千葉県,船橋市,習志野台４丁目,2023-06-13,21,その他の住宅（３階建て以下共同住宅等）,駐車（輪）場,20歳代,その他,施錠した
窃盗,自転車盗,船橋東,習志野台,122041,千葉県,船橋市,習志野台４丁目,2023-07-17,16,４階建て以上共同住宅,駐車（輪）場,30歳代,その他,施錠せず
窃盗,自転車盗,船橋東,習志野台,122041,千葉県,船橋市,習志野台４丁目,2023-08-11,22,４階建て以上共同住宅,駐車（輪）場,10歳代,高校生,施錠せず
窃盗,自転車盗,船橋東,習志野台,122041,千葉県,船橋市,習志野台４丁目,2023-08-15,21,４階建て以上共同住宅,駐車（輪）場,50歳代,その他,施錠した
窃盗,自転車盗,船橋東,習志野台,122041,千葉県,船橋市,習志野台４丁目,2023-08-25,19,一戸建住宅,その他,10歳代,高校生,施錠せず
窃盗,自転車盗,船橋東,習志野台,122041,千葉県,船橋市,習志野台４丁目,2023-09-25,20,４階建て以上共同住宅,駐車（輪）場,30歳代,その他,施錠せず
窃盗,自転車盗,船橋東,習志野台,122041,千葉県,船橋市,習志野台４丁目,2023-10-07,23,その他,駐車（輪）場,20歳代,大学生,施錠した
窃盗,自転車盗,船橋東,習志野台,122041,千葉県,船橋市,習志野台４丁目,2023-10-15,20,その他の住宅（３階建て以下共同住宅等）,その他,20歳代,その他,施錠せず
窃盗,自転車盗,船橋東,習志野台,122041,千葉県,船橋市,習志野台４丁目,2023-12-09,17,その他,駐車（輪）場,20歳代,大学生,施錠せず
窃盗,自転車盗,船橋東,習志野台,122041,千葉県,船橋市,習志野台５丁目,2023-02-06,17,その他,駐車（輪）場,10歳代,高校生,施錠せず
窃盗,自転車盗,船橋東,習志野台,122041,千葉県,船橋市,習志野台５丁目,2023-02-13,21,その他の住宅（３階建て以下共同住宅等）,駐車（輪）場,20歳代,大学生,施錠せず
窃盗,自転車盗,船橋東,習志野台,122041,千葉県,船橋市,習志野台５丁目,2023-04-18,07,その他の住宅（３階建て以下共同住宅等）,駐車（輪）場,30歳代,その他,施錠せず
窃盗,自転車盗,船橋東,習志野台,122041,千葉県,船橋市,習志野台５丁目,2023-07-31,18,その他の住宅（３階建て以下共同住宅等）,駐車（輪）場,20歳代,その他,施錠せず
窃盗,自転車盗,船橋東,習志野台,122041,千葉県,船橋市,習志野台５丁目,2023-08-01,17,その他の住宅（３階建て以下共同住宅等）,駐車（輪）場,10歳代,大学生,施錠せず
窃盗,自転車盗,船橋東,習志野台,122041,千葉県,船橋市,習志野台５丁目,2023-08-09,16,その他,駐車（輪）場,10歳代,高校生,施錠せず
窃盗,自転車盗,船橋東,習志野台,122041,千葉県,船橋市,習志野台５丁目,2023-11-22,10,一戸建住宅,その他,40歳代,その他,施錠せず
窃盗,自転車盗,船橋東,習志野台,122041,千葉県,船橋市,習志野台６丁目,2023-06-30,20,その他の住宅（３階建て以下共同住宅等）,駐車（輪）場,40歳代,その他,施錠した
窃盗,自転車盗,船橋東,習志野台,122041,千葉県,船橋市,習志野台６丁目,2023-10-16,18,４階建て以上共同住宅,駐車（輪）場,65-69歳,その他,施錠した
窃盗,自転車盗,船橋東,習志野台,122041,千葉県,船橋市,習志野台７丁目,2023-01-13,12,その他,駐車（輪）場,20歳代,大学生,施錠せず
窃盗,自転車盗,船橋東,習志野台,122041,千葉県,船橋市,習志野台７丁目,2023-01-20,17,その他,駐車（輪）場,10歳代,大学生,施錠した
窃盗,自転車盗,船橋東,習志野台,122041,千葉県,船橋市,習志野台７丁目,2023-04-19,10,駐車（輪）場,駐車（輪）場,10歳代,大学生,施錠した
窃盗,自転車盗,船橋東,習志野台,122041,千葉県,船橋市,習志野台７丁目,2023-05-30,16,その他の住宅（３階建て以下共同住宅等）,駐車（輪）場,10歳代,大学生,施錠せず
窃盗,自転車盗,船橋東,習志野台,122041,千葉県,船橋市,習志野台７丁目,2023-06-11,07,その他の住宅（３階建て以下共同住宅等）,駐車（輪）場,20歳代,その他,施錠せず
窃盗,自転車盗,船橋東,習志野台,122041,千葉県,船橋市,習志野台７丁目,2023-08-30,23,その他の住宅（３階建て以下共同住宅等）,駐車（輪）場,20歳代,大学生,施錠した
窃盗,自転車盗,船橋東,習志野台,122041,千葉県,船橋市,習志野台７丁目,2023-11-02,09,その他,駐車（輪）場,10歳代,大学生,施錠せず
窃盗,自転車盗,船橋東,習志野台,122041,千葉県,船橋市,習志野台８丁目,2023-09-13,17,その他の住宅（３階建て以下共同住宅等）,駐車（輪）場,20歳代,大学生,施錠した
窃盗,自転車盗,船橋東,習志野台,122041,千葉県,船橋市,西習志野１丁目,2023-06-01,22,その他の住宅（３階建て以下共同住宅等）,駐車（輪）場,50歳代,その他,施錠せず
窃盗,自転車盗,船橋東,習志野台,122041,千葉県,船橋市,西習志野２丁目,2023-08-09,13,一戸建住宅,駐車（輪）場,40歳代,その他,施錠せず
窃盗,自転車盗,船橋東,習志野台,122041,千葉県,船橋市,西習志野２丁目,2023-11-03,15,駐車（輪）場,駐車（輪）場,10歳代,高校生,施錠した
窃盗,自転車盗,船橋東,習志野台,122041,千葉県,船橋市,西習志野２丁目,2023-12-06,07,その他,駐車（輪）場,10歳代,高校生,施錠した
窃盗,自転車盗,船橋東,習志野台,122041,千葉県,船橋市,西習志野３丁目,2023-03-15,08,一戸建住宅,その他,65-69歳,その他,施錠した
窃盗,自転車盗,船橋東,習志野台,122041,千葉県,船橋市,西習志野３丁目,2023-04-11,18,その他の住宅（３階建て以下共同住宅等）,駐車（輪）場,20歳代,その他,施錠した
窃盗,自転車盗,船橋東,習志野台,122041,千葉県,船橋市,西習志野３丁目,2023-12-16,07,その他,駐車（輪）場,50歳代,その他,施錠した
窃盗,自転車盗,船橋東,習志野台,122041,千葉県,船橋市,西習志野３丁目,2023-12-22,15,その他,駐車（輪）場,10歳代,中学生,施錠せず
窃盗,自転車盗,船橋東,習志野台,122041,千葉県,船橋市,西習志野４丁目,2023-01-25,11,駐車（輪）場,駐車（輪）場,20歳代,大学生,施錠せず
窃盗,自転車盗,船橋東,習志野台,122041,千葉県,船橋市,西習志野４丁目,2023-04-30,18,道路上,その他,70歳以上,その他,施錠せず
窃盗,自転車盗,船橋東,習志野台,122041,千葉県,船橋市,西習志野４丁目,2023-06-06,15,駐車（輪）場,駐車（輪）場,10歳代,高校生,施錠せず
窃盗,自転車盗,船橋東,習志野台,122041,千葉県,船橋市,飯山満町２丁目,2023-06-27,08,４階建て以上共同住宅,駐車（輪）場,10歳代,高校生,施錠せず
窃盗,自転車盗,船橋東,習志野台,122041,千葉県,船橋市,坪井西１丁目,2023-03-03,06,道路上,その他,10歳代,高校生,施錠した
窃盗,自転車盗,船橋東,習志野台,122041,千葉県,船橋市,坪井東１丁目,2023-02-17,07,駐車（輪）場,駐車（輪）場,10歳代,高校生,施錠せず
窃盗,自転車盗,船橋東,習志野台,122041,千葉県,船橋市,坪井東１丁目,2023-07-24,08,その他,駐車（輪）場,10歳代,小学生,施錠せず
窃盗,自転車盗,船橋東,習志野台,122041,千葉県,船橋市,坪井東３丁目,2023-06-26,07,その他,駐車（輪）場,10歳代,高校生,施錠せず
窃盗,自転車盗,船橋東,習志野台,122041,千葉県,船橋市,坪井東６丁目,2023-07-11,19,一戸建住宅,駐車（輪）場,10歳代,中学生,施錠した
窃盗,自転車盗,船橋東,芝山,122041,千葉県,船橋市,芝山２丁目,2023-04-20,不明,４階建て以上共同住宅,駐車（輪）場,30歳代,その他,施錠した
窃盗,自転車盗,船橋東,芝山,122041,千葉県,船橋市,芝山２丁目,2023-12-15,18,その他,駐車（輪）場,10歳代,その他,施錠せず
窃盗,自転車盗,船橋東,芝山,122041,千葉県,船橋市,芝山３丁目,2023-06-22,07,その他,その他,70歳以上,その他,施錠した
窃盗,自転車盗,船橋東,芝山,122041,千葉県,船橋市,芝山３丁目,2023-12-22,10,道路上,その他,10歳代,大学生,施錠した
窃盗,自転車盗,船橋東,芝山,122041,千葉県,船橋市,芝山４丁目,2023-11-22,17,その他,駐車（輪）場,10歳代,高校生,施錠せず
窃盗,自転車盗,船橋東,芝山,122041,千葉県,船橋市,芝山４丁目,2023-12-22,09,その他,駐車（輪）場,20歳代,その他,施錠せず
窃盗,自転車盗,船橋東,芝山,122041,千葉県,船橋市,芝山５丁目,2023-01-07,18,その他の住宅（３階建て以下共同住宅等）,駐車（輪）場,30歳代,その他,施錠した
窃盗,自転車盗,船橋東,芝山,122041,千葉県,船橋市,芝山７丁目,2023-06-15,07,その他,駐車（輪）場,10歳代,高校生,施錠せず
窃盗,自転車盗,船橋東,芝山,122041,千葉県,船橋市,芝山７丁目,2023-09-30,10,一戸建住宅,その他,30歳代,その他,施錠せず
窃盗,自転車盗,船橋東,芝山,122041,千葉県,船橋市,二宮１丁目,2023-02-12,23,その他,その他,50歳代,その他,施錠した
窃盗,自転車盗,船橋東,芝山,122041,千葉県,船橋市,飯山満町１丁目,2023-06-25,02,その他の住宅（３階建て以下共同住宅等）,その他,20歳代,その他,施錠せず
窃盗,自転車盗,船橋東,芝山,122041,千葉県,船橋市,飯山満町１丁目,2023-07-10,09,その他,駐車（輪）場,10歳代,その他,施錠せず
窃盗,自転車盗,船橋東,芝山,122041,千葉県,船橋市,飯山満町１丁目,2023-09-29,17,その他,その他,10歳代,高校生,施錠せず
窃盗,自転車盗,船橋東,芝山,122041,千葉県,船橋市,飯山満町２丁目,2023-02-02,15,４階建て以上共同住宅,その他,20歳代,大学生,施錠した
窃盗,自転車盗,船橋東,芝山,122041,千葉県,船橋市,飯山満町２丁目,2023-02-02,20,一戸建住宅,その他,40歳代,その他,施錠せず
窃盗,自転車盗,船橋東,芝山,122041,千葉県,船橋市,飯山満町２丁目,2023-02-04,07,その他の住宅（３階建て以下共同住宅等）,駐車（輪）場,30歳代,その他,施錠した
窃盗,自転車盗,船橋東,芝山,122041,千葉県,船橋市,飯山満町２丁目,2023-06-09,08,駐車（輪）場,駐車（輪）場,10歳代,高校生,施錠せず
窃盗,自転車盗,船橋東,芝山,122041,千葉県,船橋市,飯山満町２丁目,2023-08-01,21,その他の住宅（３階建て以下共同住宅等）,駐車（輪）場,10歳代,高校生,施錠した
窃盗,自転車盗,船橋東,芝山,122041,千葉県,船橋市,飯山満町２丁目,2023-08-17,14,道路上,その他,30歳代,その他,施錠せず
窃盗,自転車盗,船橋東,芝山,122041,千葉県,船橋市,飯山満町３丁目,2023-06-26,21,一戸建住宅,駐車（輪）場,10歳代,高校生,施錠せず
窃盗,自転車盗,船橋東,薬円台,122041,千葉県,船橋市,滝台町,2023-08-28,18,その他,その他,20歳代,大学生,施錠せず
窃盗,自転車盗,船橋東,薬円台,122041,千葉県,船橋市,田喜野井１丁目,2023-03-10,10,道路上,その他,70歳以上,その他,施錠せず
窃盗,自転車盗,船橋東,薬円台,122041,千葉県,船橋市,田喜野井１丁目,2023-08-07,17,その他の住宅（３階建て以下共同住宅等）,その他,20歳代,その他,施錠した
窃盗,自転車盗,船橋東,薬円台,122041,千葉県,船橋市,田喜野井４丁目,2023-07-22,23,その他,その他,10歳代,その他,施錠した
窃盗,自転車盗,船橋東,薬円台,122041,千葉県,船橋市,田喜野井４丁目,2023-08-23,21,一戸建住宅,その他,30歳代,その他,施錠せず
窃盗,自転車盗,船橋東,薬円台,122041,千葉県,船橋市,田喜野井５丁目,2023-01-24,23,４階建て以上共同住宅,駐車（輪）場,20歳代,大学生,施錠した
窃盗,自転車盗,船橋東,薬円台,122041,千葉県,船橋市,田喜野井５丁目,2023-02-05,16,４階建て以上共同住宅,駐車（輪）場,60-64歳,その他,施錠せず
窃盗,自転車盗,船橋東,薬円台,122041,千葉県,船橋市,田喜野井５丁目,2023-04-08,18,４階建て以上共同住宅,その他,10歳代,高校生,施錠した
窃盗,自転車盗,船橋東,薬円台,122041,千葉県,船橋市,田喜野井７丁目,2023-03-21,13,一戸建住宅,その他,20歳代,その他,施錠した
窃盗,自転車盗,船橋東,薬円台,122041,千葉県,船橋市,田喜野井７丁目,2023-03-28,21,その他の住宅（３階建て以下共同住宅等）,駐車（輪）場,10歳代,高校生,施錠せず
窃盗,自転車盗,船橋東,薬円台,122041,千葉県,船橋市,習志野台２丁目,不明,不明,道路上,その他,10歳代,高校生,施錠せず
窃盗,自転車盗,船橋東,薬円台,122041,千葉県,船橋市,飯山満町３丁目,2023-11-18,20,その他の住宅（３階建て以下共同住宅等）,駐車（輪）場,20歳代,その他,施錠した
窃盗,自転車盗,船橋東,薬円台,122041,千葉県,船橋市,前原東５丁目,2023-10-17,17,その他の住宅（３階建て以下共同住宅等）,その他,20歳代,大学生,施錠せず
窃盗,自転車盗,船橋東,薬円台,122041,千葉県,船橋市,薬円台１丁目,2023-05-26,08,一戸建住宅,駐車（輪）場,50歳代,その他,施錠した
窃盗,自転車盗,船橋東,薬円台,122041,千葉県,船橋市,薬円台１丁目,2023-07-14,22,４階建て以上共同住宅,駐車（輪）場,20歳代,その他,施錠せず
窃盗,自転車盗,船橋東,薬円台,122041,千葉県,船橋市,薬円台１丁目,2023-11-02,21,一戸建住宅,その他,10歳代,高校生,施錠せず
窃盗,自転車盗,船橋東,薬円台,122041,千葉県,船橋市,薬円台２丁目,2023-07-13,13,その他の住宅（３階建て以下共同住宅等）,その他,40歳代,その他,施錠した
窃盗,自転車盗,船橋東,薬円台,122041,千葉県,船橋市,薬円台３丁目,2023-02-09,12,その他,駐車（輪）場,40歳代,その他,施錠せず
窃盗,自転車盗,船橋東,薬円台,122041,千葉県,船橋市,薬円台３丁目,2023-04-02,13,その他,駐車（輪）場,10歳代,その他,施錠せず
窃盗,自転車盗,船橋東,薬円台,122041,千葉県,船橋市,薬円台３丁目,2023-09-02,18,その他の住宅（３階建て以下共同住宅等）,駐車（輪）場,20歳代,その他,施錠した
窃盗,自転車盗,船橋東,薬円台,122041,千葉県,船橋市,薬円台３丁目,2023-09-25,20,４階建て以上共同住宅,駐車（輪）場,10歳代,高校生,施錠した
窃盗,自転車盗,船橋東,薬円台,122041,千葉県,船橋市,薬円台３丁目,2023-10-05,21,４階建て以上共同住宅,その他,10歳代,中学生,施錠せず
窃盗,自転車盗,船橋東,薬円台,122041,千葉県,船橋市,薬円台３丁目,2023-12-05,22,その他の住宅（３階建て以下共同住宅等）,駐車（輪）場,30歳代,その他,施錠せず
窃盗,自転車盗,船橋東,薬円台,122041,千葉県,船橋市,薬円台３丁目,2023-12-23,09,一戸建住宅,駐車（輪）場,10歳代,高校生,施錠せず
窃盗,自転車盗,船橋東,薬円台,122041,千葉県,船橋市,薬円台４丁目,2023-02-25,12,その他の住宅（３階建て以下共同住宅等）,駐車（輪）場,40歳代,その他,施錠せず
窃盗,自転車盗,船橋東,薬円台,122041,千葉県,船橋市,薬円台４丁目,2023-06-01,18,４階建て以上共同住宅,駐車（輪）場,10歳代,高校生,施錠した
窃盗,自転車盗,船橋東,薬円台,122041,千葉県,船橋市,薬円台４丁目,2023-06-07,14,４階建て以上共同住宅,駐車（輪）場,10歳代,高校生,施錠せず
窃盗,自転車盗,船橋東,薬円台,122041,千葉県,船橋市,薬円台５丁目,2023-01-05,17,その他,駐車（輪）場,30歳代,その他,施錠せず
窃盗,自転車盗,船橋東,薬円台,122041,千葉県,船橋市,薬円台５丁目,2023-03-10,19,４階建て以上共同住宅,駐車（輪）場,10歳代,中学生,施錠した
窃盗,自転車盗,船橋東,薬円台,122041,千葉県,船橋市,薬円台５丁目,2023-03-14,14,駐車（輪）場,駐車（輪）場,20歳代,その他,施錠せず
窃盗,自転車盗,船橋東,薬円台,122041,千葉県,船橋市,薬円台５丁目,2023-06-18,08,その他,駐車（輪）場,40歳代,その他,施錠した
窃盗,自転車盗,船橋東,薬円台,122041,千葉県,船橋市,薬円台５丁目,2023-06-24,21,その他の住宅（３階建て以下共同住宅等）,駐車（輪）場,30歳代,その他,施錠した
窃盗,自転車盗,船橋東,薬円台,122041,千葉県,船橋市,薬円台５丁目,2023-06-30,13,その他,駐車（輪）場,20歳代,その他,施錠した
窃盗,自転車盗,船橋東,薬円台,122041,千葉県,船橋市,薬円台５丁目,2023-08-04,16,駐車（輪）場,駐車（輪）場,20歳代,大学生,施錠せず
窃盗,自転車盗,船橋東,薬円台,122041,千葉県,船橋市,薬円台５丁目,2023-08-16,09,その他,駐車（輪）場,20歳代,大学生,施錠せず
窃盗,自転車盗,船橋東,薬円台,122041,千葉県,船橋市,薬円台５丁目,2023-08-20,22,４階建て以上共同住宅,駐車（輪）場,40歳代,その他,施錠せず
窃盗,自転車盗,船橋東,薬円台,122041,千葉県,船橋市,薬円台５丁目,2023-10-16,16,駐車（輪）場,駐車（輪）場,10歳代,高校生,施錠せず
窃盗,自転車盗,船橋東,薬円台,122041,千葉県,船橋市,薬円台５丁目,2023-10-16,16,駐車（輪）場,駐車（輪）場,20歳代,大学生,施錠せず
窃盗,自転車盗,船橋東,薬円台,122041,千葉県,船橋市,薬円台５丁目,2023-10-18,14,一戸建住宅,その他,30歳代,その他,施錠せず
窃盗,自転車盗,船橋東,薬円台,122041,千葉県,船橋市,薬円台５丁目,2023-11-17,07,その他,駐車（輪）場,20歳代,その他,施錠した
窃盗,自転車盗,船橋東,薬円台,122041,千葉県,船橋市,薬円台６丁目,2023-09-01,10,その他の住宅（３階建て以下共同住宅等）,その他,50歳代,その他,施錠せず
窃盗,自転車盗,船橋東,薬円台,122041,千葉県,船橋市,薬円台６丁目,2023-11-16,08,その他,駐車（輪）場,60-64歳,その他,施錠した
窃盗,自転車盗,船橋東,薬円台,122041,千葉県,船橋市,滝台１丁目,2023-05-17,19,一戸建住宅,その他,20歳代,大学生,施錠せず
窃盗,自転車盗,船橋東,薬円台,122041,千葉県,船橋市,滝台１丁目,2023-09-11,19,一戸建住宅,駐車（輪）場,10歳代,中学生,施錠せず
窃盗,自転車盗,船橋東,薬円台,122041,千葉県,船橋市,中野木２丁目,2023-11-14,21,その他の住宅（３階建て以下共同住宅等）,駐車（輪）場,20歳代,その他,施錠せず
窃盗,自転車盗,船橋東,高根台,122041,千葉県,船橋市,高根台１丁目,2023-01-13,13,道路上,その他,70歳以上,その他,施錠した
窃盗,自転車盗,船橋東,高根台,122041,千葉県,船橋市,高根台１丁目,2023-02-12,17,その他,駐車（輪）場,10歳代,高校生,施錠せず
窃盗,自転車盗,船橋東,高根台,122041,千葉県,船橋市,高根台１丁目,2023-08-27,06,道路上,その他,10歳代,高校生,施錠せず
窃盗,自転車盗,船橋東,高根台,122041,千葉県,船橋市,高根台１丁目,2023-09-07,08,駐車（輪）場,駐車（輪）場,50歳代,その他,施錠せず
窃盗,自転車盗,船橋東,高根台,122041,千葉県,船橋市,高根台１丁目,2023-09-25,21,その他,その他,40歳代,その他,施錠せず
窃盗,自転車盗,船橋東,高根台,122041,千葉県,船橋市,高根台１丁目,2023-11-16,20,道路上,その他,20歳代,その他,施錠した
窃盗,自転車盗,船橋東,高根台,122041,千葉県,船橋市,高根台１丁目,不明,不明,４階建て以上共同住宅,駐車（輪）場,30歳代,その他,施錠した
窃盗,自転車盗,船橋東,高根台,122041,千葉県,船橋市,高根台３丁目,2023-09-19,12,４階建て以上共同住宅,駐車（輪）場,40歳代,その他,施錠せず
窃盗,自転車盗,船橋東,高根台,122041,千葉県,船橋市,高根台３丁目,2023-10-11,12,４階建て以上共同住宅,駐車（輪）場,30歳代,その他,施錠した
窃盗,自転車盗,船橋東,高根台,122041,千葉県,船橋市,高根台４丁目,2023-07-21,16,４階建て以上共同住宅,駐車（輪）場,10歳代,高校生,施錠せず
窃盗,自転車盗,船橋東,高根台,122041,千葉県,船橋市,高根台５丁目,2023-04-29,19,４階建て以上共同住宅,駐車（輪）場,70歳以上,その他,施錠した
窃盗,自転車盗,船橋東,高根台,122041,千葉県,船橋市,高根台５丁目,2023-09-20,16,４階建て以上共同住宅,駐車（輪）場,10歳代,中学生,施錠せず
窃盗,自転車盗,船橋東,高根台,122041,千葉県,船橋市,高根台６丁目,2023-01-20,00,その他の住宅（３階建て以下共同住宅等）,その他,20歳代,その他,施錠した
窃盗,自転車盗,船橋東,高根台,122041,千葉県,船橋市,高根台６丁目,2023-10-17,20,４階建て以上共同住宅,その他,10歳代,大学生,施錠した
窃盗,自転車盗,船橋東,高根台,122041,千葉県,船橋市,高根台７丁目,2023-01-05,19,その他の住宅（３階建て以下共同住宅等）,その他,30歳代,その他,施錠せず
窃盗,自転車盗,船橋東,高根台,122041,千葉県,船橋市,習志野台５丁目,2023-11-15,18,４階建て以上共同住宅,駐車（輪）場,30歳代,その他,施錠した
窃盗,自転車盗,船橋東,高根台,122041,千葉県,船橋市,松が丘３丁目,2023-09-06,17,一戸建住宅,駐車（輪）場,10歳代,中学生,施錠せず
窃盗,自転車盗,船橋東,高根台,122041,千葉県,船橋市,松が丘５丁目,2023-02-12,18,その他の住宅（３階建て以下共同住宅等）,駐車（輪）場,10歳代,高校生,施錠せず
窃盗,自転車盗,船橋東,高根台,122041,千葉県,船橋市,松が丘５丁目,2023-08-05,19,道路上,その他,10歳代,中学生,施錠せず
窃盗,自転車盗,船橋東,高根台,122041,千葉県,船橋市,松が丘５丁目,2023-09-26,17,４階建て以上共同住宅,駐車（輪）場,10歳代,中学生,施錠した
窃盗,自転車盗,船橋東,高根台,122041,千葉県,船橋市,松が丘５丁目,2023-10-09,17,４階建て以上共同住宅,駐車（輪）場,20歳代,その他,施錠した
窃盗,自転車盗,船橋東,,122165,千葉県,習志野市,泉町１丁目,2023-11-29,08,その他,駐車（輪）場,10歳代,大学生,施錠せず
窃盗,自転車盗,我孫子,つくし野,122220,千葉県,我孫子市,久寺家,2023-06-26,00,その他の住宅（３階建て以下共同住宅等）,駐車（輪）場,10歳代,大学生,施錠せず
窃盗,自転車盗,我孫子,つくし野,122220,千葉県,我孫子市,久寺家,2023-07-12,10,その他,駐車（輪）場,10歳代,大学生,施錠せず
窃盗,自転車盗,我孫子,つくし野,122220,千葉県,我孫子市,久寺家,2023-10-10,12,その他,駐車（輪）場,10歳代,大学生,施錠せず
窃盗,自転車盗,我孫子,つくし野,122220,千葉県,我孫子市,久寺家,2023-11-21,23,その他の住宅（３階建て以下共同住宅等）,駐車（輪）場,20歳代,大学生,施錠せず
窃盗,自転車盗,我孫子,つくし野,122220,千葉県,我孫子市,久寺家１丁目,2023-10-03,23,４階建て以上共同住宅,駐車（輪）場,20歳代,その他,施錠せず
窃盗,自転車盗,我孫子,つくし野,122220,千葉県,我孫子市,つくし野１丁目,2023-05-24,15,その他の住宅（３階建て以下共同住宅等）,駐車（輪）場,10歳代,大学生,施錠した
窃盗,自転車盗,我孫子,つくし野,122220,千葉県,我孫子市,つくし野１丁目,2023-07-18,10,一戸建住宅,駐車（輪）場,30歳代,その他,施錠せず
窃盗,自転車盗,我孫子,つくし野,122220,千葉県,我孫子市,つくし野３丁目,2023-02-18,18,その他の住宅（３階建て以下共同住宅等）,駐車（輪）場,30歳代,その他,施錠した
窃盗,自転車盗,我孫子,つくし野,122220,千葉県,我孫子市,つくし野３丁目,2023-04-20,15,その他の住宅（３階建て以下共同住宅等）,駐車（輪）場,40歳代,その他,施錠せず
窃盗,自転車盗,我孫子,つくし野,122220,千葉県,我孫子市,つくし野７丁目,2023-05-23,14,その他の住宅（３階建て以下共同住宅等）,駐車（輪）場,20歳代,大学生,施錠せず
窃盗,自転車盗,我孫子,つくし野,122220,千葉県,我孫子市,つくし野７丁目,2023-05-28,22,その他の住宅（３階建て以下共同住宅等）,駐車（輪）場,10歳代,大学生,施錠せず
窃盗,自転車盗,我孫子,つくし野,122220,千葉県,我孫子市,根戸,2023-04-30,17,その他の住宅（３階建て以下共同住宅等）,駐車（輪）場,10歳代,大学生,施錠した
窃盗,自転車盗,我孫子,つくし野,122220,千葉県,我孫子市,根戸,2023-05-24,15,一戸建住宅,駐車（輪）場,10歳代,中学生,施錠せず
窃盗,自転車盗,我孫子,つくし野,122220,千葉県,我孫子市,根戸,2023-10-18,13,その他,駐車（輪）場,70歳以上,その他,施錠せず
窃盗,自転車盗,我孫子,天王台,122220,千葉県,我孫子市,青山台２丁目,2023-10-27,12,一戸建住宅,駐車（輪）場,30歳代,その他,施錠した
窃盗,自転車盗,我孫子,天王台,122220,千葉県,我孫子市,下ケ戸,2023-02-26,15,駐車（輪）場,駐車（輪）場,20歳代,その他,施錠せず
窃盗,自転車盗,我孫子,天王台,122220,千葉県,我孫子市,下ケ戸,2023-05-03,14,駐車（輪）場,駐車（輪）場,10歳代,高校生,施錠せず
窃盗,自転車盗,我孫子,天王台,122220,千葉県,我孫子市,下ケ戸,2023-06-26,11,駐車（輪）場,駐車（輪）場,50歳代,その他,施錠せず
窃盗,自転車盗,我孫子,天王台,122220,千葉県,我孫子市,下ケ戸,2023-07-16,08,駐車（輪）場,駐車（輪）場,10歳代,高校生,施錠せず
窃盗,自転車盗,我孫子,天王台,122220,千葉県,我孫子市,下ケ戸,2023-10-19,14,駐車（輪）場,駐車（輪）場,10歳代,高校生,施錠せず
窃盗,自転車盗,我孫子,天王台,122220,千葉県,我孫子市,下ケ戸,2023-12-06,07,駐車（輪）場,駐車（輪）場,10歳代,高校生,施錠した
窃盗,自転車盗,我孫子,天王台,122220,千葉県,我孫子市,柴崎,2023-04-27,18,その他の住宅（３階建て以下共同住宅等）,駐車（輪）場,10歳代,大学生,施錠した
窃盗,自転車盗,我孫子,天王台,122220,千葉県,我孫子市,柴崎,不明,不明,その他の住宅（３階建て以下共同住宅等）,駐車（輪）場,20歳代,その他,施錠せず
窃盗,自転車盗,我孫子,天王台,122220,千葉県,我孫子市,天王台１丁目,2022-12-01,18,駐車（輪）場,駐車（輪）場,20歳代,その他,施錠せず
窃盗,自転車盗,我孫子,天王台,122220,千葉県,我孫子市,天王台１丁目,2023-02-04,05,駐車（輪）場,駐車（輪）場,10歳代,高校生,施錠せず
窃盗,自転車盗,我孫子,天王台,122220,千葉県,我孫子市,天王台１丁目,2023-06-21,04,その他,駐車（輪）場,40歳代,その他,施錠せず
窃盗,自転車盗,我孫子,天王台,122220,千葉県,我孫子市,天王台１丁目,2023-07-05,16,道路上,その他,20歳代,大学生,施錠せず
窃盗,自転車盗,我孫子,天王台,122220,千葉県,我孫子市,天王台２丁目,2023-04-08,13,駐車（輪）場,駐車（輪）場,10歳代,その他,施錠せず
窃盗,自転車盗,我孫子,天王台,122220,千葉県,我孫子市,天王台２丁目,2023-07-30,08,その他の住宅（３階建て以下共同住宅等）,駐車（輪）場,10歳代,大学生,施錠せず
窃盗,自転車盗,我孫子,天王台,122220,千葉県,我孫子市,天王台２丁目,2023-09-03,08,駐車（輪）場,駐車（輪）場,10歳代,中学生,施錠せず
窃盗,自転車盗,我孫子,天王台,122220,千葉県,我孫子市,天王台４丁目,2023-06-06,16,その他の住宅（３階建て以下共同住宅等）,駐車（輪）場,30歳代,その他,施錠せず
窃盗,自転車盗,我孫子,天王台,122220,千葉県,我孫子市,天王台４丁目,2023-06-23,18,その他の住宅（３階建て以下共同住宅等）,駐車（輪）場,50歳代,その他,施錠せず
窃盗,自転車盗,我孫子,天王台,122220,千葉県,我孫子市,天王台４丁目,2023-12-10,15,駐車（輪）場,駐車（輪）場,20歳代,その他,施錠した
窃盗,自転車盗,我孫子,天王台,122220,千葉県,我孫子市,天王台５丁目,2023-01-12,21,その他の住宅（３階建て以下共同住宅等）,駐車（輪）場,40歳代,その他,施錠した
窃盗,自転車盗,我孫子,天王台,122220,千葉県,我孫子市,天王台５丁目,2023-09-24,08,その他の住宅（３階建て以下共同住宅等）,その他,30歳代,その他,施錠した
窃盗,自転車盗,我孫子,天王台,122220,千葉県,我孫子市,天王台６丁目,2022-12-31,23,その他の住宅（３階建て以下共同住宅等）,駐車（輪）場,20歳代,その他,施錠した
窃盗,自転車盗,我孫子,天王台,122220,千葉県,我孫子市,柴崎台１丁目,2023-10-31,17,駐車（輪）場,駐車（輪）場,10歳代,その他,施錠せず
窃盗,自転車盗,我孫子,天王台,122220,千葉県,我孫子市,柴崎台３丁目,2023-07-01,18,一戸建住宅,駐車（輪）場,10歳代,中学生,施錠せず
窃盗,自転車盗,我孫子,天王台,122220,千葉県,我孫子市,柴崎台３丁目,2023-10-27,14,その他の住宅（３階建て以下共同住宅等）,駐車（輪）場,50歳代,その他,施錠せず
窃盗,自転車盗,我孫子,布佐駅前,122220,千葉県,我孫子市,新々田,2023-01-23,22,その他の住宅（３階建て以下共同住宅等）,駐車（輪）場,50歳代,その他,施錠した
窃盗,自転車盗,我孫子,布佐駅前,122220,千葉県,我孫子市,布佐,2023-04-03,06,駐車（輪）場,駐車（輪）場,30歳代,その他,施錠せず
窃盗,自転車盗,我孫子,布佐駅前,122220,千葉県,我孫子市,布佐,2023-05-12,18,駐車（輪）場,駐車（輪）場,20歳代,大学生,施錠せず
窃盗,自転車盗,我孫子,布佐駅前,122220,千葉県,我孫子市,布佐,2023-07-10,23,駐車（輪）場,駐車（輪）場,20歳代,大学生,施錠せず
窃盗,自転車盗,我孫子,布佐駅前,122220,千葉県,我孫子市,布佐,2023-07-14,08,駐車（輪）場,駐車（輪）場,10歳代,高校生,施錠せず
窃盗,自転車盗,我孫子,布佐駅前,122220,千葉県,我孫子市,布佐,2023-09-20,20,駐車（輪）場,駐車（輪）場,20歳代,大学生,施錠した
窃盗,自転車盗,我孫子,布佐駅前,122220,千葉県,我孫子市,布佐,2023-12-09,19,駐車（輪）場,駐車（輪）場,10歳代,大学生,施錠せず
窃盗,自転車盗,我孫子,布佐駅前,122220,千葉県,我孫子市,布佐平和台１丁目,2023-04-21,18,駐車（輪）場,駐車（輪）場,30歳代,その他,施錠した
窃盗,自転車盗,我孫子,布佐駅前,122220,千葉県,我孫子市,布佐平和台１丁目,2023-09-23,14,４階建て以上共同住宅,駐車（輪）場,10歳代,中学生,施錠した
窃盗,自転車盗,我孫子,布佐駅前,122220,千葉県,我孫子市,布佐平和台５丁目,2023-02-08,21,一戸建住宅,駐車（輪）場,70歳以上,その他,施錠せず
窃盗,自転車盗,我孫子,我孫子駅前,122220,千葉県,我孫子市,我孫子,2023-08-31,21,一戸建住宅,その他,40歳代,その他,施錠せず
窃盗,自転車盗,我孫子,我孫子駅前,122220,千葉県,我孫子市,我孫子１丁目,2023-01-07,17,駐車（輪）場,駐車（輪）場,50歳代,その他,施錠せず
窃盗,自転車盗,我孫子,我孫子駅前,122220,千葉県,我孫子市,我孫子１丁目,2023-04-25,14,その他の住宅（３階建て以下共同住宅等）,駐車（輪）場,10歳代,大学生,施錠した
窃盗,自転車盗,我孫子,我孫子駅前,122220,千葉県,我孫子市,我孫子１丁目,2023-05-07,15,その他,駐車（輪）場,20歳代,大学生,施錠せず
窃盗,自転車盗,我孫子,我孫子駅前,122220,千葉県,我孫子市,我孫子１丁目,2023-10-24,10,駐車（輪）場,駐車（輪）場,40歳代,その他,施錠せず
窃盗,自転車盗,我孫子,我孫子駅前,122220,千葉県,我孫子市,我孫子２丁目,2023-06-03,12,その他の住宅（３階建て以下共同住宅等）,駐車（輪）場,10歳代,その他,施錠せず
窃盗,自転車盗,我孫子,我孫子駅前,122220,千葉県,我孫子市,我孫子２丁目,2023-10-24,22,４階建て以上共同住宅,駐車（輪）場,10歳代,高校生,施錠せず
窃盗,自転車盗,我孫子,我孫子駅前,122220,千葉県,我孫子市,我孫子３丁目,2023-03-24,15,４階建て以上共同住宅,駐車（輪）場,10歳代,高校生,施錠せず
窃盗,自転車盗,我孫子,我孫子駅前,122220,千葉県,我孫子市,我孫子３丁目,2023-04-05,23,その他の住宅（３階建て以下共同住宅等）,駐車（輪）場,20歳代,大学生,施錠せず
窃盗,自転車盗,我孫子,我孫子駅前,122220,千葉県,我孫子市,我孫子３丁目,2023-04-30,21,その他の住宅（３階建て以下共同住宅等）,駐車（輪）場,10歳代,大学生,施錠せず
窃盗,自転車盗,我孫子,我孫子駅前,122220,千葉県,我孫子市,我孫子３丁目,2023-08-01,17,その他の住宅（３階建て以下共同住宅等）,駐車（輪）場,20歳代,大学生,施錠せず
窃盗,自転車盗,我孫子,我孫子駅前,122220,千葉県,我孫子市,我孫子３丁目,2023-08-01,20,その他の住宅（３階建て以下共同住宅等）,駐車（輪）場,10歳代,中学生,施錠せず
窃盗,自転車盗,我孫子,我孫子駅前,122220,千葉県,我孫子市,我孫子４丁目,2023-03-28,04,その他,駐車（輪）場,40歳代,その他,施錠した
窃盗,自転車盗,我孫子,我孫子駅前,122220,千葉県,我孫子市,我孫子４丁目,2023-04-24,17,その他,駐車（輪）場,10歳代,高校生,施錠せず
窃盗,自転車盗,我孫子,我孫子駅前,122220,千葉県,我孫子市,我孫子４丁目,2023-07-02,02,その他の住宅（３階建て以下共同住宅等）,駐車（輪）場,20歳代,大学生,施錠せず
窃盗,自転車盗,我孫子,我孫子駅前,122220,千葉県,我孫子市,我孫子４丁目,2023-08-13,11,その他の住宅（３階建て以下共同住宅等）,駐車（輪）場,20歳代,大学生,施錠せず
窃盗,自転車盗,我孫子,我孫子駅前,122220,千葉県,我孫子市,寿１丁目,2021-08-01,00,４階建て以上共同住宅,駐車（輪）場,30歳代,その他,施錠せず
窃盗,自転車盗,我孫子,我孫子駅前,122220,千葉県,我孫子市,寿１丁目,2023-03-17,08,その他の住宅（３階建て以下共同住宅等）,駐車（輪）場,30歳代,その他,施錠せず
窃盗,自転車盗,我孫子,我孫子駅前,122220,千葉県,我孫子市,寿２丁目,2023-07-16,22,その他,駐車（輪）場,20歳代,その他,施錠せず
窃盗,自転車盗,我孫子,我孫子駅前,122220,千葉県,我孫子市,栄,2023-02-02,17,その他の住宅（３階建て以下共同住宅等）,駐車（輪）場,20歳代,その他,施錠せず
窃盗,自転車盗,我孫子,我孫子駅前,122220,千葉県,我孫子市,台田３丁目,2023-01-01,18,その他,駐車（輪）場,10歳代,高校生,施錠せず
窃盗,自転車盗,我孫子,我孫子駅前,122220,千葉県,我孫子市,台田３丁目,2023-04-08,17,その他の住宅（３階建て以下共同住宅等）,駐車（輪）場,30歳代,その他,施錠せず
窃盗,自転車盗,我孫子,我孫子駅前,122220,千葉県,我孫子市,台田３丁目,2023-05-07,11,その他の住宅（３階建て以下共同住宅等）,駐車（輪）場,20歳代,大学生,施錠せず
窃盗,自転車盗,我孫子,我孫子駅前,122220,千葉県,我孫子市,台田３丁目,2023-10-24,16,その他の住宅（３階建て以下共同住宅等）,駐車（輪）場,10歳代,大学生,施錠せず
窃盗,自転車盗,我孫子,我孫子駅前,122220,千葉県,我孫子市,並木５丁目,2023-09-21,16,その他の住宅（３階建て以下共同住宅等）,駐車（輪）場,10歳代,高校生,施錠した
窃盗,自転車盗,我孫子,我孫子駅前,122220,千葉県,我孫子市,並木７丁目,2023-05-23,16,その他の住宅（３階建て以下共同住宅等）,その他,10歳代,大学生,施錠した
窃盗,自転車盗,我孫子,我孫子駅前,122220,千葉県,我孫子市,白山１丁目,2023-09-01,23,その他の住宅（３階建て以下共同住宅等）,駐車（輪）場,20歳代,大学生,施錠せず
窃盗,自転車盗,我孫子,我孫子駅前,122220,千葉県,我孫子市,白山３丁目,2023-05-01,18,その他の住宅（３階建て以下共同住宅等）,駐車（輪）場,30歳代,その他,施錠した
窃盗,自転車盗,我孫子,我孫子駅前,122220,千葉県,我孫子市,白山３丁目,2023-06-11,21,その他の住宅（３階建て以下共同住宅等）,駐車（輪）場,50歳代,その他,施錠せず
窃盗,自転車盗,我孫子,我孫子駅前,122220,千葉県,我孫子市,船戸１丁目,2023-06-27,21,その他の住宅（３階建て以下共同住宅等）,駐車（輪）場,30歳代,その他,施錠せず
窃盗,自転車盗,我孫子,我孫子駅前,122220,千葉県,我孫子市,船戸１丁目,2023-07-21,17,その他の住宅（３階建て以下共同住宅等）,駐車（輪）場,10歳代,高校生,施錠せず
窃盗,自転車盗,我孫子,我孫子駅前,122220,千葉県,我孫子市,船戸１丁目,2023-10-27,14,その他の住宅（３階建て以下共同住宅等）,駐車（輪）場,70歳以上,その他,施錠せず
窃盗,自転車盗,我孫子,我孫子駅前,122220,千葉県,我孫子市,船戸２丁目,2023-04-05,12,その他の住宅（３階建て以下共同住宅等）,駐車（輪）場,20歳代,その他,施錠した
窃盗,自転車盗,我孫子,我孫子駅前,122220,千葉県,我孫子市,船戸２丁目,2023-07-10,10,一戸建住宅,駐車（輪）場,50歳代,その他,施錠せず
窃盗,自転車盗,我孫子,我孫子駅前,122220,千葉県,我孫子市,本町２丁目,2023-02-17,17,その他,駐車（輪）場,70歳以上,その他,施錠せず
窃盗,自転車盗,我孫子,我孫子駅前,122220,千葉県,我孫子市,本町２丁目,2023-03-27,17,４階建て以上共同住宅,駐車（輪）場,10歳代,大学生,施錠せず
窃盗,自転車盗,我孫子,我孫子駅前,122220,千葉県,我孫子市,本町２丁目,2023-05-13,21,その他,駐車（輪）場,40歳代,その他,施錠せず
窃盗,自転車盗,我孫子,我孫子駅前,122220,千葉県,我孫子市,本町２丁目,2023-11-01,06,その他,駐車（輪）場,20歳代,大学生,施錠せず
窃盗,自転車盗,我孫子,我孫子駅前,122220,千葉県,我孫子市,本町３丁目,2023-01-17,11,その他の住宅（３階建て以下共同住宅等）,駐車（輪）場,40歳代,その他,施錠した
窃盗,自転車盗,我孫子,我孫子駅前,122220,千葉県,我孫子市,本町３丁目,2023-01-19,13,その他,駐車（輪）場,70歳以上,その他,施錠した
窃盗,自転車盗,我孫子,我孫子駅前,122220,千葉県,我孫子市,本町３丁目,2023-02-03,19,駐車（輪）場,駐車（輪）場,10歳代,高校生,施錠した
窃盗,自転車盗,我孫子,我孫子駅前,122220,千葉県,我孫子市,本町３丁目,2023-02-17,08,駐車（輪）場,駐車（輪）場,10歳代,高校生,施錠せず
窃盗,自転車盗,我孫子,我孫子駅前,122220,千葉県,我孫子市,本町３丁目,2023-02-20,06,駐車（輪）場,駐車（輪）場,20歳代,その他,施錠せず
窃盗,自転車盗,我孫子,我孫子駅前,122220,千葉県,我孫子市,本町３丁目,2023-03-03,10,駐車（輪）場,駐車（輪）場,50歳代,その他,施錠した
窃盗,自転車盗,我孫子,我孫子駅前,122220,千葉県,我孫子市,本町３丁目,2023-04-17,12,その他の住宅（３階建て以下共同住宅等）,駐車（輪）場,20歳代,大学生,施錠した
窃盗,自転車盗,我孫子,我孫子駅前,122220,千葉県,我孫子市,本町３丁目,2023-04-28,06,その他の住宅（３階建て以下共同住宅等）,駐車（輪）場,30歳代,その他,施錠せず
窃盗,自転車盗,我孫子,我孫子駅前,122220,千葉県,我孫子市,本町３丁目,2023-08-30,13,駐車（輪）場,駐車（輪）場,20歳代,その他,施錠せず
窃盗,自転車盗,我孫子,我孫子駅前,122220,千葉県,我孫子市,本町３丁目,2023-09-25,17,その他,駐車（輪）場,10歳代,中学生,施錠せず
窃盗,自転車盗,我孫子,我孫子駅前,122220,千葉県,我孫子市,本町３丁目,2023-10-27,17,その他の住宅（３階建て以下共同住宅等）,駐車（輪）場,20歳代,大学生,施錠せず
窃盗,自転車盗,我孫子,我孫子駅前,122220,千葉県,我孫子市,本町３丁目,2023-11-22,21,その他の住宅（３階建て以下共同住宅等）,駐車（輪）場,20歳代,大学生,施錠せず
窃盗,自転車盗,我孫子,我孫子駅前,122220,千葉県,我孫子市,緑１丁目,2023-07-21,12,その他の住宅（３階建て以下共同住宅等）,駐車（輪）場,20歳代,その他,施錠した
窃盗,自転車盗,我孫子,我孫子駅前,122220,千葉県,我孫子市,若松,2023-04-08,18,その他,駐車（輪）場,10歳代,大学生,施錠せず
窃盗,自転車盗,我孫子,我孫子駅前,122220,千葉県,我孫子市,若松,2023-05-19,19,その他の住宅（３階建て以下共同住宅等）,駐車（輪）場,10歳代,その他,施錠せず
窃盗,自転車盗,我孫子,我孫子駅前,122220,千葉県,我孫子市,若松,2023-06-06,18,一戸建住宅,駐車（輪）場,10歳代,高校生,施錠せず
窃盗,自転車盗,我孫子,我孫子駅前,122220,千葉県,我孫子市,若松,2023-08-10,09,その他,駐車（輪）場,10歳代,大学生,施錠せず
窃盗,自転車盗,我孫子,新木駅前,122220,千葉県,我孫子市,新木,2023-07-21,22,その他の住宅（３階建て以下共同住宅等）,駐車（輪）場,20歳代,その他,施錠した
窃盗,自転車盗,我孫子,新木駅前,122220,千葉県,我孫子市,古戸,2023-05-08,21,一戸建住宅,駐車（輪）場,10歳代,その他,施錠せず
窃盗,自転車盗,我孫子,新木駅前,122220,千葉県,我孫子市,南新木２丁目,2023-12-22,08,道路上,その他,65-69歳,その他,施錠した
窃盗,自転車盗,我孫子,新木駅前,122220,千葉県,我孫子市,南新木３丁目,2023-04-13,18,一戸建住宅,駐車（輪）場,30歳代,その他,施錠せず
窃盗,自転車盗,我孫子,東我孫子,122220,千葉県,我孫子市,高野山,2023-01-10,21,一戸建住宅,駐車（輪）場,30歳代,その他,施錠した
窃盗,自転車盗,我孫子,東我孫子,122220,千葉県,我孫子市,高野山,2023-02-24,18,その他の住宅（３階建て以下共同住宅等）,駐車（輪）場,10歳代,中学生,施錠せず
窃盗,自転車盗,我孫子,東我孫子,122220,千葉県,我孫子市,高野山,2023-09-07,21,一戸建住宅,駐車（輪）場,50歳代,その他,施錠せず
窃盗,自転車盗,我孫子,東我孫子,122220,千葉県,我孫子市,高野山,2023-10-13,20,その他の住宅（３階建て以下共同住宅等）,駐車（輪）場,20歳代,その他,施錠せず
窃盗,自転車盗,我孫子,東我孫子,122220,千葉県,我孫子市,高野山,不明,不明,その他,その他,法人・団体、被害者なし,法人・団体、被害者なし,施錠せず
窃盗,自転車盗,我孫子,東我孫子,122220,千葉県,我孫子市,東我孫子１丁目,2023-07-03,15,その他の住宅（３階建て以下共同住宅等）,駐車（輪）場,30歳代,その他,施錠せず
窃盗,自転車盗,我孫子,東我孫子,122220,千葉県,我孫子市,東我孫子１丁目,2023-07-11,05,駐車（輪）場,駐車（輪）場,10歳代,高校生,施錠せず
窃盗,自転車盗,我孫子,東我孫子,122220,千葉県,我孫子市,東我孫子２丁目,2023-05-01,07,その他,その他,50歳代,その他,施錠せず
窃盗,自転車盗,我孫子,東我孫子,122220,千葉県,我孫子市,東我孫子２丁目,2023-05-11,21,その他の住宅（３階建て以下共同住宅等）,駐車（輪）場,20歳代,その他,施錠した
窃盗,自転車盗,我孫子,東我孫子,122220,千葉県,我孫子市,東我孫子２丁目,2023-05-17,17,その他,駐車（輪）場,10歳代,小学生,施錠せず
窃盗,自転車盗,我孫子,湖北台,122220,千葉県,我孫子市,都部,不明,不明,その他,その他,法人・団体、被害者なし,法人・団体、被害者なし,施錠せず
窃盗,自転車盗,我孫子,湖北台,122220,千葉県,我孫子市,湖北台１丁目,2023-03-02,06,駐車（輪）場,駐車（輪）場,20歳代,その他,施錠した
窃盗,自転車盗,我孫子,湖北台,122220,千葉県,我孫子市,湖北台１丁目,2023-03-22,15,駐車（輪）場,駐車（輪）場,10歳代,高校生,施錠した
窃盗,自転車盗,我孫子,湖北台,122220,千葉県,我孫子市,湖北台１丁目,2023-07-22,08,駐車（輪）場,駐車（輪）場,10歳代,高校生,施錠せず
窃盗,自転車盗,我孫子,湖北台,122220,千葉県,我孫子市,湖北台１丁目,2023-08-04,14,駐車（輪）場,駐車（輪）場,10歳代,大学生,施錠せず
窃盗,自転車盗,我孫子,湖北台,122220,千葉県,我孫子市,湖北台１丁目,2023-11-25,06,駐車（輪）場,駐車（輪）場,10歳代,高校生,施錠せず
窃盗,自転車盗,我孫子,湖北台,122220,千葉県,我孫子市,湖北台６丁目,2023-03-13,21,一戸建住宅,駐車（輪）場,20歳代,その他,施錠した
窃盗,自転車盗,我孫子,湖北台,122220,千葉県,我孫子市,湖北台７丁目,2023-08-30,00,その他の住宅（３階建て以下共同住宅等）,駐車（輪）場,10歳代,その他,施錠した
窃盗,自転車盗,我孫子,湖北台,122220,千葉県,我孫子市,湖北台７丁目,2023-10-31,19,４階建て以上共同住宅,駐車（輪）場,70歳以上,その他,施錠せず
窃盗,自転車盗,我孫子,湖北台,122220,千葉県,我孫子市,湖北台７丁目,2023-12-09,22,４階建て以上共同住宅,その他,10歳代,高校生,施錠せず
窃盗,自転車盗,我孫子,湖北台,122220,千葉県,我孫子市,湖北台７丁目,2023-12-18,16,その他の住宅（３階建て以下共同住宅等）,駐車（輪）場,50歳代,その他,施錠した
窃盗,自転車盗,我孫子,湖北台,122220,千葉県,我孫子市,湖北台８丁目,2023-03-31,12,４階建て以上共同住宅,駐車（輪）場,10歳代,高校生,施錠せず
窃盗,自転車盗,我孫子,湖北台,122220,千葉県,我孫子市,湖北台８丁目,2023-03-31,12,４階建て以上共同住宅,駐車（輪）場,40歳代,その他,施錠せず
窃盗,自転車盗,我孫子,湖北台,122220,千葉県,我孫子市,湖北台９丁目,2023-04-17,15,道路上,その他,70歳以上,その他,施錠せず
窃盗,自転車盗,我孫子,湖北台,122220,千葉県,我孫子市,湖北台９丁目,不明,不明,その他,その他,法人・団体、被害者なし,法人・団体、被害者なし,施錠せず
窃盗,自転車盗,我孫子,湖北台,122220,千葉県,我孫子市,湖北台１０丁目,2023-01-01,23,その他の住宅（３階建て以下共同住宅等）,駐車（輪）場,20歳代,その他,施錠せず
窃盗,自転車盗,我孫子,湖北台,122220,千葉県,我孫子市,中里,2023-06-09,07,その他,駐車（輪）場,10歳代,高校生,施錠せず
窃盗,自転車盗,我孫子,湖北台,122220,千葉県,我孫子市,中里,2023-06-10,17,その他,駐車（輪）場,20歳代,大学生,施錠せず
窃盗,自転車盗,我孫子,湖北台,122220,千葉県,我孫子市,中峠台,2023-04-06,13,その他,駐車（輪）場,50歳代,その他,施錠せず
窃盗,自転車盗,松戸東,五香,122076,千葉県,松戸市,金ケ作,2022-12-30,09,駐車（輪）場,駐車（輪）場,20歳代,その他,施錠した
窃盗,自転車盗,松戸東,五香,122076,千葉県,松戸市,金ケ作,2023-10-11,06,駐車（輪）場,駐車（輪）場,60-64歳,その他,施錠せず
窃盗,自転車盗,松戸東,五香,122076,千葉県,松戸市,金ケ作,2023-10-20,07,駐車（輪）場,駐車（輪）場,40歳代,その他,施錠せず
窃盗,自転車盗,松戸東,五香,122076,千葉県,松戸市,常盤平４丁目,2023-07-24,23,４階建て以上共同住宅,駐車（輪）場,10歳代,高校生,施錠せず
窃盗,自転車盗,松戸東,五香,122076,千葉県,松戸市,常盤平５丁目,2023-01-26,23,その他,その他,20歳代,大学生,施錠せず
窃盗,自転車盗,松戸東,五香,122076,千葉県,松戸市,常盤平５丁目,2023-06-25,23,その他の住宅（３階建て以下共同住宅等）,駐車（輪）場,70歳以上,その他,施錠した
窃盗,自転車盗,松戸東,五香,122076,千葉県,松戸市,常盤平５丁目,2023-07-02,18,その他,駐車（輪）場,20歳代,その他,施錠せず
窃盗,自転車盗,松戸東,五香,122076,千葉県,松戸市,常盤平５丁目,2023-09-01,13,４階建て以上共同住宅,その他,50歳代,その他,施錠した
窃盗,自転車盗,松戸東,五香,122076,千葉県,松戸市,常盤平５丁目,2023-09-28,21,駐車（輪）場,駐車（輪）場,10歳代,高校生,施錠した
窃盗,自転車盗,松戸東,五香,122076,千葉県,松戸市,五香１丁目,2023-03-11,09,その他,その他,10歳代,高校生,施錠せず
窃盗,自転車盗,松戸東,五香,122076,千葉県,松戸市,五香１丁目,2023-07-21,17,駐車（輪）場,駐車（輪）場,20歳代,大学生,施錠せず
窃盗,自転車盗,松戸東,五香,122076,千葉県,松戸市,五香１丁目,2023-07-22,10,その他,駐車（輪）場,10歳代,高校生,施錠せず
窃盗,自転車盗,松戸東,五香,122076,千葉県,松戸市,五香１丁目,2023-09-07,14,道路上,その他,20歳代,大学生,施錠した
窃盗,自転車盗,松戸東,五香,122076,千葉県,松戸市,五香１丁目,2023-10-04,20,駐車（輪）場,駐車（輪）場,50歳代,その他,施錠した
窃盗,自転車盗,松戸東,五香,122076,千葉県,松戸市,五香２丁目,2023-04-23,08,その他,駐車（輪）場,10歳代,その他,施錠せず
窃盗,自転車盗,松戸東,五香,122076,千葉県,松戸市,五香２丁目,2023-04-23,08,その他,駐車（輪）場,10歳代,高校生,施錠した
窃盗,自転車盗,松戸東,五香,122076,千葉県,松戸市,五香２丁目,2023-05-15,16,その他の住宅（３階建て以下共同住宅等）,駐車（輪）場,70歳以上,その他,施錠せず
窃盗,自転車盗,松戸東,五香,122076,千葉県,松戸市,五香２丁目,2023-10-22,12,その他,駐車（輪）場,10歳代,高校生,施錠せず
窃盗,自転車盗,松戸東,五香,122076,千葉県,松戸市,五香３丁目,2023-10-30,20,その他の住宅（３階建て以下共同住宅等）,駐車（輪）場,30歳代,その他,施錠せず
窃盗,自転車盗,松戸東,五香,122076,千葉県,松戸市,五香３丁目,2023-11-11,06,その他の住宅（３階建て以下共同住宅等）,その他,10歳代,中学生,施錠せず
窃盗,自転車盗,松戸東,五香,122076,千葉県,松戸市,五香４丁目,2023-06-11,21,その他の住宅（３階建て以下共同住宅等）,駐車（輪）場,30歳代,その他,施錠せず
窃盗,自転車盗,松戸東,五香,122076,千葉県,松戸市,五香６丁目,2023-07-20,20,駐車（輪）場,駐車（輪）場,10歳代,高校生,施錠せず
窃盗,自転車盗,松戸東,五香,122076,千葉県,松戸市,五香６丁目,2023-11-22,08,駐車（輪）場,駐車（輪）場,10歳代,その他,施錠せず
窃盗,自転車盗,松戸東,五香,122076,千葉県,松戸市,五香７丁目,2022-12-31,09,一戸建住宅,駐車（輪）場,10歳代,中学生,施錠せず
窃盗,自転車盗,松戸東,五香,122076,千葉県,松戸市,五香南１丁目,2023-08-31,08,駐車（輪）場,駐車（輪）場,30歳代,その他,施錠せず
窃盗,自転車盗,松戸東,五香,122076,千葉県,松戸市,五香南２丁目,2023-01-28,06,駐車（輪）場,駐車（輪）場,20歳代,その他,施錠した
窃盗,自転車盗,松戸東,五香,122076,千葉県,松戸市,五香南２丁目,2023-07-27,10,駐車（輪）場,駐車（輪）場,10歳代,高校生,施錠した
窃盗,自転車盗,松戸東,五香,122076,千葉県,松戸市,五香南２丁目,2023-07-27,10,駐車（輪）場,駐車（輪）場,40歳代,その他,施錠せず
窃盗,自転車盗,松戸東,五香,122076,千葉県,松戸市,五香南２丁目,2023-10-25,11,駐車（輪）場,駐車（輪）場,50歳代,その他,施錠した
窃盗,自転車盗,松戸東,五香,122076,千葉県,松戸市,五香南３丁目,2022-12-01,00,その他の住宅（３階建て以下共同住宅等）,その他,20歳代,その他,施錠した
窃盗,自転車盗,松戸東,六実,122076,千葉県,松戸市,六高台１丁目,2023-02-08,18,その他,駐車（輪）場,20歳代,その他,施錠せず
窃盗,自転車盗,松戸東,六実,122076,千葉県,松戸市,六高台２丁目,2023-03-09,15,その他,駐車（輪）場,10歳代,大学生,施錠せず
窃盗,自転車盗,松戸東,六実,122076,千葉県,松戸市,六高台３丁目,2023-02-24,17,一戸建住宅,駐車（輪）場,10歳未満,小学生,施錠せず
窃盗,自転車盗,松戸東,六実,122076,千葉県,松戸市,六高台３丁目,2023-04-11,12,一戸建住宅,その他,10歳代,小学生,施錠せず
窃盗,自転車盗,松戸東,六実,122076,千葉県,松戸市,六高台３丁目,2023-11-17,19,一戸建住宅,駐車（輪）場,40歳代,その他,施錠せず
窃盗,自転車盗,松戸東,六実,122076,千葉県,松戸市,六高台４丁目,2023-02-11,15,一戸建住宅,駐車（輪）場,30歳代,その他,施錠せず
窃盗,自転車盗,松戸東,六実,122076,千葉県,松戸市,六高台５丁目,2023-09-09,11,その他,その他,10歳代,中学生,施錠せず
窃盗,自転車盗,松戸東,六実,122076,千葉県,松戸市,六高台６丁目,2023-08-28,00,一戸建住宅,駐車（輪）場,10歳代,大学生,施錠せず
窃盗,自転車盗,松戸東,六実,122076,千葉県,松戸市,六高台７丁目,2023-04-22,16,４階建て以上共同住宅,駐車（輪）場,10歳未満,小学生,施錠せず
窃盗,自転車盗,松戸東,六実,122076,千葉県,松戸市,六高台８丁目,2023-01-24,15,その他,駐車（輪）場,10歳代,高校生,施錠せず
窃盗,自転車盗,松戸東,六実,122076,千葉県,松戸市,六高台８丁目,2023-04-26,16,一戸建住宅,駐車（輪）場,40歳代,その他,施錠せず
窃盗,自転車盗,松戸東,六実,122076,千葉県,松戸市,六高台８丁目,2023-06-13,17,一戸建住宅,駐車（輪）場,10歳未満,小学生,施錠せず
窃盗,自転車盗,松戸東,六実,122076,千葉県,松戸市,六高台８丁目,2023-07-11,21,道路上,その他,10歳代,中学生,施錠せず
窃盗,自転車盗,松戸東,六実,122076,千葉県,松戸市,六高台８丁目,2023-08-27,18,一戸建住宅,駐車（輪）場,50歳代,その他,施錠せず
窃盗,自転車盗,松戸東,六実,122076,千葉県,松戸市,六高台９丁目,2023-03-18,19,その他の住宅（３階建て以下共同住宅等）,駐車（輪）場,30歳代,その他,施錠した
窃盗,自転車盗,松戸東,六実,122076,千葉県,松戸市,六実１丁目,2023-07-25,09,その他の住宅（３階建て以下共同住宅等）,駐車（輪）場,30歳代,その他,施錠せず
窃盗,自転車盗,松戸東,六実,122076,千葉県,松戸市,六実１丁目,2023-07-26,16,一戸建住宅,駐車（輪）場,20歳代,その他,施錠せず
窃盗,自転車盗,松戸東,六実,122076,千葉県,松戸市,六実１丁目,2023-09-24,17,一戸建住宅,駐車（輪）場,40歳代,その他,施錠した
窃盗,自転車盗,松戸東,六実,122076,千葉県,松戸市,六実３丁目,2023-08-01,16,その他,駐車（輪）場,10歳代,高校生,施錠した
窃盗,自転車盗,松戸東,六実,122076,千葉県,松戸市,六実４丁目,2023-02-26,12,駐車（輪）場,駐車（輪）場,20歳代,その他,施錠せず
窃盗,自転車盗,松戸東,六実,122076,千葉県,松戸市,六実６丁目,2023-12-04,14,その他,駐車（輪）場,10歳代,その他,施錠した
窃盗,自転車盗,松戸東,六実,122076,千葉県,松戸市,六実６丁目,2023-12-09,08,一戸建住宅,駐車（輪）場,10歳未満,小学生,施錠せず
窃盗,自転車盗,松戸東,小金,122076,千葉県,松戸市,大金平３丁目,2023-05-10,17,道路上,その他,70歳以上,その他,施錠せず
窃盗,自転車盗,松戸東,小金,122076,千葉県,松戸市,大金平３丁目,2023-07-13,22,一戸建住宅,駐車（輪）場,20歳代,大学生,施錠せず
窃盗,自転車盗,松戸東,小金,122076,千葉県,松戸市,大金平４丁目,2023-02-06,15,その他の住宅（３階建て以下共同住宅等）,その他,20歳代,その他,施錠した
窃盗,自転車盗,松戸東,小金,122076,千葉県,松戸市,大金平５丁目,2023-05-19,18,一戸建住宅,駐車（輪）場,20歳代,その他,施錠せず
窃盗,自転車盗,松戸東,小金,122076,千葉県,松戸市,大金平５丁目,2023-07-16,18,一戸建住宅,駐車（輪）場,30歳代,その他,施錠せず
窃盗,自転車盗,松戸東,小金,122076,千葉県,松戸市,大金平５丁目,2023-08-30,16,一戸建住宅,駐車（輪）場,70歳以上,その他,施錠した
窃盗,自転車盗,松戸東,小金,122076,千葉県,松戸市,大金平５丁目,2023-12-24,11,一戸建住宅,駐車（輪）場,30歳代,その他,施錠せず
窃盗,自転車盗,松戸東,小金,122076,千葉県,松戸市,大谷口,2023-05-16,09,一戸建住宅,その他,10歳代,中学生,施錠せず
窃盗,自転車盗,松戸東,小金,122076,千葉県,松戸市,大谷口,2023-10-20,12,一戸建住宅,その他,65-69歳,その他,施錠した
窃盗,自転車盗,松戸東,小金,122076,千葉県,松戸市,幸田５丁目,2023-07-28,08,道路上,その他,30歳代,その他,施錠せず
窃盗,自転車盗,松戸東,小金,122076,千葉県,松戸市,小金,2023-01-04,10,駐車（輪）場,駐車（輪）場,10歳代,高校生,施錠した
窃盗,自転車盗,松戸東,小金,122076,千葉県,松戸市,小金,2023-01-04,16,４階建て以上共同住宅,その他,30歳代,その他,施錠した
窃盗,自転車盗,松戸東,小金,122076,千葉県,松戸市,小金,2023-02-04,13,道路上,その他,50歳代,その他,施錠した
窃盗,自転車盗,松戸東,小金,122076,千葉県,松戸市,小金,2023-02-22,08,駐車（輪）場,駐車（輪）場,10歳代,その他,施錠せず
窃盗,自転車盗,松戸東,小金,122076,千葉県,松戸市,小金,2023-05-08,16,その他,駐車（輪）場,10歳代,中学生,施錠せず
窃盗,自転車盗,松戸東,小金,122076,千葉県,松戸市,小金,2023-05-12,10,その他,駐車（輪）場,70歳以上,その他,施錠した
窃盗,自転車盗,松戸東,小金,122076,千葉県,松戸市,小金,2023-05-26,21,その他,駐車（輪）場,20歳代,大学生,施錠した
窃盗,自転車盗,松戸東,小金,122076,千葉県,松戸市,小金,2023-07-10,10,その他,駐車（輪）場,10歳代,その他,施錠せず
窃盗,自転車盗,松戸東,小金,122076,千葉県,松戸市,小金,2023-08-04,17,一戸建住宅,駐車（輪）場,40歳代,その他,施錠せず
窃盗,自転車盗,松戸東,小金,122076,千葉県,松戸市,小金,2023-08-11,23,その他の住宅（３階建て以下共同住宅等）,駐車（輪）場,20歳代,その他,施錠した
窃盗,自転車盗,松戸東,小金,122076,千葉県,松戸市,小金,2023-08-17,20,その他,駐車（輪）場,20歳代,その他,施錠せず
窃盗,自転車盗,松戸東,小金,122076,千葉県,松戸市,小金,2023-09-10,09,４階建て以上共同住宅,駐車（輪）場,10歳代,高校生,施錠した
窃盗,自転車盗,松戸東,小金,122076,千葉県,松戸市,小金,2023-09-13,07,その他,駐車（輪）場,50歳代,その他,施錠せず
窃盗,自転車盗,松戸東,小金,122076,千葉県,松戸市,小金,2023-11-23,22,４階建て以上共同住宅,駐車（輪）場,10歳代,大学生,施錠せず
窃盗,自転車盗,松戸東,小金,122076,千葉県,松戸市,小金,2023-12-07,07,駐車（輪）場,駐車（輪）場,30歳代,その他,施錠せず
窃盗,自転車盗,松戸東,小金,122076,千葉県,松戸市,小金きよしケ丘１丁目,2023-06-10,15,４階建て以上共同住宅,駐車（輪）場,60-64歳,その他,施錠した
窃盗,自転車盗,松戸東,小金,122076,千葉県,松戸市,小金きよしケ丘３丁目,2023-05-17,19,４階建て以上共同住宅,駐車（輪）場,65-69歳,その他,施錠した
窃盗,自転車盗,松戸東,小金,122076,千葉県,松戸市,小金原９丁目,2023-07-08,12,４階建て以上共同住宅,駐車（輪）場,10歳代,高校生,施錠せず
窃盗,自転車盗,松戸東,小金,122076,千葉県,松戸市,常盤平６丁目,2023-03-23,01,一戸建住宅,その他,10歳代,中学生,施錠せず
窃盗,自転車盗,松戸東,小金,122076,千葉県,松戸市,殿平賀,2023-05-16,16,その他,その他,10歳代,小学生,施錠せず
窃盗,自転車盗,松戸東,小金,122076,千葉県,松戸市,根木内,2023-05-01,19,一戸建住宅,その他,50歳代,その他,施錠せず
窃盗,自転車盗,松戸東,小金,122076,千葉県,松戸市,根木内,2023-12-26,22,一戸建住宅,その他,20歳代,大学生,施錠せず
窃盗,自転車盗,松戸東,小金,122076,千葉県,松戸市,東平賀,2023-04-04,23,その他の住宅（３階建て以下共同住宅等）,駐車（輪）場,20歳代,大学生,施錠せず
窃盗,自転車盗,松戸東,小金,122076,千葉県,松戸市,東平賀,2023-04-22,10,駐車（輪）場,駐車（輪）場,10歳代,高校生,施錠した
窃盗,自転車盗,松戸東,小金,122076,千葉県,松戸市,東平賀,2023-08-10,17,その他の住宅（３階建て以下共同住宅等）,駐車（輪）場,30歳代,その他,施錠せず
窃盗,自転車盗,松戸東,小金原,122076,千葉県,松戸市,金ケ作,2023-04-20,13,一戸建住宅,駐車（輪）場,50歳代,その他,施錠せず
窃盗,自転車盗,松戸東,小金原,122076,千葉県,松戸市,栗ケ沢,2023-05-27,22,一戸建住宅,その他,40歳代,その他,施錠した
窃盗,自転車盗,松戸東,小金原,122076,千葉県,松戸市,小金原１丁目,2023-02-22,22,４階建て以上共同住宅,その他,30歳代,その他,施錠した
窃盗,自転車盗,松戸東,小金原,122076,千葉県,松戸市,小金原３丁目,2023-02-28,06,４階建て以上共同住宅,駐車（輪）場,20歳代,その他,施錠せず
窃盗,自転車盗,松戸東,小金原,122076,千葉県,松戸市,小金原３丁目,2023-03-11,14,４階建て以上共同住宅,その他,10歳代,高校生,施錠した
窃盗,自転車盗,松戸東,小金原,122076,千葉県,松戸市,小金原３丁目,2023-05-19,10,４階建て以上共同住宅,駐車（輪）場,20歳代,その他,施錠せず
窃盗,自転車盗,松戸東,小金原,122076,千葉県,松戸市,小金原５丁目,2023-04-08,12,その他の住宅（３階建て以下共同住宅等）,その他,70歳以上,その他,施錠せず
窃盗,自転車盗,松戸東,小金原,122076,千葉県,松戸市,小金原５丁目,2023-05-13,10,その他の住宅（３階建て以下共同住宅等）,駐車（輪）場,10歳代,中学生,施錠せず
窃盗,自転車盗,松戸東,小金原,122076,千葉県,松戸市,小金原５丁目,2023-10-18,14,一戸建住宅,駐車（輪）場,20歳代,大学生,施錠せず
窃盗,自転車盗,松戸東,小金原,122076,千葉県,松戸市,小金原６丁目,2023-03-28,08,４階建て以上共同住宅,駐車（輪）場,10歳代,中学生,施錠した
窃盗,自転車盗,松戸東,小金原,122076,千葉県,松戸市,小金原６丁目,2023-06-18,14,４階建て以上共同住宅,駐車（輪）場,50歳代,その他,施錠せず
窃盗,自転車盗,松戸東,小金原,122076,千葉県,松戸市,小金原６丁目,2023-10-01,09,その他,その他,30歳代,その他,施錠せず
窃盗,自転車盗,松戸東,小金原,122076,千葉県,松戸市,小金原７丁目,2023-07-10,16,一戸建住宅,駐車（輪）場,10歳代,その他,施錠せず
窃盗,自転車盗,松戸東,小金原,122076,千葉県,松戸市,小金原７丁目,2023-10-01,10,その他,駐車（輪）場,70歳以上,その他,施錠した
窃盗,自転車盗,松戸東,小金原,122076,千葉県,松戸市,小金原７丁目,2023-11-11,16,その他,駐車（輪）場,10歳代,小学生,施錠せず
窃盗,自転車盗,松戸東,小金原,122076,千葉県,松戸市,小金原９丁目,2023-06-26,14,その他の住宅（３階建て以下共同住宅等）,駐車（輪）場,65-69歳,その他,施錠せず
窃盗,自転車盗,松戸東,小金原,122076,千葉県,松戸市,小金原９丁目,2023-07-09,11,その他の住宅（３階建て以下共同住宅等）,駐車（輪）場,10歳代,その他,施錠せず
窃盗,自転車盗,松戸東,小金原,122076,千葉県,松戸市,根木内,2023-08-04,20,その他の住宅（３階建て以下共同住宅等）,駐車（輪）場,40歳代,その他,施錠した
窃盗,自転車盗,松戸東,常盤平,122076,千葉県,松戸市,金ケ作,2023-01-07,17,その他,駐車（輪）場,40歳代,その他,施錠せず
窃盗,自転車盗,松戸東,常盤平,122076,千葉県,松戸市,金ケ作,2023-05-11,13,一戸建住宅,その他,10歳代,高校生,施錠せず
窃盗,自転車盗,松戸東,常盤平,122076,千葉県,松戸市,金ケ作,2023-08-20,12,４階建て以上共同住宅,駐車（輪）場,40歳代,その他,施錠せず
窃盗,自転車盗,松戸東,常盤平,122076,千葉県,松戸市,常盤平１丁目,2022-06-21,14,駐車（輪）場,駐車（輪）場,40歳代,その他,施錠せず
窃盗,自転車盗,松戸東,常盤平,122076,千葉県,松戸市,常盤平１丁目,2023-05-13,15,駐車（輪）場,駐車（輪）場,10歳代,その他,施錠せず
窃盗,自転車盗,松戸東,常盤平,122076,千葉県,松戸市,常盤平１丁目,2023-06-09,17,４階建て以上共同住宅,駐車（輪）場,40歳代,その他,施錠した
窃盗,自転車盗,松戸東,常盤平,122076,千葉県,松戸市,常盤平１丁目,2023-09-17,16,駐車（輪）場,駐車（輪）場,20歳代,その他,施錠した
窃盗,自転車盗,松戸東,常盤平,122076,千葉県,松戸市,常盤平１丁目,2023-11-17,16,その他,駐車（輪）場,10歳代,高校生,施錠した
窃盗,自転車盗,松戸東,常盤平,122076,千葉県,松戸市,常盤平１丁目,2023-12-06,08,駐車（輪）場,駐車（輪）場,20歳代,その他,施錠した
窃盗,自転車盗,松戸東,常盤平,122076,千葉県,松戸市,常盤平２丁目,2023-01-12,16,その他,駐車（輪）場,10歳代,中学生,施錠せず
窃盗,自転車盗,松戸東,常盤平,122076,千葉県,松戸市,常盤平２丁目,2023-03-05,15,その他,駐車（輪）場,10歳代,高校生,施錠せず
窃盗,自転車盗,松戸東,常盤平,122076,千葉県,松戸市,常盤平２丁目,2023-03-28,19,その他,駐車（輪）場,10歳代,その他,施錠せず
窃盗,自転車盗,松戸東,常盤平,122076,千葉県,松戸市,常盤平２丁目,2023-07-04,16,その他,駐車（輪）場,10歳代,高校生,施錠せず
窃盗,自転車盗,松戸東,常盤平,122076,千葉県,松戸市,常盤平２丁目,2023-09-19,08,その他,駐車（輪）場,40歳代,その他,施錠せず
窃盗,自転車盗,松戸東,常盤平,122076,千葉県,松戸市,常盤平２丁目,2023-10-02,06,その他,駐車（輪）場,10歳代,高校生,施錠せず
窃盗,自転車盗,松戸東,常盤平,122076,千葉県,松戸市,常盤平３丁目,2023-03-02,12,４階建て以上共同住宅,駐車（輪）場,70歳以上,その他,施錠せず
窃盗,自転車盗,松戸東,常盤平,122076,千葉県,松戸市,常盤平３丁目,2023-03-03,12,その他,その他,70歳以上,その他,施錠せず
窃盗,自転車盗,松戸東,常盤平,122076,千葉県,松戸市,常盤平３丁目,2023-04-11,22,その他の住宅（３階建て以下共同住宅等）,その他,20歳代,その他,施錠せず
窃盗,自転車盗,松戸東,常盤平,122076,千葉県,松戸市,常盤平３丁目,2023-04-25,19,その他の住宅（３階建て以下共同住宅等）,その他,50歳代,その他,施錠した
窃盗,自転車盗,松戸東,常盤平,122076,千葉県,松戸市,常盤平３丁目,2023-05-06,12,４階建て以上共同住宅,駐車（輪）場,50歳代,その他,施錠した
窃盗,自転車盗,松戸東,常盤平,122076,千葉県,松戸市,常盤平３丁目,2023-06-24,22,４階建て以上共同住宅,駐車（輪）場,50歳代,その他,施錠した
窃盗,自転車盗,松戸東,常盤平,122076,千葉県,松戸市,常盤平４丁目,2023-03-10,11,４階建て以上共同住宅,駐車（輪）場,70歳以上,その他,施錠した
窃盗,自転車盗,松戸東,常盤平,122076,千葉県,松戸市,常盤平４丁目,2023-05-02,16,一戸建住宅,駐車（輪）場,60-64歳,その他,施錠した
窃盗,自転車盗,松戸東,常盤平,122076,千葉県,松戸市,常盤平４丁目,2023-06-11,13,その他の住宅（３階建て以下共同住宅等）,その他,40歳代,その他,施錠せず
窃盗,自転車盗,松戸東,常盤平,122076,千葉県,松戸市,常盤平４丁目,2023-08-14,17,４階建て以上共同住宅,駐車（輪）場,50歳代,その他,施錠せず
窃盗,自転車盗,松戸東,常盤平,122076,千葉県,松戸市,常盤平４丁目,2023-11-04,20,４階建て以上共同住宅,その他,70歳以上,その他,施錠した
窃盗,自転車盗,松戸東,常盤平,122076,千葉県,松戸市,常盤平５丁目,2023-03-20,18,駐車（輪）場,駐車（輪）場,50歳代,その他,施錠せず
窃盗,自転車盗,松戸東,常盤平,122076,千葉県,松戸市,常盤平５丁目,2023-07-28,05,道路上,その他,40歳代,その他,施錠せず
窃盗,自転車盗,松戸東,常盤平,122076,千葉県,松戸市,常盤平５丁目,2023-11-01,13,道路上,その他,10歳代,高校生,施錠した
窃盗,自転車盗,松戸東,常盤平,122076,千葉県,松戸市,常盤平７丁目,2023-06-02,21,４階建て以上共同住宅,駐車（輪）場,10歳代,その他,施錠せず
窃盗,自転車盗,松戸東,常盤平,122076,千葉県,松戸市,常盤平７丁目,2023-07-15,17,その他の住宅（３階建て以下共同住宅等）,駐車（輪）場,40歳代,その他,施錠せず
窃盗,自転車盗,松戸東,常盤平,122076,千葉県,松戸市,常盤平柳町,2023-06-24,22,一戸建住宅,駐車（輪）場,10歳代,大学生,施錠せず
窃盗,自転車盗,松戸東,馬橋,122076,千葉県,松戸市,小金原３丁目,2023-07-01,08,その他の住宅（３階建て以下共同住宅等）,駐車（輪）場,40歳代,その他,施錠せず
窃盗,自転車盗,松戸東,馬橋,122076,千葉県,松戸市,八ケ崎２丁目,2023-03-04,10,その他,駐車（輪）場,10歳代,小学生,施錠せず
窃盗,自転車盗,松戸東,馬橋,122076,千葉県,松戸市,八ケ崎２丁目,2023-07-18,00,その他,駐車（輪）場,10歳代,高校生,施錠せず
窃盗,自転車盗,松戸東,馬橋,122076,千葉県,松戸市,八ケ崎２丁目,2023-09-10,13,その他,駐車（輪）場,10歳代,小学生,施錠せず
窃盗,自転車盗,松戸東,馬橋,122076,千葉県,松戸市,八ケ崎２丁目,2023-09-17,09,その他,駐車（輪）場,30歳代,その他,施錠せず
窃盗,自転車盗,松戸東,馬橋,122076,千葉県,松戸市,八ケ崎２丁目,2023-10-07,13,その他,駐車（輪）場,20歳代,大学生,施錠せず
窃盗,自転車盗,松戸東,馬橋,122076,千葉県,松戸市,八ケ崎２丁目,2023-11-06,13,その他,駐車（輪）場,20歳代,大学生,施錠せず
窃盗,自転車盗,松戸東,馬橋,122076,千葉県,松戸市,八ケ崎２丁目,2023-11-28,12,その他,駐車（輪）場,70歳以上,その他,施錠せず
窃盗,自転車盗,松戸東,馬橋,122076,千葉県,松戸市,八ケ崎３丁目,2023-02-08,15,その他,その他,10歳代,小学生,施錠せず
窃盗,自転車盗,松戸東,馬橋,122076,千葉県,松戸市,八ケ崎３丁目,2023-03-16,07,一戸建住宅,駐車（輪）場,30歳代,その他,施錠した
窃盗,自転車盗,松戸東,馬橋,122076,千葉県,松戸市,八ケ崎３丁目,2023-03-16,21,その他の住宅（３階建て以下共同住宅等）,その他,30歳代,その他,施錠せず
窃盗,自転車盗,松戸東,馬橋,122076,千葉県,松戸市,八ケ崎３丁目,2023-03-18,08,その他の住宅（３階建て以下共同住宅等）,その他,20歳代,その他,施錠した
窃盗,自転車盗,松戸東,馬橋,122076,千葉県,松戸市,八ケ崎３丁目,2023-03-19,17,道路上,その他,40歳代,その他,施錠した
窃盗,自転車盗,松戸東,馬橋,122076,千葉県,松戸市,八ケ崎３丁目,2023-05-01,23,一戸建住宅,駐車（輪）場,30歳代,その他,施錠せず
窃盗,自転車盗,松戸東,馬橋,122076,千葉県,松戸市,八ケ崎４丁目,2023-09-17,19,一戸建住宅,その他,10歳代,高校生,施錠せず
窃盗,自転車盗,松戸東,馬橋,122076,千葉県,松戸市,八ケ崎６丁目,2023-01-17,17,その他の住宅（３階建て以下共同住宅等）,駐車（輪）場,20歳代,その他,施錠した
窃盗,自転車盗,松戸東,馬橋,122076,千葉県,松戸市,八ケ崎６丁目,2023-04-12,03,一戸建住宅,その他,60-64歳,その他,施錠せず
窃盗,自転車盗,松戸東,馬橋,122076,千葉県,松戸市,八ケ崎６丁目,2023-09-05,16,駐車（輪）場,駐車（輪）場,10歳代,その他,施錠せず
窃盗,自転車盗,松戸東,馬橋,122076,千葉県,松戸市,八ケ崎６丁目,2023-09-15,16,４階建て以上共同住宅,駐車（輪）場,50歳代,その他,施錠せず
窃盗,自転車盗,松戸東,馬橋,122076,千葉県,松戸市,八ケ崎８丁目,2023-09-23,16,その他,駐車（輪）場,40歳代,その他,施錠せず
窃盗,自転車盗,松戸東,馬橋,122076,千葉県,松戸市,二ツ木,2023-07-14,23,一戸建住宅,駐車（輪）場,40歳代,その他,施錠せず
窃盗,自転車盗,松戸東,馬橋,122076,千葉県,松戸市,馬橋,2023-02-03,17,その他の住宅（３階建て以下共同住宅等）,駐車（輪）場,10歳未満,小学生,施錠せず
窃盗,自転車盗,松戸東,馬橋,122076,千葉県,松戸市,馬橋,2023-03-09,05,その他の住宅（３階建て以下共同住宅等）,駐車（輪）場,40歳代,その他,施錠せず
窃盗,自転車盗,松戸東,馬橋,122076,千葉県,松戸市,馬橋,2023-04-21,19,その他の住宅（３階建て以下共同住宅等）,駐車（輪）場,20歳代,その他,施錠した
窃盗,自転車盗,松戸東,馬橋,122076,千葉県,松戸市,馬橋,2023-05-06,15,その他の住宅（３階建て以下共同住宅等）,駐車（輪）場,20歳代,その他,施錠せず
窃盗,自転車盗,松戸東,馬橋,122076,千葉県,松戸市,馬橋,2023-05-29,12,その他,駐車（輪）場,20歳代,大学生,施錠した
窃盗,自転車盗,松戸東,馬橋,122076,千葉県,松戸市,馬橋,2023-07-28,08,駐車（輪）場,駐車（輪）場,10歳代,高校生,施錠せず
窃盗,自転車盗,松戸東,馬橋,122076,千葉県,松戸市,馬橋,2023-09-12,17,その他の住宅（３階建て以下共同住宅等）,駐車（輪）場,40歳代,その他,施錠せず
窃盗,自転車盗,松戸東,馬橋,122076,千葉県,松戸市,馬橋,2023-10-04,07,駐車（輪）場,駐車（輪）場,30歳代,その他,施錠せず
窃盗,自転車盗,松戸東,馬橋,122076,千葉県,松戸市,馬橋,2023-10-12,15,その他の住宅（３階建て以下共同住宅等）,その他,20歳代,その他,施錠せず
窃盗,自転車盗,松戸東,馬橋,122076,千葉県,松戸市,馬橋,2023-10-28,21,その他の住宅（３階建て以下共同住宅等）,その他,30歳代,その他,施錠せず
窃盗,自転車盗,松戸東,馬橋,122076,千葉県,松戸市,三ケ月,2023-04-25,09,４階建て以上共同住宅,駐車（輪）場,10歳未満,小学生,施錠せず
窃盗,自転車盗,松戸東,馬橋,122076,千葉県,松戸市,三ケ月,2023-08-31,07,一戸建住宅,その他,10歳代,大学生,施錠せず
窃盗,自転車盗,松戸東,馬橋,122076,千葉県,松戸市,三ケ月,2023-09-29,19,４階建て以上共同住宅,駐車（輪）場,30歳代,その他,施錠せず
窃盗,自転車盗,松戸東,馬橋,122076,千葉県,松戸市,三ケ月,2023-10-03,23,その他の住宅（３階建て以下共同住宅等）,駐車（輪）場,30歳代,その他,施錠した
窃盗,自転車盗,松戸東,馬橋,122076,千葉県,松戸市,三ケ月,2023-10-16,16,その他,駐車（輪）場,70歳以上,その他,施錠せず
窃盗,自転車盗,松戸東,,122076,千葉県,松戸市,,2023-05-19,19,その他,その他,30歳代,その他,施錠せず
窃盗,自転車盗,流山,初石,122203,千葉県,流山市,駒木,2023-02-22,17,その他の住宅（３階建て以下共同住宅等）,駐車（輪）場,20歳代,その他,施錠せず
窃盗,自転車盗,流山,初石,122203,千葉県,流山市,駒木,2023-04-10,08,その他の住宅（３階建て以下共同住宅等）,駐車（輪）場,30歳代,その他,施錠した
窃盗,自転車盗,流山,初石,122203,千葉県,流山市,駒木,2023-06-24,11,その他,駐車（輪）場,70歳以上,その他,施錠せず
窃盗,自転車盗,流山,初石,122203,千葉県,流山市,駒木,2023-09-21,08,その他,駐車（輪）場,20歳代,大学生,施錠せず
窃盗,自転車盗,流山,初石,122203,千葉県,流山市,駒木,2023-10-20,19,その他,駐車（輪）場,20歳代,大学生,施錠せず
窃盗,自転車盗,流山,初石,122203,千葉県,流山市,駒木,2023-11-24,05,その他,その他,法人・団体、被害者なし,法人・団体、被害者なし,施錠せず
窃盗,自転車盗,流山,初石,122203,千葉県,流山市,西初石２丁目,2023-09-06,15,その他,駐車（輪）場,40歳代,その他,施錠せず
窃盗,自転車盗,流山,初石,122203,千葉県,流山市,西初石３丁目,2023-02-11,00,その他,駐車（輪）場,20歳代,その他,施錠した
窃盗,自転車盗,流山,初石,122203,千葉県,流山市,西初石３丁目,2023-05-02,11,その他,駐車（輪）場,10歳代,その他,施錠せず
窃盗,自転車盗,流山,初石,122203,千葉県,流山市,西初石３丁目,2023-05-03,20,その他,駐車（輪）場,10歳代,高校生,施錠せず
窃盗,自転車盗,流山,初石,122203,千葉県,流山市,西初石３丁目,2023-06-10,06,その他,駐車（輪）場,10歳代,高校生,施錠せず
窃盗,自転車盗,流山,初石,122203,千葉県,流山市,西初石３丁目,2023-06-30,10,その他の住宅（３階建て以下共同住宅等）,その他,30歳代,その他,施錠した
窃盗,自転車盗,流山,初石,122203,千葉県,流山市,西初石４丁目,2023-08-06,22,一戸建住宅,その他,10歳代,大学生,施錠せず
窃盗,自転車盗,流山,初石,122203,千葉県,流山市,東初石１丁目,2023-05-06,14,一戸建住宅,その他,10歳代,中学生,施錠せず
窃盗,自転車盗,流山,初石,122203,千葉県,流山市,東初石３丁目,2023-04-28,07,その他,駐車（輪）場,10歳代,高校生,施錠せず
窃盗,自転車盗,流山,初石,122203,千葉県,流山市,東初石３丁目,2023-05-04,06,その他の住宅（３階建て以下共同住宅等）,駐車（輪）場,20歳代,その他,施錠せず
窃盗,自転車盗,流山,初石,122203,千葉県,流山市,東初石３丁目,2023-07-07,18,その他の住宅（３階建て以下共同住宅等）,駐車（輪）場,30歳代,その他,施錠せず
窃盗,自転車盗,流山,初石,122203,千葉県,流山市,東初石３丁目,2023-09-02,18,駐車（輪）場,駐車（輪）場,20歳代,大学生,施錠せず
窃盗,自転車盗,流山,初石,122203,千葉県,流山市,東初石３丁目,2023-09-27,07,駐車（輪）場,駐車（輪）場,40歳代,その他,施錠せず
窃盗,自転車盗,流山,初石,122203,千葉県,流山市,東初石３丁目,2023-10-08,08,駐車（輪）場,駐車（輪）場,10歳代,その他,施錠せず
窃盗,自転車盗,流山,初石,122203,千葉県,流山市,東初石３丁目,2023-12-18,15,駐車（輪）場,駐車（輪）場,20歳代,その他,施錠せず
窃盗,自転車盗,流山,初石,122203,千葉県,流山市,東初石４丁目,2022-12-27,19,その他の住宅（３階建て以下共同住宅等）,その他,40歳代,その他,施錠せず
窃盗,自転車盗,流山,初石,122203,千葉県,流山市,おおたかの森東４丁目,2023-06-02,13,その他の住宅（３階建て以下共同住宅等）,駐車（輪）場,30歳代,その他,施錠した
窃盗,自転車盗,流山,南流山駅前,122203,千葉県,流山市,大字木,2023-01-03,11,その他,駐車（輪）場,10歳代,高校生,施錠せず
窃盗,自転車盗,流山,南流山駅前,122203,千葉県,流山市,大字木,2023-01-04,14,その他の住宅（３階建て以下共同住宅等）,駐車（輪）場,30歳代,その他,施錠せず
窃盗,自転車盗,流山,南流山駅前,122203,千葉県,流山市,大字木,2023-02-01,18,一戸建住宅,その他,30歳代,その他,施錠せず
窃盗,自転車盗,流山,南流山駅前,122203,千葉県,流山市,大字木,2023-03-13,19,その他の住宅（３階建て以下共同住宅等）,駐車（輪）場,30歳代,その他,施錠せず
窃盗,自転車盗,流山,南流山駅前,122203,千葉県,流山市,大字木,2023-04-01,21,４階建て以上共同住宅,駐車（輪）場,40歳代,その他,施錠せず
窃盗,自転車盗,流山,南流山駅前,122203,千葉県,流山市,大字木,2023-11-08,16,４階建て以上共同住宅,駐車（輪）場,40歳代,その他,施錠せず
窃盗,自転車盗,流山,南流山駅前,122203,千葉県,流山市,大字木,2023-11-09,09,その他,その他,40歳代,その他,施錠した
窃盗,自転車盗,流山,南流山駅前,122203,千葉県,流山市,流山９丁目,2023-03-31,19,４階建て以上共同住宅,駐車（輪）場,30歳代,その他,施錠せず
窃盗,自転車盗,流山,南流山駅前,122203,千葉県,流山市,流山９丁目,2023-09-27,10,その他,駐車（輪）場,10歳代,高校生,施錠せず
窃盗,自転車盗,流山,南流山駅前,122203,千葉県,流山市,大字西平井,2023-09-19,09,その他の住宅（３階建て以下共同住宅等）,駐車（輪）場,30歳代,その他,施錠せず
窃盗,自転車盗,流山,南流山駅前,122203,千葉県,流山市,大字鰭ケ崎,2023-06-21,18,その他の住宅（３階建て以下共同住宅等）,駐車（輪）場,30歳代,その他,施錠した
窃盗,自転車盗,流山,南流山駅前,122203,千葉県,流山市,大字鰭ケ崎,2023-10-16,21,４階建て以上共同住宅,駐車（輪）場,30歳代,その他,施錠した
窃盗,自転車盗,流山,南流山駅前,122203,千葉県,流山市,南流山１丁目,2023-01-03,11,その他,その他,30歳代,その他,施錠せず
窃盗,自転車盗,流山,南流山駅前,122203,千葉県,流山市,南流山１丁目,2023-04-25,19,４階建て以上共同住宅,駐車（輪）場,30歳代,その他,施錠した
窃盗,自転車盗,流山,南流山駅前,122203,千葉県,流山市,南流山１丁目,2023-05-19,07,その他,駐車（輪）場,10歳代,高校生,施錠せず
窃盗,自転車盗,流山,南流山駅前,122203,千葉県,流山市,南流山１丁目,2023-08-01,10,その他,駐車（輪）場,20歳代,その他,施錠せず
窃盗,自転車盗,流山,南流山駅前,122203,千葉県,流山市,南流山１丁目,2023-08-04,18,４階建て以上共同住宅,駐車（輪）場,30歳代,その他,施錠した
窃盗,自転車盗,流山,南流山駅前,122203,千葉県,流山市,南流山１丁目,2023-09-12,21,駐車（輪）場,駐車（輪）場,20歳代,その他,施錠せず
窃盗,自転車盗,流山,南流山駅前,122203,千葉県,流山市,南流山１丁目,2023-10-02,09,その他,駐車（輪）場,20歳代,大学生,施錠した
窃盗,自転車盗,流山,南流山駅前,122203,千葉県,流山市,南流山１丁目,2023-10-05,18,駐車（輪）場,駐車（輪）場,20歳代,その他,施錠せず
窃盗,自転車盗,流山,南流山駅前,122203,千葉県,流山市,南流山１丁目,2023-10-11,14,駐車（輪）場,駐車（輪）場,20歳代,大学生,施錠した
窃盗,自転車盗,流山,南流山駅前,122203,千葉県,流山市,南流山１丁目,2023-10-26,06,駐車（輪）場,駐車（輪）場,50歳代,その他,施錠せず
窃盗,自転車盗,流山,南流山駅前,122203,千葉県,流山市,南流山１丁目,2023-11-02,06,道路上,その他,10歳代,その他,施錠した
窃盗,自転車盗,流山,南流山駅前,122203,千葉県,流山市,南流山１丁目,2023-11-13,08,駐車（輪）場,駐車（輪）場,30歳代,その他,施錠した
窃盗,自転車盗,流山,南流山駅前,122203,千葉県,流山市,南流山２丁目,2022-07-23,18,駐車（輪）場,駐車（輪）場,40歳代,その他,施錠せず
窃盗,自転車盗,流山,南流山駅前,122203,千葉県,流山市,南流山２丁目,2022-10-15,12,駐車（輪）場,駐車（輪）場,70歳以上,その他,施錠した
窃盗,自転車盗,流山,南流山駅前,122203,千葉県,流山市,南流山２丁目,2023-04-13,19,その他の住宅（３階建て以下共同住宅等）,その他,30歳代,その他,施錠せず
窃盗,自転車盗,流山,南流山駅前,122203,千葉県,流山市,南流山２丁目,2023-05-27,15,駐車（輪）場,駐車（輪）場,20歳代,その他,施錠せず
窃盗,自転車盗,流山,南流山駅前,122203,千葉県,流山市,南流山２丁目,2023-06-01,10,その他,駐車（輪）場,10歳代,大学生,施錠せず
窃盗,自転車盗,流山,南流山駅前,122203,千葉県,流山市,南流山２丁目,2023-07-15,06,その他,駐車（輪）場,10歳代,高校生,施錠せず
窃盗,自転車盗,流山,南流山駅前,122203,千葉県,流山市,南流山２丁目,2023-09-02,17,その他,駐車（輪）場,30歳代,その他,施錠した
窃盗,自転車盗,流山,南流山駅前,122203,千葉県,流山市,南流山２丁目,2023-09-19,13,その他,駐車（輪）場,40歳代,その他,施錠せず
窃盗,自転車盗,流山,南流山駅前,122203,千葉県,流山市,南流山２丁目,2023-10-11,07,駐車（輪）場,駐車（輪）場,10歳代,大学生,施錠せず
窃盗,自転車盗,流山,南流山駅前,122203,千葉県,流山市,南流山２丁目,2023-10-28,08,駐車（輪）場,駐車（輪）場,50歳代,その他,施錠せず
窃盗,自転車盗,流山,南流山駅前,122203,千葉県,流山市,南流山３丁目,2023-09-26,11,その他,駐車（輪）場,70歳以上,その他,施錠した
窃盗,自転車盗,流山,南流山駅前,122203,千葉県,流山市,南流山４丁目,2022-08-05,12,駐車（輪）場,駐車（輪）場,20歳代,大学生,施錠せず
窃盗,自転車盗,流山,南流山駅前,122203,千葉県,流山市,南流山４丁目,2023-01-06,08,その他の住宅（３階建て以下共同住宅等）,駐車（輪）場,20歳代,その他,施錠せず
窃盗,自転車盗,流山,南流山駅前,122203,千葉県,流山市,南流山４丁目,2023-01-14,15,一戸建住宅,駐車（輪）場,10歳代,大学生,施錠せず
窃盗,自転車盗,流山,南流山駅前,122203,千葉県,流山市,南流山４丁目,2023-03-02,18,駐車（輪）場,駐車（輪）場,20歳代,大学生,施錠せず
窃盗,自転車盗,流山,南流山駅前,122203,千葉県,流山市,南流山４丁目,2023-04-07,12,４階建て以上共同住宅,駐車（輪）場,30歳代,その他,施錠した
窃盗,自転車盗,流山,南流山駅前,122203,千葉県,流山市,南流山４丁目,2023-04-14,09,駐車（輪）場,駐車（輪）場,20歳代,その他,施錠した
窃盗,自転車盗,流山,南流山駅前,122203,千葉県,流山市,南流山４丁目,2023-05-08,06,その他,駐車（輪）場,20歳代,その他,施錠せず
窃盗,自転車盗,流山,南流山駅前,122203,千葉県,流山市,南流山４丁目,2023-05-16,07,その他,駐車（輪）場,10歳代,その他,施錠せず
窃盗,自転車盗,流山,南流山駅前,122203,千葉県,流山市,南流山４丁目,2023-05-26,08,その他,駐車（輪）場,30歳代,その他,施錠した
窃盗,自転車盗,流山,南流山駅前,122203,千葉県,流山市,南流山４丁目,2023-06-03,17,駐車（輪）場,駐車（輪）場,30歳代,その他,施錠した
窃盗,自転車盗,流山,南流山駅前,122203,千葉県,流山市,南流山４丁目,2023-06-14,07,その他,駐車（輪）場,10歳代,高校生,施錠した
窃盗,自転車盗,流山,南流山駅前,122203,千葉県,流山市,南流山４丁目,2023-06-28,08,駐車（輪）場,駐車（輪）場,40歳代,その他,施錠せず
窃盗,自転車盗,流山,南流山駅前,122203,千葉県,流山市,南流山４丁目,2023-07-11,15,その他,駐車（輪）場,10歳代,高校生,施錠せず
窃盗,自転車盗,流山,南流山駅前,122203,千葉県,流山市,南流山４丁目,2023-07-14,18,その他の住宅（３階建て以下共同住宅等）,駐車（輪）場,30歳代,その他,施錠した
窃盗,自転車盗,流山,南流山駅前,122203,千葉県,流山市,南流山５丁目,2023-07-13,14,その他の住宅（３階建て以下共同住宅等）,その他,30歳代,その他,施錠せず
窃盗,自転車盗,流山,南流山駅前,122203,千葉県,流山市,南流山６丁目,2023-12-23,20,その他,駐車（輪）場,50歳代,その他,施錠した
窃盗,自転車盗,流山,南流山駅前,122203,千葉県,流山市,南流山７丁目,2023-02-15,22,その他の住宅（３階建て以下共同住宅等）,駐車（輪）場,20歳代,大学生,施錠せず
窃盗,自転車盗,流山,南流山駅前,122203,千葉県,流山市,南流山７丁目,2023-08-29,18,一戸建住宅,その他,70歳以上,その他,施錠せず
窃盗,自転車盗,流山,南流山駅前,122203,千葉県,流山市,南流山７丁目,2023-12-07,19,その他の住宅（３階建て以下共同住宅等）,駐車（輪）場,30歳代,その他,施錠した
窃盗,自転車盗,流山,南流山駅前,122203,千葉県,流山市,南流山８丁目,2023-03-23,21,４階建て以上共同住宅,駐車（輪）場,40歳代,その他,施錠せず
窃盗,自転車盗,流山,南流山駅前,122203,千葉県,流山市,南流山８丁目,2023-04-23,22,その他の住宅（３階建て以下共同住宅等）,駐車（輪）場,20歳代,その他,施錠せず
窃盗,自転車盗,流山,南流山駅前,122203,千葉県,流山市,南流山８丁目,2023-08-25,15,４階建て以上共同住宅,駐車（輪）場,10歳代,小学生,施錠せず
窃盗,自転車盗,流山,南流山駅前,122203,千葉県,流山市,南流山８丁目,2023-09-06,15,４階建て以上共同住宅,駐車（輪）場,10歳代,大学生,施錠せず
窃盗,自転車盗,流山,南流山駅前,122203,千葉県,流山市,南流山８丁目,2023-12-26,13,その他,その他,10歳代,中学生,施錠せず
窃盗,自転車盗,流山,南流山駅前,122203,千葉県,流山市,宮園３丁目,2023-09-22,16,その他,その他,10歳代,小学生,施錠した
窃盗,自転車盗,流山,南流山駅前,122203,千葉県,流山市,大字流山,2023-07-23,18,４階建て以上共同住宅,駐車（輪）場,10歳代,中学生,施錠した
窃盗,自転車盗,流山,南流山駅前,122203,千葉県,流山市,鰭ケ崎,2023-03-16,19,４階建て以上共同住宅,駐車（輪）場,10歳代,中学生,施錠せず
窃盗,自転車盗,流山,南流山駅前,122203,千葉県,流山市,西平井１丁目,2023-03-31,20,４階建て以上共同住宅,駐車（輪）場,30歳代,その他,施錠せず
窃盗,自転車盗,流山,南流山駅前,122203,千葉県,流山市,西平井２丁目,2023-09-21,22,その他の住宅（３階建て以下共同住宅等）,その他,30歳代,その他,施錠した
窃盗,自転車盗,流山,南流山駅前,122203,千葉県,流山市,西平井３丁目,2023-08-24,08,一戸建住宅,その他,40歳代,その他,施錠せず
窃盗,自転車盗,流山,南流山駅前,122203,千葉県,流山市,西平井３丁目,2023-10-10,19,一戸建住宅,駐車（輪）場,10歳代,中学生,施錠せず
窃盗,自転車盗,流山,東部,122203,千葉県,流山市,前ケ崎,2023-07-10,20,一戸建住宅,その他,10歳代,高校生,施錠した
窃盗,自転車盗,流山,東部,122203,千葉県,流山市,前ケ崎,2023-07-27,18,一戸建住宅,その他,10歳代,小学生,施錠せず
窃盗,自転車盗,流山,東部,122203,千葉県,流山市,前ケ崎,2023-07-31,23,その他の住宅（３階建て以下共同住宅等）,その他,20歳代,その他,施錠せず
窃盗,自転車盗,流山,東部,122203,千葉県,流山市,松ケ丘３丁目,2023-03-21,18,４階建て以上共同住宅,駐車（輪）場,10歳代,高校生,施錠した
窃盗,自転車盗,流山,東部,122203,千葉県,流山市,松ケ丘５丁目,2023-06-20,04,その他の住宅（３階建て以下共同住宅等）,駐車（輪）場,50歳代,その他,施錠せず
窃盗,自転車盗,流山,東部,122203,千葉県,流山市,松ケ丘５丁目,2023-06-20,21,その他の住宅（３階建て以下共同住宅等）,駐車（輪）場,20歳代,その他,施錠せず
窃盗,自転車盗,流山,東部,122203,千葉県,流山市,松ケ丘５丁目,2023-07-12,21,その他の住宅（３階建て以下共同住宅等）,その他,20歳代,その他,施錠せず
窃盗,自転車盗,流山,東部,122203,千葉県,流山市,松ケ丘５丁目,2023-08-08,19,その他の住宅（３階建て以下共同住宅等）,その他,50歳代,その他,施錠せず
窃盗,自転車盗,流山,東部,122203,千葉県,流山市,向小金１丁目,2023-03-30,20,その他,駐車（輪）場,10歳代,高校生,施錠した
窃盗,自転車盗,流山,東部,122203,千葉県,流山市,向小金２丁目,2023-09-03,16,一戸建住宅,駐車（輪）場,10歳代,高校生,施錠せず
窃盗,自転車盗,流山,東部,122203,千葉県,流山市,向小金２丁目,2023-11-04,12,その他の住宅（３階建て以下共同住宅等）,駐車（輪）場,10歳代,高校生,施錠せず
窃盗,自転車盗,流山,東部,122203,千葉県,流山市,向小金２丁目,2023-12-13,19,その他の住宅（３階建て以下共同住宅等）,駐車（輪）場,20歳代,その他,施錠した
窃盗,自転車盗,流山,東部,122203,千葉県,流山市,向小金３丁目,2023-01-17,18,その他の住宅（３階建て以下共同住宅等）,駐車（輪）場,20歳代,その他,施錠した
窃盗,自転車盗,流山,東部,122203,千葉県,流山市,向小金４丁目,不明,不明,その他の住宅（３階建て以下共同住宅等）,駐車（輪）場,20歳代,大学生,施錠せず
窃盗,自転車盗,流山,江戸川台,122203,千葉県,流山市,江戸川台西１丁目,2023-10-14,08,駐車（輪）場,駐車（輪）場,10歳代,高校生,施錠せず
窃盗,自転車盗,流山,江戸川台,122203,千葉県,流山市,江戸川台西１丁目,2023-10-14,11,駐車（輪）場,駐車（輪）場,10歳代,高校生,施錠せず
窃盗,自転車盗,流山,江戸川台,122203,千葉県,流山市,江戸川台西１丁目,2023-10-21,13,駐車（輪）場,駐車（輪）場,10歳代,大学生,施錠せず
窃盗,自転車盗,流山,江戸川台,122203,千葉県,流山市,江戸川台西１丁目,2023-11-05,06,駐車（輪）場,駐車（輪）場,20歳代,大学生,施錠せず
窃盗,自転車盗,流山,江戸川台,122203,千葉県,流山市,江戸川台西１丁目,2023-12-22,10,駐車（輪）場,駐車（輪）場,10歳代,その他,施錠せず
窃盗,自転車盗,流山,江戸川台,122203,千葉県,流山市,江戸川台西２丁目,2023-07-28,07,その他,駐車（輪）場,10歳代,高校生,施錠した
窃盗,自転車盗,流山,江戸川台,122203,千葉県,流山市,江戸川台西２丁目,2023-07-28,14,その他,駐車（輪）場,20歳代,その他,施錠せず
窃盗,自転車盗,流山,江戸川台,122203,千葉県,流山市,江戸川台西２丁目,2023-10-13,16,その他,その他,10歳代,高校生,施錠せず
窃盗,自転車盗,流山,江戸川台,122203,千葉県,流山市,江戸川台西３丁目,2023-01-04,17,一戸建住宅,その他,30歳代,その他,施錠せず
窃盗,自転車盗,流山,江戸川台,122203,千葉県,流山市,江戸川台西３丁目,2023-05-02,16,一戸建住宅,その他,30歳代,その他,施錠せず
窃盗,自転車盗,流山,江戸川台,122203,千葉県,流山市,江戸川台西３丁目,2023-10-01,19,その他の住宅（３階建て以下共同住宅等）,その他,60-64歳,その他,施錠した
窃盗,自転車盗,流山,江戸川台,122203,千葉県,流山市,江戸川台西３丁目,不明,不明,その他の住宅（３階建て以下共同住宅等）,駐車（輪）場,30歳代,その他,施錠せず
窃盗,自転車盗,流山,江戸川台,122203,千葉県,流山市,江戸川台東１丁目,2022-11-03,21,駐車（輪）場,駐車（輪）場,10歳代,中学生,施錠せず
窃盗,自転車盗,流山,江戸川台,122203,千葉県,流山市,江戸川台東１丁目,2023-03-26,20,駐車（輪）場,駐車（輪）場,10歳代,中学生,施錠せず
窃盗,自転車盗,流山,江戸川台,122203,千葉県,流山市,江戸川台東１丁目,2023-04-12,07,駐車（輪）場,駐車（輪）場,10歳代,高校生,施錠せず
窃盗,自転車盗,流山,江戸川台,122203,千葉県,流山市,江戸川台東１丁目,2023-07-24,13,その他,駐車（輪）場,10歳代,高校生,施錠せず
窃盗,自転車盗,流山,江戸川台,122203,千葉県,流山市,江戸川台東１丁目,2023-08-11,20,その他,駐車（輪）場,10歳代,高校生,施錠せず
窃盗,自転車盗,流山,江戸川台,122203,千葉県,流山市,江戸川台東１丁目,2023-08-14,08,その他,駐車（輪）場,20歳代,その他,施錠せず
窃盗,自転車盗,流山,江戸川台,122203,千葉県,流山市,江戸川台東１丁目,2023-08-14,12,その他,駐車（輪）場,10歳代,中学生,施錠せず
窃盗,自転車盗,流山,江戸川台,122203,千葉県,流山市,江戸川台東１丁目,2023-08-30,15,その他,駐車（輪）場,10歳代,高校生,施錠せず
窃盗,自転車盗,流山,江戸川台,122203,千葉県,流山市,江戸川台東１丁目,2023-09-01,08,駐車（輪）場,駐車（輪）場,20歳代,大学生,施錠せず
窃盗,自転車盗,流山,江戸川台,122203,千葉県,流山市,江戸川台東１丁目,2023-09-03,15,その他,駐車（輪）場,10歳代,高校生,施錠せず
窃盗,自転車盗,流山,江戸川台,122203,千葉県,流山市,江戸川台東１丁目,2023-09-16,21,その他,駐車（輪）場,10歳代,中学生,施錠せず
窃盗,自転車盗,流山,江戸川台,122203,千葉県,流山市,江戸川台東１丁目,2023-09-17,08,その他,駐車（輪）場,10歳代,高校生,施錠せず
窃盗,自転車盗,流山,江戸川台,122203,千葉県,流山市,江戸川台東１丁目,2023-10-10,18,駐車（輪）場,駐車（輪）場,10歳代,高校生,施錠せず
窃盗,自転車盗,流山,江戸川台,122203,千葉県,流山市,江戸川台東１丁目,2023-11-06,18,駐車（輪）場,駐車（輪）場,10歳代,高校生,施錠せず
窃盗,自転車盗,流山,江戸川台,122203,千葉県,流山市,江戸川台東１丁目,2023-12-03,11,駐車（輪）場,駐車（輪）場,10歳代,高校生,施錠せず
窃盗,自転車盗,流山,江戸川台,122203,千葉県,流山市,江戸川台東１丁目,2023-12-24,17,駐車（輪）場,駐車（輪）場,20歳代,大学生,施錠した
窃盗,自転車盗,流山,江戸川台,122203,千葉県,流山市,江戸川台東２丁目,2023-01-03,14,駐車（輪）場,駐車（輪）場,30歳代,その他,施錠せず
窃盗,自転車盗,流山,江戸川台,122203,千葉県,流山市,江戸川台東２丁目,2023-03-14,22,道路上,その他,10歳代,その他,施錠した
窃盗,自転車盗,流山,江戸川台,122203,千葉県,流山市,江戸川台東２丁目,2023-05-18,10,その他,駐車（輪）場,10歳代,高校生,施錠した
窃盗,自転車盗,流山,江戸川台,122203,千葉県,流山市,江戸川台東２丁目,2023-06-20,15,道路上,その他,70歳以上,その他,施錠せず
窃盗,自転車盗,流山,江戸川台,122203,千葉県,流山市,江戸川台東２丁目,2023-06-26,14,駐車（輪）場,駐車（輪）場,40歳代,その他,施錠せず
窃盗,自転車盗,流山,江戸川台,122203,千葉県,流山市,江戸川台東２丁目,2023-07-01,16,その他,駐車（輪）場,10歳代,大学生,施錠せず
窃盗,自転車盗,流山,江戸川台,122203,千葉県,流山市,江戸川台東２丁目,2023-10-31,15,駐車（輪）場,駐車（輪）場,10歳未満,小学生,施錠せず
窃盗,自転車盗,流山,江戸川台,122203,千葉県,流山市,江戸川台東２丁目,2023-11-03,17,道路上,その他,10歳代,高校生,施錠せず
窃盗,自転車盗,流山,江戸川台,122203,千葉県,流山市,江戸川台東２丁目,不明,不明,その他,駐車（輪）場,法人・団体、被害者なし,法人・団体、被害者なし,施錠せず
窃盗,自転車盗,流山,江戸川台,122203,千葉県,流山市,江戸川台東３丁目,2023-08-14,07,その他,駐車（輪）場,60-64歳,その他,施錠せず
窃盗,自転車盗,流山,江戸川台,122203,千葉県,流山市,江戸川台東３丁目,2023-10-15,21,４階建て以上共同住宅,駐車（輪）場,10歳代,高校生,施錠せず
窃盗,自転車盗,流山,江戸川台,122203,千葉県,流山市,江戸川台東３丁目,2023-10-28,05,４階建て以上共同住宅,駐車（輪）場,20歳代,その他,施錠せず
窃盗,自転車盗,流山,江戸川台,122203,千葉県,流山市,こうのす台,2023-10-26,19,一戸建住宅,その他,30歳代,その他,施錠せず
窃盗,自転車盗,流山,江戸川台,122203,千葉県,流山市,大字中野久木,2023-05-14,08,駐車（輪）場,駐車（輪）場,20歳代,その他,施錠した
窃盗,自転車盗,流山,江戸川台,122203,千葉県,流山市,大字東深井,2023-09-12,00,その他の住宅（３階建て以下共同住宅等）,駐車（輪）場,40歳代,その他,施錠した
窃盗,自転車盗,流山,江戸川台,122203,千葉県,流山市,大字東深井,2023-11-24,17,その他の住宅（３階建て以下共同住宅等）,駐車（輪）場,70歳以上,その他,施錠せず
窃盗,自転車盗,流山,江戸川台,122203,千葉県,流山市,大字平方,2023-03-15,15,その他,駐車（輪）場,10歳代,高校生,施錠せず
窃盗,自転車盗,流山,江戸川台,122203,千葉県,流山市,大字平方,2023-05-23,16,一戸建住宅,駐車（輪）場,40歳代,その他,施錠せず
窃盗,自転車盗,流山,江戸川台,122203,千葉県,流山市,大字平方,2023-08-04,08,その他,駐車（輪）場,20歳代,その他,施錠せず
窃盗,自転車盗,流山,江戸川台,122203,千葉県,流山市,大字平方,2023-11-11,07,その他,駐車（輪）場,20歳代,その他,施錠せず
窃盗,自転車盗,流山,江戸川台,122203,千葉県,流山市,富士見台２丁目,2023-08-10,16,４階建て以上共同住宅,駐車（輪）場,50歳代,その他,施錠した
窃盗,自転車盗,流山,江戸川台,122203,千葉県,流山市,大字南,2023-07-26,08,その他,駐車（輪）場,20歳代,その他,施錠せず
窃盗,自転車盗,流山,江戸川台,122203,千葉県,流山市,美原４丁目,2023-04-24,08,道路上,その他,70歳以上,その他,施錠せず
窃盗,自転車盗,流山,江戸川台,122203,千葉県,流山市,美原４丁目,2023-10-01,20,その他の住宅（３階建て以下共同住宅等）,その他,30歳代,その他,施錠した
窃盗,自転車盗,流山,流山おおたかの森駅前,122203,千葉県,流山市,市野谷,2023-05-22,12,その他の住宅（３階建て以下共同住宅等）,駐車（輪）場,20歳代,その他,施錠せず
窃盗,自転車盗,流山,流山おおたかの森駅前,122203,千葉県,流山市,市野谷,2023-10-07,17,その他の住宅（３階建て以下共同住宅等）,駐車（輪）場,10歳代,中学生,施錠した
窃盗,自転車盗,流山,流山おおたかの森駅前,122203,千葉県,流山市,市野谷,2023-11-23,17,その他の住宅（３階建て以下共同住宅等）,駐車（輪）場,20歳代,その他,施錠せず
窃盗,自転車盗,流山,流山おおたかの森駅前,122203,千葉県,流山市,市野谷,2023-11-24,21,その他の住宅（３階建て以下共同住宅等）,駐車（輪）場,20歳代,その他,施錠した
窃盗,自転車盗,流山,流山おおたかの森駅前,122203,千葉県,流山市,野々下１丁目,2023-01-23,17,その他,駐車（輪）場,10歳代,高校生,施錠せず
窃盗,自転車盗,流山,流山おおたかの森駅前,122203,千葉県,流山市,おおたかの森北１丁目,2023-07-14,19,４階建て以上共同住宅,その他,20歳代,その他,施錠した
窃盗,自転車盗,流山,流山おおたかの森駅前,122203,千葉県,流山市,おおたかの森北２丁目,2023-02-04,16,一戸建住宅,その他,30歳代,その他,施錠せず
窃盗,自転車盗,流山,流山おおたかの森駅前,122203,千葉県,流山市,おおたかの森北２丁目,2023-11-04,21,一戸建住宅,その他,10歳代,中学生,施錠せず
窃盗,自転車盗,流山,流山おおたかの森駅前,122203,千葉県,流山市,おおたかの森北３丁目,2023-06-24,01,その他の住宅（３階建て以下共同住宅等）,駐車（輪）場,30歳代,大学生,施錠せず
窃盗,自転車盗,流山,流山おおたかの森駅前,122203,千葉県,流山市,おおたかの森北３丁目,2023-07-07,22,その他の住宅（３階建て以下共同住宅等）,駐車（輪）場,30歳代,その他,施錠せず
窃盗,自転車盗,流山,流山おおたかの森駅前,122203,千葉県,流山市,おおたかの森西１丁目,2023-01-03,17,その他,駐車（輪）場,10歳代,高校生,施錠せず
窃盗,自転車盗,流山,流山おおたかの森駅前,122203,千葉県,流山市,おおたかの森西１丁目,2023-01-05,19,駐車（輪）場,駐車（輪）場,10歳代,高校生,施錠せず
窃盗,自転車盗,流山,流山おおたかの森駅前,122203,千葉県,流山市,おおたかの森西１丁目,2023-02-05,18,その他の住宅（３階建て以下共同住宅等）,駐車（輪）場,30歳代,その他,施錠せず
窃盗,自転車盗,流山,流山おおたかの森駅前,122203,千葉県,流山市,おおたかの森西１丁目,2023-02-07,18,その他,駐車（輪）場,20歳代,その他,施錠せず
窃盗,自転車盗,流山,流山おおたかの森駅前,122203,千葉県,流山市,おおたかの森西１丁目,2023-02-12,16,駐車（輪）場,駐車（輪）場,10歳代,高校生,施錠した
窃盗,自転車盗,流山,流山おおたかの森駅前,122203,千葉県,流山市,おおたかの森西１丁目,2023-02-21,17,駐車（輪）場,駐車（輪）場,10歳代,中学生,施錠せず
窃盗,自転車盗,流山,流山おおたかの森駅前,122203,千葉県,流山市,おおたかの森西１丁目,2023-02-21,20,その他,駐車（輪）場,10歳代,高校生,施錠せず
窃盗,自転車盗,流山,流山おおたかの森駅前,122203,千葉県,流山市,おおたかの森西１丁目,2023-03-01,17,駐車（輪）場,駐車（輪）場,20歳代,大学生,施錠した
窃盗,自転車盗,流山,流山おおたかの森駅前,122203,千葉県,流山市,おおたかの森西１丁目,2023-04-12,09,その他,その他,10歳代,大学生,施錠した
窃盗,自転車盗,流山,流山おおたかの森駅前,122203,千葉県,流山市,おおたかの森西１丁目,2023-04-20,18,駐車（輪）場,駐車（輪）場,30歳代,その他,施錠せず
窃盗,自転車盗,流山,流山おおたかの森駅前,122203,千葉県,流山市,おおたかの森西１丁目,2023-05-09,17,一戸建住宅,その他,10歳代,小学生,施錠せず
窃盗,自転車盗,流山,流山おおたかの森駅前,122203,千葉県,流山市,おおたかの森西１丁目,2023-05-09,18,駐車（輪）場,駐車（輪）場,10歳代,大学生,施錠せず
窃盗,自転車盗,流山,流山おおたかの森駅前,122203,千葉県,流山市,おおたかの森西１丁目,2023-05-10,09,駐車（輪）場,駐車（輪）場,20歳代,大学生,施錠せず
窃盗,自転車盗,流山,流山おおたかの森駅前,122203,千葉県,流山市,おおたかの森西１丁目,2023-05-13,13,駐車（輪）場,駐車（輪）場,20歳代,その他,施錠した
窃盗,自転車盗,流山,流山おおたかの森駅前,122203,千葉県,流山市,おおたかの森西１丁目,2023-05-23,09,その他,駐車（輪）場,10歳代,大学生,施錠せず
窃盗,自転車盗,流山,流山おおたかの森駅前,122203,千葉県,流山市,おおたかの森西１丁目,2023-06-24,08,駐車（輪）場,駐車（輪）場,40歳代,その他,施錠した
窃盗,自転車盗,流山,流山おおたかの森駅前,122203,千葉県,流山市,おおたかの森西１丁目,2023-07-03,23,駐車（輪）場,駐車（輪）場,30歳代,その他,施錠せず
窃盗,自転車盗,流山,流山おおたかの森駅前,122203,千葉県,流山市,おおたかの森西１丁目,2023-10-27,19,その他,駐車（輪）場,20歳代,大学生,施錠せず
窃盗,自転車盗,流山,流山おおたかの森駅前,122203,千葉県,流山市,おおたかの森西１丁目,2023-11-08,10,その他,駐車（輪）場,20歳代,その他,施錠せず
窃盗,自転車盗,流山,流山おおたかの森駅前,122203,千葉県,流山市,おおたかの森西１丁目,2023-11-15,10,その他,駐車（輪）場,20歳代,その他,施錠せず
窃盗,自転車盗,流山,流山おおたかの森駅前,122203,千葉県,流山市,おおたかの森西１丁目,2023-12-22,20,その他,駐車（輪）場,10歳代,中学生,施錠せず
窃盗,自転車盗,流山,流山おおたかの森駅前,122203,千葉県,流山市,おおたかの森西１丁目,2023-12-23,10,４階建て以上共同住宅,駐車（輪）場,30歳代,その他,施錠した
窃盗,自転車盗,流山,流山おおたかの森駅前,122203,千葉県,流山市,おおたかの森西２丁目,2023-01-30,14,一戸建住宅,その他,10歳代,高校生,施錠せず
窃盗,自転車盗,流山,流山おおたかの森駅前,122203,千葉県,流山市,おおたかの森東１丁目,2023-03-30,08,駐車（輪）場,駐車（輪）場,50歳代,その他,施錠せず
窃盗,自転車盗,流山,流山おおたかの森駅前,122203,千葉県,流山市,おおたかの森東１丁目,2023-04-15,14,駐車（輪）場,駐車（輪）場,10歳代,大学生,施錠せず
窃盗,自転車盗,流山,流山おおたかの森駅前,122203,千葉県,流山市,おおたかの森東１丁目,2023-04-16,17,駐車（輪）場,駐車（輪）場,30歳代,その他,施錠した
窃盗,自転車盗,流山,流山おおたかの森駅前,122203,千葉県,流山市,おおたかの森東１丁目,2023-06-20,19,駐車（輪）場,駐車（輪）場,20歳代,大学生,施錠せず
窃盗,自転車盗,流山,流山おおたかの森駅前,122203,千葉県,流山市,おおたかの森東１丁目,2023-09-12,18,駐車（輪）場,駐車（輪）場,30歳代,その他,施錠せず
窃盗,自転車盗,流山,流山おおたかの森駅前,122203,千葉県,流山市,おおたかの森東１丁目,2023-09-23,18,駐車（輪）場,駐車（輪）場,50歳代,その他,施錠せず
窃盗,自転車盗,流山,流山おおたかの森駅前,122203,千葉県,流山市,おおたかの森東１丁目,2023-10-07,16,駐車（輪）場,駐車（輪）場,20歳代,その他,施錠せず
窃盗,自転車盗,流山,流山おおたかの森駅前,122203,千葉県,流山市,おおたかの森東３丁目,2023-06-09,19,その他の住宅（３階建て以下共同住宅等）,駐車（輪）場,30歳代,その他,施錠した
窃盗,自転車盗,流山,流山おおたかの森駅前,122203,千葉県,流山市,おおたかの森東３丁目,2023-06-25,17,その他の住宅（３階建て以下共同住宅等）,駐車（輪）場,20歳代,その他,施錠せず
窃盗,自転車盗,流山,流山おおたかの森駅前,122203,千葉県,流山市,おおたかの森東３丁目,2023-08-09,16,その他の住宅（３階建て以下共同住宅等）,駐車（輪）場,10歳代,小学生,施錠せず
窃盗,自転車盗,流山,流山おおたかの森駅前,122203,千葉県,流山市,おおたかの森東４丁目,2023-03-12,17,その他の住宅（３階建て以下共同住宅等）,駐車（輪）場,20歳代,その他,施錠せず
窃盗,自転車盗,流山,流山おおたかの森駅前,122203,千葉県,流山市,おおたかの森東４丁目,2023-04-28,10,その他の住宅（３階建て以下共同住宅等）,駐車（輪）場,20歳代,その他,施錠せず
窃盗,自転車盗,流山,流山おおたかの森駅前,122203,千葉県,流山市,おおたかの森南１丁目,2023-01-03,16,駐車（輪）場,駐車（輪）場,10歳代,大学生,施錠せず
窃盗,自転車盗,流山,流山おおたかの森駅前,122203,千葉県,流山市,おおたかの森南１丁目,2023-01-14,15,駐車（輪）場,駐車（輪）場,40歳代,その他,施錠せず
窃盗,自転車盗,流山,流山おおたかの森駅前,122203,千葉県,流山市,おおたかの森南１丁目,2023-01-20,17,駐車（輪）場,駐車（輪）場,10歳代,中学生,施錠せず
窃盗,自転車盗,流山,流山おおたかの森駅前,122203,千葉県,流山市,おおたかの森南１丁目,2023-01-28,18,その他の住宅（３階建て以下共同住宅等）,駐車（輪）場,20歳代,その他,施錠した
窃盗,自転車盗,流山,流山おおたかの森駅前,122203,千葉県,流山市,おおたかの森南１丁目,2023-02-05,17,駐車（輪）場,駐車（輪）場,20歳代,大学生,施錠せず
窃盗,自転車盗,流山,流山おおたかの森駅前,122203,千葉県,流山市,おおたかの森南１丁目,2023-02-18,18,駐車（輪）場,駐車（輪）場,40歳代,その他,施錠せず
窃盗,自転車盗,流山,流山おおたかの森駅前,122203,千葉県,流山市,おおたかの森南１丁目,2023-04-28,14,その他,その他,10歳代,中学生,施錠せず
窃盗,自転車盗,流山,流山おおたかの森駅前,122203,千葉県,流山市,おおたかの森南１丁目,2023-05-31,17,その他,駐車（輪）場,30歳代,その他,施錠した
窃盗,自転車盗,流山,流山おおたかの森駅前,122203,千葉県,流山市,おおたかの森南１丁目,2023-06-16,11,その他,駐車（輪）場,40歳代,その他,施錠した
窃盗,自転車盗,流山,流山おおたかの森駅前,122203,千葉県,流山市,おおたかの森南１丁目,2023-08-05,20,その他,駐車（輪）場,30歳代,その他,施錠した
窃盗,自転車盗,流山,流山おおたかの森駅前,122203,千葉県,流山市,おおたかの森南１丁目,2023-11-01,21,その他,駐車（輪）場,10歳代,高校生,施錠せず
窃盗,自転車盗,流山,流山おおたかの森駅前,122203,千葉県,流山市,おおたかの森南１丁目,2023-11-01,21,その他,駐車（輪）場,10歳代,高校生,施錠せず
窃盗,自転車盗,流山,流山おおたかの森駅前,122203,千葉県,流山市,おおたかの森南１丁目,2023-11-17,18,その他の住宅（３階建て以下共同住宅等）,駐車（輪）場,20歳代,その他,施錠せず
窃盗,自転車盗,流山,流山おおたかの森駅前,122203,千葉県,流山市,おおたかの森南２丁目,2023-04-01,11,その他の住宅（３階建て以下共同住宅等）,駐車（輪）場,20歳代,その他,施錠せず
窃盗,自転車盗,流山,流山おおたかの森駅前,122203,千葉県,流山市,おおたかの森南２丁目,2023-04-06,19,その他の住宅（３階建て以下共同住宅等）,駐車（輪）場,30歳代,その他,施錠せず
窃盗,自転車盗,流山,流山おおたかの森駅前,122203,千葉県,流山市,おおたかの森南２丁目,2023-10-15,07,その他の住宅（３階建て以下共同住宅等）,駐車（輪）場,40歳代,その他,施錠せず
窃盗,自転車盗,流山,流山おおたかの森駅前,122203,千葉県,流山市,おおたかの森南３丁目,2022-12-11,21,その他の住宅（３階建て以下共同住宅等）,駐車（輪）場,40歳代,その他,施錠せず
窃盗,自転車盗,流山,流山おおたかの森駅前,122203,千葉県,流山市,おおたかの森南３丁目,2023-10-28,22,その他,その他,10歳代,高校生,施錠せず
窃盗,自転車盗,流山,流山セントラルパーク,122203,千葉県,流山市,後平井,2023-07-08,00,その他の住宅（３階建て以下共同住宅等）,駐車（輪）場,20歳代,その他,施錠した
窃盗,自転車盗,流山,流山セントラルパーク,122203,千葉県,流山市,中,2023-08-08,16,その他,駐車（輪）場,30歳代,その他,施錠せず
窃盗,自転車盗,流山,流山セントラルパーク,122203,千葉県,流山市,前平井,2023-06-01,07,駐車（輪）場,駐車（輪）場,10歳代,高校生,施錠せず
窃盗,自転車盗,流山,流山セントラルパーク,122203,千葉県,流山市,前平井,2023-08-16,16,駐車（輪）場,駐車（輪）場,20歳代,大学生,施錠せず
窃盗,自転車盗,流山,流山中央,122203,千葉県,流山市,流山６丁目,2023-07-07,20,一戸建住宅,その他,30歳代,その他,施錠せず
窃盗,自転車盗,流山,流山中央,122203,千葉県,流山市,流山８丁目,2023-12-16,18,その他,駐車（輪）場,10歳代,高校生,施錠せず
窃盗,自転車盗,流山,流山中央,122203,千葉県,流山市,流山９丁目,2023-02-02,07,その他,駐車（輪）場,10歳代,高校生,施錠せず
窃盗,自転車盗,流山,流山中央,122203,千葉県,流山市,流山９丁目,2023-03-04,12,その他,駐車（輪）場,10歳代,中学生,施錠せず
窃盗,自転車盗,流山,流山中央,122203,千葉県,流山市,流山９丁目,2023-03-11,20,その他,駐車（輪）場,20歳代,その他,施錠せず
窃盗,自転車盗,流山,流山中央,122203,千葉県,流山市,流山９丁目,2023-03-31,22,その他の住宅（３階建て以下共同住宅等）,駐車（輪）場,10歳代,中学生,施錠せず
窃盗,自転車盗,流山,流山中央,122203,千葉県,流山市,流山９丁目,2023-06-28,01,道路上,その他,10歳代,中学生,施錠した
窃盗,自転車盗,流山,流山中央,122203,千葉県,流山市,流山９丁目,2023-09-14,07,その他,駐車（輪）場,10歳代,高校生,施錠せず
窃盗,自転車盗,流山,流山中央,122203,千葉県,流山市,平和台３丁目,2023-03-11,09,４階建て以上共同住宅,駐車（輪）場,10歳代,大学生,施錠した
窃盗,自転車盗,流山,流山中央,122203,千葉県,流山市,平和台３丁目,2023-05-23,17,その他,駐車（輪）場,20歳代,大学生,施錠せず
窃盗,自転車盗,流山,流山中央,122203,千葉県,流山市,平和台４丁目,2023-01-20,21,その他の住宅（３階建て以下共同住宅等）,駐車（輪）場,40歳代,その他,施錠せず
窃盗,自転車盗,流山,流山中央,122203,千葉県,流山市,南流山１丁目,2023-05-04,15,その他,駐車（輪）場,20歳代,その他,施錠せず
窃盗,自転車盗,流山,流山中央,122203,千葉県,流山市,大字三輪野山,2023-10-21,11,その他の住宅（３階建て以下共同住宅等）,駐車（輪）場,30歳代,その他,施錠せず
窃盗,自転車盗,流山,流山中央,122203,千葉県,流山市,加１丁目,2023-01-02,01,一戸建住宅,駐車（輪）場,10歳代,中学生,施錠せず
窃盗,自転車盗,流山,流山中央,122203,千葉県,流山市,加１丁目,2023-05-06,18,その他,駐車（輪）場,30歳代,その他,施錠せず
窃盗,自転車盗,流山,流山中央,122203,千葉県,流山市,加３丁目,2023-03-07,20,４階建て以上共同住宅,駐車（輪）場,40歳代,その他,施錠した
窃盗,自転車盗,流山,流山中央,122203,千葉県,流山市,加３丁目,2023-04-18,20,４階建て以上共同住宅,駐車（輪）場,10歳代,高校生,施錠した
窃盗,自転車盗,流山,流山中央,122203,千葉県,流山市,加３丁目,2023-05-08,20,その他の住宅（３階建て以下共同住宅等）,駐車（輪）場,20歳代,その他,施錠せず
窃盗,自転車盗,流山,流山中央,122203,千葉県,流山市,加４丁目,2023-02-01,08,その他,駐車（輪）場,50歳代,その他,施錠せず
窃盗,自転車盗,流山,流山中央,122203,千葉県,流山市,加４丁目,2023-05-04,21,その他の住宅（３階建て以下共同住宅等）,駐車（輪）場,10歳代,高校生,施錠せず
窃盗,自転車盗,流山,流山中央,122203,千葉県,流山市,加５丁目,2023-08-02,16,一戸建住宅,その他,50歳代,その他,施錠せず
窃盗,自転車盗,流山,流山中央,122203,千葉県,流山市,三輪野山１丁目,2023-07-01,20,道路上,その他,20歳代,その他,施錠せず
窃盗,自転車盗,流山,流山中央,122203,千葉県,流山市,三輪野山２丁目,2023-03-10,18,４階建て以上共同住宅,駐車（輪）場,50歳代,その他,施錠せず
窃盗,自転車盗,流山,流山中央,122203,千葉県,流山市,三輪野山２丁目,2023-04-13,22,道路上,その他,10歳代,大学生,施錠せず
窃盗,自転車盗,流山,流山中央,122203,千葉県,流山市,三輪野山２丁目,2023-07-01,14,一戸建住宅,その他,65-69歳,その他,施錠せず
窃盗,自転車盗,流山,流山中央,122203,千葉県,流山市,三輪野山２丁目,2023-09-30,18,その他の住宅（３階建て以下共同住宅等）,駐車（輪）場,10歳代,小学生,施錠せず
窃盗,自転車盗,流山,流山中央,122203,千葉県,流山市,三輪野山３丁目,2023-03-22,05,その他,その他,50歳代,その他,施錠せず
窃盗,自転車盗,流山,流山中央,122203,千葉県,流山市,三輪野山４丁目,2023-05-11,06,一戸建住宅,駐車（輪）場,50歳代,その他,施錠した
窃盗,自転車盗,流山,流山中央,122203,千葉県,流山市,三輪野山５丁目,2023-02-01,18,一戸建住宅,駐車（輪）場,10歳代,高校生,施錠した
窃盗,自転車盗,流山,運河,122203,千葉県,流山市,大字西平井,2023-02-19,20,一戸建住宅,その他,40歳代,その他,施錠せず
窃盗,自転車盗,流山,運河,122203,千葉県,流山市,大字西深井,2023-08-05,22,その他の住宅（３階建て以下共同住宅等）,駐車（輪）場,20歳代,大学生,施錠した
窃盗,自転車盗,流山,運河,122203,千葉県,流山市,大字西深井,2023-10-02,00,その他の住宅（３階建て以下共同住宅等）,駐車（輪）場,10歳代,大学生,施錠した
窃盗,自転車盗,流山,運河,122203,千葉県,流山市,大字西深井,2023-11-17,18,その他の住宅（３階建て以下共同住宅等）,駐車（輪）場,20歳代,大学生,施錠せず
窃盗,自転車盗,流山,運河,122203,千葉県,流山市,大字東深井,2022-12-25,12,駐車（輪）場,駐車（輪）場,20歳代,大学生,施錠せず
窃盗,自転車盗,流山,運河,122203,千葉県,流山市,大字東深井,2023-01-05,06,駐車（輪）場,駐車（輪）場,50歳代,その他,施錠した
窃盗,自転車盗,流山,運河,122203,千葉県,流山市,大字東深井,2023-01-12,14,その他の住宅（３階建て以下共同住宅等）,駐車（輪）場,20歳代,大学生,施錠せず
窃盗,自転車盗,流山,運河,122203,千葉県,流山市,大字東深井,2023-01-27,14,その他の住宅（３階建て以下共同住宅等）,駐車（輪）場,10歳代,大学生,施錠した
窃盗,自転車盗,流山,運河,122203,千葉県,流山市,大字東深井,2023-02-04,06,駐車（輪）場,駐車（輪）場,50歳代,その他,施錠せず
窃盗,自転車盗,流山,運河,122203,千葉県,流山市,大字東深井,2023-02-07,06,駐車（輪）場,駐車（輪）場,20歳代,その他,施錠せず
窃盗,自転車盗,流山,運河,122203,千葉県,流山市,大字東深井,2023-02-08,07,駐車（輪）場,駐車（輪）場,10歳代,高校生,施錠せず
窃盗,自転車盗,流山,運河,122203,千葉県,流山市,大字東深井,2023-02-20,17,その他,その他,10歳代,高校生,施錠せず
窃盗,自転車盗,流山,運河,122203,千葉県,流山市,大字東深井,2023-02-20,18,その他の住宅（３階建て以下共同住宅等）,その他,20歳代,大学生,施錠せず
窃盗,自転車盗,流山,運河,122203,千葉県,流山市,大字東深井,2023-02-26,12,駐車（輪）場,駐車（輪）場,10歳代,大学生,施錠せず
窃盗,自転車盗,流山,運河,122203,千葉県,流山市,大字東深井,2023-04-02,06,その他,駐車（輪）場,10歳代,高校生,施錠せず
窃盗,自転車盗,流山,運河,122203,千葉県,流山市,大字東深井,2023-04-06,14,駐車（輪）場,駐車（輪）場,10歳代,高校生,施錠した
窃盗,自転車盗,流山,運河,122203,千葉県,流山市,大字東深井,2023-06-16,19,その他の住宅（３階建て以下共同住宅等）,駐車（輪）場,20歳代,大学生,施錠した
窃盗,自転車盗,流山,運河,122203,千葉県,流山市,大字東深井,2023-06-24,17,道路上,その他,20歳代,大学生,施錠した
窃盗,自転車盗,流山,運河,122203,千葉県,流山市,大字東深井,2023-07-11,15,一戸建住宅,駐車（輪）場,50歳代,その他,施錠せず
窃盗,自転車盗,流山,運河,122203,千葉県,流山市,大字東深井,2023-07-12,09,その他,駐車（輪）場,10歳代,高校生,施錠せず
窃盗,自転車盗,流山,運河,122203,千葉県,流山市,大字東深井,2023-07-22,00,その他の住宅（３階建て以下共同住宅等）,駐車（輪）場,20歳代,大学生,施錠せず
窃盗,自転車盗,流山,運河,122203,千葉県,流山市,大字東深井,2023-07-25,23,その他の住宅（３階建て以下共同住宅等）,駐車（輪）場,20歳代,その他,施錠せず
窃盗,自転車盗,流山,運河,122203,千葉県,流山市,大字東深井,2023-07-29,13,その他,その他,30歳代,その他,施錠せず
窃盗,自転車盗,流山,運河,122203,千葉県,流山市,大字東深井,2023-08-06,11,その他の住宅（３階建て以下共同住宅等）,駐車（輪）場,10歳代,大学生,施錠した
窃盗,自転車盗,流山,運河,122203,千葉県,流山市,大字東深井,2023-09-09,19,駐車（輪）場,駐車（輪）場,10歳代,高校生,施錠した
窃盗,自転車盗,流山,運河,122203,千葉県,流山市,大字東深井,2023-09-21,17,その他,駐車（輪）場,40歳代,その他,施錠せず
窃盗,自転車盗,流山,運河,122203,千葉県,流山市,大字東深井,2023-10-07,09,駐車（輪）場,駐車（輪）場,70歳以上,その他,施錠した
窃盗,自転車盗,流山,運河,122203,千葉県,流山市,大字東深井,2023-10-13,22,駐車（輪）場,駐車（輪）場,20歳代,大学生,施錠せず
窃盗,自転車盗,流山,運河,122203,千葉県,流山市,大字東深井,2023-11-04,20,駐車（輪）場,駐車（輪）場,10歳代,高校生,施錠せず
窃盗,自転車盗,流山,運河,122203,千葉県,流山市,大字東深井,2023-11-10,20,その他,駐車（輪）場,10歳代,高校生,施錠した
窃盗,自転車盗,流山,運河,122203,千葉県,流山市,大字東深井,2023-11-21,15,駐車（輪）場,駐車（輪）場,10歳代,中学生,施錠せず
窃盗,自転車盗,流山,運河,122203,千葉県,流山市,大字東深井,2023-11-22,19,その他,駐車（輪）場,10歳代,高校生,施錠せず
窃盗,自転車盗,流山,運河,122203,千葉県,流山市,大字東深井,2023-11-29,20,駐車（輪）場,駐車（輪）場,10歳代,高校生,施錠せず
窃盗,自転車盗,流山,運河,122203,千葉県,流山市,大字東深井,2023-12-07,02,その他の住宅（３階建て以下共同住宅等）,駐車（輪）場,20歳代,大学生,施錠せず
窃盗,自転車盗,流山,鰭ケ崎,122203,千葉県,流山市,思井１丁目,2023-10-21,21,一戸建住宅,駐車（輪）場,20歳代,その他,施錠せず
窃盗,自転車盗,流山,鰭ケ崎,122203,千葉県,流山市,宮園１丁目,2023-11-05,17,その他の住宅（３階建て以下共同住宅等）,駐車（輪）場,10歳代,小学生,施錠せず
窃盗,自転車盗,千葉東,みつわ台,121045,千葉県,千葉市若葉区,殿台町,2023-03-06,20,一戸建住宅,駐車（輪）場,20歳代,その他,施錠した
窃盗,自転車盗,千葉東,みつわ台,121045,千葉県,千葉市若葉区,殿台町,2023-05-31,16,その他の住宅（３階建て以下共同住宅等）,駐車（輪）場,10歳代,高校生,施錠せず
窃盗,自転車盗,千葉東,みつわ台,121045,千葉県,千葉市若葉区,殿台町,2023-08-21,17,その他の住宅（３階建て以下共同住宅等）,駐車（輪）場,10歳代,高校生,施錠した
窃盗,自転車盗,千葉東,みつわ台,121045,千葉県,千葉市若葉区,殿台町,不明,不明,その他の住宅（３階建て以下共同住宅等）,駐車（輪）場,40歳代,その他,施錠せず
窃盗,自転車盗,千葉東,みつわ台,121045,千葉県,千葉市若葉区,東寺山町,2023-06-21,19,４階建て以上共同住宅,駐車（輪）場,10歳代,高校生,施錠せず
窃盗,自転車盗,千葉東,みつわ台,121045,千葉県,千葉市若葉区,東寺山町,2023-10-13,20,４階建て以上共同住宅,駐車（輪）場,10歳代,高校生,施錠した
窃盗,自転車盗,千葉東,みつわ台,121045,千葉県,千葉市若葉区,東寺山町,2023-11-19,22,その他,駐車（輪）場,20歳代,大学生,施錠せず
窃盗,自転車盗,千葉東,みつわ台,121045,千葉県,千葉市若葉区,東寺山町,不明,不明,その他の住宅（３階建て以下共同住宅等）,駐車（輪）場,10歳代,中学生,施錠せず
窃盗,自転車盗,千葉東,みつわ台,121045,千葉県,千葉市若葉区,みつわ台１丁目,2023-02-21,00,道路上,その他,10歳代,高校生,施錠せず
窃盗,自転車盗,千葉東,みつわ台,121045,千葉県,千葉市若葉区,みつわ台１丁目,2023-04-14,23,一戸建住宅,その他,20歳代,その他,施錠せず
窃盗,自転車盗,千葉東,みつわ台,121045,千葉県,千葉市若葉区,みつわ台１丁目,2023-04-19,19,一戸建住宅,その他,20歳代,その他,施錠せず
窃盗,自転車盗,千葉東,みつわ台,121045,千葉県,千葉市若葉区,みつわ台１丁目,2023-07-24,12,その他の住宅（３階建て以下共同住宅等）,駐車（輪）場,50歳代,その他,施錠した
窃盗,自転車盗,千葉東,みつわ台,121045,千葉県,千葉市若葉区,みつわ台１丁目,2023-08-28,21,その他の住宅（３階建て以下共同住宅等）,駐車（輪）場,40歳代,その他,施錠せず
窃盗,自転車盗,千葉東,みつわ台,121045,千葉県,千葉市若葉区,みつわ台２丁目,2023-04-09,11,４階建て以上共同住宅,その他,20歳代,その他,施錠せず
窃盗,自転車盗,千葉東,みつわ台,121045,千葉県,千葉市若葉区,みつわ台２丁目,2023-04-25,07,道路上,その他,30歳代,その他,施錠した
窃盗,自転車盗,千葉東,みつわ台,121045,千葉県,千葉市若葉区,みつわ台２丁目,2023-07-11,16,その他の住宅（３階建て以下共同住宅等）,駐車（輪）場,65-69歳,その他,施錠せず
窃盗,自転車盗,千葉東,みつわ台,121045,千葉県,千葉市若葉区,みつわ台２丁目,2023-08-17,20,その他の住宅（３階建て以下共同住宅等）,駐車（輪）場,20歳代,その他,施錠せず
窃盗,自転車盗,千葉東,みつわ台,121045,千葉県,千葉市若葉区,みつわ台２丁目,2023-10-28,10,駐車（輪）場,駐車（輪）場,10歳代,高校生,施錠した
窃盗,自転車盗,千葉東,みつわ台,121045,千葉県,千葉市若葉区,みつわ台３丁目,2023-02-28,17,４階建て以上共同住宅,その他,10歳代,中学生,施錠した
窃盗,自転車盗,千葉東,みつわ台,121045,千葉県,千葉市若葉区,みつわ台３丁目,2023-04-02,15,道路上,その他,10歳代,高校生,施錠せず
窃盗,自転車盗,千葉東,みつわ台,121045,千葉県,千葉市若葉区,みつわ台３丁目,2023-06-12,17,４階建て以上共同住宅,その他,40歳代,その他,施錠した
窃盗,自転車盗,千葉東,みつわ台,121045,千葉県,千葉市若葉区,みつわ台３丁目,2023-08-02,12,その他,その他,40歳代,その他,施錠せず
窃盗,自転車盗,千葉東,みつわ台,121045,千葉県,千葉市若葉区,みつわ台３丁目,2023-09-12,13,道路上,その他,10歳代,小学生,施錠した
窃盗,自転車盗,千葉東,みつわ台,121045,千葉県,千葉市若葉区,みつわ台３丁目,2023-09-22,08,その他,駐車（輪）場,10歳代,高校生,施錠せず
窃盗,自転車盗,千葉東,みつわ台,121045,千葉県,千葉市若葉区,みつわ台３丁目,2023-10-11,22,４階建て以上共同住宅,駐車（輪）場,10歳代,高校生,施錠せず
窃盗,自転車盗,千葉東,みつわ台,121045,千葉県,千葉市若葉区,みつわ台５丁目,2023-02-11,21,その他の住宅（３階建て以下共同住宅等）,駐車（輪）場,10歳代,中学生,施錠した
窃盗,自転車盗,千葉東,みつわ台,121045,千葉県,千葉市若葉区,源町,2023-06-17,15,その他の住宅（３階建て以下共同住宅等）,その他,40歳代,その他,施錠せず
窃盗,自転車盗,千葉東,千城台,121045,千葉県,千葉市若葉区,御成台４丁目,2023-09-22,08,その他,駐車（輪）場,10歳代,大学生,施錠した
窃盗,自転車盗,千葉東,千城台,121045,千葉県,千葉市若葉区,千城台北１丁目,2023-01-23,07,駐車（輪）場,駐車（輪）場,20歳代,大学生,施錠せず
窃盗,自転車盗,千葉東,千城台,121045,千葉県,千葉市若葉区,千城台北１丁目,2023-02-14,07,駐車（輪）場,駐車（輪）場,10歳代,高校生,施錠せず
窃盗,自転車盗,千葉東,千城台,121045,千葉県,千葉市若葉区,千城台北１丁目,2023-05-10,07,道路上,その他,10歳代,高校生,施錠した
窃盗,自転車盗,千葉東,千城台,121045,千葉県,千葉市若葉区,千城台北１丁目,2023-05-27,07,駐車（輪）場,駐車（輪）場,10歳代,高校生,施錠せず
窃盗,自転車盗,千葉東,千城台,121045,千葉県,千葉市若葉区,千城台北１丁目,2023-08-15,09,駐車（輪）場,駐車（輪）場,20歳代,その他,施錠した
窃盗,自転車盗,千葉東,千城台,121045,千葉県,千葉市若葉区,千城台北２丁目,2023-08-08,09,４階建て以上共同住宅,駐車（輪）場,10歳代,その他,施錠した
窃盗,自転車盗,千葉東,千城台,121045,千葉県,千葉市若葉区,千城台北３丁目,2023-02-21,16,その他,駐車（輪）場,10歳代,小学生,施錠せず
窃盗,自転車盗,千葉東,千城台,121045,千葉県,千葉市若葉区,千城台北３丁目,2023-03-01,07,その他,駐車（輪）場,20歳代,その他,施錠した
窃盗,自転車盗,千葉東,千城台,121045,千葉県,千葉市若葉区,千城台北３丁目,2023-03-05,06,駐車（輪）場,駐車（輪）場,65-69歳,その他,施錠せず
窃盗,自転車盗,千葉東,千城台,121045,千葉県,千葉市若葉区,千城台北３丁目,2023-04-28,07,道路上,その他,10歳代,高校生,施錠せず
窃盗,自転車盗,千葉東,千城台,121045,千葉県,千葉市若葉区,千城台北３丁目,2023-06-06,16,その他,駐車（輪）場,10歳代,中学生,施錠せず
窃盗,自転車盗,千葉東,千城台,121045,千葉県,千葉市若葉区,千城台北３丁目,2023-07-19,11,その他,駐車（輪）場,10歳代,中学生,施錠せず
窃盗,自転車盗,千葉東,千城台,121045,千葉県,千葉市若葉区,千城台北３丁目,2023-07-22,12,その他,駐車（輪）場,10歳代,高校生,施錠した
窃盗,自転車盗,千葉東,千城台,121045,千葉県,千葉市若葉区,千城台北３丁目,2023-08-23,08,その他,駐車（輪）場,20歳代,その他,施錠せず
窃盗,自転車盗,千葉東,千城台,121045,千葉県,千葉市若葉区,千城台北３丁目,2023-08-23,14,その他,駐車（輪）場,10歳代,その他,施錠せず
窃盗,自転車盗,千葉東,千城台,121045,千葉県,千葉市若葉区,千城台北３丁目,2023-10-02,14,その他,その他,10歳代,高校生,施錠せず
窃盗,自転車盗,千葉東,千城台,121045,千葉県,千葉市若葉区,千城台北３丁目,2023-10-11,13,その他,駐車（輪）場,10歳代,中学生,施錠せず
窃盗,自転車盗,千葉東,千城台,121045,千葉県,千葉市若葉区,千城台北３丁目,2023-11-20,17,その他,駐車（輪）場,10歳代,高校生,施錠した
窃盗,自転車盗,千葉東,千城台,121045,千葉県,千葉市若葉区,千城台北３丁目,2023-12-01,16,その他,駐車（輪）場,10歳代,高校生,施錠せず
窃盗,自転車盗,千葉東,千城台,121045,千葉県,千葉市若葉区,千城台北３丁目,2023-12-04,16,その他,駐車（輪）場,10歳代,中学生,施錠した
窃盗,自転車盗,千葉東,千城台,121045,千葉県,千葉市若葉区,千城台北３丁目,2023-12-12,12,その他,駐車（輪）場,10歳代,大学生,施錠せず
窃盗,自転車盗,千葉東,千城台,121045,千葉県,千葉市若葉区,千城台北３丁目,2023-12-15,09,その他,駐車（輪）場,20歳代,大学生,施錠した
窃盗,自転車盗,千葉東,千城台,121045,千葉県,千葉市若葉区,千城台北３丁目,不明,不明,道路上,その他,10歳代,高校生,施錠せず
窃盗,自転車盗,千葉東,千城台,121045,千葉県,千葉市若葉区,千城台北４丁目,不明,不明,その他の住宅（３階建て以下共同住宅等）,駐車（輪）場,20歳代,大学生,施錠した
窃盗,自転車盗,千葉東,千城台,121045,千葉県,千葉市若葉区,千城台西２丁目,2023-07-23,19,一戸建住宅,その他,40歳代,その他,施錠した
窃盗,自転車盗,千葉東,千城台,121045,千葉県,千葉市若葉区,千城台西３丁目,2023-07-20,20,４階建て以上共同住宅,駐車（輪）場,10歳代,中学生,施錠せず
窃盗,自転車盗,千葉東,千城台,121045,千葉県,千葉市若葉区,千城台西３丁目,2023-12-07,18,４階建て以上共同住宅,駐車（輪）場,10歳代,中学生,施錠した
窃盗,自転車盗,千葉東,千城台,121045,千葉県,千葉市若葉区,千城台東１丁目,2023-03-11,10,４階建て以上共同住宅,駐車（輪）場,20歳代,その他,施錠せず
窃盗,自転車盗,千葉東,千城台,121045,千葉県,千葉市若葉区,千城台東３丁目,2023-06-12,13,４階建て以上共同住宅,駐車（輪）場,10歳代,高校生,施錠せず
窃盗,自転車盗,千葉東,千城台,121045,千葉県,千葉市若葉区,千城台東３丁目,2023-07-11,13,その他,その他,10歳代,高校生,施錠せず
窃盗,自転車盗,千葉東,千城台,121045,千葉県,千葉市若葉区,千城台東３丁目,2023-07-12,02,その他の住宅（３階建て以下共同住宅等）,駐車（輪）場,20歳代,その他,施錠せず
窃盗,自転車盗,千葉東,千城台,121045,千葉県,千葉市若葉区,千城台南４丁目,2023-06-26,07,その他の住宅（３階建て以下共同住宅等）,駐車（輪）場,10歳代,中学生,施錠せず
窃盗,自転車盗,千葉東,大宮,121045,千葉県,千葉市若葉区,小倉台６丁目,2023-02-27,18,その他,駐車（輪）場,40歳代,その他,施錠せず
窃盗,自転車盗,千葉東,小倉,121045,千葉県,千葉市若葉区,小倉台３丁目,2023-06-19,12,その他,駐車（輪）場,50歳代,その他,施錠せず
窃盗,自転車盗,千葉東,小倉,121045,千葉県,千葉市若葉区,小倉台３丁目,2023-09-22,07,駐車（輪）場,駐車（輪）場,10歳代,高校生,施錠した
窃盗,自転車盗,千葉東,小倉,121045,千葉県,千葉市若葉区,小倉台４丁目,2023-01-04,13,その他,その他,70歳以上,その他,施錠せず
窃盗,自転車盗,千葉東,小倉,121045,千葉県,千葉市若葉区,小倉台４丁目,2023-03-31,09,道路上,その他,40歳代,その他,施錠せず
窃盗,自転車盗,千葉東,小倉,121045,千葉県,千葉市若葉区,小倉台４丁目,2023-05-17,07,駐車（輪）場,駐車（輪）場,10歳代,高校生,施錠した
窃盗,自転車盗,千葉東,小倉,121045,千葉県,千葉市若葉区,小倉台４丁目,2023-07-04,08,駐車（輪）場,駐車（輪）場,10歳代,その他,施錠せず
窃盗,自転車盗,千葉東,小倉,121045,千葉県,千葉市若葉区,小倉台４丁目,2023-08-10,10,駐車（輪）場,駐車（輪）場,10歳代,高校生,施錠せず
窃盗,自転車盗,千葉東,小倉,121045,千葉県,千葉市若葉区,小倉台４丁目,2023-08-21,12,駐車（輪）場,駐車（輪）場,10歳代,高校生,施錠せず
窃盗,自転車盗,千葉東,小倉,121045,千葉県,千葉市若葉区,小倉台４丁目,2023-09-21,06,その他,駐車（輪）場,20歳代,その他,施錠せず
窃盗,自転車盗,千葉東,小倉,121045,千葉県,千葉市若葉区,小倉台４丁目,2023-10-05,06,駐車（輪）場,駐車（輪）場,20歳代,その他,施錠せず
窃盗,自転車盗,千葉東,小倉,121045,千葉県,千葉市若葉区,小倉台４丁目,2023-10-26,07,駐車（輪）場,駐車（輪）場,10歳代,高校生,施錠した
窃盗,自転車盗,千葉東,小倉,121045,千葉県,千葉市若葉区,小倉台４丁目,2023-11-20,16,駐車（輪）場,駐車（輪）場,10歳代,大学生,施錠した
窃盗,自転車盗,千葉東,小倉,121045,千葉県,千葉市若葉区,小倉台４丁目,2023-11-29,07,その他,駐車（輪）場,10歳代,高校生,施錠せず
窃盗,自転車盗,千葉東,小倉,121045,千葉県,千葉市若葉区,小倉台４丁目,2023-12-08,07,駐車（輪）場,駐車（輪）場,10歳代,その他,施錠した
窃盗,自転車盗,千葉東,小倉,121045,千葉県,千葉市若葉区,小倉台５丁目,2023-03-12,20,４階建て以上共同住宅,駐車（輪）場,10歳代,中学生,施錠した
窃盗,自転車盗,千葉東,小倉,121045,千葉県,千葉市若葉区,小倉町,2022-12-24,17,その他,その他,10歳代,高校生,施錠せず
窃盗,自転車盗,千葉東,小倉,121045,千葉県,千葉市若葉区,小倉町,2023-02-20,07,一戸建住宅,駐車（輪）場,10歳代,中学生,施錠せず
窃盗,自転車盗,千葉東,小倉,121045,千葉県,千葉市若葉区,小倉町,2023-03-13,19,一戸建住宅,その他,50歳代,その他,施錠した
窃盗,自転車盗,千葉東,小倉,121045,千葉県,千葉市若葉区,加曽利町,2023-09-15,17,その他の住宅（３階建て以下共同住宅等）,駐車（輪）場,10歳代,小学生,施錠せず
窃盗,自転車盗,千葉東,小倉,121045,千葉県,千葉市若葉区,加曽利町,2023-09-19,19,その他の住宅（３階建て以下共同住宅等）,その他,10歳代,その他,施錠せず
窃盗,自転車盗,千葉東,小倉,121045,千葉県,千葉市若葉区,加曽利町,2023-11-10,09,その他の住宅（３階建て以下共同住宅等）,駐車（輪）場,50歳代,その他,施錠した
窃盗,自転車盗,千葉東,桜木,121045,千葉県,千葉市若葉区,貝塚町,2023-01-25,09,一戸建住宅,その他,40歳代,その他,施錠せず
窃盗,自転車盗,千葉東,桜木,121045,千葉県,千葉市若葉区,貝塚町,2023-02-11,23,その他の住宅（３階建て以下共同住宅等）,駐車（輪）場,20歳代,その他,施錠せず
窃盗,自転車盗,千葉東,桜木,121045,千葉県,千葉市若葉区,貝塚町,2023-05-06,20,その他の住宅（３階建て以下共同住宅等）,その他,50歳代,その他,施錠せず
窃盗,自転車盗,千葉東,桜木,121045,千葉県,千葉市若葉区,貝塚町,2023-05-21,12,４階建て以上共同住宅,駐車（輪）場,65-69歳,その他,施錠せず
窃盗,自転車盗,千葉東,桜木,121045,千葉県,千葉市若葉区,貝塚町,2023-07-09,21,その他の住宅（３階建て以下共同住宅等）,駐車（輪）場,30歳代,その他,施錠した
窃盗,自転車盗,千葉東,桜木,121045,千葉県,千葉市若葉区,貝塚町,2023-07-11,20,その他の住宅（３階建て以下共同住宅等）,駐車（輪）場,20歳代,その他,施錠した
窃盗,自転車盗,千葉東,桜木,121045,千葉県,千葉市若葉区,貝塚町,2023-07-13,13,道路上,その他,10歳代,大学生,施錠せず
窃盗,自転車盗,千葉東,桜木,121045,千葉県,千葉市若葉区,貝塚町,2023-09-16,00,その他の住宅（３階建て以下共同住宅等）,その他,30歳代,その他,施錠した
窃盗,自転車盗,千葉東,桜木,121045,千葉県,千葉市若葉区,貝塚町,2023-09-30,13,一戸建住宅,駐車（輪）場,10歳代,中学生,施錠せず
窃盗,自転車盗,千葉東,桜木,121045,千葉県,千葉市若葉区,貝塚町,2023-10-15,02,その他の住宅（３階建て以下共同住宅等）,駐車（輪）場,10歳代,その他,施錠せず
窃盗,自転車盗,千葉東,桜木,121045,千葉県,千葉市若葉区,貝塚町,2023-10-31,17,その他の住宅（３階建て以下共同住宅等）,駐車（輪）場,20歳代,その他,施錠せず
窃盗,自転車盗,千葉東,桜木,121045,千葉県,千葉市若葉区,貝塚町,2023-11-22,15,４階建て以上共同住宅,駐車（輪）場,10歳代,高校生,施錠せず
窃盗,自転車盗,千葉東,桜木,121045,千葉県,千葉市若葉区,貝塚町,2023-11-25,10,一戸建住宅,駐車（輪）場,20歳代,その他,施錠した
窃盗,自転車盗,千葉東,桜木,121045,千葉県,千葉市若葉区,桜木１丁目,2022-12-15,19,道路上,その他,10歳代,その他,施錠せず
窃盗,自転車盗,千葉東,桜木,121045,千葉県,千葉市若葉区,桜木１丁目,2023-04-02,21,その他の住宅（３階建て以下共同住宅等）,その他,20歳代,大学生,施錠した
窃盗,自転車盗,千葉東,桜木,121045,千葉県,千葉市若葉区,桜木２丁目,2023-07-23,22,その他の住宅（３階建て以下共同住宅等）,駐車（輪）場,10歳代,高校生,施錠した
窃盗,自転車盗,千葉東,桜木,121045,千葉県,千葉市若葉区,桜木３丁目,2023-11-14,21,一戸建住宅,駐車（輪）場,10歳代,中学生,施錠せず
窃盗,自転車盗,千葉東,桜木,121045,千葉県,千葉市若葉区,桜木４丁目,2023-07-21,21,一戸建住宅,駐車（輪）場,10歳代,中学生,施錠せず
窃盗,自転車盗,千葉東,桜木,121045,千葉県,千葉市若葉区,桜木５丁目,2023-08-30,22,４階建て以上共同住宅,駐車（輪）場,30歳代,その他,施錠した
窃盗,自転車盗,千葉東,桜木,121045,千葉県,千葉市若葉区,桜木６丁目,2023-02-06,21,その他の住宅（３階建て以下共同住宅等）,駐車（輪）場,40歳代,その他,施錠した
窃盗,自転車盗,千葉東,桜木,121045,千葉県,千葉市若葉区,桜木６丁目,2023-07-15,20,その他の住宅（３階建て以下共同住宅等）,駐車（輪）場,30歳代,その他,施錠せず
窃盗,自転車盗,千葉東,桜木,121045,千葉県,千葉市若葉区,桜木７丁目,2023-01-16,07,駐車（輪）場,駐車（輪）場,10歳代,高校生,施錠した
窃盗,自転車盗,千葉東,桜木,121045,千葉県,千葉市若葉区,桜木７丁目,2023-03-20,12,その他,駐車（輪）場,10歳代,高校生,施錠せず
窃盗,自転車盗,千葉東,桜木,121045,千葉県,千葉市若葉区,桜木７丁目,2023-04-08,11,駐車（輪）場,駐車（輪）場,20歳代,その他,施錠せず
窃盗,自転車盗,千葉東,桜木,121045,千葉県,千葉市若葉区,桜木７丁目,2023-06-26,07,道路上,その他,10歳代,高校生,施錠せず
窃盗,自転車盗,千葉東,桜木,121045,千葉県,千葉市若葉区,桜木７丁目,2023-07-03,06,駐車（輪）場,駐車（輪）場,10歳代,高校生,施錠せず
窃盗,自転車盗,千葉東,桜木,121045,千葉県,千葉市若葉区,桜木７丁目,2023-07-16,19,駐車（輪）場,駐車（輪）場,20歳代,その他,施錠した
窃盗,自転車盗,千葉東,桜木,121045,千葉県,千葉市若葉区,桜木７丁目,2023-09-16,07,駐車（輪）場,駐車（輪）場,20歳代,その他,施錠せず
窃盗,自転車盗,千葉東,桜木,121045,千葉県,千葉市若葉区,桜木７丁目,2023-09-23,13,駐車（輪）場,駐車（輪）場,10歳代,中学生,施錠せず
窃盗,自転車盗,千葉東,桜木,121045,千葉県,千葉市若葉区,桜木７丁目,2023-10-04,07,駐車（輪）場,駐車（輪）場,20歳代,その他,施錠せず
窃盗,自転車盗,千葉東,桜木,121045,千葉県,千葉市若葉区,桜木７丁目,2023-11-08,13,一戸建住宅,駐車（輪）場,40歳代,その他,施錠せず
窃盗,自転車盗,千葉東,桜木,121045,千葉県,千葉市若葉区,桜木７丁目,2023-11-20,20,４階建て以上共同住宅,駐車（輪）場,10歳代,高校生,施錠せず
窃盗,自転車盗,千葉東,桜木,121045,千葉県,千葉市若葉区,桜木８丁目,2023-03-15,16,一戸建住宅,その他,10歳代,小学生,施錠せず
窃盗,自転車盗,千葉東,桜木,121045,千葉県,千葉市若葉区,桜木８丁目,2023-07-18,10,その他の住宅（３階建て以下共同住宅等）,駐車（輪）場,20歳代,その他,施錠した
窃盗,自転車盗,千葉東,桜木,121045,千葉県,千葉市若葉区,桜木８丁目,2023-12-13,17,その他,駐車（輪）場,10歳代,高校生,施錠せず
窃盗,自転車盗,千葉東,桜木,121045,千葉県,千葉市若葉区,桜木８丁目,2023-12-25,19,その他,駐車（輪）場,50歳代,その他,施錠した
窃盗,自転車盗,千葉東,桜木,121045,千葉県,千葉市若葉区,桜木北１丁目,2023-02-27,09,駐車（輪）場,駐車（輪）場,30歳代,その他,施錠した
窃盗,自転車盗,千葉東,桜木,121045,千葉県,千葉市若葉区,桜木北１丁目,2023-06-21,15,一戸建住宅,その他,10歳代,中学生,施錠せず
窃盗,自転車盗,千葉東,桜木,121045,千葉県,千葉市若葉区,桜木北１丁目,2023-10-31,19,その他,駐車（輪）場,30歳代,その他,施錠せず
窃盗,自転車盗,千葉東,桜木,121045,千葉県,千葉市若葉区,桜木北２丁目,2023-12-10,04,一戸建住宅,駐車（輪）場,50歳代,その他,施錠した
窃盗,自転車盗,千葉東,桜木,121045,千葉県,千葉市若葉区,桜木北３丁目,2023-03-08,15,その他,駐車（輪）場,10歳代,高校生,施錠せず
窃盗,自転車盗,千葉東,桜木,121045,千葉県,千葉市若葉区,桜木北３丁目,2023-12-06,20,その他,駐車（輪）場,10歳代,高校生,施錠せず
窃盗,自転車盗,千葉東,桜木,121045,千葉県,千葉市若葉区,貝塚２丁目,2023-08-03,18,その他の住宅（３階建て以下共同住宅等）,駐車（輪）場,20歳代,その他,施錠した
窃盗,自転車盗,千葉東,桜木,121045,千葉県,千葉市若葉区,貝塚２丁目,2023-10-12,10,その他の住宅（３階建て以下共同住宅等）,その他,50歳代,その他,施錠せず
窃盗,自転車盗,千葉東,若松,121045,千葉県,千葉市若葉区,愛生町,2023-02-02,06,その他,駐車（輪）場,20歳代,その他,施錠せず
窃盗,自転車盗,千葉東,若松,121045,千葉県,千葉市若葉区,都賀の台４丁目,2023-02-28,13,一戸建住宅,その他,10歳代,中学生,施錠せず
窃盗,自転車盗,千葉東,若松,121045,千葉県,千葉市若葉区,都賀の台４丁目,2023-03-10,15,一戸建住宅,駐車（輪）場,70歳以上,その他,施錠せず
窃盗,自転車盗,千葉東,若松,121045,千葉県,千葉市若葉区,都賀の台４丁目,2023-04-22,12,一戸建住宅,その他,40歳代,その他,施錠せず
窃盗,自転車盗,千葉東,若松,121045,千葉県,千葉市若葉区,都賀の台４丁目,2023-08-08,22,その他の住宅（３階建て以下共同住宅等）,駐車（輪）場,10歳代,中学生,施錠せず
窃盗,自転車盗,千葉東,若松,121045,千葉県,千葉市若葉区,若松町,2022-12-20,18,その他の住宅（３階建て以下共同住宅等）,その他,20歳代,大学生,施錠せず
窃盗,自転車盗,千葉東,若松,121045,千葉県,千葉市若葉区,若松町,2023-01-04,20,その他,駐車（輪）場,20歳代,大学生,施錠せず
窃盗,自転車盗,千葉東,若松,121045,千葉県,千葉市若葉区,若松町,2023-01-25,06,一戸建住宅,駐車（輪）場,50歳代,その他,施錠した
窃盗,自転車盗,千葉東,若松,121045,千葉県,千葉市若葉区,若松町,2023-03-01,08,その他,駐車（輪）場,10歳代,高校生,施錠せず
窃盗,自転車盗,千葉東,若松,121045,千葉県,千葉市若葉区,若松町,2023-04-11,17,その他,駐車（輪）場,10歳代,高校生,施錠した
窃盗,自転車盗,千葉東,若松,121045,千葉県,千葉市若葉区,若松町,2023-04-14,17,一戸建住宅,駐車（輪）場,20歳代,大学生,施錠せず
窃盗,自転車盗,千葉東,若松,121045,千葉県,千葉市若葉区,若松町,2023-05-11,08,その他の住宅（３階建て以下共同住宅等）,その他,50歳代,その他,施錠せず
窃盗,自転車盗,千葉東,若松,121045,千葉県,千葉市若葉区,若松町,2023-05-12,10,その他,駐車（輪）場,70歳以上,その他,施錠した
窃盗,自転車盗,千葉東,若松,121045,千葉県,千葉市若葉区,若松町,2023-05-14,08,一戸建住宅,駐車（輪）場,10歳代,中学生,施錠せず
窃盗,自転車盗,千葉東,若松,121045,千葉県,千葉市若葉区,若松町,2023-05-25,18,その他の住宅（３階建て以下共同住宅等）,駐車（輪）場,20歳代,その他,施錠せず
窃盗,自転車盗,千葉東,若松,121045,千葉県,千葉市若葉区,若松町,2023-06-23,08,その他,駐車（輪）場,10歳代,高校生,施錠せず
窃盗,自転車盗,千葉東,若松,121045,千葉県,千葉市若葉区,若松町,2023-07-12,18,４階建て以上共同住宅,駐車（輪）場,30歳代,その他,施錠せず
窃盗,自転車盗,千葉東,若松,121045,千葉県,千葉市若葉区,若松町,2023-07-16,16,その他の住宅（３階建て以下共同住宅等）,その他,30歳代,その他,施錠せず
窃盗,自転車盗,千葉東,若松,121045,千葉県,千葉市若葉区,若松町,2023-08-08,11,その他,駐車（輪）場,10歳代,高校生,施錠せず
窃盗,自転車盗,千葉東,若松,121045,千葉県,千葉市若葉区,若松町,2023-10-06,08,その他の住宅（３階建て以下共同住宅等）,駐車（輪）場,10歳代,高校生,施錠した
窃盗,自転車盗,千葉東,若松,121045,千葉県,千葉市若葉区,若松町,2023-10-19,13,道路上,その他,10歳代,中学生,施錠した
窃盗,自転車盗,千葉東,若松,121045,千葉県,千葉市若葉区,若松町,2023-11-27,21,４階建て以上共同住宅,駐車（輪）場,40歳代,その他,施錠せず
窃盗,自転車盗,千葉東,都賀,121045,千葉県,千葉市若葉区,高品町,2023-02-03,17,道路上,その他,40歳代,その他,施錠した
窃盗,自転車盗,千葉東,都賀,121045,千葉県,千葉市若葉区,高品町,2023-03-13,21,その他の住宅（３階建て以下共同住宅等）,駐車（輪）場,20歳代,その他,施錠せず
窃盗,自転車盗,千葉東,都賀,121045,千葉県,千葉市若葉区,高品町,2023-04-08,18,その他の住宅（３階建て以下共同住宅等）,駐車（輪）場,20歳代,その他,施錠せず
窃盗,自転車盗,千葉東,都賀,121045,千葉県,千葉市若葉区,都賀２丁目,2023-06-24,15,その他の住宅（３階建て以下共同住宅等）,駐車（輪）場,65-69歳,その他,施錠した
窃盗,自転車盗,千葉東,都賀,121045,千葉県,千葉市若葉区,都賀２丁目,2023-08-25,15,その他の住宅（３階建て以下共同住宅等）,駐車（輪）場,10歳代,高校生,施錠した
窃盗,自転車盗,千葉東,都賀,121045,千葉県,千葉市若葉区,都賀２丁目,2023-08-27,16,その他の住宅（３階建て以下共同住宅等）,駐車（輪）場,10歳代,中学生,施錠せず
窃盗,自転車盗,千葉東,都賀,121045,千葉県,千葉市若葉区,都賀２丁目,2023-12-21,16,その他,駐車（輪）場,10歳代,小学生,施錠した
窃盗,自転車盗,千葉東,都賀,121045,千葉県,千葉市若葉区,都賀３丁目,2022-12-29,12,駐車（輪）場,駐車（輪）場,20歳代,その他,施錠せず
窃盗,自転車盗,千葉東,都賀,121045,千葉県,千葉市若葉区,都賀３丁目,2023-01-03,15,駐車（輪）場,駐車（輪）場,20歳代,その他,施錠せず
窃盗,自転車盗,千葉東,都賀,121045,千葉県,千葉市若葉区,都賀３丁目,2023-01-04,12,駐車（輪）場,駐車（輪）場,10歳代,高校生,施錠した
窃盗,自転車盗,千葉東,都賀,121045,千葉県,千葉市若葉区,都賀３丁目,2023-01-04,17,駐車（輪）場,駐車（輪）場,20歳代,大学生,施錠せず
窃盗,自転車盗,千葉東,都賀,121045,千葉県,千葉市若葉区,都賀３丁目,2023-01-19,18,駐車（輪）場,駐車（輪）場,40歳代,その他,施錠せず
窃盗,自転車盗,千葉東,都賀,121045,千葉県,千葉市若葉区,都賀３丁目,2023-01-27,07,駐車（輪）場,駐車（輪）場,10歳代,大学生,施錠せず
窃盗,自転車盗,千葉東,都賀,121045,千葉県,千葉市若葉区,都賀３丁目,2023-01-30,06,駐車（輪）場,駐車（輪）場,30歳代,その他,施錠せず
窃盗,自転車盗,千葉東,都賀,121045,千葉県,千葉市若葉区,都賀３丁目,2023-01-31,07,駐車（輪）場,駐車（輪）場,20歳代,その他,施錠した
窃盗,自転車盗,千葉東,都賀,121045,千葉県,千葉市若葉区,都賀３丁目,2023-02-20,08,駐車（輪）場,駐車（輪）場,10歳代,高校生,施錠した
窃盗,自転車盗,千葉東,都賀,121045,千葉県,千葉市若葉区,都賀３丁目,2023-03-10,17,４階建て以上共同住宅,その他,50歳代,その他,施錠せず
窃盗,自転車盗,千葉東,都賀,121045,千葉県,千葉市若葉区,都賀３丁目,2023-03-15,07,駐車（輪）場,駐車（輪）場,10歳代,高校生,施錠せず
窃盗,自転車盗,千葉東,都賀,121045,千葉県,千葉市若葉区,都賀３丁目,2023-03-16,17,駐車（輪）場,駐車（輪）場,10歳代,高校生,施錠せず
窃盗,自転車盗,千葉東,都賀,121045,千葉県,千葉市若葉区,都賀３丁目,2023-03-29,12,駐車（輪）場,駐車（輪）場,20歳代,大学生,施錠せず
窃盗,自転車盗,千葉東,都賀,121045,千葉県,千葉市若葉区,都賀３丁目,2023-03-30,09,駐車（輪）場,駐車（輪）場,50歳代,その他,施錠せず
窃盗,自転車盗,千葉東,都賀,121045,千葉県,千葉市若葉区,都賀３丁目,2023-03-30,12,道路上,その他,10歳代,大学生,施錠せず
窃盗,自転車盗,千葉東,都賀,121045,千葉県,千葉市若葉区,都賀３丁目,2023-04-12,07,駐車（輪）場,駐車（輪）場,10歳代,大学生,施錠せず
窃盗,自転車盗,千葉東,都賀,121045,千葉県,千葉市若葉区,都賀３丁目,2023-04-17,15,道路上,その他,50歳代,その他,施錠せず
窃盗,自転車盗,千葉東,都賀,121045,千葉県,千葉市若葉区,都賀３丁目,2023-04-20,17,駐車（輪）場,駐車（輪）場,10歳代,大学生,施錠した
窃盗,自転車盗,千葉東,都賀,121045,千葉県,千葉市若葉区,都賀３丁目,2023-05-08,17,駐車（輪）場,駐車（輪）場,10歳代,中学生,施錠せず
窃盗,自転車盗,千葉東,都賀,121045,千葉県,千葉市若葉区,都賀３丁目,2023-05-18,07,駐車（輪）場,駐車（輪）場,10歳代,高校生,施錠せず
窃盗,自転車盗,千葉東,都賀,121045,千葉県,千葉市若葉区,都賀３丁目,2023-05-22,07,駐車（輪）場,駐車（輪）場,10歳代,高校生,施錠せず
窃盗,自転車盗,千葉東,都賀,121045,千葉県,千葉市若葉区,都賀３丁目,2023-06-09,07,駐車（輪）場,駐車（輪）場,10歳代,高校生,施錠した
窃盗,自転車盗,千葉東,都賀,121045,千葉県,千葉市若葉区,都賀３丁目,2023-06-16,12,駐車（輪）場,駐車（輪）場,10歳代,高校生,施錠せず
窃盗,自転車盗,千葉東,都賀,121045,千葉県,千葉市若葉区,都賀３丁目,2023-06-18,13,その他,駐車（輪）場,10歳代,中学生,施錠せず
窃盗,自転車盗,千葉東,都賀,121045,千葉県,千葉市若葉区,都賀３丁目,2023-06-27,07,駐車（輪）場,駐車（輪）場,10歳代,高校生,施錠した
窃盗,自転車盗,千葉東,都賀,121045,千葉県,千葉市若葉区,都賀３丁目,2023-06-29,07,駐車（輪）場,駐車（輪）場,10歳代,その他,施錠せず
窃盗,自転車盗,千葉東,都賀,121045,千葉県,千葉市若葉区,都賀３丁目,2023-06-30,07,その他,駐車（輪）場,20歳代,大学生,施錠せず
窃盗,自転車盗,千葉東,都賀,121045,千葉県,千葉市若葉区,都賀３丁目,2023-07-05,07,その他,駐車（輪）場,10歳代,高校生,施錠せず
窃盗,自転車盗,千葉東,都賀,121045,千葉県,千葉市若葉区,都賀３丁目,2023-07-06,09,その他,駐車（輪）場,20歳代,大学生,施錠せず
窃盗,自転車盗,千葉東,都賀,121045,千葉県,千葉市若葉区,都賀３丁目,2023-07-11,12,その他,駐車（輪）場,10歳代,高校生,施錠せず
窃盗,自転車盗,千葉東,都賀,121045,千葉県,千葉市若葉区,都賀３丁目,2023-07-11,23,その他,駐車（輪）場,20歳代,大学生,施錠せず
窃盗,自転車盗,千葉東,都賀,121045,千葉県,千葉市若葉区,都賀３丁目,2023-07-12,11,その他,駐車（輪）場,10歳代,大学生,施錠した
窃盗,自転車盗,千葉東,都賀,121045,千葉県,千葉市若葉区,都賀３丁目,2023-07-26,07,その他,駐車（輪）場,10歳代,高校生,施錠せず
窃盗,自転車盗,千葉東,都賀,121045,千葉県,千葉市若葉区,都賀３丁目,2023-08-12,05,駐車（輪）場,駐車（輪）場,20歳代,大学生,施錠した
窃盗,自転車盗,千葉東,都賀,121045,千葉県,千葉市若葉区,都賀３丁目,2023-08-16,07,その他,駐車（輪）場,30歳代,その他,施錠せず
窃盗,自転車盗,千葉東,都賀,121045,千葉県,千葉市若葉区,都賀３丁目,2023-08-18,04,駐車（輪）場,駐車（輪）場,40歳代,その他,施錠した
窃盗,自転車盗,千葉東,都賀,121045,千葉県,千葉市若葉区,都賀３丁目,2023-08-18,06,駐車（輪）場,駐車（輪）場,30歳代,その他,施錠せず
窃盗,自転車盗,千葉東,都賀,121045,千葉県,千葉市若葉区,都賀３丁目,2023-08-21,11,その他,駐車（輪）場,10歳代,高校生,施錠せず
窃盗,自転車盗,千葉東,都賀,121045,千葉県,千葉市若葉区,都賀３丁目,2023-08-23,16,駐車（輪）場,駐車（輪）場,10歳代,大学生,施錠した
窃盗,自転車盗,千葉東,都賀,121045,千葉県,千葉市若葉区,都賀３丁目,2023-08-23,19,駐車（輪）場,駐車（輪）場,20歳代,大学生,施錠した
窃盗,自転車盗,千葉東,都賀,121045,千葉県,千葉市若葉区,都賀３丁目,2023-08-27,10,駐車（輪）場,駐車（輪）場,20歳代,その他,施錠せず
窃盗,自転車盗,千葉東,都賀,121045,千葉県,千葉市若葉区,都賀３丁目,2023-09-14,08,駐車（輪）場,駐車（輪）場,20歳代,大学生,施錠した
窃盗,自転車盗,千葉東,都賀,121045,千葉県,千葉市若葉区,都賀３丁目,2023-09-23,12,駐車（輪）場,駐車（輪）場,10歳代,高校生,施錠せず
窃盗,自転車盗,千葉東,都賀,121045,千葉県,千葉市若葉区,都賀３丁目,2023-09-24,08,その他,駐車（輪）場,20歳代,その他,施錠した
窃盗,自転車盗,千葉東,都賀,121045,千葉県,千葉市若葉区,都賀３丁目,2023-09-27,22,道路上,その他,20歳代,その他,施錠した
窃盗,自転車盗,千葉東,都賀,121045,千葉県,千葉市若葉区,都賀３丁目,2023-09-29,09,駐車（輪）場,駐車（輪）場,10歳代,大学生,施錠した
窃盗,自転車盗,千葉東,都賀,121045,千葉県,千葉市若葉区,都賀３丁目,2023-09-30,07,駐車（輪）場,駐車（輪）場,10歳代,小学生,施錠せず
窃盗,自転車盗,千葉東,都賀,121045,千葉県,千葉市若葉区,都賀３丁目,2023-10-06,17,駐車（輪）場,駐車（輪）場,10歳代,高校生,施錠せず
窃盗,自転車盗,千葉東,都賀,121045,千葉県,千葉市若葉区,都賀３丁目,2023-10-16,15,道路上,その他,10歳代,大学生,施錠せず
窃盗,自転車盗,千葉東,都賀,121045,千葉県,千葉市若葉区,都賀３丁目,2023-10-20,13,駐車（輪）場,駐車（輪）場,20歳代,大学生,施錠せず
窃盗,自転車盗,千葉東,都賀,121045,千葉県,千葉市若葉区,都賀３丁目,2023-11-09,07,駐車（輪）場,駐車（輪）場,10歳代,大学生,施錠した
窃盗,自転車盗,千葉東,都賀,121045,千葉県,千葉市若葉区,都賀３丁目,2023-11-18,06,その他,その他,30歳代,その他,施錠せず
窃盗,自転車盗,千葉東,都賀,121045,千葉県,千葉市若葉区,都賀３丁目,2023-12-08,17,駐車（輪）場,駐車（輪）場,10歳代,高校生,施錠せず
窃盗,自転車盗,千葉東,都賀,121045,千葉県,千葉市若葉区,都賀３丁目,2023-12-09,07,駐車（輪）場,駐車（輪）場,20歳代,その他,施錠せず
窃盗,自転車盗,千葉東,都賀,121045,千葉県,千葉市若葉区,都賀３丁目,2023-12-26,17,その他,駐車（輪）場,10歳代,高校生,施錠した
窃盗,自転車盗,千葉東,都賀,121045,千葉県,千葉市若葉区,都賀４丁目,2023-01-22,17,その他の住宅（３階建て以下共同住宅等）,駐車（輪）場,30歳代,その他,施錠した
窃盗,自転車盗,千葉東,都賀,121045,千葉県,千葉市若葉区,都賀４丁目,2023-08-12,07,その他の住宅（３階建て以下共同住宅等）,駐車（輪）場,20歳代,その他,施錠した
窃盗,自転車盗,千葉東,都賀,121045,千葉県,千葉市若葉区,都賀４丁目,2023-10-18,19,４階建て以上共同住宅,駐車（輪）場,30歳代,その他,施錠せず
窃盗,自転車盗,千葉東,都賀,121045,千葉県,千葉市若葉区,都賀４丁目,2023-11-01,21,その他の住宅（３階建て以下共同住宅等）,その他,20歳代,大学生,施錠せず
窃盗,自転車盗,千葉東,都賀,121045,千葉県,千葉市若葉区,都賀５丁目,2023-07-20,14,その他の住宅（３階建て以下共同住宅等）,駐車（輪）場,50歳代,その他,施錠せず
窃盗,自転車盗,千葉東,都賀,121045,千葉県,千葉市若葉区,都賀５丁目,2023-07-28,09,その他の住宅（３階建て以下共同住宅等）,駐車（輪）場,70歳以上,その他,施錠せず
窃盗,自転車盗,千葉東,都賀,121045,千葉県,千葉市若葉区,都賀５丁目,2023-10-21,17,その他の住宅（３階建て以下共同住宅等）,駐車（輪）場,30歳代,その他,施錠せず
窃盗,自転車盗,千葉東,都賀,121045,千葉県,千葉市若葉区,西都賀１丁目,2022-12-12,00,その他,駐車（輪）場,法人・団体、被害者なし,法人・団体、被害者なし,施錠した
窃盗,自転車盗,千葉東,都賀,121045,千葉県,千葉市若葉区,西都賀１丁目,2023-01-08,12,駐車（輪）場,駐車（輪）場,10歳代,高校生,施錠せず
窃盗,自転車盗,千葉東,都賀,121045,千葉県,千葉市若葉区,西都賀１丁目,2023-02-17,22,その他の住宅（３階建て以下共同住宅等）,駐車（輪）場,30歳代,その他,施錠した
窃盗,自転車盗,千葉東,都賀,121045,千葉県,千葉市若葉区,西都賀１丁目,2023-09-01,18,駐車（輪）場,駐車（輪）場,10歳代,中学生,施錠せず
窃盗,自転車盗,千葉東,都賀,121045,千葉県,千葉市若葉区,西都賀２丁目,2023-04-28,07,その他の住宅（３階建て以下共同住宅等）,駐車（輪）場,30歳代,その他,施錠した
窃盗,自転車盗,千葉東,都賀,121045,千葉県,千葉市若葉区,西都賀３丁目,2023-01-18,13,駐車（輪）場,駐車（輪）場,20歳代,その他,施錠せず
窃盗,自転車盗,千葉東,都賀,121045,千葉県,千葉市若葉区,西都賀３丁目,2023-02-20,16,その他の住宅（３階建て以下共同住宅等）,駐車（輪）場,10歳代,高校生,施錠した
窃盗,自転車盗,千葉東,都賀,121045,千葉県,千葉市若葉区,西都賀３丁目,2023-05-05,19,道路上,その他,20歳代,大学生,施錠した
窃盗,自転車盗,千葉東,都賀,121045,千葉県,千葉市若葉区,西都賀３丁目,2023-07-29,22,その他の住宅（３階建て以下共同住宅等）,駐車（輪）場,20歳代,その他,施錠した
窃盗,自転車盗,千葉東,都賀,121045,千葉県,千葉市若葉区,西都賀３丁目,2023-08-08,08,駐車（輪）場,駐車（輪）場,10歳代,高校生,施錠した
窃盗,自転車盗,千葉東,都賀,121045,千葉県,千葉市若葉区,西都賀３丁目,2023-10-05,19,駐車（輪）場,駐車（輪）場,10歳代,中学生,施錠せず
窃盗,自転車盗,千葉東,都賀,121045,千葉県,千葉市若葉区,西都賀３丁目,2023-11-20,18,その他,駐車（輪）場,20歳代,大学生,施錠せず
窃盗,自転車盗,千葉東,都賀,121045,千葉県,千葉市若葉区,西都賀３丁目,不明,不明,その他の住宅（３階建て以下共同住宅等）,その他,40歳代,その他,施錠した
窃盗,自転車盗,千葉東,都賀,121045,千葉県,千葉市若葉区,西都賀４丁目,2023-04-20,17,その他の住宅（３階建て以下共同住宅等）,駐車（輪）場,20歳代,大学生,施錠せず
窃盗,自転車盗,千葉東,都賀,121045,千葉県,千葉市若葉区,西都賀４丁目,2023-05-02,08,その他の住宅（３階建て以下共同住宅等）,駐車（輪）場,20歳代,その他,施錠せず
窃盗,自転車盗,千葉東,都賀,121045,千葉県,千葉市若葉区,西都賀４丁目,2023-09-18,22,その他の住宅（３階建て以下共同住宅等）,駐車（輪）場,30歳代,その他,施錠せず
窃盗,自転車盗,千葉東,都賀,121045,千葉県,千葉市若葉区,西都賀５丁目,2023-02-17,21,一戸建住宅,その他,40歳代,その他,施錠せず
窃盗,自転車盗,千葉東,都賀,121045,千葉県,千葉市若葉区,桜木３丁目,2023-11-20,07,一戸建住宅,駐車（輪）場,20歳代,その他,施錠せず
窃盗,自転車盗,千葉東,野呂,121045,千葉県,千葉市若葉区,高根町,2023-06-07,08,その他,駐車（輪）場,10歳代,高校生,施錠せず
窃盗,自転車盗,千葉東,野呂,121045,千葉県,千葉市若葉区,高根町,2023-11-13,07,その他,駐車（輪）場,10歳代,高校生,施錠せず
窃盗,自転車盗,鎌ケ谷,くぬぎ山,122246,千葉県,鎌ケ谷市,初富,2023-02-09,08,駐車（輪）場,駐車（輪）場,10歳代,高校生,施錠せず
窃盗,自転車盗,鎌ケ谷,くぬぎ山,122246,千葉県,鎌ケ谷市,初富,2023-04-24,23,その他の住宅（３階建て以下共同住宅等）,駐車（輪）場,20歳代,その他,施錠せず
窃盗,自転車盗,鎌ケ谷,くぬぎ山,122246,千葉県,鎌ケ谷市,初富,2023-05-27,14,４階建て以上共同住宅,駐車（輪）場,10歳代,中学生,施錠した
窃盗,自転車盗,鎌ケ谷,くぬぎ山,122246,千葉県,鎌ケ谷市,くぬぎ山１丁目,2023-06-20,15,その他の住宅（３階建て以下共同住宅等）,その他,30歳代,その他,施錠した
窃盗,自転車盗,鎌ケ谷,くぬぎ山,122246,千葉県,鎌ケ谷市,くぬぎ山３丁目,2023-07-18,16,一戸建住宅,その他,20歳代,その他,施錠せず
窃盗,自転車盗,鎌ケ谷,くぬぎ山,122246,千葉県,鎌ケ谷市,くぬぎ山３丁目,2023-11-10,17,駐車（輪）場,駐車（輪）場,20歳代,その他,施錠せず
窃盗,自転車盗,鎌ケ谷,くぬぎ山,122246,千葉県,鎌ケ谷市,くぬぎ山３丁目,2023-11-12,15,道路上,その他,50歳代,その他,施錠せず
窃盗,自転車盗,鎌ケ谷,くぬぎ山,122246,千葉県,鎌ケ谷市,くぬぎ山３丁目,2023-11-19,07,一戸建住宅,駐車（輪）場,10歳代,その他,施錠せず
窃盗,自転車盗,鎌ケ谷,くぬぎ山,122246,千葉県,鎌ケ谷市,くぬぎ山４丁目,2023-01-15,17,一戸建住宅,その他,50歳代,その他,施錠せず
窃盗,自転車盗,鎌ケ谷,くぬぎ山,122246,千葉県,鎌ケ谷市,くぬぎ山４丁目,2023-06-21,16,その他の住宅（３階建て以下共同住宅等）,駐車（輪）場,10歳代,中学生,施錠せず
窃盗,自転車盗,鎌ケ谷,くぬぎ山,122246,千葉県,鎌ケ谷市,くぬぎ山４丁目,2023-09-10,05,その他,駐車（輪）場,50歳代,その他,施錠した
窃盗,自転車盗,鎌ケ谷,くぬぎ山,122246,千葉県,鎌ケ谷市,くぬぎ山４丁目,2023-11-02,17,駐車（輪）場,駐車（輪）場,20歳代,その他,施錠せず
窃盗,自転車盗,鎌ケ谷,くぬぎ山,122246,千葉県,鎌ケ谷市,くぬぎ山５丁目,2023-11-27,21,その他,その他,10歳代,高校生,施錠した
窃盗,自転車盗,鎌ケ谷,くぬぎ山,122246,千葉県,鎌ケ谷市,くぬぎ山５丁目,2023-12-25,18,４階建て以上共同住宅,駐車（輪）場,40歳代,その他,施錠した
窃盗,自転車盗,鎌ケ谷,くぬぎ山,122246,千葉県,鎌ケ谷市,北中沢１丁目,2023-03-23,20,その他,その他,40歳代,その他,施錠せず
窃盗,自転車盗,鎌ケ谷,くぬぎ山,122246,千葉県,鎌ケ谷市,北中沢２丁目,2023-07-27,21,一戸建住宅,その他,10歳代,高校生,施錠した
窃盗,自転車盗,鎌ケ谷,くぬぎ山,122246,千葉県,鎌ケ谷市,北中沢２丁目,2023-10-06,15,その他の住宅（３階建て以下共同住宅等）,駐車（輪）場,10歳代,高校生,施錠した
窃盗,自転車盗,鎌ケ谷,くぬぎ山,122246,千葉県,鎌ケ谷市,東中沢１丁目,2023-06-18,09,４階建て以上共同住宅,駐車（輪）場,10歳代,大学生,施錠した
窃盗,自転車盗,鎌ケ谷,くぬぎ山,122246,千葉県,鎌ケ谷市,東中沢１丁目,2023-06-24,23,一戸建住宅,駐車（輪）場,40歳代,その他,施錠せず
窃盗,自転車盗,鎌ケ谷,くぬぎ山,122246,千葉県,鎌ケ谷市,東中沢１丁目,2023-10-12,12,一戸建住宅,駐車（輪）場,70歳以上,その他,施錠した
窃盗,自転車盗,鎌ケ谷,くぬぎ山,122246,千葉県,鎌ケ谷市,北初富,2023-07-29,22,その他,駐車（輪）場,40歳代,その他,施錠せず
窃盗,自転車盗,鎌ケ谷,新鎌ケ谷駅前,122246,千葉県,鎌ケ谷市,中央１丁目,2023-03-02,07,駐車（輪）場,駐車（輪）場,10歳代,中学生,施錠せず
窃盗,自転車盗,鎌ケ谷,新鎌ケ谷駅前,122246,千葉県,鎌ケ谷市,中央１丁目,2023-07-27,17,その他,駐車（輪）場,10歳代,大学生,施錠せず
窃盗,自転車盗,鎌ケ谷,新鎌ケ谷駅前,122246,千葉県,鎌ケ谷市,中央１丁目,2023-07-29,12,駐車（輪）場,駐車（輪）場,20歳代,その他,施錠せず
窃盗,自転車盗,鎌ケ谷,新鎌ケ谷駅前,122246,千葉県,鎌ケ谷市,南初富２丁目,2023-08-22,14,その他の住宅（３階建て以下共同住宅等）,駐車（輪）場,10歳代,中学生,施錠せず
窃盗,自転車盗,鎌ケ谷,新鎌ケ谷駅前,122246,千葉県,鎌ケ谷市,南初富４丁目,2023-09-30,21,その他の住宅（３階建て以下共同住宅等）,駐車（輪）場,20歳代,その他,施錠せず
窃盗,自転車盗,鎌ケ谷,新鎌ケ谷駅前,122246,千葉県,鎌ケ谷市,くぬぎ山４丁目,2023-07-02,18,４階建て以上共同住宅,駐車（輪）場,20歳代,その他,施錠した
窃盗,自転車盗,鎌ケ谷,新鎌ケ谷駅前,122246,千葉県,鎌ケ谷市,くぬぎ山５丁目,2023-09-07,19,４階建て以上共同住宅,駐車（輪）場,20歳代,その他,施錠せず
窃盗,自転車盗,鎌ケ谷,新鎌ケ谷駅前,122246,千葉県,鎌ケ谷市,新鎌ケ谷１丁目,2023-01-28,19,その他,その他,20歳代,その他,施錠した
窃盗,自転車盗,鎌ケ谷,新鎌ケ谷駅前,122246,千葉県,鎌ケ谷市,新鎌ケ谷１丁目,2023-05-04,21,その他,駐車（輪）場,20歳代,大学生,施錠せず
窃盗,自転車盗,鎌ケ谷,新鎌ケ谷駅前,122246,千葉県,鎌ケ谷市,新鎌ケ谷１丁目,2023-06-19,19,４階建て以上共同住宅,駐車（輪）場,20歳代,その他,施錠した
窃盗,自転車盗,鎌ケ谷,新鎌ケ谷駅前,122246,千葉県,鎌ケ谷市,新鎌ケ谷２丁目,2022-12-27,11,その他,駐車（輪）場,10歳代,高校生,施錠した
窃盗,自転車盗,鎌ケ谷,新鎌ケ谷駅前,122246,千葉県,鎌ケ谷市,新鎌ケ谷２丁目,2022-12-29,20,その他,駐車（輪）場,10歳代,中学生,施錠せず
窃盗,自転車盗,鎌ケ谷,新鎌ケ谷駅前,122246,千葉県,鎌ケ谷市,新鎌ケ谷２丁目,2022-12-31,02,その他,駐車（輪）場,20歳代,大学生,施錠せず
窃盗,自転車盗,鎌ケ谷,新鎌ケ谷駅前,122246,千葉県,鎌ケ谷市,新鎌ケ谷２丁目,2022-12-31,16,その他,駐車（輪）場,10歳代,高校生,施錠した
窃盗,自転車盗,鎌ケ谷,新鎌ケ谷駅前,122246,千葉県,鎌ケ谷市,新鎌ケ谷２丁目,2023-01-13,07,駐車（輪）場,駐車（輪）場,10歳代,高校生,施錠せず
窃盗,自転車盗,鎌ケ谷,新鎌ケ谷駅前,122246,千葉県,鎌ケ谷市,新鎌ケ谷２丁目,2023-01-30,19,その他,駐車（輪）場,20歳代,その他,施錠せず
窃盗,自転車盗,鎌ケ谷,新鎌ケ谷駅前,122246,千葉県,鎌ケ谷市,新鎌ケ谷２丁目,2023-02-01,15,その他,駐車（輪）場,10歳代,中学生,施錠した
窃盗,自転車盗,鎌ケ谷,新鎌ケ谷駅前,122246,千葉県,鎌ケ谷市,新鎌ケ谷２丁目,2023-02-02,08,駐車（輪）場,駐車（輪）場,10歳代,高校生,施錠せず
窃盗,自転車盗,鎌ケ谷,新鎌ケ谷駅前,122246,千葉県,鎌ケ谷市,新鎌ケ谷２丁目,2023-02-24,16,駐車（輪）場,駐車（輪）場,10歳代,高校生,施錠せず
窃盗,自転車盗,鎌ケ谷,新鎌ケ谷駅前,122246,千葉県,鎌ケ谷市,新鎌ケ谷２丁目,2023-03-03,18,その他,駐車（輪）場,10歳代,高校生,施錠せず
窃盗,自転車盗,鎌ケ谷,新鎌ケ谷駅前,122246,千葉県,鎌ケ谷市,新鎌ケ谷２丁目,2023-03-05,09,その他,駐車（輪）場,20歳代,その他,施錠せず
窃盗,自転車盗,鎌ケ谷,新鎌ケ谷駅前,122246,千葉県,鎌ケ谷市,新鎌ケ谷２丁目,2023-04-04,22,その他の住宅（３階建て以下共同住宅等）,その他,20歳代,その他,施錠した
窃盗,自転車盗,鎌ケ谷,新鎌ケ谷駅前,122246,千葉県,鎌ケ谷市,新鎌ケ谷２丁目,2023-04-09,14,その他,駐車（輪）場,10歳代,高校生,施錠せず
窃盗,自転車盗,鎌ケ谷,新鎌ケ谷駅前,122246,千葉県,鎌ケ谷市,新鎌ケ谷２丁目,2023-05-08,16,駐車（輪）場,駐車（輪）場,10歳代,高校生,施錠した
窃盗,自転車盗,鎌ケ谷,新鎌ケ谷駅前,122246,千葉県,鎌ケ谷市,新鎌ケ谷２丁目,2023-05-19,15,その他,駐車（輪）場,10歳代,高校生,施錠せず
窃盗,自転車盗,鎌ケ谷,新鎌ケ谷駅前,122246,千葉県,鎌ケ谷市,新鎌ケ谷２丁目,2023-06-03,08,駐車（輪）場,駐車（輪）場,30歳代,その他,施錠せず
窃盗,自転車盗,鎌ケ谷,新鎌ケ谷駅前,122246,千葉県,鎌ケ谷市,新鎌ケ谷２丁目,2023-06-24,09,その他,駐車（輪）場,20歳代,その他,施錠した
窃盗,自転車盗,鎌ケ谷,新鎌ケ谷駅前,122246,千葉県,鎌ケ谷市,新鎌ケ谷２丁目,2023-06-24,18,その他,駐車（輪）場,20歳代,その他,施錠した
窃盗,自転車盗,鎌ケ谷,新鎌ケ谷駅前,122246,千葉県,鎌ケ谷市,新鎌ケ谷２丁目,2023-06-26,17,その他,駐車（輪）場,10歳代,大学生,施錠せず
窃盗,自転車盗,鎌ケ谷,新鎌ケ谷駅前,122246,千葉県,鎌ケ谷市,新鎌ケ谷２丁目,2023-07-02,09,その他,駐車（輪）場,10歳代,中学生,施錠せず
窃盗,自転車盗,鎌ケ谷,新鎌ケ谷駅前,122246,千葉県,鎌ケ谷市,新鎌ケ谷２丁目,2023-07-12,07,駐車（輪）場,駐車（輪）場,40歳代,その他,施錠せず
窃盗,自転車盗,鎌ケ谷,新鎌ケ谷駅前,122246,千葉県,鎌ケ谷市,新鎌ケ谷２丁目,2023-07-19,18,その他,駐車（輪）場,10歳代,中学生,施錠した
窃盗,自転車盗,鎌ケ谷,新鎌ケ谷駅前,122246,千葉県,鎌ケ谷市,新鎌ケ谷２丁目,2023-07-22,15,４階建て以上共同住宅,駐車（輪）場,30歳代,その他,施錠した
窃盗,自転車盗,鎌ケ谷,新鎌ケ谷駅前,122246,千葉県,鎌ケ谷市,新鎌ケ谷２丁目,2023-07-26,15,その他,駐車（輪）場,20歳代,大学生,施錠した
窃盗,自転車盗,鎌ケ谷,新鎌ケ谷駅前,122246,千葉県,鎌ケ谷市,新鎌ケ谷２丁目,2023-08-11,18,その他,駐車（輪）場,20歳代,その他,施錠せず
窃盗,自転車盗,鎌ケ谷,新鎌ケ谷駅前,122246,千葉県,鎌ケ谷市,新鎌ケ谷２丁目,2023-08-17,17,その他,駐車（輪）場,10歳代,高校生,施錠せず
窃盗,自転車盗,鎌ケ谷,新鎌ケ谷駅前,122246,千葉県,鎌ケ谷市,新鎌ケ谷２丁目,2023-08-20,17,その他,駐車（輪）場,10歳代,小学生,施錠せず
窃盗,自転車盗,鎌ケ谷,新鎌ケ谷駅前,122246,千葉県,鎌ケ谷市,新鎌ケ谷２丁目,2023-08-22,10,その他,駐車（輪）場,10歳代,その他,施錠せず
窃盗,自転車盗,鎌ケ谷,新鎌ケ谷駅前,122246,千葉県,鎌ケ谷市,新鎌ケ谷２丁目,2023-08-27,12,その他,駐車（輪）場,10歳代,高校生,施錠せず
窃盗,自転車盗,鎌ケ谷,新鎌ケ谷駅前,122246,千葉県,鎌ケ谷市,新鎌ケ谷２丁目,2023-09-03,18,その他,駐車（輪）場,10歳代,高校生,施錠せず
窃盗,自転車盗,鎌ケ谷,新鎌ケ谷駅前,122246,千葉県,鎌ケ谷市,新鎌ケ谷２丁目,2023-09-06,17,その他,駐車（輪）場,10歳代,高校生,施錠せず
窃盗,自転車盗,鎌ケ谷,新鎌ケ谷駅前,122246,千葉県,鎌ケ谷市,新鎌ケ谷２丁目,2023-09-09,13,その他,駐車（輪）場,10歳代,高校生,施錠せず
窃盗,自転車盗,鎌ケ谷,新鎌ケ谷駅前,122246,千葉県,鎌ケ谷市,新鎌ケ谷２丁目,2023-09-10,08,その他,駐車（輪）場,20歳代,その他,施錠せず
窃盗,自転車盗,鎌ケ谷,新鎌ケ谷駅前,122246,千葉県,鎌ケ谷市,新鎌ケ谷２丁目,2023-09-12,07,駐車（輪）場,駐車（輪）場,10歳代,高校生,施錠せず
窃盗,自転車盗,鎌ケ谷,新鎌ケ谷駅前,122246,千葉県,鎌ケ谷市,新鎌ケ谷２丁目,2023-09-16,07,駐車（輪）場,駐車（輪）場,10歳代,大学生,施錠せず
窃盗,自転車盗,鎌ケ谷,新鎌ケ谷駅前,122246,千葉県,鎌ケ谷市,新鎌ケ谷２丁目,2023-09-16,13,駐車（輪）場,駐車（輪）場,10歳代,大学生,施錠せず
窃盗,自転車盗,鎌ケ谷,新鎌ケ谷駅前,122246,千葉県,鎌ケ谷市,新鎌ケ谷２丁目,2023-09-20,12,駐車（輪）場,駐車（輪）場,10歳代,高校生,施錠せず
窃盗,自転車盗,鎌ケ谷,新鎌ケ谷駅前,122246,千葉県,鎌ケ谷市,新鎌ケ谷２丁目,2023-09-22,07,駐車（輪）場,駐車（輪）場,10歳代,高校生,施錠せず
窃盗,自転車盗,鎌ケ谷,新鎌ケ谷駅前,122246,千葉県,鎌ケ谷市,新鎌ケ谷２丁目,2023-10-14,15,その他,駐車（輪）場,10歳代,高校生,施錠せず
窃盗,自転車盗,鎌ケ谷,新鎌ケ谷駅前,122246,千葉県,鎌ケ谷市,新鎌ケ谷２丁目,2023-10-25,12,その他,駐車（輪）場,30歳代,その他,施錠した
窃盗,自転車盗,鎌ケ谷,新鎌ケ谷駅前,122246,千葉県,鎌ケ谷市,新鎌ケ谷２丁目,2023-10-29,05,その他,駐車（輪）場,10歳代,その他,施錠せず
窃盗,自転車盗,鎌ケ谷,新鎌ケ谷駅前,122246,千葉県,鎌ケ谷市,新鎌ケ谷２丁目,2023-11-18,09,駐車（輪）場,駐車（輪）場,20歳代,大学生,施錠せず
窃盗,自転車盗,鎌ケ谷,新鎌ケ谷駅前,122246,千葉県,鎌ケ谷市,新鎌ケ谷２丁目,2023-11-23,09,その他,駐車（輪）場,10歳代,中学生,施錠せず
窃盗,自転車盗,鎌ケ谷,新鎌ケ谷駅前,122246,千葉県,鎌ケ谷市,新鎌ケ谷２丁目,2023-11-26,18,その他,駐車（輪）場,10歳代,その他,施錠せず
窃盗,自転車盗,鎌ケ谷,新鎌ケ谷駅前,122246,千葉県,鎌ケ谷市,新鎌ケ谷２丁目,2023-11-28,15,その他,駐車（輪）場,20歳代,大学生,施錠せず
窃盗,自転車盗,鎌ケ谷,新鎌ケ谷駅前,122246,千葉県,鎌ケ谷市,新鎌ケ谷２丁目,2023-12-05,15,その他,駐車（輪）場,20歳代,その他,施錠した
窃盗,自転車盗,鎌ケ谷,新鎌ケ谷駅前,122246,千葉県,鎌ケ谷市,新鎌ケ谷２丁目,2023-12-14,05,その他,駐車（輪）場,30歳代,その他,施錠した
窃盗,自転車盗,鎌ケ谷,新鎌ケ谷駅前,122246,千葉県,鎌ケ谷市,新鎌ケ谷２丁目,2023-12-19,06,駐車（輪）場,駐車（輪）場,10歳代,中学生,施錠せず
窃盗,自転車盗,鎌ケ谷,新鎌ケ谷駅前,122246,千葉県,鎌ケ谷市,新鎌ケ谷２丁目,不明,不明,その他,駐車（輪）場,10歳代,中学生,施錠せず
窃盗,自転車盗,鎌ケ谷,新鎌ケ谷駅前,122246,千葉県,鎌ケ谷市,新鎌ケ谷３丁目,2023-04-13,09,一戸建住宅,駐車（輪）場,20歳代,その他,施錠した
窃盗,自転車盗,鎌ケ谷,新鎌ケ谷駅前,122246,千葉県,鎌ケ谷市,新鎌ケ谷３丁目,2023-08-23,18,その他,駐車（輪）場,10歳代,その他,施錠せず
窃盗,自転車盗,鎌ケ谷,新鎌ケ谷駅前,122246,千葉県,鎌ケ谷市,新鎌ケ谷３丁目,2023-11-15,13,４階建て以上共同住宅,駐車（輪）場,10歳代,中学生,施錠せず
窃盗,自転車盗,鎌ケ谷,新鎌ケ谷駅前,122246,千葉県,鎌ケ谷市,新鎌ケ谷４丁目,2023-06-25,09,その他の住宅（３階建て以下共同住宅等）,駐車（輪）場,20歳代,その他,施錠した
窃盗,自転車盗,鎌ケ谷,粟野,122246,千葉県,鎌ケ谷市,粟野,2023-09-03,13,一戸建住宅,その他,20歳代,その他,施錠せず
窃盗,自転車盗,鎌ケ谷,粟野,122246,千葉県,鎌ケ谷市,粟野,2023-10-18,21,４階建て以上共同住宅,駐車（輪）場,20歳代,その他,施錠せず
窃盗,自転車盗,鎌ケ谷,粟野,122246,千葉県,鎌ケ谷市,初富,2023-05-06,17,その他,駐車（輪）場,10歳代,大学生,施錠せず
窃盗,自転車盗,鎌ケ谷,粟野,122246,千葉県,鎌ケ谷市,初富,2023-08-05,14,その他,駐車（輪）場,10歳代,小学生,施錠せず
窃盗,自転車盗,鎌ケ谷,粟野,122246,千葉県,鎌ケ谷市,初富,2023-09-09,09,４階建て以上共同住宅,駐車（輪）場,30歳代,その他,施錠せず
窃盗,自転車盗,鎌ケ谷,粟野,122246,千葉県,鎌ケ谷市,初富,2023-10-03,08,その他,駐車（輪）場,50歳代,その他,施錠せず
窃盗,自転車盗,鎌ケ谷,粟野,122246,千葉県,鎌ケ谷市,初富,2023-12-07,08,その他,その他,20歳代,その他,施錠せず
窃盗,自転車盗,鎌ケ谷,粟野,122246,千葉県,鎌ケ谷市,中佐津間２丁目,2023-03-04,20,その他の住宅（３階建て以下共同住宅等）,駐車（輪）場,30歳代,その他,施錠した
窃盗,自転車盗,鎌ケ谷,粟野,122246,千葉県,鎌ケ谷市,西佐津間２丁目,2023-02-20,11,一戸建住宅,駐車（輪）場,10歳未満,小学生,施錠せず
窃盗,自転車盗,鎌ケ谷,鎌ヶ谷大仏,122246,千葉県,鎌ケ谷市,鎌ケ谷１丁目,2023-01-11,21,一戸建住宅,その他,10歳代,中学生,施錠せず
窃盗,自転車盗,鎌ケ谷,鎌ヶ谷大仏,122246,千葉県,鎌ケ谷市,鎌ケ谷１丁目,2023-09-20,07,駐車（輪）場,駐車（輪）場,10歳代,高校生,施錠せず
窃盗,自転車盗,鎌ケ谷,鎌ヶ谷大仏,122246,千葉県,鎌ケ谷市,鎌ケ谷１丁目,2023-10-01,09,駐車（輪）場,駐車（輪）場,10歳代,中学生,施錠せず
窃盗,自転車盗,鎌ケ谷,鎌ヶ谷大仏,122246,千葉県,鎌ケ谷市,鎌ケ谷１丁目,2023-10-01,20,駐車（輪）場,駐車（輪）場,10歳代,高校生,施錠した
窃盗,自転車盗,鎌ケ谷,鎌ヶ谷大仏,122246,千葉県,鎌ケ谷市,鎌ケ谷４丁目,2023-03-05,19,その他の住宅（３階建て以下共同住宅等）,駐車（輪）場,10歳代,高校生,施錠した
窃盗,自転車盗,鎌ケ谷,鎌ヶ谷大仏,122246,千葉県,鎌ケ谷市,鎌ケ谷４丁目,2023-03-12,13,その他,駐車（輪）場,50歳代,その他,施錠せず
窃盗,自転車盗,鎌ケ谷,鎌ヶ谷大仏,122246,千葉県,鎌ケ谷市,鎌ケ谷４丁目,2023-05-11,12,その他,駐車（輪）場,10歳代,大学生,施錠せず
窃盗,自転車盗,鎌ケ谷,鎌ヶ谷大仏,122246,千葉県,鎌ケ谷市,鎌ケ谷４丁目,2023-10-26,13,その他,駐車（輪）場,20歳代,その他,施錠した
窃盗,自転車盗,鎌ケ谷,鎌ヶ谷大仏,122246,千葉県,鎌ケ谷市,鎌ケ谷４丁目,2023-11-22,17,駐車（輪）場,駐車（輪）場,10歳代,高校生,施錠せず
窃盗,自転車盗,鎌ケ谷,鎌ヶ谷大仏,122246,千葉県,鎌ケ谷市,鎌ケ谷４丁目,2023-12-10,14,その他の住宅（３階建て以下共同住宅等）,その他,10歳代,高校生,施錠せず
窃盗,自転車盗,鎌ケ谷,鎌ヶ谷大仏,122246,千葉県,鎌ケ谷市,鎌ケ谷５丁目,2022-11-29,23,４階建て以上共同住宅,駐車（輪）場,10歳代,高校生,施錠せず
窃盗,自転車盗,鎌ケ谷,鎌ヶ谷大仏,122246,千葉県,鎌ケ谷市,鎌ケ谷８丁目,2023-03-16,17,その他の住宅（３階建て以下共同住宅等）,駐車（輪）場,10歳代,高校生,施錠せず
窃盗,自転車盗,鎌ケ谷,鎌ヶ谷大仏,122246,千葉県,鎌ケ谷市,鎌ケ谷９丁目,2023-08-26,18,道路上,その他,20歳代,その他,施錠せず
窃盗,自転車盗,鎌ケ谷,鎌ヶ谷大仏,122246,千葉県,鎌ケ谷市,富岡１丁目,2023-04-07,16,その他,駐車（輪）場,10歳代,高校生,施錠した
窃盗,自転車盗,鎌ケ谷,鎌ヶ谷大仏,122246,千葉県,鎌ケ谷市,富岡１丁目,2023-04-07,16,その他,駐車（輪）場,50歳代,その他,施錠した
窃盗,自転車盗,鎌ケ谷,鎌ヶ谷大仏,122246,千葉県,鎌ケ谷市,丸山１丁目,2023-03-09,12,一戸建住宅,駐車（輪）場,60-64歳,その他,施錠した
窃盗,自転車盗,鎌ケ谷,鎌ヶ谷大仏,122246,千葉県,鎌ケ谷市,丸山１丁目,2023-09-19,12,その他,その他,70歳以上,その他,施錠せず
窃盗,自転車盗,鎌ケ谷,鎌ヶ谷大仏,122246,千葉県,鎌ケ谷市,丸山２丁目,2023-05-16,20,一戸建住宅,その他,20歳代,大学生,施錠せず
窃盗,自転車盗,鎌ケ谷,鎌ヶ谷大仏,122246,千葉県,鎌ケ谷市,東道野辺７丁目,2023-03-07,14,一戸建住宅,駐車（輪）場,50歳代,その他,施錠せず
窃盗,自転車盗,鎌ケ谷,鎌ヶ谷大仏,122246,千葉県,鎌ケ谷市,東道野辺７丁目,2023-03-20,10,その他の住宅（３階建て以下共同住宅等）,駐車（輪）場,20歳代,その他,施錠した
窃盗,自転車盗,鎌ケ谷,鎌ヶ谷大仏,122246,千葉県,鎌ケ谷市,東道野辺７丁目,2023-07-23,17,その他,駐車（輪）場,10歳代,高校生,施錠せず
窃盗,自転車盗,鎌ケ谷,鎌ヶ谷大仏,122246,千葉県,鎌ケ谷市,東鎌ケ谷１丁目,2023-02-19,11,その他,駐車（輪）場,10歳代,高校生,施錠した
窃盗,自転車盗,鎌ケ谷,鎌ヶ谷大仏,122246,千葉県,鎌ケ谷市,東鎌ケ谷１丁目,2023-10-23,17,その他,駐車（輪）場,10歳代,中学生,施錠せず
窃盗,自転車盗,鎌ケ谷,鎌ヶ谷大仏,122246,千葉県,鎌ケ谷市,東鎌ケ谷２丁目,2023-11-25,16,道路上,その他,10歳代,高校生,施錠せず
窃盗,自転車盗,鎌ケ谷,鎌ヶ谷大仏,122246,千葉県,鎌ケ谷市,東初富４丁目,2023-01-12,11,一戸建住宅,駐車（輪）場,10歳代,高校生,施錠した
窃盗,自転車盗,鎌ケ谷,鎌ヶ谷大仏,122246,千葉県,鎌ケ谷市,東初富４丁目,2023-06-25,13,一戸建住宅,その他,10歳代,中学生,施錠せず
窃盗,自転車盗,鎌ケ谷,鎌ヶ谷大仏,122246,千葉県,鎌ケ谷市,南鎌ケ谷２丁目,2023-12-22,17,その他,駐車（輪）場,10歳代,高校生,施錠した
窃盗,自転車盗,鎌ケ谷,鎌ヶ谷大仏,122246,千葉県,鎌ケ谷市,南鎌ケ谷４丁目,2023-10-09,22,その他の住宅（３階建て以下共同住宅等）,駐車（輪）場,10歳代,高校生,施錠せず
窃盗,自転車盗,鎌ケ谷,鎌ヶ谷大仏,122246,千葉県,鎌ケ谷市,南鎌ケ谷４丁目,2023-10-15,17,その他の住宅（３階建て以下共同住宅等）,駐車（輪）場,40歳代,その他,施錠せず
窃盗,自転車盗,鎌ケ谷,鎌ヶ谷駅前,122246,千葉県,鎌ケ谷市,富岡３丁目,2023-07-02,19,その他の住宅（３階建て以下共同住宅等）,駐車（輪）場,20歳代,その他,施錠した
窃盗,自転車盗,鎌ケ谷,鎌ヶ谷駅前,122246,千葉県,鎌ケ谷市,南初富５丁目,2023-03-13,14,その他,その他,70歳以上,その他,施錠した
窃盗,自転車盗,鎌ケ谷,鎌ヶ谷駅前,122246,千葉県,鎌ケ谷市,西道野辺,2023-08-08,08,４階建て以上共同住宅,駐車（輪）場,10歳代,高校生,施錠した
窃盗,自転車盗,鎌ケ谷,鎌ヶ谷駅前,122246,千葉県,鎌ケ谷市,西道野辺,2023-08-24,19,４階建て以上共同住宅,駐車（輪）場,20歳代,その他,施錠せず
窃盗,自転車盗,鎌ケ谷,鎌ヶ谷駅前,122246,千葉県,鎌ケ谷市,西道野辺,2023-12-25,21,一戸建住宅,駐車（輪）場,50歳代,その他,施錠せず
窃盗,自転車盗,鎌ケ谷,鎌ヶ谷駅前,122246,千葉県,鎌ケ谷市,東道野辺１丁目,2023-08-04,21,一戸建住宅,その他,30歳代,その他,施錠せず
窃盗,自転車盗,鎌ケ谷,鎌ヶ谷駅前,122246,千葉県,鎌ケ谷市,東道野辺７丁目,2023-07-22,14,その他,駐車（輪）場,30歳代,その他,施錠せず
窃盗,自転車盗,鎌ケ谷,鎌ヶ谷駅前,122246,千葉県,鎌ケ谷市,馬込沢,2023-03-31,16,その他,駐車（輪）場,10歳代,高校生,施錠した
窃盗,自転車盗,鎌ケ谷,鎌ヶ谷駅前,122246,千葉県,鎌ケ谷市,馬込沢,2023-06-25,09,駐車（輪）場,駐車（輪）場,10歳代,高校生,施錠せず
窃盗,自転車盗,鎌ケ谷,鎌ヶ谷駅前,122246,千葉県,鎌ケ谷市,馬込沢,2023-07-04,18,駐車（輪）場,駐車（輪）場,40歳代,その他,施錠した
窃盗,自転車盗,鎌ケ谷,鎌ヶ谷駅前,122246,千葉県,鎌ケ谷市,馬込沢,2023-08-17,16,駐車（輪）場,駐車（輪）場,10歳代,高校生,施錠せず
窃盗,自転車盗,鎌ケ谷,鎌ヶ谷駅前,122246,千葉県,鎌ケ谷市,馬込沢,2023-10-01,12,一戸建住宅,駐車（輪）場,10歳代,高校生,施錠した
窃盗,自転車盗,鎌ケ谷,鎌ヶ谷駅前,122246,千葉県,鎌ケ谷市,馬込沢,2023-12-02,07,駐車（輪）場,駐車（輪）場,30歳代,その他,施錠した
窃盗,自転車盗,鎌ケ谷,鎌ヶ谷駅前,122246,千葉県,鎌ケ谷市,東中沢２丁目,2023-04-22,18,４階建て以上共同住宅,駐車（輪）場,20歳代,その他,施錠した
窃盗,自転車盗,鎌ケ谷,鎌ヶ谷駅前,122246,千葉県,鎌ケ谷市,道野辺中央２丁目,2023-01-25,07,駐車（輪）場,駐車（輪）場,20歳代,大学生,施錠せず
窃盗,自転車盗,鎌ケ谷,鎌ヶ谷駅前,122246,千葉県,鎌ケ谷市,道野辺中央２丁目,2023-04-30,22,駐車（輪）場,駐車（輪）場,30歳代,その他,施錠した
窃盗,自転車盗,鎌ケ谷,鎌ヶ谷駅前,122246,千葉県,鎌ケ谷市,道野辺中央２丁目,2023-12-10,12,駐車（輪）場,駐車（輪）場,65-69歳,その他,施錠せず
窃盗,自転車盗,鎌ケ谷,鎌ヶ谷駅前,122246,千葉県,鎌ケ谷市,道野辺中央２丁目,2023-12-18,22,その他,その他,10歳代,その他,施錠せず
窃盗,自転車盗,鎌ケ谷,鎌ヶ谷駅前,122246,千葉県,鎌ケ谷市,道野辺中央４丁目,2023-04-28,15,その他の住宅（３階建て以下共同住宅等）,駐車（輪）場,20歳代,その他,施錠せず
窃盗,自転車盗,鎌ケ谷,鎌ヶ谷駅前,122246,千葉県,鎌ケ谷市,道野辺中央４丁目,2023-07-01,07,その他の住宅（３階建て以下共同住宅等）,駐車（輪）場,40歳代,その他,施錠した
窃盗,自転車盗,鎌ケ谷,鎌ヶ谷駅前,122246,千葉県,鎌ケ谷市,道野辺中央４丁目,2023-12-22,07,その他の住宅（３階建て以下共同住宅等）,駐車（輪）場,30歳代,その他,施錠した
窃盗,自転車盗,鎌ケ谷,鎌ヶ谷駅前,122246,千葉県,鎌ケ谷市,道野辺中央５丁目,2023-04-08,17,４階建て以上共同住宅,その他,20歳代,その他,施錠せず
窃盗,自転車盗,鎌ケ谷,鎌ヶ谷駅前,122246,千葉県,鎌ケ谷市,道野辺本町１丁目,2023-03-22,20,その他,駐車（輪）場,10歳代,中学生,施錠せず
窃盗,自転車盗,鎌ケ谷,鎌ヶ谷駅前,122246,千葉県,鎌ケ谷市,道野辺本町１丁目,2023-06-15,17,４階建て以上共同住宅,その他,30歳代,その他,施錠した
窃盗,自転車盗,鎌ケ谷,鎌ヶ谷駅前,122246,千葉県,鎌ケ谷市,道野辺本町２丁目,2022-10-17,12,駐車（輪）場,駐車（輪）場,10歳代,その他,施錠せず
窃盗,自転車盗,鎌ケ谷,鎌ヶ谷駅前,122246,千葉県,鎌ケ谷市,道野辺本町２丁目,2023-01-30,05,駐車（輪）場,駐車（輪）場,20歳代,その他,施錠せず
窃盗,自転車盗,鎌ケ谷,鎌ヶ谷駅前,122246,千葉県,鎌ケ谷市,道野辺本町２丁目,2023-11-12,09,駐車（輪）場,駐車（輪）場,20歳代,その他,施錠せず
窃盗,自転車盗,鎌ケ谷,鎌ヶ谷駅前,122246,千葉県,鎌ケ谷市,道野辺本町２丁目,2023-12-06,21,駐車（輪）場,駐車（輪）場,10歳代,その他,施錠せず
窃盗,自転車盗,鎌ケ谷,鎌ヶ谷駅前,122246,千葉県,鎌ケ谷市,新鎌ケ谷１丁目,2023-02-03,10,その他,駐車（輪）場,70歳以上,その他,施錠した
窃盗,自転車盗,鎌ケ谷,鎌ヶ谷駅前,122246,千葉県,鎌ケ谷市,新鎌ケ谷１丁目,2023-06-12,19,その他,駐車（輪）場,10歳代,高校生,施錠した
窃盗,自転車盗,鎌ケ谷,鎌ヶ谷駅前,122246,千葉県,鎌ケ谷市,新鎌ケ谷２丁目,2023-02-06,16,その他,駐車（輪）場,10歳代,中学生,施錠せず
窃盗,自転車盗,鎌ケ谷,鎌ヶ谷駅前,122246,千葉県,鎌ケ谷市,新鎌ケ谷４丁目,2023-01-29,18,４階建て以上共同住宅,駐車（輪）場,30歳代,その他,施錠せず
窃盗,自転車盗,千葉北,こてはし台,121029,千葉県,千葉市花見川区,内山町,2023-05-16,07,その他,その他,60-64歳,その他,施錠せず
窃盗,自転車盗,千葉北,こてはし台,121029,千葉県,千葉市花見川区,こてはし台２丁目,2023-01-13,08,一戸建住宅,その他,10歳代,中学生,施錠せず
窃盗,自転車盗,千葉北,こてはし台,121029,千葉県,千葉市花見川区,こてはし台２丁目,2023-09-02,12,一戸建住宅,駐車（輪）場,65-69歳,その他,施錠せず
窃盗,自転車盗,千葉北,こてはし台,121029,千葉県,千葉市花見川区,こてはし台３丁目,2023-11-03,12,一戸建住宅,駐車（輪）場,70歳以上,その他,施錠せず
窃盗,自転車盗,千葉北,こてはし台,121029,千葉県,千葉市花見川区,こてはし台４丁目,2023-08-20,15,その他,その他,10歳代,その他,施錠した
窃盗,自転車盗,千葉北,こてはし台,121029,千葉県,千葉市花見川区,こてはし台５丁目,2023-08-15,10,道路上,その他,70歳以上,その他,施錠せず
窃盗,自転車盗,千葉北,こてはし台,121029,千葉県,千葉市花見川区,こてはし台５丁目,2023-11-17,16,その他,その他,10歳代,高校生,施錠せず
窃盗,自転車盗,千葉北,こてはし台,121029,千葉県,千葉市花見川区,こてはし台６丁目,2023-06-01,15,一戸建住宅,駐車（輪）場,40歳代,その他,施錠せず
窃盗,自転車盗,千葉北,こてはし台,121029,千葉県,千葉市花見川区,こてはし台６丁目,2023-07-04,01,一戸建住宅,その他,10歳代,大学生,施錠せず
窃盗,自転車盗,千葉北,こてはし台,121029,千葉県,千葉市花見川区,こてはし台６丁目,2023-07-10,14,一戸建住宅,駐車（輪）場,10歳代,その他,施錠せず
窃盗,自転車盗,千葉北,こてはし台,121029,千葉県,千葉市花見川区,こてはし台６丁目,2023-07-17,17,道路上,その他,70歳以上,その他,施錠せず
窃盗,自転車盗,千葉北,こてはし台,121029,千葉県,千葉市花見川区,こてはし台６丁目,2023-07-24,22,一戸建住宅,駐車（輪）場,10歳代,高校生,施錠せず
窃盗,自転車盗,千葉北,こてはし台,121029,千葉県,千葉市花見川区,三角町,2023-04-01,08,その他の住宅（３階建て以下共同住宅等）,駐車（輪）場,20歳代,その他,施錠した
窃盗,自転車盗,千葉北,こてはし台,121029,千葉県,千葉市花見川区,大日町,2023-01-06,17,その他,駐車（輪）場,20歳代,大学生,施錠せず
窃盗,自転車盗,千葉北,こてはし台,121029,千葉県,千葉市花見川区,大日町,2023-06-25,12,一戸建住宅,その他,10歳代,大学生,施錠した
窃盗,自転車盗,千葉北,こてはし台,121029,千葉県,千葉市花見川区,横戸台,2023-03-30,09,一戸建住宅,駐車（輪）場,10歳未満,小学生,施錠せず
窃盗,自転車盗,千葉北,こてはし台,121029,千葉県,千葉市花見川区,横戸町,2023-01-14,17,その他,駐車（輪）場,10歳代,高校生,施錠せず
窃盗,自転車盗,千葉北,こてはし台,121029,千葉県,千葉市花見川区,横戸町,2023-11-02,06,その他,駐車（輪）場,50歳代,その他,施錠せず
窃盗,自転車盗,千葉北,こてはし台,121029,千葉県,千葉市花見川区,み春野１丁目,2023-04-06,17,一戸建住宅,駐車（輪）場,10歳代,中学生,施錠せず
窃盗,自転車盗,千葉北,こてはし台,121029,千葉県,千葉市花見川区,み春野１丁目,2023-05-15,11,一戸建住宅,駐車（輪）場,70歳以上,その他,施錠せず
窃盗,自転車盗,千葉北,こてはし台,121029,千葉県,千葉市花見川区,み春野１丁目,2023-07-28,21,一戸建住宅,その他,10歳代,中学生,施錠せず
窃盗,自転車盗,千葉北,こてはし台,121029,千葉県,千葉市花見川区,み春野１丁目,2023-08-26,20,その他,駐車（輪）場,40歳代,その他,施錠せず
窃盗,自転車盗,千葉北,こてはし台,121037,千葉県,千葉市稲毛区,轟町５丁目,2023-06-25,14,４階建て以上共同住宅,その他,40歳代,その他,施錠せず
窃盗,自転車盗,千葉北,こてはし台,121037,千葉県,千葉市稲毛区,長沼原町,2023-05-05,11,一戸建住宅,その他,20歳代,大学生,施錠せず
窃盗,自転車盗,千葉北,作新台,121029,千葉県,千葉市花見川区,作新台１丁目,2023-01-13,17,その他,駐車（輪）場,10歳代,中学生,施錠せず
窃盗,自転車盗,千葉北,作新台,121029,千葉県,千葉市花見川区,作新台１丁目,2023-05-06,21,その他,駐車（輪）場,10歳代,大学生,施錠せず
窃盗,自転車盗,千葉北,作新台,121029,千葉県,千葉市花見川区,作新台１丁目,2023-05-26,23,一戸建住宅,駐車（輪）場,50歳代,その他,施錠した
窃盗,自転車盗,千葉北,作新台,121029,千葉県,千葉市花見川区,作新台２丁目,2023-01-29,15,その他,駐車（輪）場,10歳代,高校生,施錠せず
窃盗,自転車盗,千葉北,作新台,121029,千葉県,千葉市花見川区,作新台２丁目,2023-01-29,15,その他,駐車（輪）場,20歳代,大学生,施錠せず
窃盗,自転車盗,千葉北,作新台,121029,千葉県,千葉市花見川区,作新台３丁目,2023-10-04,15,その他の住宅（３階建て以下共同住宅等）,駐車（輪）場,40歳代,その他,施錠せず
窃盗,自転車盗,千葉北,作新台,121029,千葉県,千葉市花見川区,作新台３丁目,2023-11-26,17,その他の住宅（３階建て以下共同住宅等）,駐車（輪）場,50歳代,その他,施錠せず
窃盗,自転車盗,千葉北,作新台,121029,千葉県,千葉市花見川区,作新台３丁目,不明,不明,その他の住宅（３階建て以下共同住宅等）,駐車（輪）場,50歳代,その他,施錠せず
窃盗,自転車盗,千葉北,作新台,121029,千葉県,千葉市花見川区,作新台４丁目,2023-05-05,10,その他,駐車（輪）場,10歳代,大学生,施錠せず
窃盗,自転車盗,千葉北,作新台,121029,千葉県,千葉市花見川区,作新台５丁目,2023-06-11,06,その他,駐車（輪）場,20歳代,その他,施錠せず
窃盗,自転車盗,千葉北,作新台,121029,千葉県,千葉市花見川区,作新台６丁目,2023-03-21,17,その他,駐車（輪）場,20歳代,大学生,施錠せず
窃盗,自転車盗,千葉北,作新台,121029,千葉県,千葉市花見川区,作新台６丁目,2023-04-16,12,一戸建住宅,その他,10歳代,中学生,施錠せず
窃盗,自転車盗,千葉北,作新台,121029,千葉県,千葉市花見川区,作新台６丁目,2023-05-25,17,その他の住宅（３階建て以下共同住宅等）,その他,30歳代,その他,施錠せず
窃盗,自転車盗,千葉北,作新台,121029,千葉県,千葉市花見川区,作新台７丁目,2022-12-26,18,その他の住宅（３階建て以下共同住宅等）,駐車（輪）場,10歳代,小学生,施錠せず
窃盗,自転車盗,千葉北,作新台,121029,千葉県,千葉市花見川区,作新台７丁目,2023-03-27,08,駐車（輪）場,駐車（輪）場,10歳代,小学生,施錠せず
窃盗,自転車盗,千葉北,作新台,121029,千葉県,千葉市花見川区,作新台８丁目,2022-12-27,23,４階建て以上共同住宅,駐車（輪）場,40歳代,その他,施錠した
窃盗,自転車盗,千葉北,作新台,121029,千葉県,千葉市花見川区,作新台８丁目,2023-01-25,15,その他,その他,10歳代,小学生,施錠せず
窃盗,自転車盗,千葉北,作新台,121029,千葉県,千葉市花見川区,作新台８丁目,2023-04-04,15,４階建て以上共同住宅,駐車（輪）場,10歳代,大学生,施錠せず
窃盗,自転車盗,千葉北,作新台,121029,千葉県,千葉市花見川区,作新台８丁目,2023-06-04,16,その他,駐車（輪）場,70歳以上,その他,施錠した
窃盗,自転車盗,千葉北,作新台,121029,千葉県,千葉市花見川区,作新台８丁目,2023-09-20,19,４階建て以上共同住宅,駐車（輪）場,10歳代,中学生,施錠せず
窃盗,自転車盗,千葉北,作新台,121029,千葉県,千葉市花見川区,長作町,2023-10-05,07,道路上,その他,40歳代,その他,施錠せず
窃盗,自転車盗,千葉北,作新台,121029,千葉県,千葉市花見川区,長作町,2023-12-06,12,その他の住宅（３階建て以下共同住宅等）,駐車（輪）場,10歳代,高校生,施錠せず
窃盗,自転車盗,千葉北,作新台,121029,千葉県,千葉市花見川区,長作町,2023-12-15,07,その他の住宅（３階建て以下共同住宅等）,駐車（輪）場,20歳代,大学生,施錠せず
窃盗,自転車盗,千葉北,作新台,121029,千葉県,千葉市花見川区,長作台２丁目,2023-08-01,08,駐車（輪）場,駐車（輪）場,40歳代,その他,施錠した
窃盗,自転車盗,千葉北,作新台,121029,千葉県,千葉市花見川区,長作台２丁目,2023-12-07,16,その他の住宅（３階建て以下共同住宅等）,駐車（輪）場,30歳代,その他,施錠せず
窃盗,自転車盗,千葉北,作草部,121037,千葉県,千葉市稲毛区,黒砂１丁目,2023-06-09,19,その他の住宅（３階建て以下共同住宅等）,駐車（輪）場,20歳代,大学生,施錠せず
窃盗,自転車盗,千葉北,作草部,121037,千葉県,千葉市稲毛区,黒砂１丁目,2023-08-10,12,その他の住宅（３階建て以下共同住宅等）,駐車（輪）場,10歳代,大学生,施錠せず
窃盗,自転車盗,千葉北,作草部,121037,千葉県,千葉市稲毛区,黒砂３丁目,2023-04-20,14,４階建て以上共同住宅,駐車（輪）場,10歳代,大学生,施錠せず
窃盗,自転車盗,千葉北,作草部,121037,千葉県,千葉市稲毛区,黒砂３丁目,2023-04-22,16,その他,その他,10歳代,大学生,施錠せず
窃盗,自転車盗,千葉北,作草部,121037,千葉県,千葉市稲毛区,黒砂台１丁目,2022-12-25,17,その他の住宅（３階建て以下共同住宅等）,駐車（輪）場,10歳代,大学生,施錠せず
窃盗,自転車盗,千葉北,作草部,121037,千葉県,千葉市稲毛区,黒砂台１丁目,2023-02-18,23,その他の住宅（３階建て以下共同住宅等）,駐車（輪）場,20歳代,大学生,施錠せず
窃盗,自転車盗,千葉北,作草部,121037,千葉県,千葉市稲毛区,黒砂台１丁目,2023-04-25,12,その他の住宅（３階建て以下共同住宅等）,駐車（輪）場,20歳代,大学生,施錠せず
窃盗,自転車盗,千葉北,作草部,121037,千葉県,千葉市稲毛区,黒砂台１丁目,2023-05-09,00,４階建て以上共同住宅,その他,20歳代,大学生,施錠せず
窃盗,自転車盗,千葉北,作草部,121037,千葉県,千葉市稲毛区,黒砂台１丁目,2023-06-16,22,４階建て以上共同住宅,駐車（輪）場,20歳代,その他,施錠した
窃盗,自転車盗,千葉北,作草部,121037,千葉県,千葉市稲毛区,黒砂台１丁目,2023-09-20,23,その他の住宅（３階建て以下共同住宅等）,駐車（輪）場,20歳代,大学生,施錠せず
窃盗,自転車盗,千葉北,作草部,121037,千葉県,千葉市稲毛区,黒砂台１丁目,2023-11-23,03,その他,その他,20歳代,大学生,施錠せず
窃盗,自転車盗,千葉北,作草部,121037,千葉県,千葉市稲毛区,黒砂台２丁目,2023-12-26,12,その他の住宅（３階建て以下共同住宅等）,その他,30歳代,その他,施錠せず
窃盗,自転車盗,千葉北,作草部,121037,千葉県,千葉市稲毛区,黒砂台３丁目,2023-04-19,21,その他の住宅（３階建て以下共同住宅等）,その他,10歳代,その他,施錠せず
窃盗,自転車盗,千葉北,作草部,121037,千葉県,千葉市稲毛区,黒砂台３丁目,2023-05-14,14,一戸建住宅,駐車（輪）場,10歳代,中学生,施錠せず
窃盗,自転車盗,千葉北,作草部,121037,千葉県,千葉市稲毛区,黒砂台３丁目,2023-09-18,23,４階建て以上共同住宅,駐車（輪）場,20歳代,大学生,施錠せず
窃盗,自転車盗,千葉北,作草部,121037,千葉県,千葉市稲毛区,黒砂台３丁目,2023-09-24,11,道路上,その他,65-69歳,その他,施錠せず
窃盗,自転車盗,千葉北,作草部,121037,千葉県,千葉市稲毛区,作草部町,2023-01-22,18,その他,駐車（輪）場,20歳代,その他,施錠せず
窃盗,自転車盗,千葉北,作草部,121037,千葉県,千葉市稲毛区,作草部町,2023-07-12,18,その他の住宅（３階建て以下共同住宅等）,駐車（輪）場,10歳代,大学生,施錠せず
窃盗,自転車盗,千葉北,作草部,121037,千葉県,千葉市稲毛区,作草部町,2023-07-22,13,４階建て以上共同住宅,駐車（輪）場,40歳代,その他,施錠せず
窃盗,自転車盗,千葉北,作草部,121037,千葉県,千葉市稲毛区,作草部町,2023-09-25,18,４階建て以上共同住宅,駐車（輪）場,50歳代,その他,施錠した
窃盗,自転車盗,千葉北,作草部,121037,千葉県,千葉市稲毛区,作草部町,2023-10-21,18,その他の住宅（３階建て以下共同住宅等）,その他,20歳代,大学生,施錠した
窃盗,自転車盗,千葉北,作草部,121037,千葉県,千葉市稲毛区,園生町,2023-03-20,18,その他の住宅（３階建て以下共同住宅等）,駐車（輪）場,10歳代,大学生,施錠せず
窃盗,自転車盗,千葉北,作草部,121037,千葉県,千葉市稲毛区,千草台１丁目,2023-01-10,17,４階建て以上共同住宅,駐車（輪）場,20歳代,その他,施錠した
窃盗,自転車盗,千葉北,作草部,121037,千葉県,千葉市稲毛区,千草台２丁目,2023-01-06,19,４階建て以上共同住宅,駐車（輪）場,30歳代,その他,施錠せず
窃盗,自転車盗,千葉北,作草部,121037,千葉県,千葉市稲毛区,千草台２丁目,2023-01-22,21,４階建て以上共同住宅,駐車（輪）場,30歳代,その他,施錠せず
窃盗,自転車盗,千葉北,作草部,121037,千葉県,千葉市稲毛区,天台１丁目,2023-07-22,16,駐車（輪）場,駐車（輪）場,20歳代,その他,施錠せず
窃盗,自転車盗,千葉北,作草部,121037,千葉県,千葉市稲毛区,天台１丁目,2023-08-05,09,その他,駐車（輪）場,10歳代,大学生,施錠した
窃盗,自転車盗,千葉北,作草部,121037,千葉県,千葉市稲毛区,天台１丁目,2023-09-20,18,その他,駐車（輪）場,20歳代,大学生,施錠せず
窃盗,自転車盗,千葉北,作草部,121037,千葉県,千葉市稲毛区,天台１丁目,2023-09-29,07,駐車（輪）場,駐車（輪）場,10歳代,高校生,施錠せず
窃盗,自転車盗,千葉北,作草部,121037,千葉県,千葉市稲毛区,天台１丁目,2023-10-23,21,その他,駐車（輪）場,20歳代,その他,施錠せず
窃盗,自転車盗,千葉北,作草部,121037,千葉県,千葉市稲毛区,天台１丁目,2023-11-28,00,一戸建住宅,その他,40歳代,その他,施錠せず
窃盗,自転車盗,千葉北,作草部,121037,千葉県,千葉市稲毛区,天台３丁目,2023-11-06,14,一戸建住宅,その他,10歳代,高校生,施錠せず
窃盗,自転車盗,千葉北,作草部,121037,千葉県,千葉市稲毛区,天台町,2023-05-02,20,その他,その他,10歳代,高校生,施錠した
窃盗,自転車盗,千葉北,作草部,121037,千葉県,千葉市稲毛区,天台町,2023-06-07,08,その他,その他,10歳代,大学生,施錠せず
窃盗,自転車盗,千葉北,作草部,121037,千葉県,千葉市稲毛区,轟町１丁目,2023-03-06,09,その他の住宅（３階建て以下共同住宅等）,その他,10歳代,大学生,施錠せず
窃盗,自転車盗,千葉北,作草部,121037,千葉県,千葉市稲毛区,轟町１丁目,2023-03-06,09,その他の住宅（３階建て以下共同住宅等）,その他,10歳代,大学生,施錠せず
窃盗,自転車盗,千葉北,作草部,121037,千葉県,千葉市稲毛区,轟町１丁目,2023-04-19,20,その他の住宅（３階建て以下共同住宅等）,駐車（輪）場,10歳代,大学生,施錠せず
窃盗,自転車盗,千葉北,作草部,121037,千葉県,千葉市稲毛区,轟町１丁目,2023-07-21,20,その他の住宅（３階建て以下共同住宅等）,駐車（輪）場,20歳代,大学生,施錠せず
窃盗,自転車盗,千葉北,作草部,121037,千葉県,千葉市稲毛区,轟町１丁目,2023-09-04,20,一戸建住宅,その他,30歳代,その他,施錠せず
窃盗,自転車盗,千葉北,作草部,121037,千葉県,千葉市稲毛区,轟町１丁目,2023-12-14,23,その他の住宅（３階建て以下共同住宅等）,駐車（輪）場,10歳代,大学生,施錠せず
窃盗,自転車盗,千葉北,作草部,121037,千葉県,千葉市稲毛区,轟町２丁目,2023-03-29,18,４階建て以上共同住宅,駐車（輪）場,10歳代,中学生,施錠した
窃盗,自転車盗,千葉北,作草部,121037,千葉県,千葉市稲毛区,轟町２丁目,2023-04-23,22,その他,その他,10歳代,大学生,施錠せず
窃盗,自転車盗,千葉北,作草部,121037,千葉県,千葉市稲毛区,轟町２丁目,2023-04-28,21,その他の住宅（３階建て以下共同住宅等）,駐車（輪）場,20歳代,大学生,施錠せず
窃盗,自転車盗,千葉北,作草部,121037,千葉県,千葉市稲毛区,轟町２丁目,2023-06-10,23,その他の住宅（３階建て以下共同住宅等）,駐車（輪）場,10歳代,大学生,施錠せず
窃盗,自転車盗,千葉北,作草部,121037,千葉県,千葉市稲毛区,轟町２丁目,2023-06-17,12,その他の住宅（３階建て以下共同住宅等）,その他,20歳代,大学生,施錠せず
窃盗,自転車盗,千葉北,作草部,121037,千葉県,千葉市稲毛区,轟町２丁目,2023-11-18,22,その他の住宅（３階建て以下共同住宅等）,駐車（輪）場,20歳代,大学生,施錠せず
窃盗,自転車盗,千葉北,作草部,121037,千葉県,千葉市稲毛区,轟町３丁目,2023-04-18,09,その他,駐車（輪）場,10歳代,大学生,施錠せず
窃盗,自転車盗,千葉北,作草部,121037,千葉県,千葉市稲毛区,轟町３丁目,2023-06-13,10,その他,駐車（輪）場,10歳代,大学生,施錠せず
窃盗,自転車盗,千葉北,作草部,121037,千葉県,千葉市稲毛区,轟町３丁目,2023-11-23,09,その他,駐車（輪）場,20歳代,大学生,施錠せず
窃盗,自転車盗,千葉北,作草部,121037,千葉県,千葉市稲毛区,轟町４丁目,2023-02-22,08,その他,駐車（輪）場,10歳代,高校生,施錠せず
窃盗,自転車盗,千葉北,作草部,121037,千葉県,千葉市稲毛区,轟町４丁目,2023-08-27,22,その他の住宅（３階建て以下共同住宅等）,駐車（輪）場,10歳代,大学生,施錠せず
窃盗,自転車盗,千葉北,作草部,121037,千葉県,千葉市稲毛区,轟町４丁目,2023-09-18,00,その他の住宅（３階建て以下共同住宅等）,駐車（輪）場,20歳代,大学生,施錠せず
窃盗,自転車盗,千葉北,作草部,121037,千葉県,千葉市稲毛区,轟町４丁目,2023-09-20,23,４階建て以上共同住宅,駐車（輪）場,20歳代,大学生,施錠した
窃盗,自転車盗,千葉北,作草部,121037,千葉県,千葉市稲毛区,轟町５丁目,2023-06-13,23,駐車（輪）場,駐車（輪）場,20歳代,大学生,施錠せず
窃盗,自転車盗,千葉北,作草部,121037,千葉県,千葉市稲毛区,轟町５丁目,2023-07-25,23,その他の住宅（３階建て以下共同住宅等）,その他,10歳代,大学生,施錠せず
窃盗,自転車盗,千葉北,作草部,121037,千葉県,千葉市稲毛区,轟町５丁目,2023-11-28,16,その他,駐車（輪）場,20歳代,大学生,施錠した
窃盗,自転車盗,千葉北,作草部,121037,千葉県,千葉市稲毛区,緑町１丁目,2023-01-26,00,４階建て以上共同住宅,駐車（輪）場,20歳代,その他,施錠せず
窃盗,自転車盗,千葉北,作草部,121037,千葉県,千葉市稲毛区,緑町１丁目,2023-02-21,07,その他の住宅（３階建て以下共同住宅等）,その他,20歳代,その他,施錠せず
窃盗,自転車盗,千葉北,作草部,121037,千葉県,千葉市稲毛区,緑町１丁目,2023-04-01,16,一戸建住宅,その他,70歳以上,その他,施錠した
窃盗,自転車盗,千葉北,作草部,121037,千葉県,千葉市稲毛区,緑町１丁目,2023-04-21,16,その他の住宅（３階建て以下共同住宅等）,駐車（輪）場,20歳代,大学生,施錠せず
窃盗,自転車盗,千葉北,作草部,121037,千葉県,千葉市稲毛区,緑町１丁目,2023-07-23,14,４階建て以上共同住宅,駐車（輪）場,40歳代,その他,施錠せず
窃盗,自転車盗,千葉北,作草部,121037,千葉県,千葉市稲毛区,緑町１丁目,2023-08-17,06,４階建て以上共同住宅,駐車（輪）場,10歳代,大学生,施錠せず
窃盗,自転車盗,千葉北,作草部,121037,千葉県,千葉市稲毛区,緑町１丁目,2023-09-10,10,４階建て以上共同住宅,駐車（輪）場,40歳代,その他,施錠した
窃盗,自転車盗,千葉北,作草部,121037,千葉県,千葉市稲毛区,緑町１丁目,2023-10-20,17,４階建て以上共同住宅,駐車（輪）場,10歳代,小学生,施錠せず
窃盗,自転車盗,千葉北,作草部,121037,千葉県,千葉市稲毛区,緑町１丁目,2023-12-10,19,その他,その他,30歳代,その他,施錠せず
窃盗,自転車盗,千葉北,作草部,121037,千葉県,千葉市稲毛区,緑町２丁目,2023-05-28,20,その他の住宅（３階建て以下共同住宅等）,その他,20歳代,大学生,施錠せず
窃盗,自転車盗,千葉北,作草部,121037,千葉県,千葉市稲毛区,弥生町,2023-01-10,10,その他,駐車（輪）場,10歳代,大学生,施錠せず
窃盗,自転車盗,千葉北,作草部,121037,千葉県,千葉市稲毛区,弥生町,2023-03-01,00,その他,駐車（輪）場,20歳代,その他,施錠せず
窃盗,自転車盗,千葉北,作草部,121037,千葉県,千葉市稲毛区,弥生町,2023-03-24,22,その他の住宅（３階建て以下共同住宅等）,その他,30歳代,その他,施錠せず
窃盗,自転車盗,千葉北,作草部,121037,千葉県,千葉市稲毛区,弥生町,2023-04-28,08,その他,駐車（輪）場,20歳代,大学生,施錠せず
窃盗,自転車盗,千葉北,作草部,121037,千葉県,千葉市稲毛区,弥生町,2023-05-19,12,その他の住宅（３階建て以下共同住宅等）,その他,20歳代,大学生,施錠した
窃盗,自転車盗,千葉北,作草部,121037,千葉県,千葉市稲毛区,弥生町,2023-06-05,10,その他,駐車（輪）場,20歳代,大学生,施錠した
窃盗,自転車盗,千葉北,作草部,121037,千葉県,千葉市稲毛区,弥生町,2023-06-16,08,その他,その他,20歳代,大学生,施錠した
窃盗,自転車盗,千葉北,作草部,121037,千葉県,千葉市稲毛区,弥生町,2023-07-01,06,その他,その他,20歳代,大学生,施錠せず
窃盗,自転車盗,千葉北,作草部,121037,千葉県,千葉市稲毛区,弥生町,2023-07-14,10,その他,その他,20歳代,大学生,施錠せず
窃盗,自転車盗,千葉北,作草部,121037,千葉県,千葉市稲毛区,弥生町,2023-07-14,12,その他,駐車（輪）場,20歳代,大学生,施錠した
窃盗,自転車盗,千葉北,作草部,121037,千葉県,千葉市稲毛区,弥生町,2023-08-05,13,その他の住宅（３階建て以下共同住宅等）,駐車（輪）場,20歳代,大学生,施錠せず
窃盗,自転車盗,千葉北,作草部,121037,千葉県,千葉市稲毛区,弥生町,2023-08-18,16,その他,駐車（輪）場,20歳代,大学生,施錠せず
窃盗,自転車盗,千葉北,作草部,121037,千葉県,千葉市稲毛区,弥生町,2023-08-25,21,その他,駐車（輪）場,20歳代,大学生,施錠した
窃盗,自転車盗,千葉北,作草部,121037,千葉県,千葉市稲毛区,弥生町,2023-09-20,14,その他,駐車（輪）場,20歳代,大学生,施錠した
窃盗,自転車盗,千葉北,作草部,121037,千葉県,千葉市稲毛区,弥生町,2023-09-22,09,その他,駐車（輪）場,20歳代,大学生,施錠せず
窃盗,自転車盗,千葉北,作草部,121037,千葉県,千葉市稲毛区,弥生町,2023-09-29,09,その他,駐車（輪）場,10歳代,大学生,施錠せず
窃盗,自転車盗,千葉北,作草部,121037,千葉県,千葉市稲毛区,弥生町,2023-10-08,23,４階建て以上共同住宅,駐車（輪）場,20歳代,大学生,施錠した
窃盗,自転車盗,千葉北,作草部,121037,千葉県,千葉市稲毛区,弥生町,2023-11-05,21,４階建て以上共同住宅,駐車（輪）場,20歳代,大学生,施錠した
窃盗,自転車盗,千葉北,作草部,121037,千葉県,千葉市稲毛区,弥生町,2023-12-18,23,その他,その他,20歳代,その他,施錠せず
窃盗,自転車盗,千葉北,作草部,121037,千葉県,千葉市稲毛区,作草部１丁目,2023-04-12,20,その他の住宅（３階建て以下共同住宅等）,駐車（輪）場,20歳代,大学生,施錠せず
窃盗,自転車盗,千葉北,作草部,121037,千葉県,千葉市稲毛区,作草部１丁目,2023-06-19,19,その他の住宅（３階建て以下共同住宅等）,その他,10歳代,大学生,施錠せず
窃盗,自転車盗,千葉北,作草部,121037,千葉県,千葉市稲毛区,作草部２丁目,2023-02-06,15,その他,駐車（輪）場,40歳代,その他,施錠した
窃盗,自転車盗,千葉北,作草部,121037,千葉県,千葉市稲毛区,作草部２丁目,2023-04-29,21,その他,駐車（輪）場,20歳代,大学生,施錠した
窃盗,自転車盗,千葉北,作草部,121037,千葉県,千葉市稲毛区,作草部２丁目,2023-08-23,19,その他,駐車（輪）場,10歳代,大学生,施錠せず
窃盗,自転車盗,千葉北,宮野木,121029,千葉県,千葉市花見川区,さつきが丘１丁目,2023-08-04,22,４階建て以上共同住宅,その他,10歳代,高校生,施錠せず
窃盗,自転車盗,千葉北,宮野木,121029,千葉県,千葉市花見川区,さつきが丘１丁目,2023-08-10,09,４階建て以上共同住宅,駐車（輪）場,50歳代,その他,施錠せず
窃盗,自転車盗,千葉北,宮野木,121029,千葉県,千葉市花見川区,さつきが丘１丁目,2023-10-12,06,４階建て以上共同住宅,駐車（輪）場,30歳代,その他,施錠した
窃盗,自転車盗,千葉北,宮野木,121029,千葉県,千葉市花見川区,さつきが丘１丁目,2023-12-16,19,一戸建住宅,駐車（輪）場,40歳代,その他,施錠せず
窃盗,自転車盗,千葉北,宮野木,121029,千葉県,千葉市花見川区,さつきが丘２丁目,2023-08-29,19,道路上,その他,10歳代,高校生,施錠した
窃盗,自転車盗,千葉北,宮野木,121029,千葉県,千葉市花見川区,さつきが丘２丁目,2023-10-27,17,道路上,その他,10歳代,高校生,施錠せず
窃盗,自転車盗,千葉北,宮野木,121029,千葉県,千葉市花見川区,花見川,2023-03-05,14,４階建て以上共同住宅,駐車（輪）場,10歳代,高校生,施錠せず
窃盗,自転車盗,千葉北,宮野木,121029,千葉県,千葉市花見川区,宮野木台２丁目,2023-08-22,21,一戸建住宅,その他,10歳代,中学生,施錠せず
窃盗,自転車盗,千葉北,宮野木,121029,千葉県,千葉市花見川区,宮野木台３丁目,2023-08-19,05,その他,駐車（輪）場,60-64歳,その他,施錠せず
窃盗,自転車盗,千葉北,宮野木,121037,千葉県,千葉市稲毛区,宮野木町,2022-12-29,14,その他の住宅（３階建て以下共同住宅等）,駐車（輪）場,20歳代,その他,施錠した
窃盗,自転車盗,千葉北,山王,121029,千葉県,千葉市花見川区,花見川,2023-03-10,17,４階建て以上共同住宅,駐車（輪）場,10歳代,高校生,施錠せず
窃盗,自転車盗,千葉北,山王,121037,千葉県,千葉市稲毛区,小深町,2023-09-23,20,その他,駐車（輪）場,40歳代,その他,施錠せず
窃盗,自転車盗,千葉北,山王,121037,千葉県,千葉市稲毛区,小深町,2023-12-17,18,その他の住宅（３階建て以下共同住宅等）,駐車（輪）場,20歳代,その他,施錠せず
窃盗,自転車盗,千葉北,山王,121037,千葉県,千葉市稲毛区,山王町,2022-11-01,17,その他,駐車（輪）場,20歳代,その他,施錠した
窃盗,自転車盗,千葉北,山王,121037,千葉県,千葉市稲毛区,山王町,2023-04-02,18,一戸建住宅,駐車（輪）場,10歳代,中学生,施錠した
窃盗,自転車盗,千葉北,山王,121037,千葉県,千葉市稲毛区,山王町,2023-04-03,12,４階建て以上共同住宅,駐車（輪）場,20歳代,その他,施錠せず
窃盗,自転車盗,千葉北,山王,121037,千葉県,千葉市稲毛区,山王町,2023-04-25,07,その他,その他,10歳代,その他,施錠せず
窃盗,自転車盗,千葉北,山王,121037,千葉県,千葉市稲毛区,山王町,2023-05-25,10,その他,その他,65-69歳,その他,施錠せず
窃盗,自転車盗,千葉北,山王,121037,千葉県,千葉市稲毛区,山王町,2023-06-23,06,４階建て以上共同住宅,駐車（輪）場,10歳代,その他,施錠せず
窃盗,自転車盗,千葉北,山王,121037,千葉県,千葉市稲毛区,山王町,2023-07-21,20,４階建て以上共同住宅,駐車（輪）場,10歳代,高校生,施錠せず
窃盗,自転車盗,千葉北,山王,121037,千葉県,千葉市稲毛区,山王町,2023-07-29,17,その他,その他,20歳代,大学生,施錠せず
窃盗,自転車盗,千葉北,山王,121037,千葉県,千葉市稲毛区,山王町,2023-11-28,18,その他の住宅（３階建て以下共同住宅等）,駐車（輪）場,10歳代,中学生,施錠した
窃盗,自転車盗,千葉北,山王,121037,千葉県,千葉市稲毛区,長沼原町,2023-02-24,16,その他,駐車（輪）場,10歳代,中学生,施錠せず
窃盗,自転車盗,千葉北,山王,121037,千葉県,千葉市稲毛区,長沼原町,2023-05-20,15,その他,その他,10歳代,中学生,施錠せず
窃盗,自転車盗,千葉北,山王,121037,千葉県,千葉市稲毛区,長沼原町,2023-05-27,13,その他,駐車（輪）場,10歳代,中学生,施錠せず
窃盗,自転車盗,千葉北,山王,121037,千葉県,千葉市稲毛区,長沼原町,2023-11-07,18,その他,駐車（輪）場,10歳代,高校生,施錠せず
窃盗,自転車盗,千葉北,山王,121037,千葉県,千葉市稲毛区,六方町,2023-11-06,20,その他の住宅（３階建て以下共同住宅等）,その他,65-69歳,その他,施錠せず
窃盗,自転車盗,千葉北,柏台,121037,千葉県,千葉市稲毛区,あやめ台,2023-05-27,11,４階建て以上共同住宅,駐車（輪）場,40歳代,その他,施錠せず
窃盗,自転車盗,千葉北,柏台,121037,千葉県,千葉市稲毛区,あやめ台,2023-08-03,00,４階建て以上共同住宅,駐車（輪）場,60-64歳,その他,施錠した
窃盗,自転車盗,千葉北,柏台,121037,千葉県,千葉市稲毛区,あやめ台,2023-09-09,18,４階建て以上共同住宅,駐車（輪）場,30歳代,その他,施錠した
窃盗,自転車盗,千葉北,柏台,121037,千葉県,千葉市稲毛区,あやめ台,2023-10-14,18,４階建て以上共同住宅,駐車（輪）場,20歳代,その他,施錠せず
窃盗,自転車盗,千葉北,柏台,121037,千葉県,千葉市稲毛区,柏台,2023-07-12,17,４階建て以上共同住宅,駐車（輪）場,10歳代,中学生,施錠した
窃盗,自転車盗,千葉北,柏台,121037,千葉県,千葉市稲毛区,柏台,2023-09-29,11,４階建て以上共同住宅,その他,70歳以上,その他,施錠した
窃盗,自転車盗,千葉北,柏台,121037,千葉県,千葉市稲毛区,園生町,2023-01-29,13,４階建て以上共同住宅,駐車（輪）場,70歳以上,その他,施錠せず
窃盗,自転車盗,千葉北,柏台,121037,千葉県,千葉市稲毛区,園生町,2023-05-03,21,４階建て以上共同住宅,駐車（輪）場,10歳代,高校生,施錠せず
窃盗,自転車盗,千葉北,柏台,121037,千葉県,千葉市稲毛区,園生町,2023-12-08,15,一戸建住宅,駐車（輪）場,50歳代,その他,施錠せず
窃盗,自転車盗,千葉北,柏台,121037,千葉県,千葉市稲毛区,長沼町,2023-01-02,08,駐車（輪）場,駐車（輪）場,10歳代,高校生,施錠した
窃盗,自転車盗,千葉北,柏台,121037,千葉県,千葉市稲毛区,長沼町,2023-01-25,07,その他,駐車（輪）場,10歳代,高校生,施錠せず
窃盗,自転車盗,千葉北,柏台,121037,千葉県,千葉市稲毛区,長沼町,2023-01-29,14,その他,その他,70歳以上,その他,施錠せず
窃盗,自転車盗,千葉北,柏台,121037,千葉県,千葉市稲毛区,長沼町,2023-03-21,09,その他,駐車（輪）場,20歳代,その他,施錠せず
窃盗,自転車盗,千葉北,柏台,121037,千葉県,千葉市稲毛区,長沼町,2023-03-21,12,その他,駐車（輪）場,10歳代,高校生,施錠した
窃盗,自転車盗,千葉北,柏台,121037,千葉県,千葉市稲毛区,長沼町,2023-03-21,14,その他,駐車（輪）場,10歳代,大学生,施錠した
窃盗,自転車盗,千葉北,柏台,121037,千葉県,千葉市稲毛区,長沼町,2023-03-30,10,その他,駐車（輪）場,10歳代,高校生,施錠した
窃盗,自転車盗,千葉北,柏台,121037,千葉県,千葉市稲毛区,長沼町,2023-04-04,11,その他,その他,30歳代,その他,施錠せず
窃盗,自転車盗,千葉北,柏台,121037,千葉県,千葉市稲毛区,長沼町,2023-04-07,19,その他,駐車（輪）場,10歳代,高校生,施錠せず
窃盗,自転車盗,千葉北,柏台,121037,千葉県,千葉市稲毛区,長沼町,2023-06-01,17,４階建て以上共同住宅,駐車（輪）場,20歳代,その他,施錠せず
窃盗,自転車盗,千葉北,柏台,121037,千葉県,千葉市稲毛区,長沼町,2023-06-05,12,その他,駐車（輪）場,10歳代,中学生,施錠せず
窃盗,自転車盗,千葉北,柏台,121037,千葉県,千葉市稲毛区,長沼町,2023-06-05,18,その他,駐車（輪）場,10歳代,高校生,施錠せず
窃盗,自転車盗,千葉北,柏台,121037,千葉県,千葉市稲毛区,長沼町,2023-07-14,17,その他,駐車（輪）場,50歳代,その他,施錠せず
窃盗,自転車盗,千葉北,柏台,121037,千葉県,千葉市稲毛区,長沼町,2023-07-18,07,その他,駐車（輪）場,10歳代,高校生,施錠せず
窃盗,自転車盗,千葉北,柏台,121037,千葉県,千葉市稲毛区,長沼町,2023-07-19,17,その他,駐車（輪）場,10歳代,高校生,施錠した
窃盗,自転車盗,千葉北,柏台,121037,千葉県,千葉市稲毛区,長沼町,2023-07-22,12,その他,駐車（輪）場,50歳代,その他,施錠した
窃盗,自転車盗,千葉北,柏台,121037,千葉県,千葉市稲毛区,長沼町,2023-07-26,18,その他,駐車（輪）場,70歳以上,その他,施錠せず
窃盗,自転車盗,千葉北,柏台,121037,千葉県,千葉市稲毛区,長沼町,2023-08-08,18,駐車（輪）場,駐車（輪）場,20歳代,その他,施錠せず
窃盗,自転車盗,千葉北,柏台,121037,千葉県,千葉市稲毛区,長沼町,2023-09-21,18,その他,駐車（輪）場,10歳代,中学生,施錠せず
窃盗,自転車盗,千葉北,柏台,121037,千葉県,千葉市稲毛区,長沼町,2023-09-25,18,その他,駐車（輪）場,10歳代,高校生,施錠せず
窃盗,自転車盗,千葉北,柏台,121037,千葉県,千葉市稲毛区,長沼町,2023-10-11,16,その他,駐車（輪）場,10歳代,高校生,施錠した
窃盗,自転車盗,千葉北,柏台,121037,千葉県,千葉市稲毛区,長沼町,2023-11-15,17,その他の住宅（３階建て以下共同住宅等）,駐車（輪）場,10歳代,高校生,施錠せず
窃盗,自転車盗,千葉北,柏台,121037,千葉県,千葉市稲毛区,長沼町,2023-12-26,16,その他,駐車（輪）場,10歳代,中学生,施錠せず
窃盗,自転車盗,千葉北,柏台,121037,千葉県,千葉市稲毛区,宮野木町,2023-04-16,12,その他の住宅（３階建て以下共同住宅等）,駐車（輪）場,20歳代,その他,施錠せず
窃盗,自転車盗,千葉北,柏台,121037,千葉県,千葉市稲毛区,宮野木町,2023-06-14,23,一戸建住宅,駐車（輪）場,10歳代,大学生,施錠せず
窃盗,自転車盗,千葉北,畑,121029,千葉県,千葉市花見川区,作新台５丁目,2023-03-11,16,一戸建住宅,駐車（輪）場,65-69歳,その他,施錠せず
窃盗,自転車盗,千葉北,畑,121029,千葉県,千葉市花見川区,畑町,不明,不明,その他,駐車（輪）場,50歳代,その他,施錠せず
窃盗,自転車盗,千葉北,畑,121029,千葉県,千葉市花見川区,瑞穂２丁目,2023-05-01,15,４階建て以上共同住宅,駐車（輪）場,40歳代,その他,施錠した
窃盗,自転車盗,千葉北,畑,121029,千葉県,千葉市花見川区,瑞穂３丁目,2023-08-07,20,その他の住宅（３階建て以下共同住宅等）,駐車（輪）場,40歳代,その他,施錠せず
窃盗,自転車盗,千葉北,畑,121029,千葉県,千葉市花見川区,朝日ケ丘２丁目,2023-05-04,09,４階建て以上共同住宅,駐車（輪）場,60-64歳,その他,施錠せず
窃盗,自転車盗,千葉北,畑,121029,千葉県,千葉市花見川区,朝日ケ丘３丁目,2022-12-30,12,その他の住宅（３階建て以下共同住宅等）,駐車（輪）場,30歳代,その他,施錠せず
窃盗,自転車盗,千葉北,畑,121029,千葉県,千葉市花見川区,朝日ケ丘３丁目,2023-02-21,12,４階建て以上共同住宅,駐車（輪）場,20歳代,その他,施錠した
窃盗,自転車盗,千葉北,穴川,121037,千葉県,千葉市稲毛区,穴川１丁目,2023-05-22,23,その他の住宅（３階建て以下共同住宅等）,その他,20歳代,大学生,施錠せず
窃盗,自転車盗,千葉北,穴川,121037,千葉県,千葉市稲毛区,穴川１丁目,2023-10-27,10,その他,駐車（輪）場,10歳代,大学生,施錠せず
窃盗,自転車盗,千葉北,穴川,121037,千葉県,千葉市稲毛区,穴川１丁目,不明,不明,その他,駐車（輪）場,40歳代,その他,施錠せず
窃盗,自転車盗,千葉北,穴川,121037,千葉県,千葉市稲毛区,穴川３丁目,2023-02-15,00,その他の住宅（３階建て以下共同住宅等）,駐車（輪）場,10歳代,大学生,施錠した
窃盗,自転車盗,千葉北,穴川,121037,千葉県,千葉市稲毛区,穴川３丁目,2023-11-22,15,４階建て以上共同住宅,駐車（輪）場,20歳代,大学生,施錠せず
窃盗,自転車盗,千葉北,穴川,121037,千葉県,千葉市稲毛区,穴川３丁目,2023-12-21,19,その他の住宅（３階建て以下共同住宅等）,その他,20歳代,大学生,施錠せず
窃盗,自転車盗,千葉北,穴川,121037,千葉県,千葉市稲毛区,穴川４丁目,2023-07-03,16,４階建て以上共同住宅,駐車（輪）場,10歳代,高校生,施錠せず
窃盗,自転車盗,千葉北,穴川,121037,千葉県,千葉市稲毛区,穴川４丁目,2023-07-03,19,４階建て以上共同住宅,駐車（輪）場,10歳代,大学生,施錠せず
窃盗,自転車盗,千葉北,穴川,121037,千葉県,千葉市稲毛区,穴川４丁目,2023-07-17,12,駐車（輪）場,駐車（輪）場,10歳未満,小学生,施錠せず
窃盗,自転車盗,千葉北,穴川,121037,千葉県,千葉市稲毛区,穴川町,2023-01-13,17,駐車（輪）場,駐車（輪）場,10歳代,中学生,施錠せず
窃盗,自転車盗,千葉北,穴川,121037,千葉県,千葉市稲毛区,穴川町,2023-02-14,16,その他,駐車（輪）場,10歳代,高校生,施錠せず
窃盗,自転車盗,千葉北,穴川,121037,千葉県,千葉市稲毛区,穴川町,2023-02-21,07,駐車（輪）場,駐車（輪）場,20歳代,大学生,施錠した
窃盗,自転車盗,千葉北,穴川,121037,千葉県,千葉市稲毛区,穴川町,2023-05-15,22,その他,駐車（輪）場,10歳代,大学生,施錠した
窃盗,自転車盗,千葉北,穴川,121037,千葉県,千葉市稲毛区,穴川町,2023-06-29,17,駐車（輪）場,駐車（輪）場,10歳代,大学生,施錠せず
窃盗,自転車盗,千葉北,穴川,121037,千葉県,千葉市稲毛区,穴川町,2023-08-05,17,その他,駐車（輪）場,10歳代,その他,施錠せず
窃盗,自転車盗,千葉北,穴川,121037,千葉県,千葉市稲毛区,穴川町,2023-08-11,18,駐車（輪）場,駐車（輪）場,10歳代,高校生,施錠した
窃盗,自転車盗,千葉北,穴川,121037,千葉県,千葉市稲毛区,穴川町,2023-09-13,08,道路上,その他,10歳代,高校生,施錠せず
窃盗,自転車盗,千葉北,穴川,121037,千葉県,千葉市稲毛区,穴川町,2023-10-03,17,駐車（輪）場,駐車（輪）場,10歳代,高校生,施錠せず
窃盗,自転車盗,千葉北,穴川,121037,千葉県,千葉市稲毛区,穴川町,2023-10-05,07,その他,駐車（輪）場,10歳代,高校生,施錠せず
窃盗,自転車盗,千葉北,穴川,121037,千葉県,千葉市稲毛区,穴川町,2023-10-30,08,その他,その他,20歳代,その他,施錠せず
窃盗,自転車盗,千葉北,穴川,121037,千葉県,千葉市稲毛区,穴川町,2023-11-22,12,道路上,その他,20歳代,その他,施錠した
窃盗,自転車盗,千葉北,穴川,121037,千葉県,千葉市稲毛区,穴川町,不明,不明,その他,駐車（輪）場,20歳代,その他,施錠した
窃盗,自転車盗,千葉北,穴川,121037,千葉県,千葉市稲毛区,黒砂台１丁目,2022-12-13,10,その他の住宅（３階建て以下共同住宅等）,駐車（輪）場,10歳代,大学生,施錠せず
窃盗,自転車盗,千葉北,穴川,121037,千葉県,千葉市稲毛区,園生町,2023-02-05,22,一戸建住宅,その他,10歳代,中学生,施錠せず
窃盗,自転車盗,千葉北,穴川,121037,千葉県,千葉市稲毛区,園生町,2023-04-11,06,その他の住宅（３階建て以下共同住宅等）,駐車（輪）場,20歳代,その他,施錠した
窃盗,自転車盗,千葉北,穴川,121037,千葉県,千葉市稲毛区,園生町,2023-04-23,19,一戸建住宅,駐車（輪）場,10歳代,高校生,施錠した
窃盗,自転車盗,千葉北,穴川,121037,千葉県,千葉市稲毛区,園生町,2023-06-25,14,４階建て以上共同住宅,駐車（輪）場,30歳代,その他,施錠した
窃盗,自転車盗,千葉北,穴川,121037,千葉県,千葉市稲毛区,園生町,2023-08-09,07,一戸建住宅,その他,10歳代,中学生,施錠せず
窃盗,自転車盗,千葉北,穴川,121037,千葉県,千葉市稲毛区,園生町,2023-08-22,22,その他,駐車（輪）場,50歳代,その他,施錠せず
窃盗,自転車盗,千葉北,穴川,121037,千葉県,千葉市稲毛区,園生町,2023-11-05,00,その他の住宅（３階建て以下共同住宅等）,駐車（輪）場,20歳代,大学生,施錠せず
窃盗,自転車盗,千葉北,穴川,121037,千葉県,千葉市稲毛区,天台２丁目,2023-09-18,21,その他の住宅（３階建て以下共同住宅等）,駐車（輪）場,20歳代,大学生,施錠せず
窃盗,自転車盗,千葉北,穴川,121037,千葉県,千葉市稲毛区,天台５丁目,2023-02-01,18,その他の住宅（３階建て以下共同住宅等）,その他,10歳代,その他,施錠せず
窃盗,自転車盗,千葉北,穴川,121037,千葉県,千葉市稲毛区,天台５丁目,2023-06-04,19,４階建て以上共同住宅,駐車（輪）場,10歳代,大学生,施錠した
窃盗,自転車盗,千葉北,穴川,121037,千葉県,千葉市稲毛区,天台６丁目,2023-02-20,11,その他,駐車（輪）場,10歳代,高校生,施錠した
窃盗,自転車盗,千葉北,穴川,121037,千葉県,千葉市稲毛区,天台６丁目,2023-04-28,18,駐車（輪）場,駐車（輪）場,30歳代,その他,施錠した
窃盗,自転車盗,千葉北,穴川,121037,千葉県,千葉市稲毛区,天台６丁目,2023-05-01,19,駐車（輪）場,駐車（輪）場,10歳代,高校生,施錠した
窃盗,自転車盗,千葉北,穴川,121037,千葉県,千葉市稲毛区,天台６丁目,2023-05-24,20,駐車（輪）場,駐車（輪）場,10歳代,高校生,施錠した
窃盗,自転車盗,千葉北,穴川,121037,千葉県,千葉市稲毛区,天台６丁目,2023-05-29,17,駐車（輪）場,駐車（輪）場,10歳代,高校生,施錠せず
窃盗,自転車盗,千葉北,穴川,121037,千葉県,千葉市稲毛区,天台６丁目,2023-06-14,20,駐車（輪）場,駐車（輪）場,10歳代,高校生,施錠した
窃盗,自転車盗,千葉北,穴川,121037,千葉県,千葉市稲毛区,天台６丁目,2023-07-28,07,駐車（輪）場,駐車（輪）場,10歳代,大学生,施錠せず
窃盗,自転車盗,千葉北,穴川,121037,千葉県,千葉市稲毛区,天台６丁目,2023-07-28,20,その他,駐車（輪）場,20歳代,その他,施錠せず
窃盗,自転車盗,千葉北,穴川,121037,千葉県,千葉市稲毛区,天台６丁目,2023-10-12,07,その他,駐車（輪）場,10歳代,高校生,施錠した
窃盗,自転車盗,千葉北,穴川,121037,千葉県,千葉市稲毛区,天台６丁目,2023-11-07,07,その他,駐車（輪）場,10歳代,高校生,施錠せず
窃盗,自転車盗,千葉北,穴川,121037,千葉県,千葉市稲毛区,天台６丁目,2023-11-07,07,その他,駐車（輪）場,10歳代,高校生,施錠せず
窃盗,自転車盗,千葉北,穴川,121037,千葉県,千葉市稲毛区,天台町,2023-01-24,07,駐車（輪）場,駐車（輪）場,10歳代,高校生,施錠した
窃盗,自転車盗,千葉北,穴川,121037,千葉県,千葉市稲毛区,天台町,2023-01-25,16,その他,駐車（輪）場,10歳代,高校生,施錠せず
窃盗,自転車盗,千葉北,穴川,121037,千葉県,千葉市稲毛区,天台町,2023-06-21,12,その他,その他,30歳代,その他,施錠した
窃盗,自転車盗,千葉北,穴川,121037,千葉県,千葉市稲毛区,天台町,2023-06-23,08,道路上,その他,20歳代,その他,施錠した
窃盗,自転車盗,千葉北,穴川,121037,千葉県,千葉市稲毛区,天台町,2023-06-28,18,その他,その他,10歳代,中学生,施錠せず
窃盗,自転車盗,千葉北,穴川,121037,千葉県,千葉市稲毛区,天台町,2023-07-29,09,その他,駐車（輪）場,10歳代,高校生,施錠せず
窃盗,自転車盗,千葉北,穴川,121037,千葉県,千葉市稲毛区,天台町,2023-09-24,07,その他,その他,10歳代,高校生,施錠せず
窃盗,自転車盗,千葉北,穴川,121037,千葉県,千葉市稲毛区,天台町,2023-09-24,07,その他,その他,10歳代,高校生,施錠せず
窃盗,自転車盗,千葉北,穴川,121037,千葉県,千葉市稲毛区,萩台町,2023-06-12,22,一戸建住宅,駐車（輪）場,10歳代,高校生,施錠せず
窃盗,自転車盗,千葉北,穴川,121037,千葉県,千葉市稲毛区,萩台町,2023-06-14,20,その他の住宅（３階建て以下共同住宅等）,駐車（輪）場,20歳代,その他,施錠した
窃盗,自転車盗,千葉北,穴川,121037,千葉県,千葉市稲毛区,萩台町,2023-07-20,23,その他の住宅（３階建て以下共同住宅等）,駐車（輪）場,60-64歳,その他,施錠した
窃盗,自転車盗,千葉北,穴川,121037,千葉県,千葉市稲毛区,萩台町,2023-09-08,17,一戸建住宅,駐車（輪）場,10歳代,その他,施錠せず
窃盗,自転車盗,千葉北,穴川,121037,千葉県,千葉市稲毛区,萩台町,2023-12-10,15,その他,駐車（輪）場,20歳代,その他,施錠せず
窃盗,自転車盗,千葉北,穴川,121037,千葉県,千葉市稲毛区,萩台町,2023-12-18,07,その他,その他,10歳代,高校生,施錠せず
窃盗,自転車盗,千葉北,穴川,121037,千葉県,千葉市稲毛区,宮野木町,2023-10-05,18,４階建て以上共同住宅,駐車（輪）場,10歳代,中学生,施錠せず
窃盗,自転車盗,千葉北,穴川,121037,千葉県,千葉市稲毛区,宮野木町,2023-11-22,23,その他の住宅（３階建て以下共同住宅等）,駐車（輪）場,20歳代,大学生,施錠せず
窃盗,自転車盗,千葉北,花見川,121029,千葉県,千葉市花見川区,柏井町,2023-04-07,12,その他,駐車（輪）場,10歳代,高校生,施錠せず
窃盗,自転車盗,千葉北,花見川,121029,千葉県,千葉市花見川区,柏井町,2023-11-30,19,一戸建住宅,駐車（輪）場,10歳代,中学生,施錠せず
窃盗,自転車盗,千葉北,花見川,121029,千葉県,千葉市花見川区,花見川,2023-01-22,20,４階建て以上共同住宅,駐車（輪）場,60-64歳,その他,施錠せず
窃盗,自転車盗,千葉北,花見川,121029,千葉県,千葉市花見川区,花見川,2023-02-24,12,４階建て以上共同住宅,駐車（輪）場,40歳代,その他,施錠せず
窃盗,自転車盗,千葉北,花見川,121029,千葉県,千葉市花見川区,花見川,2023-03-01,15,４階建て以上共同住宅,駐車（輪）場,70歳以上,その他,施錠せず
窃盗,自転車盗,千葉北,花見川,121029,千葉県,千葉市花見川区,花見川,2023-03-06,13,４階建て以上共同住宅,駐車（輪）場,10歳代,中学生,施錠せず
窃盗,自転車盗,千葉北,花見川,121029,千葉県,千葉市花見川区,花見川,2023-06-16,16,４階建て以上共同住宅,駐車（輪）場,10歳代,高校生,施錠せず
窃盗,自転車盗,千葉北,花見川,121029,千葉県,千葉市花見川区,花見川,2023-06-27,15,４階建て以上共同住宅,駐車（輪）場,70歳以上,その他,施錠せず
窃盗,自転車盗,千葉北,花見川,121029,千葉県,千葉市花見川区,花見川,2023-07-20,17,４階建て以上共同住宅,駐車（輪）場,30歳代,その他,施錠せず
窃盗,自転車盗,千葉北,花見川,121029,千葉県,千葉市花見川区,花見川,2023-07-27,17,４階建て以上共同住宅,駐車（輪）場,10歳代,高校生,施錠した
窃盗,自転車盗,千葉北,花見川,121029,千葉県,千葉市花見川区,花見川,2023-07-29,17,４階建て以上共同住宅,その他,10歳代,高校生,施錠せず
窃盗,自転車盗,千葉北,花見川,121029,千葉県,千葉市花見川区,花見川,2023-09-10,04,４階建て以上共同住宅,駐車（輪）場,40歳代,その他,施錠した
窃盗,自転車盗,千葉北,花見川,121029,千葉県,千葉市花見川区,花見川,2023-09-21,08,その他,その他,70歳以上,その他,施錠せず
窃盗,自転車盗,千葉北,花見川,121029,千葉県,千葉市花見川区,花見川,2023-09-27,11,４階建て以上共同住宅,駐車（輪）場,50歳代,その他,施錠した
窃盗,自転車盗,千葉北,花見川,121029,千葉県,千葉市花見川区,花見川,2023-10-21,22,４階建て以上共同住宅,駐車（輪）場,40歳代,その他,施錠した
窃盗,自転車盗,千葉北,花見川,121029,千葉県,千葉市花見川区,花見川,2023-11-03,20,４階建て以上共同住宅,駐車（輪）場,10歳代,その他,施錠せず
窃盗,自転車盗,千葉北,花見川,121029,千葉県,千葉市花見川区,花見川,2023-11-20,22,４階建て以上共同住宅,駐車（輪）場,30歳代,その他,施錠した
窃盗,自転車盗,千葉北,花見川,121029,千葉県,千葉市花見川区,花見川,2023-12-09,13,４階建て以上共同住宅,駐車（輪）場,20歳代,その他,施錠せず
窃盗,自転車盗,千葉北,花見川,121029,千葉県,千葉市花見川区,朝日ケ丘１丁目,2023-10-03,11,その他の住宅（３階建て以下共同住宅等）,駐車（輪）場,30歳代,その他,施錠せず
窃盗,自転車盗,千葉北,花見川,121029,千葉県,千葉市花見川区,柏井４丁目,2023-07-01,19,その他の住宅（３階建て以下共同住宅等）,駐車（輪）場,20歳代,その他,施錠せず
窃盗,自転車盗,千葉北,長沼,121029,千葉県,千葉市花見川区,犢橋町,2023-06-14,08,その他の住宅（３階建て以下共同住宅等）,駐車（輪）場,20歳代,その他,施錠した
窃盗,自転車盗,千葉北,長沼,121029,千葉県,千葉市花見川区,犢橋町,2023-09-24,20,その他の住宅（３階建て以下共同住宅等）,駐車（輪）場,20歳代,その他,施錠せず
窃盗,自転車盗,千葉北,長沼,121029,千葉県,千葉市花見川区,三角町,2023-03-28,14,その他,その他,70歳以上,その他,施錠せず
窃盗,自転車盗,千葉北,長沼,121029,千葉県,千葉市花見川区,三角町,2023-09-25,15,その他,駐車（輪）場,70歳以上,その他,施錠せず
窃盗,自転車盗,千葉北,長沼,121029,千葉県,千葉市花見川区,三角町,2023-11-20,11,その他,駐車（輪）場,70歳以上,その他,施錠せず
窃盗,自転車盗,千葉北,長沼,121029,千葉県,千葉市花見川区,千種町,2023-02-23,22,その他の住宅（３階建て以下共同住宅等）,駐車（輪）場,20歳代,その他,施錠せず
窃盗,自転車盗,千葉北,長沼,121029,千葉県,千葉市花見川区,千種町,2023-03-15,20,一戸建住宅,駐車（輪）場,30歳代,その他,施錠せず
窃盗,自転車盗,千葉北,長沼,121029,千葉県,千葉市花見川区,千種町,2023-06-17,09,その他,駐車（輪）場,10歳代,高校生,施錠した
窃盗,自転車盗,千葉北,長沼,121029,千葉県,千葉市花見川区,千種町,2023-07-16,11,一戸建住宅,駐車（輪）場,70歳以上,その他,施錠せず
窃盗,自転車盗,千葉北,長沼,121029,千葉県,千葉市花見川区,千種町,2023-07-28,20,その他の住宅（３階建て以下共同住宅等）,その他,20歳代,その他,施錠せず
窃盗,自転車盗,千葉北,長沼,121029,千葉県,千葉市花見川区,千種町,2023-09-16,07,４階建て以上共同住宅,駐車（輪）場,10歳代,その他,施錠した
窃盗,自転車盗,千葉北,長沼,121029,千葉県,千葉市花見川区,千種町,2023-09-29,17,その他の住宅（３階建て以下共同住宅等）,駐車（輪）場,20歳代,大学生,施錠せず
窃盗,自転車盗,千葉北,長沼,121029,千葉県,千葉市花見川区,千種町,2023-11-22,17,一戸建住宅,その他,10歳代,小学生,施錠せず
窃盗,自転車盗,千葉北,長沼,121029,千葉県,千葉市花見川区,み春野２丁目,2023-07-28,23,一戸建住宅,その他,10歳代,高校生,施錠せず
窃盗,自転車盗,千葉北,長沼,121037,千葉県,千葉市稲毛区,穴川町,2023-04-10,17,その他,駐車（輪）場,20歳代,大学生,施錠せず
窃盗,自転車盗,千葉北,長沼,121037,千葉県,千葉市稲毛区,園生町,2023-01-10,16,その他,その他,10歳未満,小学生,施錠せず
窃盗,自転車盗,千葉北,長沼,121037,千葉県,千葉市稲毛区,園生町,2023-01-21,17,その他,駐車（輪）場,20歳代,大学生,施錠せず
窃盗,自転車盗,千葉北,長沼,121037,千葉県,千葉市稲毛区,園生町,2023-04-22,18,４階建て以上共同住宅,駐車（輪）場,10歳代,高校生,施錠した
窃盗,自転車盗,千葉北,長沼,121037,千葉県,千葉市稲毛区,園生町,2023-04-24,18,４階建て以上共同住宅,駐車（輪）場,10歳代,大学生,施錠せず
窃盗,自転車盗,千葉北,長沼,121037,千葉県,千葉市稲毛区,園生町,2023-04-24,21,４階建て以上共同住宅,駐車（輪）場,10歳代,高校生,施錠せず
窃盗,自転車盗,千葉北,長沼,121037,千葉県,千葉市稲毛区,園生町,2023-07-25,22,その他の住宅（３階建て以下共同住宅等）,駐車（輪）場,50歳代,その他,施錠した
窃盗,自転車盗,千葉北,長沼,121037,千葉県,千葉市稲毛区,園生町,2023-09-08,12,４階建て以上共同住宅,駐車（輪）場,20歳代,その他,施錠した
窃盗,自転車盗,千葉北,長沼,121037,千葉県,千葉市稲毛区,園生町,2023-10-20,13,その他,駐車（輪）場,10歳代,高校生,施錠せず
窃盗,自転車盗,千葉北,長沼,121037,千葉県,千葉市稲毛区,園生町,2023-12-01,01,４階建て以上共同住宅,駐車（輪）場,50歳代,その他,施錠せず
窃盗,自転車盗,千葉北,長沼,121037,千葉県,千葉市稲毛区,長沼町,2023-06-04,17,その他の住宅（３階建て以下共同住宅等）,駐車（輪）場,20歳代,その他,施錠した
窃盗,自転車盗,千葉北,長沼,121037,千葉県,千葉市稲毛区,長沼町,2023-06-22,16,その他,その他,10歳代,大学生,施錠せず
窃盗,自転車盗,千葉北,長沼,121037,千葉県,千葉市稲毛区,長沼町,2023-08-29,18,その他の住宅（３階建て以下共同住宅等）,駐車（輪）場,50歳代,その他,施錠した
窃盗,自転車盗,千葉北,長沼,121037,千葉県,千葉市稲毛区,長沼原町,2023-02-22,18,その他,駐車（輪）場,10歳代,高校生,施錠せず
窃盗,自転車盗,千葉北,長沼,121037,千葉県,千葉市稲毛区,長沼原町,2023-05-06,13,その他,その他,10歳代,中学生,施錠せず
窃盗,自転車盗,行徳,今井橋,122033,千葉県,市川市,相之川１丁目,2023-01-04,07,道路上,その他,10歳代,中学生,施錠した
窃盗,自転車盗,行徳,今井橋,122033,千葉県,市川市,相之川１丁目,2023-01-04,08,道路上,その他,10歳代,高校生,施錠した
窃盗,自転車盗,行徳,今井橋,122033,千葉県,市川市,相之川１丁目,2023-05-04,18,その他の住宅（３階建て以下共同住宅等）,その他,30歳代,その他,施錠した
窃盗,自転車盗,行徳,今井橋,122033,千葉県,市川市,相之川１丁目,2023-05-24,19,道路上,その他,30歳代,その他,施錠せず
窃盗,自転車盗,行徳,今井橋,122033,千葉県,市川市,相之川１丁目,2023-06-02,09,４階建て以上共同住宅,その他,30歳代,その他,施錠せず
窃盗,自転車盗,行徳,今井橋,122033,千葉県,市川市,相之川１丁目,2023-06-16,19,４階建て以上共同住宅,駐車（輪）場,30歳代,その他,施錠せず
窃盗,自転車盗,行徳,今井橋,122033,千葉県,市川市,相之川１丁目,2023-06-17,00,４階建て以上共同住宅,駐車（輪）場,10歳代,高校生,施錠せず
窃盗,自転車盗,行徳,今井橋,122033,千葉県,市川市,相之川１丁目,2023-06-21,23,その他の住宅（３階建て以下共同住宅等）,駐車（輪）場,30歳代,その他,施錠した
窃盗,自転車盗,行徳,今井橋,122033,千葉県,市川市,相之川１丁目,2023-07-13,08,その他の住宅（３階建て以下共同住宅等）,駐車（輪）場,40歳代,その他,施錠せず
窃盗,自転車盗,行徳,今井橋,122033,千葉県,市川市,相之川１丁目,2023-09-15,17,４階建て以上共同住宅,駐車（輪）場,40歳代,その他,施錠した
窃盗,自転車盗,行徳,今井橋,122033,千葉県,市川市,相之川１丁目,2023-09-17,14,４階建て以上共同住宅,駐車（輪）場,60-64歳,その他,施錠した
窃盗,自転車盗,行徳,今井橋,122033,千葉県,市川市,相之川１丁目,2023-09-24,14,４階建て以上共同住宅,駐車（輪）場,20歳代,その他,施錠せず
窃盗,自転車盗,行徳,今井橋,122033,千葉県,市川市,相之川１丁目,2023-11-27,16,その他の住宅（３階建て以下共同住宅等）,駐車（輪）場,40歳代,その他,施錠せず
窃盗,自転車盗,行徳,今井橋,122033,千葉県,市川市,相之川２丁目,2023-01-01,不明,４階建て以上共同住宅,駐車（輪）場,10歳代,中学生,施錠した
窃盗,自転車盗,行徳,今井橋,122033,千葉県,市川市,相之川２丁目,2023-02-13,20,４階建て以上共同住宅,駐車（輪）場,20歳代,その他,施錠せず
窃盗,自転車盗,行徳,今井橋,122033,千葉県,市川市,相之川２丁目,2023-05-02,21,その他の住宅（３階建て以下共同住宅等）,その他,50歳代,その他,施錠せず
窃盗,自転車盗,行徳,今井橋,122033,千葉県,市川市,相之川２丁目,2023-06-30,08,４階建て以上共同住宅,駐車（輪）場,50歳代,その他,施錠した
窃盗,自転車盗,行徳,今井橋,122033,千葉県,市川市,相之川２丁目,2023-10-22,16,道路上,その他,70歳以上,その他,施錠せず
窃盗,自転車盗,行徳,今井橋,122033,千葉県,市川市,相之川３丁目,2023-02-11,17,一戸建住宅,駐車（輪）場,10歳代,中学生,施錠せず
窃盗,自転車盗,行徳,今井橋,122033,千葉県,市川市,相之川３丁目,2023-02-26,17,道路上,その他,40歳代,その他,施錠せず
窃盗,自転車盗,行徳,今井橋,122033,千葉県,市川市,相之川３丁目,2023-04-21,18,その他の住宅（３階建て以下共同住宅等）,駐車（輪）場,20歳代,大学生,施錠した
窃盗,自転車盗,行徳,今井橋,122033,千葉県,市川市,相之川３丁目,2023-05-21,16,４階建て以上共同住宅,駐車（輪）場,70歳以上,その他,施錠した
窃盗,自転車盗,行徳,今井橋,122033,千葉県,市川市,相之川３丁目,2023-07-14,22,その他の住宅（３階建て以下共同住宅等）,駐車（輪）場,50歳代,その他,施錠せず
窃盗,自転車盗,行徳,今井橋,122033,千葉県,市川市,相之川３丁目,2023-09-09,09,４階建て以上共同住宅,その他,20歳代,その他,施錠せず
窃盗,自転車盗,行徳,今井橋,122033,千葉県,市川市,新井１丁目,2023-07-02,11,一戸建住宅,その他,70歳以上,その他,施錠せず
窃盗,自転車盗,行徳,今井橋,122033,千葉県,市川市,新井１丁目,2023-07-22,10,道路上,その他,40歳代,その他,施錠した
窃盗,自転車盗,行徳,今井橋,122033,千葉県,市川市,新井１丁目,2023-09-26,16,一戸建住宅,その他,40歳代,その他,施錠せず
窃盗,自転車盗,行徳,今井橋,122033,千葉県,市川市,新井２丁目,2022-12-26,19,４階建て以上共同住宅,駐車（輪）場,20歳代,その他,施錠した
窃盗,自転車盗,行徳,今井橋,122033,千葉県,市川市,新井２丁目,2023-01-21,08,その他の住宅（３階建て以下共同住宅等）,駐車（輪）場,30歳代,その他,施錠せず
窃盗,自転車盗,行徳,今井橋,122033,千葉県,市川市,新井２丁目,2023-05-19,07,その他の住宅（３階建て以下共同住宅等）,その他,20歳代,その他,施錠せず
窃盗,自転車盗,行徳,今井橋,122033,千葉県,市川市,新井２丁目,2023-08-05,14,その他の住宅（３階建て以下共同住宅等）,駐車（輪）場,30歳代,その他,施錠した
窃盗,自転車盗,行徳,今井橋,122033,千葉県,市川市,新井２丁目,2023-09-07,20,その他の住宅（３階建て以下共同住宅等）,駐車（輪）場,30歳代,その他,施錠した
窃盗,自転車盗,行徳,今井橋,122033,千葉県,市川市,新井２丁目,2023-11-18,14,４階建て以上共同住宅,駐車（輪）場,60-64歳,その他,施錠した
窃盗,自転車盗,行徳,今井橋,122033,千葉県,市川市,新井２丁目,2023-12-05,20,その他の住宅（３階建て以下共同住宅等）,駐車（輪）場,20歳代,その他,施錠せず
窃盗,自転車盗,行徳,今井橋,122033,千葉県,市川市,新井３丁目,2023-01-17,06,駐車（輪）場,駐車（輪）場,20歳代,その他,施錠した
窃盗,自転車盗,行徳,今井橋,122033,千葉県,市川市,新井３丁目,2023-03-11,15,４階建て以上共同住宅,駐車（輪）場,20歳代,その他,施錠した
窃盗,自転車盗,行徳,今井橋,122033,千葉県,市川市,新井３丁目,2023-04-18,13,駐車（輪）場,駐車（輪）場,60-64歳,その他,施錠した
窃盗,自転車盗,行徳,今井橋,122033,千葉県,市川市,新井３丁目,2023-04-25,22,その他の住宅（３階建て以下共同住宅等）,駐車（輪）場,20歳代,その他,施錠せず
窃盗,自転車盗,行徳,今井橋,122033,千葉県,市川市,新井３丁目,2023-05-03,22,その他の住宅（３階建て以下共同住宅等）,その他,10歳代,その他,施錠した
窃盗,自転車盗,行徳,今井橋,122033,千葉県,市川市,新井３丁目,2023-07-14,20,４階建て以上共同住宅,駐車（輪）場,40歳代,その他,施錠した
窃盗,自転車盗,行徳,今井橋,122033,千葉県,市川市,新井３丁目,2023-10-16,00,一戸建住宅,その他,10歳代,中学生,施錠した
窃盗,自転車盗,行徳,今井橋,122033,千葉県,市川市,新井３丁目,2023-12-03,20,道路上,その他,40歳代,その他,施錠した
窃盗,自転車盗,行徳,今井橋,122033,千葉県,市川市,島尻,2023-02-16,22,一戸建住宅,その他,20歳代,大学生,施錠せず
窃盗,自転車盗,行徳,今井橋,122033,千葉県,市川市,島尻,2023-06-21,21,４階建て以上共同住宅,駐車（輪）場,30歳代,その他,施錠せず
窃盗,自転車盗,行徳,今井橋,122033,千葉県,市川市,島尻,2023-06-24,17,４階建て以上共同住宅,駐車（輪）場,30歳代,その他,施錠せず
窃盗,自転車盗,行徳,今井橋,122033,千葉県,市川市,島尻,2023-06-25,21,その他の住宅（３階建て以下共同住宅等）,駐車（輪）場,10歳代,高校生,施錠せず
窃盗,自転車盗,行徳,今井橋,122033,千葉県,市川市,島尻,2023-08-28,18,４階建て以上共同住宅,駐車（輪）場,20歳代,大学生,施錠せず
窃盗,自転車盗,行徳,今井橋,122033,千葉県,市川市,広尾１丁目,2023-05-06,23,その他の住宅（３階建て以下共同住宅等）,駐車（輪）場,20歳代,その他,施錠した
窃盗,自転車盗,行徳,今井橋,122033,千葉県,市川市,広尾２丁目,2023-05-15,21,その他の住宅（３階建て以下共同住宅等）,駐車（輪）場,20歳代,その他,施錠した
窃盗,自転車盗,行徳,今井橋,122033,千葉県,市川市,広尾２丁目,2023-06-20,15,その他,駐車（輪）場,10歳代,中学生,施錠せず
窃盗,自転車盗,行徳,今井橋,122033,千葉県,市川市,広尾２丁目,2023-11-29,19,その他,駐車（輪）場,10歳代,中学生,施錠せず
窃盗,自転車盗,行徳,南行徳駅前,122033,千葉県,市川市,相之川２丁目,2023-09-30,18,その他の住宅（３階建て以下共同住宅等）,駐車（輪）場,20歳代,その他,施錠せず
窃盗,自転車盗,行徳,南行徳駅前,122033,千葉県,市川市,相之川４丁目,2022-12-29,18,その他の住宅（３階建て以下共同住宅等）,駐車（輪）場,20歳代,その他,施錠せず
窃盗,自転車盗,行徳,南行徳駅前,122033,千葉県,市川市,相之川４丁目,2023-02-16,20,４階建て以上共同住宅,駐車（輪）場,50歳代,その他,施錠せず
窃盗,自転車盗,行徳,南行徳駅前,122033,千葉県,市川市,相之川４丁目,2023-03-08,19,４階建て以上共同住宅,駐車（輪）場,30歳代,その他,施錠せず
窃盗,自転車盗,行徳,南行徳駅前,122033,千葉県,市川市,相之川４丁目,2023-03-20,11,駐車（輪）場,駐車（輪）場,60-64歳,その他,施錠した
窃盗,自転車盗,行徳,南行徳駅前,122033,千葉県,市川市,相之川４丁目,2023-04-19,06,駐車（輪）場,駐車（輪）場,20歳代,その他,施錠せず
窃盗,自転車盗,行徳,南行徳駅前,122033,千葉県,市川市,相之川４丁目,2023-05-02,21,その他,駐車（輪）場,20歳代,その他,施錠せず
窃盗,自転車盗,行徳,南行徳駅前,122033,千葉県,市川市,相之川４丁目,2023-05-12,07,駐車（輪）場,駐車（輪）場,20歳代,その他,施錠した
窃盗,自転車盗,行徳,南行徳駅前,122033,千葉県,市川市,相之川４丁目,2023-05-12,09,その他,その他,20歳代,その他,施錠した
窃盗,自転車盗,行徳,南行徳駅前,122033,千葉県,市川市,相之川４丁目,2023-06-23,14,道路上,その他,70歳以上,その他,施錠した
窃盗,自転車盗,行徳,南行徳駅前,122033,千葉県,市川市,相之川４丁目,2023-06-26,14,その他,駐車（輪）場,50歳代,その他,施錠した
窃盗,自転車盗,行徳,南行徳駅前,122033,千葉県,市川市,相之川４丁目,2023-06-26,16,道路上,その他,30歳代,その他,施錠した
窃盗,自転車盗,行徳,南行徳駅前,122033,千葉県,市川市,相之川４丁目,2023-07-10,07,駐車（輪）場,駐車（輪）場,40歳代,その他,施錠せず
窃盗,自転車盗,行徳,南行徳駅前,122033,千葉県,市川市,相之川４丁目,2023-07-13,14,その他,駐車（輪）場,10歳代,高校生,施錠せず
窃盗,自転車盗,行徳,南行徳駅前,122033,千葉県,市川市,相之川４丁目,2023-07-18,12,４階建て以上共同住宅,駐車（輪）場,20歳代,その他,施錠せず
窃盗,自転車盗,行徳,南行徳駅前,122033,千葉県,市川市,相之川４丁目,2023-07-26,20,駐車（輪）場,駐車（輪）場,20歳代,大学生,施錠せず
窃盗,自転車盗,行徳,南行徳駅前,122033,千葉県,市川市,相之川４丁目,2023-07-27,16,その他,駐車（輪）場,20歳代,その他,施錠せず
窃盗,自転車盗,行徳,南行徳駅前,122033,千葉県,市川市,相之川４丁目,2023-08-01,10,その他,駐車（輪）場,30歳代,その他,施錠した
窃盗,自転車盗,行徳,南行徳駅前,122033,千葉県,市川市,相之川４丁目,2023-08-02,18,その他の住宅（３階建て以下共同住宅等）,その他,30歳代,その他,施錠せず
窃盗,自転車盗,行徳,南行徳駅前,122033,千葉県,市川市,相之川４丁目,2023-08-10,09,駐車（輪）場,駐車（輪）場,20歳代,その他,施錠せず
窃盗,自転車盗,行徳,南行徳駅前,122033,千葉県,市川市,相之川４丁目,2023-08-20,07,その他,駐車（輪）場,20歳代,その他,施錠せず
窃盗,自転車盗,行徳,南行徳駅前,122033,千葉県,市川市,相之川４丁目,2023-09-06,21,４階建て以上共同住宅,駐車（輪）場,30歳代,その他,施錠せず
窃盗,自転車盗,行徳,南行徳駅前,122033,千葉県,市川市,相之川４丁目,2023-09-07,14,その他,駐車（輪）場,65-69歳,その他,施錠した
窃盗,自転車盗,行徳,南行徳駅前,122033,千葉県,市川市,相之川４丁目,2023-09-07,19,その他,駐車（輪）場,10歳代,高校生,施錠せず
窃盗,自転車盗,行徳,南行徳駅前,122033,千葉県,市川市,相之川４丁目,2023-10-01,19,その他,駐車（輪）場,30歳代,その他,施錠せず
窃盗,自転車盗,行徳,南行徳駅前,122033,千葉県,市川市,相之川４丁目,2023-10-30,17,道路上,その他,10歳代,大学生,施錠した
窃盗,自転車盗,行徳,南行徳駅前,122033,千葉県,市川市,相之川４丁目,2023-11-13,17,その他,駐車（輪）場,20歳代,その他,施錠せず
窃盗,自転車盗,行徳,南行徳駅前,122033,千葉県,市川市,相之川４丁目,2023-11-23,18,駐車（輪）場,駐車（輪）場,20歳代,その他,施錠せず
窃盗,自転車盗,行徳,南行徳駅前,122033,千葉県,市川市,新井１丁目,2023-07-12,18,４階建て以上共同住宅,駐車（輪）場,10歳代,中学生,施錠せず
窃盗,自転車盗,行徳,南行徳駅前,122033,千葉県,市川市,新井３丁目,2023-03-02,10,駐車（輪）場,駐車（輪）場,65-69歳,その他,施錠した
窃盗,自転車盗,行徳,南行徳駅前,122033,千葉県,市川市,新井３丁目,2023-07-21,17,駐車（輪）場,駐車（輪）場,10歳代,大学生,施錠せず
窃盗,自転車盗,行徳,南行徳駅前,122033,千葉県,市川市,新井３丁目,2023-12-24,14,その他の住宅（３階建て以下共同住宅等）,駐車（輪）場,20歳代,その他,施錠せず
窃盗,自転車盗,行徳,南行徳駅前,122033,千葉県,市川市,新井３丁目,不明,不明,駐車（輪）場,駐車（輪）場,30歳代,その他,施錠せず
窃盗,自転車盗,行徳,南行徳駅前,122033,千葉県,市川市,塩浜４丁目,2023-01-11,09,その他,駐車（輪）場,30歳代,その他,施錠せず
窃盗,自転車盗,行徳,南行徳駅前,122033,千葉県,市川市,塩浜４丁目,2023-02-14,20,４階建て以上共同住宅,駐車（輪）場,10歳代,高校生,施錠せず
窃盗,自転車盗,行徳,南行徳駅前,122033,千葉県,市川市,塩浜４丁目,2023-02-23,13,４階建て以上共同住宅,その他,10歳代,高校生,施錠せず
窃盗,自転車盗,行徳,南行徳駅前,122033,千葉県,市川市,塩浜４丁目,2023-03-25,17,４階建て以上共同住宅,駐車（輪）場,40歳代,その他,施錠せず
窃盗,自転車盗,行徳,南行徳駅前,122033,千葉県,市川市,塩浜４丁目,2023-03-28,15,４階建て以上共同住宅,駐車（輪）場,30歳代,その他,施錠せず
窃盗,自転車盗,行徳,南行徳駅前,122033,千葉県,市川市,塩浜４丁目,2023-07-18,22,４階建て以上共同住宅,駐車（輪）場,10歳代,その他,施錠した
窃盗,自転車盗,行徳,南行徳駅前,122033,千葉県,市川市,塩浜４丁目,2023-07-21,18,４階建て以上共同住宅,駐車（輪）場,20歳代,その他,施錠せず
窃盗,自転車盗,行徳,南行徳駅前,122033,千葉県,市川市,塩浜４丁目,2023-09-16,19,４階建て以上共同住宅,駐車（輪）場,40歳代,その他,施錠せず
窃盗,自転車盗,行徳,南行徳駅前,122033,千葉県,市川市,塩浜４丁目,2023-09-25,08,４階建て以上共同住宅,その他,30歳代,その他,施錠せず
窃盗,自転車盗,行徳,南行徳駅前,122033,千葉県,市川市,塩浜４丁目,2023-09-28,18,４階建て以上共同住宅,駐車（輪）場,60-64歳,その他,施錠した
窃盗,自転車盗,行徳,南行徳駅前,122033,千葉県,市川市,塩浜４丁目,2023-11-25,09,４階建て以上共同住宅,駐車（輪）場,40歳代,その他,施錠した
窃盗,自転車盗,行徳,南行徳駅前,122033,千葉県,市川市,福栄４丁目,2023-10-20,10,一戸建住宅,その他,10歳代,小学生,施錠せず
窃盗,自転車盗,行徳,南行徳駅前,122033,千葉県,市川市,福栄４丁目,2023-10-31,16,道路上,その他,40歳代,その他,施錠せず
窃盗,自転車盗,行徳,南行徳駅前,122033,千葉県,市川市,南行徳１丁目,2022-08-01,13,４階建て以上共同住宅,駐車（輪）場,20歳代,その他,施錠した
窃盗,自転車盗,行徳,南行徳駅前,122033,千葉県,市川市,南行徳１丁目,2023-01-04,16,４階建て以上共同住宅,その他,30歳代,その他,施錠せず
窃盗,自転車盗,行徳,南行徳駅前,122033,千葉県,市川市,南行徳１丁目,2023-01-13,22,４階建て以上共同住宅,その他,20歳代,その他,施錠した
窃盗,自転車盗,行徳,南行徳駅前,122033,千葉県,市川市,南行徳１丁目,2023-05-20,12,４階建て以上共同住宅,駐車（輪）場,20歳代,その他,施錠した
窃盗,自転車盗,行徳,南行徳駅前,122033,千葉県,市川市,南行徳１丁目,2023-06-25,00,その他の住宅（３階建て以下共同住宅等）,駐車（輪）場,30歳代,その他,施錠した
窃盗,自転車盗,行徳,南行徳駅前,122033,千葉県,市川市,南行徳１丁目,2023-07-02,13,その他,駐車（輪）場,40歳代,その他,施錠せず
窃盗,自転車盗,行徳,南行徳駅前,122033,千葉県,市川市,南行徳１丁目,2023-08-27,16,その他の住宅（３階建て以下共同住宅等）,駐車（輪）場,30歳代,その他,施錠せず
窃盗,自転車盗,行徳,南行徳駅前,122033,千葉県,市川市,南行徳１丁目,2023-08-30,09,４階建て以上共同住宅,駐車（輪）場,50歳代,その他,施錠した
窃盗,自転車盗,行徳,南行徳駅前,122033,千葉県,市川市,南行徳１丁目,2023-09-03,01,その他の住宅（３階建て以下共同住宅等）,その他,30歳代,その他,施錠せず
窃盗,自転車盗,行徳,南行徳駅前,122033,千葉県,市川市,南行徳１丁目,2023-09-09,18,４階建て以上共同住宅,その他,10歳代,中学生,施錠せず
窃盗,自転車盗,行徳,南行徳駅前,122033,千葉県,市川市,南行徳１丁目,2023-11-13,13,駐車（輪）場,駐車（輪）場,10歳代,中学生,施錠した
窃盗,自転車盗,行徳,南行徳駅前,122033,千葉県,市川市,南行徳１丁目,2023-11-25,19,４階建て以上共同住宅,その他,20歳代,その他,施錠せず
窃盗,自転車盗,行徳,南行徳駅前,122033,千葉県,市川市,南行徳２丁目,2023-01-20,12,その他,駐車（輪）場,10歳代,高校生,施錠した
窃盗,自転車盗,行徳,南行徳駅前,122033,千葉県,市川市,南行徳２丁目,2023-01-20,17,その他,駐車（輪）場,10歳代,高校生,施錠せず
窃盗,自転車盗,行徳,南行徳駅前,122033,千葉県,市川市,南行徳２丁目,2023-03-01,12,その他の住宅（３階建て以下共同住宅等）,駐車（輪）場,20歳代,その他,施錠した
窃盗,自転車盗,行徳,南行徳駅前,122033,千葉県,市川市,南行徳２丁目,2023-03-04,20,その他,駐車（輪）場,50歳代,その他,施錠せず
窃盗,自転車盗,行徳,南行徳駅前,122033,千葉県,市川市,南行徳２丁目,2023-03-27,20,その他,駐車（輪）場,30歳代,その他,施錠した
窃盗,自転車盗,行徳,南行徳駅前,122033,千葉県,市川市,南行徳２丁目,2023-03-28,15,４階建て以上共同住宅,駐車（輪）場,30歳代,その他,施錠せず
窃盗,自転車盗,行徳,南行徳駅前,122033,千葉県,市川市,南行徳２丁目,2023-04-08,11,その他,駐車（輪）場,20歳代,その他,施錠した
窃盗,自転車盗,行徳,南行徳駅前,122033,千葉県,市川市,南行徳２丁目,2023-06-23,17,その他,駐車（輪）場,30歳代,その他,施錠せず
窃盗,自転車盗,行徳,南行徳駅前,122033,千葉県,市川市,南行徳２丁目,2023-06-29,17,一戸建住宅,その他,10歳代,高校生,施錠せず
窃盗,自転車盗,行徳,南行徳駅前,122033,千葉県,市川市,南行徳２丁目,2023-07-24,21,その他の住宅（３階建て以下共同住宅等）,駐車（輪）場,60-64歳,その他,施錠せず
窃盗,自転車盗,行徳,南行徳駅前,122033,千葉県,市川市,南行徳２丁目,2023-08-08,16,４階建て以上共同住宅,駐車（輪）場,30歳代,その他,施錠せず
窃盗,自転車盗,行徳,南行徳駅前,122033,千葉県,市川市,南行徳２丁目,2023-09-24,10,その他,駐車（輪）場,10歳代,高校生,施錠せず
窃盗,自転車盗,行徳,南行徳駅前,122033,千葉県,市川市,南行徳２丁目,2023-10-05,17,その他,駐車（輪）場,50歳代,その他,施錠した
窃盗,自転車盗,行徳,南行徳駅前,122033,千葉県,市川市,南行徳２丁目,2023-11-07,14,その他,駐車（輪）場,20歳代,大学生,施錠せず
窃盗,自転車盗,行徳,南行徳駅前,122033,千葉県,市川市,南行徳２丁目,2023-11-11,18,４階建て以上共同住宅,駐車（輪）場,10歳代,中学生,施錠した
窃盗,自転車盗,行徳,南行徳駅前,122033,千葉県,市川市,南行徳２丁目,2023-12-11,16,その他,駐車（輪）場,20歳代,大学生,施錠せず
窃盗,自転車盗,行徳,南行徳駅前,122033,千葉県,市川市,南行徳３丁目,2023-04-01,21,その他の住宅（３階建て以下共同住宅等）,駐車（輪）場,20歳代,その他,施錠した
窃盗,自転車盗,行徳,南行徳駅前,122033,千葉県,市川市,南行徳３丁目,2023-05-03,19,その他の住宅（３階建て以下共同住宅等）,その他,20歳代,その他,施錠した
窃盗,自転車盗,行徳,南行徳駅前,122033,千葉県,市川市,南行徳３丁目,2023-07-14,16,その他の住宅（３階建て以下共同住宅等）,駐車（輪）場,30歳代,その他,施錠せず
窃盗,自転車盗,行徳,南行徳駅前,122033,千葉県,市川市,南行徳３丁目,2023-07-30,00,その他の住宅（３階建て以下共同住宅等）,駐車（輪）場,30歳代,その他,施錠せず
窃盗,自転車盗,行徳,南行徳駅前,122033,千葉県,市川市,南行徳３丁目,2023-08-31,01,その他の住宅（３階建て以下共同住宅等）,駐車（輪）場,20歳代,その他,施錠せず
窃盗,自転車盗,行徳,南行徳駅前,122033,千葉県,市川市,南行徳３丁目,2023-10-21,09,４階建て以上共同住宅,駐車（輪）場,20歳代,その他,施錠した
窃盗,自転車盗,行徳,南行徳駅前,122033,千葉県,市川市,南行徳４丁目,2023-02-17,17,その他の住宅（３階建て以下共同住宅等）,駐車（輪）場,10歳代,中学生,施錠せず
窃盗,自転車盗,行徳,南行徳駅前,122033,千葉県,市川市,南行徳４丁目,2023-03-20,22,道路上,その他,50歳代,その他,施錠せず
窃盗,自転車盗,行徳,南行徳駅前,122033,千葉県,市川市,南行徳４丁目,2023-04-09,14,道路上,その他,30歳代,その他,施錠せず
窃盗,自転車盗,行徳,南行徳駅前,122033,千葉県,市川市,南行徳４丁目,2023-04-09,17,その他の住宅（３階建て以下共同住宅等）,駐車（輪）場,30歳代,その他,施錠せず
窃盗,自転車盗,行徳,南行徳駅前,122033,千葉県,市川市,南行徳４丁目,2023-04-14,23,その他の住宅（３階建て以下共同住宅等）,駐車（輪）場,30歳代,その他,施錠せず
窃盗,自転車盗,行徳,南行徳駅前,122033,千葉県,市川市,南行徳４丁目,2023-07-15,00,駐車（輪）場,駐車（輪）場,40歳代,その他,施錠せず
窃盗,自転車盗,行徳,南行徳駅前,122033,千葉県,市川市,南行徳４丁目,2023-07-27,15,４階建て以上共同住宅,駐車（輪）場,20歳代,大学生,施錠した
窃盗,自転車盗,行徳,南行徳駅前,122033,千葉県,市川市,南行徳４丁目,2023-08-13,15,その他の住宅（３階建て以下共同住宅等）,駐車（輪）場,30歳代,その他,施錠した
窃盗,自転車盗,行徳,南行徳駅前,122033,千葉県,市川市,南行徳４丁目,2023-10-09,18,４階建て以上共同住宅,駐車（輪）場,10歳代,中学生,施錠せず
窃盗,自転車盗,行徳,南行徳駅前,122033,千葉県,市川市,南行徳４丁目,2023-11-12,18,４階建て以上共同住宅,駐車（輪）場,20歳代,大学生,施錠せず
窃盗,自転車盗,行徳,塩焼,122033,千葉県,市川市,入船,2022-12-28,20,４階建て以上共同住宅,駐車（輪）場,40歳代,その他,施錠せず
窃盗,自転車盗,行徳,塩焼,122033,千葉県,市川市,入船,2023-01-11,16,４階建て以上共同住宅,駐車（輪）場,50歳代,その他,施錠せず
窃盗,自転車盗,行徳,塩焼,122033,千葉県,市川市,入船,2023-06-21,09,その他の住宅（３階建て以下共同住宅等）,その他,65-69歳,その他,施錠せず
窃盗,自転車盗,行徳,塩焼,122033,千葉県,市川市,入船,2023-10-10,19,その他の住宅（３階建て以下共同住宅等）,駐車（輪）場,20歳代,その他,施錠せず
窃盗,自転車盗,行徳,塩焼,122033,千葉県,市川市,加藤新田,2023-04-27,15,その他,駐車（輪）場,20歳代,その他,施錠した
窃盗,自転車盗,行徳,塩焼,122033,千葉県,市川市,加藤新田,2023-09-16,19,４階建て以上共同住宅,駐車（輪）場,10歳代,小学生,施錠せず
窃盗,自転車盗,行徳,塩焼,122033,千葉県,市川市,加藤新田,2023-09-19,08,４階建て以上共同住宅,駐車（輪）場,10歳代,中学生,施錠した
窃盗,自転車盗,行徳,塩焼,122033,千葉県,市川市,幸１丁目,2023-06-09,06,一戸建住宅,その他,10歳代,中学生,施錠せず
窃盗,自転車盗,行徳,塩焼,122033,千葉県,市川市,幸１丁目,2023-08-28,22,４階建て以上共同住宅,駐車（輪）場,10歳代,中学生,施錠せず
窃盗,自転車盗,行徳,塩焼,122033,千葉県,市川市,幸１丁目,2023-09-26,16,４階建て以上共同住宅,駐車（輪）場,70歳以上,その他,施錠した
窃盗,自転車盗,行徳,塩焼,122033,千葉県,市川市,幸１丁目,2023-10-25,18,４階建て以上共同住宅,駐車（輪）場,40歳代,その他,施錠した
窃盗,自転車盗,行徳,塩焼,122033,千葉県,市川市,幸１丁目,2023-10-28,18,道路上,その他,40歳代,その他,施錠した
窃盗,自転車盗,行徳,塩焼,122033,千葉県,市川市,幸２丁目,2023-07-21,13,４階建て以上共同住宅,駐車（輪）場,20歳代,その他,施錠した
窃盗,自転車盗,行徳,塩焼,122033,千葉県,市川市,幸２丁目,2023-09-23,19,４階建て以上共同住宅,駐車（輪）場,70歳以上,その他,施錠した
窃盗,自転車盗,行徳,塩焼,122033,千葉県,市川市,塩浜１丁目,2023-09-19,07,その他,駐車（輪）場,20歳代,その他,施錠せず
窃盗,自転車盗,行徳,塩焼,122033,千葉県,市川市,塩浜２丁目,2023-01-19,07,駐車（輪）場,駐車（輪）場,20歳代,その他,施錠せず
窃盗,自転車盗,行徳,塩焼,122033,千葉県,市川市,塩浜２丁目,2023-01-22,17,駐車（輪）場,駐車（輪）場,10歳代,中学生,施錠せず
窃盗,自転車盗,行徳,塩焼,122033,千葉県,市川市,塩浜２丁目,2023-01-24,11,駐車（輪）場,駐車（輪）場,20歳代,その他,施錠せず
窃盗,自転車盗,行徳,塩焼,122033,千葉県,市川市,塩浜２丁目,2023-04-01,14,駐車（輪）場,駐車（輪）場,20歳代,その他,施錠せず
窃盗,自転車盗,行徳,塩焼,122033,千葉県,市川市,塩浜２丁目,2023-04-03,12,駐車（輪）場,駐車（輪）場,10歳代,高校生,施錠せず
窃盗,自転車盗,行徳,塩焼,122033,千葉県,市川市,塩浜２丁目,2023-06-07,08,その他,駐車（輪）場,40歳代,その他,施錠せず
窃盗,自転車盗,行徳,塩焼,122033,千葉県,市川市,塩焼４丁目,2023-10-24,22,道路上,その他,30歳代,その他,施錠した
窃盗,自転車盗,行徳,塩焼,122033,千葉県,市川市,塩焼４丁目,2023-12-19,13,その他の住宅（３階建て以下共同住宅等）,駐車（輪）場,10歳代,高校生,施錠せず
窃盗,自転車盗,行徳,塩焼,122033,千葉県,市川市,塩焼５丁目,2023-11-21,18,その他の住宅（３階建て以下共同住宅等）,その他,30歳代,その他,施錠した
窃盗,自転車盗,行徳,塩焼,122033,千葉県,市川市,宝１丁目,2023-09-25,19,その他,駐車（輪）場,20歳代,大学生,施錠せず
窃盗,自転車盗,行徳,塩焼,122033,千葉県,市川市,宝１丁目,2023-10-05,01,その他の住宅（３階建て以下共同住宅等）,その他,40歳代,その他,施錠せず
窃盗,自転車盗,行徳,塩焼,122033,千葉県,市川市,宝２丁目,2023-05-22,18,その他の住宅（３階建て以下共同住宅等）,駐車（輪）場,10歳代,高校生,施錠した
窃盗,自転車盗,行徳,塩焼,122033,千葉県,市川市,宝２丁目,2023-05-24,17,一戸建住宅,その他,30歳代,その他,施錠せず
窃盗,自転車盗,行徳,塩焼,122033,千葉県,市川市,宝２丁目,2023-10-11,01,４階建て以上共同住宅,駐車（輪）場,30歳代,その他,施錠せず
窃盗,自転車盗,行徳,塩焼,122033,千葉県,市川市,宝２丁目,2023-12-21,07,一戸建住宅,その他,30歳代,その他,施錠せず
窃盗,自転車盗,行徳,塩焼,122033,千葉県,市川市,千鳥町,2023-03-08,07,その他,駐車（輪）場,60-64歳,その他,施錠せず
窃盗,自転車盗,行徳,塩焼,122033,千葉県,市川市,日之出,2023-01-28,17,その他の住宅（３階建て以下共同住宅等）,その他,60-64歳,その他,施錠せず
窃盗,自転車盗,行徳,塩焼,122033,千葉県,市川市,日之出,2023-09-18,14,その他の住宅（３階建て以下共同住宅等）,駐車（輪）場,20歳代,その他,施錠せず
窃盗,自転車盗,行徳,塩焼,122033,千葉県,市川市,日之出,2023-12-23,13,４階建て以上共同住宅,駐車（輪）場,65-69歳,その他,施錠した
窃盗,自転車盗,行徳,妙典駅前,122033,千葉県,市川市,伊勢宿,2023-09-09,17,その他の住宅（３階建て以下共同住宅等）,駐車（輪）場,10歳代,中学生,施錠せず
窃盗,自転車盗,行徳,妙典駅前,122033,千葉県,市川市,伊勢宿,2023-12-08,20,４階建て以上共同住宅,駐車（輪）場,30歳代,その他,施錠した
窃盗,自転車盗,行徳,妙典駅前,122033,千葉県,市川市,入船,2023-10-28,16,４階建て以上共同住宅,駐車（輪）場,10歳代,小学生,施錠せず
窃盗,自転車盗,行徳,妙典駅前,122033,千葉県,市川市,押切,2023-02-23,14,その他,その他,40歳代,その他,施錠せず
窃盗,自転車盗,行徳,妙典駅前,122033,千葉県,市川市,押切,2023-09-16,16,４階建て以上共同住宅,駐車（輪）場,50歳代,その他,施錠した
窃盗,自転車盗,行徳,妙典駅前,122033,千葉県,市川市,押切,2023-12-24,16,４階建て以上共同住宅,駐車（輪）場,30歳代,その他,施錠せず
窃盗,自転車盗,行徳,妙典駅前,122033,千葉県,市川市,河原,2023-03-01,18,４階建て以上共同住宅,駐車（輪）場,30歳代,その他,施錠せず
窃盗,自転車盗,行徳,妙典駅前,122033,千葉県,市川市,河原,2023-06-13,19,その他の住宅（３階建て以下共同住宅等）,駐車（輪）場,10歳代,小学生,施錠せず
窃盗,自転車盗,行徳,妙典駅前,122033,千葉県,市川市,河原,2023-07-01,16,その他の住宅（３階建て以下共同住宅等）,駐車（輪）場,20歳代,その他,施錠した
窃盗,自転車盗,行徳,妙典駅前,122033,千葉県,市川市,塩焼１丁目,2023-05-12,18,その他の住宅（３階建て以下共同住宅等）,その他,40歳代,その他,施錠した
窃盗,自転車盗,行徳,妙典駅前,122033,千葉県,市川市,塩焼１丁目,2023-07-01,20,その他の住宅（３階建て以下共同住宅等）,駐車（輪）場,30歳代,その他,施錠せず
窃盗,自転車盗,行徳,妙典駅前,122033,千葉県,市川市,塩焼１丁目,2023-07-27,20,その他,駐車（輪）場,40歳代,その他,施錠せず
窃盗,自転車盗,行徳,妙典駅前,122033,千葉県,市川市,塩焼１丁目,2023-08-08,15,４階建て以上共同住宅,駐車（輪）場,60-64歳,その他,施錠した
窃盗,自転車盗,行徳,妙典駅前,122033,千葉県,市川市,塩焼２丁目,2023-06-17,19,４階建て以上共同住宅,駐車（輪）場,60-64歳,その他,施錠した
窃盗,自転車盗,行徳,妙典駅前,122033,千葉県,市川市,塩焼２丁目,2023-09-09,19,その他の住宅（３階建て以下共同住宅等）,駐車（輪）場,40歳代,その他,施錠せず
窃盗,自転車盗,行徳,妙典駅前,122033,千葉県,市川市,塩焼２丁目,2023-10-14,18,一戸建住宅,駐車（輪）場,10歳代,小学生,施錠した
窃盗,自転車盗,行徳,妙典駅前,122033,千葉県,市川市,塩焼２丁目,2023-10-29,06,その他の住宅（３階建て以下共同住宅等）,駐車（輪）場,30歳代,その他,施錠した
窃盗,自転車盗,行徳,妙典駅前,122033,千葉県,市川市,塩焼２丁目,2023-11-23,12,その他の住宅（３階建て以下共同住宅等）,駐車（輪）場,20歳代,大学生,施錠した
窃盗,自転車盗,行徳,妙典駅前,122033,千葉県,市川市,塩焼２丁目,2023-11-25,05,４階建て以上共同住宅,その他,50歳代,その他,施錠した
窃盗,自転車盗,行徳,妙典駅前,122033,千葉県,市川市,塩焼３丁目,2023-06-16,19,その他の住宅（３階建て以下共同住宅等）,駐車（輪）場,20歳代,その他,施錠した
窃盗,自転車盗,行徳,妙典駅前,122033,千葉県,市川市,塩焼３丁目,2023-09-16,22,道路上,その他,10歳代,その他,施錠せず
窃盗,自転車盗,行徳,妙典駅前,122033,千葉県,市川市,塩焼４丁目,2023-09-28,15,４階建て以上共同住宅,駐車（輪）場,50歳代,その他,施錠した
窃盗,自転車盗,行徳,妙典駅前,122033,千葉県,市川市,末広１丁目,2023-08-25,16,４階建て以上共同住宅,駐車（輪）場,40歳代,その他,施錠せず
窃盗,自転車盗,行徳,妙典駅前,122033,千葉県,市川市,関ケ島,2023-04-21,23,一戸建住宅,その他,30歳代,その他,施錠せず
窃盗,自転車盗,行徳,妙典駅前,122033,千葉県,市川市,関ケ島,2023-12-18,14,道路上,その他,30歳代,その他,施錠せず
窃盗,自転車盗,行徳,妙典駅前,122033,千葉県,市川市,富浜１丁目,2023-05-29,18,４階建て以上共同住宅,駐車（輪）場,10歳代,高校生,施錠せず
窃盗,自転車盗,行徳,妙典駅前,122033,千葉県,市川市,富浜１丁目,2023-07-03,10,その他の住宅（３階建て以下共同住宅等）,駐車（輪）場,30歳代,その他,施錠した
窃盗,自転車盗,行徳,妙典駅前,122033,千葉県,市川市,富浜１丁目,2023-08-14,17,道路上,その他,10歳代,高校生,施錠せず
窃盗,自転車盗,行徳,妙典駅前,122033,千葉県,市川市,富浜１丁目,2023-08-22,11,その他,その他,65-69歳,その他,施錠した
窃盗,自転車盗,行徳,妙典駅前,122033,千葉県,市川市,富浜１丁目,2023-12-01,17,４階建て以上共同住宅,駐車（輪）場,40歳代,その他,施錠した
窃盗,自転車盗,行徳,妙典駅前,122033,千葉県,市川市,富浜１丁目,2023-12-01,22,その他,駐車（輪）場,10歳代,高校生,施錠した
窃盗,自転車盗,行徳,妙典駅前,122033,千葉県,市川市,富浜２丁目,2022-12-01,18,４階建て以上共同住宅,駐車（輪）場,20歳代,その他,施錠した
窃盗,自転車盗,行徳,妙典駅前,122033,千葉県,市川市,富浜２丁目,2023-01-26,10,駐車（輪）場,駐車（輪）場,20歳代,その他,施錠せず
窃盗,自転車盗,行徳,妙典駅前,122033,千葉県,市川市,富浜２丁目,2023-03-08,00,その他の住宅（３階建て以下共同住宅等）,その他,70歳以上,その他,施錠せず
窃盗,自転車盗,行徳,妙典駅前,122033,千葉県,市川市,富浜２丁目,2023-08-01,15,その他の住宅（３階建て以下共同住宅等）,駐車（輪）場,10歳代,小学生,施錠せず
窃盗,自転車盗,行徳,妙典駅前,122033,千葉県,市川市,富浜２丁目,2023-08-04,07,駐車（輪）場,駐車（輪）場,30歳代,その他,施錠した
窃盗,自転車盗,行徳,妙典駅前,122033,千葉県,市川市,富浜２丁目,2023-09-20,19,駐車（輪）場,駐車（輪）場,10歳代,大学生,施錠せず
窃盗,自転車盗,行徳,妙典駅前,122033,千葉県,市川市,富浜２丁目,2023-10-28,08,道路上,その他,10歳代,中学生,施錠した
窃盗,自転車盗,行徳,妙典駅前,122033,千葉県,市川市,富浜２丁目,2023-11-15,22,駐車（輪）場,駐車（輪）場,20歳代,その他,施錠した
窃盗,自転車盗,行徳,妙典駅前,122033,千葉県,市川市,富浜２丁目,2023-11-20,01,道路上,その他,20歳代,その他,施錠せず
窃盗,自転車盗,行徳,妙典駅前,122033,千葉県,市川市,富浜２丁目,2023-12-27,05,駐車（輪）場,駐車（輪）場,50歳代,その他,施錠した
窃盗,自転車盗,行徳,妙典駅前,122033,千葉県,市川市,富浜３丁目,2023-06-21,22,４階建て以上共同住宅,駐車（輪）場,20歳代,その他,施錠した
窃盗,自転車盗,行徳,妙典駅前,122033,千葉県,市川市,富浜３丁目,2023-06-24,00,道路上,その他,20歳代,その他,施錠せず
窃盗,自転車盗,行徳,妙典駅前,122033,千葉県,市川市,富浜３丁目,2023-07-11,18,その他,その他,10歳代,中学生,施錠せず
窃盗,自転車盗,行徳,妙典駅前,122033,千葉県,市川市,富浜３丁目,2023-08-13,00,その他の住宅（３階建て以下共同住宅等）,駐車（輪）場,40歳代,その他,施錠せず
窃盗,自転車盗,行徳,妙典駅前,122033,千葉県,市川市,富浜３丁目,2023-11-06,18,その他の住宅（３階建て以下共同住宅等）,駐車（輪）場,20歳代,その他,施錠せず
窃盗,自転車盗,行徳,妙典駅前,122033,千葉県,市川市,本行徳,2023-01-03,22,その他の住宅（３階建て以下共同住宅等）,その他,20歳代,その他,施錠せず
窃盗,自転車盗,行徳,妙典駅前,122033,千葉県,市川市,本行徳,2023-01-04,16,道路上,その他,50歳代,その他,施錠した
窃盗,自転車盗,行徳,妙典駅前,122033,千葉県,市川市,本行徳,2023-01-08,23,その他の住宅（３階建て以下共同住宅等）,駐車（輪）場,20歳代,その他,施錠せず
窃盗,自転車盗,行徳,妙典駅前,122033,千葉県,市川市,本行徳,2023-05-05,14,その他の住宅（３階建て以下共同住宅等）,駐車（輪）場,50歳代,その他,施錠せず
窃盗,自転車盗,行徳,妙典駅前,122033,千葉県,市川市,本行徳,2023-08-07,23,その他の住宅（３階建て以下共同住宅等）,駐車（輪）場,30歳代,その他,施錠せず
窃盗,自転車盗,行徳,妙典駅前,122033,千葉県,市川市,本塩,2023-03-11,15,４階建て以上共同住宅,駐車（輪）場,50歳代,その他,施錠せず
窃盗,自転車盗,行徳,妙典駅前,122033,千葉県,市川市,本塩,不明,不明,その他の住宅（３階建て以下共同住宅等）,駐車（輪）場,20歳代,その他,施錠した
窃盗,自転車盗,行徳,妙典駅前,122033,千葉県,市川市,妙典１丁目,2023-08-03,23,その他の住宅（３階建て以下共同住宅等）,駐車（輪）場,30歳代,その他,施錠せず
窃盗,自転車盗,行徳,妙典駅前,122033,千葉県,市川市,妙典２丁目,2023-07-16,15,その他の住宅（３階建て以下共同住宅等）,駐車（輪）場,40歳代,その他,施錠せず
窃盗,自転車盗,行徳,妙典駅前,122033,千葉県,市川市,妙典３丁目,2023-07-22,17,その他の住宅（３階建て以下共同住宅等）,駐車（輪）場,20歳代,その他,施錠した
窃盗,自転車盗,行徳,妙典駅前,122033,千葉県,市川市,妙典３丁目,2023-08-05,19,４階建て以上共同住宅,その他,50歳代,その他,施錠した
窃盗,自転車盗,行徳,妙典駅前,122033,千葉県,市川市,妙典４丁目,2023-01-04,11,その他,駐車（輪）場,30歳代,その他,施錠せず
窃盗,自転車盗,行徳,妙典駅前,122033,千葉県,市川市,妙典４丁目,2023-01-09,10,その他,駐車（輪）場,10歳代,小学生,施錠せず
窃盗,自転車盗,行徳,妙典駅前,122033,千葉県,市川市,妙典４丁目,2023-01-22,07,その他,駐車（輪）場,30歳代,その他,施錠せず
窃盗,自転車盗,行徳,妙典駅前,122033,千葉県,市川市,妙典４丁目,2023-02-05,12,その他,駐車（輪）場,10歳代,高校生,施錠せず
窃盗,自転車盗,行徳,妙典駅前,122033,千葉県,市川市,妙典４丁目,2023-02-15,07,４階建て以上共同住宅,その他,10歳代,高校生,施錠した
窃盗,自転車盗,行徳,妙典駅前,122033,千葉県,市川市,妙典４丁目,2023-03-10,08,その他,駐車（輪）場,20歳代,その他,施錠した
窃盗,自転車盗,行徳,妙典駅前,122033,千葉県,市川市,妙典４丁目,2023-07-28,08,その他,その他,40歳代,その他,施錠した
窃盗,自転車盗,行徳,妙典駅前,122033,千葉県,市川市,妙典４丁目,2023-08-02,16,その他の住宅（３階建て以下共同住宅等）,駐車（輪）場,40歳代,その他,施錠した
窃盗,自転車盗,行徳,妙典駅前,122033,千葉県,市川市,妙典４丁目,2023-08-05,11,その他,駐車（輪）場,20歳代,大学生,施錠せず
窃盗,自転車盗,行徳,妙典駅前,122033,千葉県,市川市,妙典４丁目,2023-08-28,18,その他,駐車（輪）場,20歳代,大学生,施錠した
窃盗,自転車盗,行徳,妙典駅前,122033,千葉県,市川市,妙典４丁目,2023-09-13,08,その他,駐車（輪）場,20歳代,その他,施錠した
窃盗,自転車盗,行徳,妙典駅前,122033,千葉県,市川市,妙典４丁目,2023-11-03,17,その他,その他,10歳代,高校生,施錠せず
窃盗,自転車盗,行徳,妙典駅前,122033,千葉県,市川市,妙典５丁目,2022-12-28,21,その他,駐車（輪）場,50歳代,その他,施錠せず
窃盗,自転車盗,行徳,妙典駅前,122033,千葉県,市川市,妙典５丁目,2022-12-30,13,その他,駐車（輪）場,10歳代,高校生,施錠せず
窃盗,自転車盗,行徳,妙典駅前,122033,千葉県,市川市,妙典５丁目,2022-12-31,19,その他,駐車（輪）場,50歳代,その他,施錠せず
窃盗,自転車盗,行徳,妙典駅前,122033,千葉県,市川市,妙典５丁目,2023-02-23,16,その他,駐車（輪）場,10歳代,高校生,施錠せず
窃盗,自転車盗,行徳,妙典駅前,122033,千葉県,市川市,妙典５丁目,2023-03-03,12,その他,駐車（輪）場,50歳代,その他,施錠した
窃盗,自転車盗,行徳,妙典駅前,122033,千葉県,市川市,妙典５丁目,2023-03-07,11,その他,駐車（輪）場,40歳代,その他,施錠せず
窃盗,自転車盗,行徳,妙典駅前,122033,千葉県,市川市,妙典５丁目,2023-04-01,23,その他,その他,40歳代,その他,施錠せず
窃盗,自転車盗,行徳,妙典駅前,122033,千葉県,市川市,妙典５丁目,2023-04-20,19,その他の住宅（３階建て以下共同住宅等）,駐車（輪）場,20歳代,その他,施錠せず
窃盗,自転車盗,行徳,妙典駅前,122033,千葉県,市川市,妙典５丁目,2023-06-19,17,その他,駐車（輪）場,20歳代,その他,施錠せず
窃盗,自転車盗,行徳,妙典駅前,122033,千葉県,市川市,妙典５丁目,2023-09-11,19,４階建て以上共同住宅,駐車（輪）場,10歳代,中学生,施錠せず
窃盗,自転車盗,行徳,妙典駅前,122033,千葉県,市川市,妙典５丁目,2023-09-13,18,その他の住宅（３階建て以下共同住宅等）,駐車（輪）場,10歳代,中学生,施錠せず
窃盗,自転車盗,行徳,妙典駅前,122033,千葉県,市川市,妙典５丁目,2023-11-16,09,４階建て以上共同住宅,その他,20歳代,その他,施錠せず
窃盗,自転車盗,行徳,妙典駅前,122033,千葉県,市川市,妙典５丁目,不明,不明,その他,駐車（輪）場,10歳代,中学生,施錠せず
窃盗,自転車盗,行徳,妙典駅前,122033,千葉県,市川市,妙典６丁目,2023-10-03,17,４階建て以上共同住宅,駐車（輪）場,20歳代,大学生,施錠せず
窃盗,自転車盗,行徳,行徳駅前,122033,千葉県,市川市,押切,2023-02-15,07,４階建て以上共同住宅,駐車（輪）場,20歳代,その他,施錠せず
窃盗,自転車盗,行徳,行徳駅前,122033,千葉県,市川市,香取２丁目,2023-09-05,20,４階建て以上共同住宅,駐車（輪）場,10歳代,高校生,施錠せず
窃盗,自転車盗,行徳,行徳駅前,122033,千葉県,市川市,行徳駅前１丁目,2022-12-20,15,駐車（輪）場,駐車（輪）場,10歳代,大学生,施錠した
窃盗,自転車盗,行徳,行徳駅前,122033,千葉県,市川市,行徳駅前１丁目,2022-12-25,20,道路上,その他,10歳代,高校生,施錠せず
窃盗,自転車盗,行徳,行徳駅前,122033,千葉県,市川市,行徳駅前１丁目,2022-12-30,11,駐車（輪）場,駐車（輪）場,50歳代,その他,施錠した
窃盗,自転車盗,行徳,行徳駅前,122033,千葉県,市川市,行徳駅前１丁目,2023-01-10,08,その他,駐車（輪）場,40歳代,その他,施錠せず
窃盗,自転車盗,行徳,行徳駅前,122033,千葉県,市川市,行徳駅前１丁目,2023-01-15,12,４階建て以上共同住宅,駐車（輪）場,10歳代,高校生,施錠せず
窃盗,自転車盗,行徳,行徳駅前,122033,千葉県,市川市,行徳駅前１丁目,2023-01-23,08,駐車（輪）場,駐車（輪）場,30歳代,その他,施錠した
窃盗,自転車盗,行徳,行徳駅前,122033,千葉県,市川市,行徳駅前１丁目,2023-01-27,23,道路上,その他,70歳以上,その他,施錠した
窃盗,自転車盗,行徳,行徳駅前,122033,千葉県,市川市,行徳駅前１丁目,2023-03-06,16,その他,駐車（輪）場,30歳代,その他,施錠した
窃盗,自転車盗,行徳,行徳駅前,122033,千葉県,市川市,行徳駅前１丁目,2023-03-29,21,駐車（輪）場,駐車（輪）場,20歳代,その他,施錠した
窃盗,自転車盗,行徳,行徳駅前,122033,千葉県,市川市,行徳駅前１丁目,2023-05-01,08,駐車（輪）場,駐車（輪）場,60-64歳,その他,施錠した
窃盗,自転車盗,行徳,行徳駅前,122033,千葉県,市川市,行徳駅前１丁目,2023-05-01,21,道路上,その他,20歳代,大学生,施錠せず
窃盗,自転車盗,行徳,行徳駅前,122033,千葉県,市川市,行徳駅前１丁目,2023-05-08,17,道路上,その他,10歳代,中学生,施錠せず
窃盗,自転車盗,行徳,行徳駅前,122033,千葉県,市川市,行徳駅前１丁目,2023-05-19,01,道路上,その他,10歳代,その他,施錠せず
窃盗,自転車盗,行徳,行徳駅前,122033,千葉県,市川市,行徳駅前１丁目,2023-05-26,20,道路上,その他,10歳代,高校生,施錠せず
窃盗,自転車盗,行徳,行徳駅前,122033,千葉県,市川市,行徳駅前１丁目,2023-05-27,17,駐車（輪）場,駐車（輪）場,10歳代,高校生,施錠した
窃盗,自転車盗,行徳,行徳駅前,122033,千葉県,市川市,行徳駅前１丁目,2023-06-09,06,駐車（輪）場,駐車（輪）場,20歳代,その他,施錠せず
窃盗,自転車盗,行徳,行徳駅前,122033,千葉県,市川市,行徳駅前１丁目,2023-06-25,14,駐車（輪）場,駐車（輪）場,10歳代,中学生,施錠した
窃盗,自転車盗,行徳,行徳駅前,122033,千葉県,市川市,行徳駅前１丁目,2023-07-12,08,その他,その他,30歳代,その他,施錠せず
窃盗,自転車盗,行徳,行徳駅前,122033,千葉県,市川市,行徳駅前１丁目,2023-07-23,14,４階建て以上共同住宅,駐車（輪）場,30歳代,その他,施錠した
窃盗,自転車盗,行徳,行徳駅前,122033,千葉県,市川市,行徳駅前１丁目,2023-07-31,19,その他,その他,30歳代,その他,施錠した
窃盗,自転車盗,行徳,行徳駅前,122033,千葉県,市川市,行徳駅前１丁目,2023-08-06,17,４階建て以上共同住宅,その他,50歳代,その他,施錠せず
窃盗,自転車盗,行徳,行徳駅前,122033,千葉県,市川市,行徳駅前１丁目,2023-08-22,15,道路上,その他,20歳代,その他,施錠せず
窃盗,自転車盗,行徳,行徳駅前,122033,千葉県,市川市,行徳駅前１丁目,2023-08-25,19,駐車（輪）場,駐車（輪）場,20歳代,その他,施錠せず
窃盗,自転車盗,行徳,行徳駅前,122033,千葉県,市川市,行徳駅前１丁目,2023-10-05,08,その他,駐車（輪）場,65-69歳,その他,施錠せず
窃盗,自転車盗,行徳,行徳駅前,122033,千葉県,市川市,行徳駅前１丁目,2023-10-14,12,その他,駐車（輪）場,40歳代,その他,施錠せず
窃盗,自転車盗,行徳,行徳駅前,122033,千葉県,市川市,行徳駅前１丁目,2023-10-16,21,その他,駐車（輪）場,20歳代,その他,施錠せず
窃盗,自転車盗,行徳,行徳駅前,122033,千葉県,市川市,行徳駅前１丁目,2023-10-29,18,その他,駐車（輪）場,10歳代,大学生,施錠せず
窃盗,自転車盗,行徳,行徳駅前,122033,千葉県,市川市,行徳駅前１丁目,2023-11-06,18,４階建て以上共同住宅,駐車（輪）場,10歳代,小学生,施錠せず
窃盗,自転車盗,行徳,行徳駅前,122033,千葉県,市川市,行徳駅前２丁目,2022-09-03,18,道路上,その他,60-64歳,その他,施錠せず
窃盗,自転車盗,行徳,行徳駅前,122033,千葉県,市川市,行徳駅前２丁目,2022-12-29,12,道路上,その他,30歳代,その他,施錠せず
窃盗,自転車盗,行徳,行徳駅前,122033,千葉県,市川市,行徳駅前２丁目,2023-01-06,16,その他,駐車（輪）場,70歳以上,その他,施錠した
窃盗,自転車盗,行徳,行徳駅前,122033,千葉県,市川市,行徳駅前２丁目,2023-01-18,20,その他,その他,50歳代,その他,施錠せず
窃盗,自転車盗,行徳,行徳駅前,122033,千葉県,市川市,行徳駅前２丁目,2023-01-26,18,４階建て以上共同住宅,その他,50歳代,その他,施錠した
窃盗,自転車盗,行徳,行徳駅前,122033,千葉県,市川市,行徳駅前２丁目,2023-01-28,16,その他,駐車（輪）場,10歳代,中学生,施錠せず
窃盗,自転車盗,行徳,行徳駅前,122033,千葉県,市川市,行徳駅前２丁目,2023-02-04,21,４階建て以上共同住宅,駐車（輪）場,10歳代,中学生,施錠した
窃盗,自転車盗,行徳,行徳駅前,122033,千葉県,市川市,行徳駅前２丁目,2023-02-11,18,道路上,その他,10歳代,高校生,施錠せず
窃盗,自転車盗,行徳,行徳駅前,122033,千葉県,市川市,行徳駅前２丁目,2023-02-23,23,道路上,その他,20歳代,その他,施錠せず
窃盗,自転車盗,行徳,行徳駅前,122033,千葉県,市川市,行徳駅前２丁目,2023-02-25,19,道路上,その他,10歳代,大学生,施錠せず
窃盗,自転車盗,行徳,行徳駅前,122033,千葉県,市川市,行徳駅前２丁目,2023-03-05,17,道路上,その他,20歳代,その他,施錠した
窃盗,自転車盗,行徳,行徳駅前,122033,千葉県,市川市,行徳駅前２丁目,2023-03-06,23,道路上,その他,10歳代,その他,施錠せず
窃盗,自転車盗,行徳,行徳駅前,122033,千葉県,市川市,行徳駅前２丁目,2023-03-16,16,その他,駐車（輪）場,20歳代,その他,施錠した
窃盗,自転車盗,行徳,行徳駅前,122033,千葉県,市川市,行徳駅前２丁目,2023-03-17,18,道路上,その他,40歳代,その他,施錠せず
窃盗,自転車盗,行徳,行徳駅前,122033,千葉県,市川市,行徳駅前２丁目,2023-03-28,19,道路上,その他,20歳代,その他,施錠せず
窃盗,自転車盗,行徳,行徳駅前,122033,千葉県,市川市,行徳駅前２丁目,2023-04-02,20,その他の住宅（３階建て以下共同住宅等）,駐車（輪）場,20歳代,その他,施錠せず
窃盗,自転車盗,行徳,行徳駅前,122033,千葉県,市川市,行徳駅前２丁目,2023-04-04,22,その他の住宅（３階建て以下共同住宅等）,その他,20歳代,その他,施錠した
窃盗,自転車盗,行徳,行徳駅前,122033,千葉県,市川市,行徳駅前２丁目,2023-04-09,07,その他,その他,20歳代,大学生,施錠せず
窃盗,自転車盗,行徳,行徳駅前,122033,千葉県,市川市,行徳駅前２丁目,2023-04-09,20,道路上,その他,30歳代,その他,施錠した
窃盗,自転車盗,行徳,行徳駅前,122033,千葉県,市川市,行徳駅前２丁目,2023-04-14,09,駐車（輪）場,駐車（輪）場,30歳代,その他,施錠した
窃盗,自転車盗,行徳,行徳駅前,122033,千葉県,市川市,行徳駅前２丁目,2023-04-17,15,その他,駐車（輪）場,20歳代,その他,施錠した
窃盗,自転車盗,行徳,行徳駅前,122033,千葉県,市川市,行徳駅前２丁目,2023-04-22,17,駐車（輪）場,駐車（輪）場,60-64歳,その他,施錠した
窃盗,自転車盗,行徳,行徳駅前,122033,千葉県,市川市,行徳駅前２丁目,2023-04-27,13,その他,その他,30歳代,その他,施錠せず
窃盗,自転車盗,行徳,行徳駅前,122033,千葉県,市川市,行徳駅前２丁目,2023-04-28,15,その他の住宅（３階建て以下共同住宅等）,その他,20歳代,その他,施錠せず
窃盗,自転車盗,行徳,行徳駅前,122033,千葉県,市川市,行徳駅前２丁目,2023-05-05,16,道路上,その他,10歳代,その他,施錠した
窃盗,自転車盗,行徳,行徳駅前,122033,千葉県,市川市,行徳駅前２丁目,2023-05-21,17,道路上,その他,30歳代,その他,施錠せず
窃盗,自転車盗,行徳,行徳駅前,122033,千葉県,市川市,行徳駅前２丁目,2023-06-15,14,道路上,その他,10歳代,その他,施錠せず
窃盗,自転車盗,行徳,行徳駅前,122033,千葉県,市川市,行徳駅前２丁目,2023-06-19,16,駐車（輪）場,駐車（輪）場,30歳代,その他,施錠した
窃盗,自転車盗,行徳,行徳駅前,122033,千葉県,市川市,行徳駅前２丁目,2023-06-29,19,道路上,その他,70歳以上,その他,施錠した
窃盗,自転車盗,行徳,行徳駅前,122033,千葉県,市川市,行徳駅前２丁目,2023-07-11,14,その他,駐車（輪）場,40歳代,その他,施錠せず
窃盗,自転車盗,行徳,行徳駅前,122033,千葉県,市川市,行徳駅前２丁目,2023-07-13,09,道路上,その他,30歳代,その他,施錠した
窃盗,自転車盗,行徳,行徳駅前,122033,千葉県,市川市,行徳駅前２丁目,2023-07-13,10,道路上,その他,70歳以上,その他,施錠した
窃盗,自転車盗,行徳,行徳駅前,122033,千葉県,市川市,行徳駅前２丁目,2023-07-14,23,道路上,その他,10歳代,大学生,施錠せず
窃盗,自転車盗,行徳,行徳駅前,122033,千葉県,市川市,行徳駅前２丁目,2023-07-15,17,その他,その他,50歳代,その他,施錠した
窃盗,自転車盗,行徳,行徳駅前,122033,千葉県,市川市,行徳駅前２丁目,2023-07-16,21,道路上,その他,10歳代,高校生,施錠せず
窃盗,自転車盗,行徳,行徳駅前,122033,千葉県,市川市,行徳駅前２丁目,2023-07-26,10,道路上,その他,10歳代,高校生,施錠せず
窃盗,自転車盗,行徳,行徳駅前,122033,千葉県,市川市,行徳駅前２丁目,2023-08-02,18,道路上,その他,10歳代,中学生,施錠した
窃盗,自転車盗,行徳,行徳駅前,122033,千葉県,市川市,行徳駅前２丁目,2023-08-02,21,その他の住宅（３階建て以下共同住宅等）,駐車（輪）場,20歳代,その他,施錠した
窃盗,自転車盗,行徳,行徳駅前,122033,千葉県,市川市,行徳駅前２丁目,2023-08-14,00,道路上,その他,30歳代,その他,施錠せず
窃盗,自転車盗,行徳,行徳駅前,122033,千葉県,市川市,行徳駅前２丁目,2023-08-18,07,道路上,その他,10歳代,その他,施錠した
窃盗,自転車盗,行徳,行徳駅前,122033,千葉県,市川市,行徳駅前２丁目,2023-08-23,14,その他,その他,10歳代,その他,施錠せず
窃盗,自転車盗,行徳,行徳駅前,122033,千葉県,市川市,行徳駅前２丁目,2023-08-24,07,駐車（輪）場,駐車（輪）場,10歳代,高校生,施錠した
窃盗,自転車盗,行徳,行徳駅前,122033,千葉県,市川市,行徳駅前２丁目,2023-08-25,17,道路上,その他,20歳代,その他,施錠せず
窃盗,自転車盗,行徳,行徳駅前,122033,千葉県,市川市,行徳駅前２丁目,2023-09-05,22,その他,駐車（輪）場,30歳代,その他,施錠せず
窃盗,自転車盗,行徳,行徳駅前,122033,千葉県,市川市,行徳駅前２丁目,2023-09-07,10,道路上,その他,20歳代,その他,施錠せず
窃盗,自転車盗,行徳,行徳駅前,122033,千葉県,市川市,行徳駅前２丁目,2023-09-07,16,駐車（輪）場,駐車（輪）場,10歳代,高校生,施錠した
窃盗,自転車盗,行徳,行徳駅前,122033,千葉県,市川市,行徳駅前２丁目,2023-09-07,20,道路上,その他,30歳代,その他,施錠せず
窃盗,自転車盗,行徳,行徳駅前,122033,千葉県,市川市,行徳駅前２丁目,2023-09-20,07,駐車（輪）場,駐車（輪）場,20歳代,その他,施錠した
窃盗,自転車盗,行徳,行徳駅前,122033,千葉県,市川市,行徳駅前２丁目,2023-09-29,19,道路上,その他,10歳代,その他,施錠せず
窃盗,自転車盗,行徳,行徳駅前,122033,千葉県,市川市,行徳駅前２丁目,2023-09-29,21,道路上,その他,30歳代,その他,施錠した
窃盗,自転車盗,行徳,行徳駅前,122033,千葉県,市川市,行徳駅前２丁目,2023-09-30,23,道路上,その他,10歳代,その他,施錠した
窃盗,自転車盗,行徳,行徳駅前,122033,千葉県,市川市,行徳駅前２丁目,2023-10-06,14,道路上,その他,70歳以上,その他,施錠せず
窃盗,自転車盗,行徳,行徳駅前,122033,千葉県,市川市,行徳駅前２丁目,2023-10-09,08,駐車（輪）場,駐車（輪）場,10歳代,大学生,施錠せず
窃盗,自転車盗,行徳,行徳駅前,122033,千葉県,市川市,行徳駅前２丁目,2023-10-14,12,駐車（輪）場,駐車（輪）場,20歳代,その他,施錠せず
窃盗,自転車盗,行徳,行徳駅前,122033,千葉県,市川市,行徳駅前２丁目,2023-11-01,07,その他,駐車（輪）場,10歳代,その他,施錠した
窃盗,自転車盗,行徳,行徳駅前,122033,千葉県,市川市,行徳駅前２丁目,2023-11-17,10,その他,駐車（輪）場,30歳代,その他,施錠した
窃盗,自転車盗,行徳,行徳駅前,122033,千葉県,市川市,行徳駅前２丁目,2023-11-19,00,道路上,その他,20歳代,その他,施錠せず
窃盗,自転車盗,行徳,行徳駅前,122033,千葉県,市川市,行徳駅前２丁目,2023-12-16,19,道路上,その他,10歳代,その他,施錠せず
窃盗,自転車盗,行徳,行徳駅前,122033,千葉県,市川市,行徳駅前３丁目,2023-10-14,17,一戸建住宅,駐車（輪）場,20歳代,その他,施錠した
窃盗,自転車盗,行徳,行徳駅前,122033,千葉県,市川市,行徳駅前４丁目,2023-03-12,12,４階建て以上共同住宅,駐車（輪）場,30歳代,その他,施錠せず
窃盗,自転車盗,行徳,行徳駅前,122033,千葉県,市川市,行徳駅前４丁目,2023-03-22,13,４階建て以上共同住宅,駐車（輪）場,20歳代,その他,施錠せず
窃盗,自転車盗,行徳,行徳駅前,122033,千葉県,市川市,行徳駅前４丁目,2023-05-24,20,４階建て以上共同住宅,駐車（輪）場,10歳代,中学生,施錠した
窃盗,自転車盗,行徳,行徳駅前,122033,千葉県,市川市,行徳駅前４丁目,2023-09-16,16,４階建て以上共同住宅,駐車（輪）場,50歳代,その他,施錠した
窃盗,自転車盗,行徳,行徳駅前,122033,千葉県,市川市,行徳駅前４丁目,2023-11-03,21,その他,その他,30歳代,その他,施錠せず
窃盗,自転車盗,行徳,行徳駅前,122033,千葉県,市川市,行徳駅前４丁目,2023-11-05,19,４階建て以上共同住宅,駐車（輪）場,50歳代,その他,施錠した
窃盗,自転車盗,行徳,行徳駅前,122033,千葉県,市川市,行徳駅前４丁目,2023-12-11,12,４階建て以上共同住宅,駐車（輪）場,20歳代,その他,施錠した
窃盗,自転車盗,行徳,行徳駅前,122033,千葉県,市川市,末広１丁目,2023-01-25,13,４階建て以上共同住宅,駐車（輪）場,20歳代,その他,施錠せず
窃盗,自転車盗,行徳,行徳駅前,122033,千葉県,市川市,末広１丁目,2023-02-09,16,その他,駐車（輪）場,10歳代,高校生,施錠せず
窃盗,自転車盗,行徳,行徳駅前,122033,千葉県,市川市,末広１丁目,2023-03-31,17,道路上,その他,50歳代,その他,施錠した
窃盗,自転車盗,行徳,行徳駅前,122033,千葉県,市川市,末広１丁目,2023-07-16,18,４階建て以上共同住宅,駐車（輪）場,40歳代,その他,施錠せず
窃盗,自転車盗,行徳,行徳駅前,122033,千葉県,市川市,末広１丁目,2023-09-01,23,４階建て以上共同住宅,駐車（輪）場,20歳代,大学生,施錠せず
窃盗,自転車盗,行徳,行徳駅前,122033,千葉県,市川市,末広１丁目,2023-10-20,09,その他,その他,20歳代,その他,施錠せず
窃盗,自転車盗,行徳,行徳駅前,122033,千葉県,市川市,末広１丁目,2023-12-01,12,その他の住宅（３階建て以下共同住宅等）,その他,20歳代,その他,施錠した
窃盗,自転車盗,行徳,行徳駅前,122033,千葉県,市川市,末広２丁目,2023-04-06,12,４階建て以上共同住宅,駐車（輪）場,50歳代,その他,施錠した
窃盗,自転車盗,行徳,行徳駅前,122033,千葉県,市川市,末広２丁目,2023-07-28,20,その他,駐車（輪）場,40歳代,その他,施錠せず
窃盗,自転車盗,行徳,行徳駅前,122033,千葉県,市川市,末広２丁目,2023-09-28,21,４階建て以上共同住宅,駐車（輪）場,20歳代,その他,施錠した
窃盗,自転車盗,行徳,行徳駅前,122033,千葉県,市川市,新浜１丁目,2023-06-25,21,４階建て以上共同住宅,駐車（輪）場,10歳代,高校生,施錠した
窃盗,自転車盗,行徳,行徳駅前,122033,千葉県,市川市,新浜１丁目,2023-08-01,18,その他の住宅（３階建て以下共同住宅等）,その他,60-64歳,その他,施錠した
窃盗,自転車盗,行徳,行徳駅前,122033,千葉県,市川市,新浜１丁目,2023-08-04,19,一戸建住宅,その他,10歳代,大学生,施錠した
窃盗,自転車盗,行徳,行徳駅前,122033,千葉県,市川市,福栄２丁目,2023-05-26,11,道路上,その他,40歳代,その他,施錠した
窃盗,自転車盗,行徳,行徳駅前,122033,千葉県,市川市,福栄２丁目,2023-12-24,19,道路上,その他,60-64歳,その他,施錠した
窃盗,自転車盗,行徳,行徳駅前,122033,千葉県,市川市,湊,2023-04-05,12,道路上,その他,10歳代,小学生,施錠せず
窃盗,自転車盗,行徳,行徳駅前,122033,千葉県,市川市,湊新田,2023-04-19,21,一戸建住宅,その他,40歳代,その他,施錠した
窃盗,自転車盗,行徳,行徳駅前,122033,千葉県,市川市,湊新田,不明,不明,その他の住宅（３階建て以下共同住宅等）,その他,30歳代,その他,施錠せず
窃盗,自転車盗,行徳,行徳駅前,122033,千葉県,市川市,湊新田１丁目,2023-03-22,18,４階建て以上共同住宅,駐車（輪）場,30歳代,その他,施錠した
窃盗,自転車盗,行徳,行徳駅前,122033,千葉県,市川市,湊新田１丁目,2023-10-02,07,その他,駐車（輪）場,20歳代,その他,施錠した
窃盗,自転車盗,行徳,行徳駅前,122033,千葉県,市川市,湊新田２丁目,2023-03-22,00,４階建て以上共同住宅,駐車（輪）場,30歳代,その他,施錠した
窃盗,自転車盗,行徳,行徳駅前,122033,千葉県,市川市,湊新田２丁目,2023-04-02,10,道路上,その他,40歳代,その他,施錠せず
窃盗,自転車盗,行徳,行徳駅前,122033,千葉県,市川市,湊新田２丁目,2023-07-20,16,その他の住宅（３階建て以下共同住宅等）,駐車（輪）場,50歳代,その他,施錠した
窃盗,自転車盗,行徳,行徳駅前,122033,千葉県,市川市,湊新田２丁目,2023-11-05,17,４階建て以上共同住宅,駐車（輪）場,40歳代,その他,施錠した
窃盗,自転車盗,行徳,行徳駅前,122033,千葉県,市川市,湊新田２丁目,2023-11-26,13,４階建て以上共同住宅,駐車（輪）場,40歳代,その他,施錠せず
窃盗,自転車盗,行徳,香取,122033,千葉県,市川市,欠真間１丁目,2023-03-15,16,道路上,その他,20歳代,大学生,施錠せず
窃盗,自転車盗,行徳,香取,122033,千葉県,市川市,欠真間１丁目,2023-04-19,12,４階建て以上共同住宅,その他,40歳代,その他,施錠した
窃盗,自転車盗,行徳,香取,122033,千葉県,市川市,欠真間１丁目,2023-10-10,17,４階建て以上共同住宅,駐車（輪）場,30歳代,その他,施錠した
窃盗,自転車盗,行徳,香取,122033,千葉県,市川市,欠真間１丁目,2023-10-14,18,道路上,その他,10歳代,小学生,施錠せず
窃盗,自転車盗,行徳,香取,122033,千葉県,市川市,欠真間２丁目,2023-04-26,08,駐車（輪）場,駐車（輪）場,30歳代,その他,施錠せず
窃盗,自転車盗,行徳,香取,122033,千葉県,市川市,欠真間２丁目,2023-05-01,08,その他の住宅（３階建て以下共同住宅等）,駐車（輪）場,30歳代,その他,施錠した
窃盗,自転車盗,行徳,香取,122033,千葉県,市川市,欠真間２丁目,2023-05-25,09,その他の住宅（３階建て以下共同住宅等）,その他,20歳代,その他,施錠せず
窃盗,自転車盗,行徳,香取,122033,千葉県,市川市,欠真間２丁目,2023-08-31,20,４階建て以上共同住宅,駐車（輪）場,10歳代,高校生,施錠せず
窃盗,自転車盗,行徳,香取,122033,千葉県,市川市,欠真間２丁目,2023-09-09,18,その他の住宅（３階建て以下共同住宅等）,その他,20歳代,その他,施錠した
窃盗,自転車盗,行徳,香取,122033,千葉県,市川市,香取１丁目,2023-01-18,09,その他の住宅（３階建て以下共同住宅等）,その他,40歳代,その他,施錠せず
窃盗,自転車盗,行徳,香取,122033,千葉県,市川市,香取１丁目,2023-07-24,15,一戸建住宅,その他,70歳以上,その他,施錠せず
窃盗,自転車盗,行徳,香取,122033,千葉県,市川市,香取１丁目,2023-08-30,21,その他の住宅（３階建て以下共同住宅等）,駐車（輪）場,20歳代,その他,施錠せず
窃盗,自転車盗,行徳,香取,122033,千葉県,市川市,香取１丁目,2023-10-23,16,その他の住宅（３階建て以下共同住宅等）,その他,40歳代,その他,施錠した
窃盗,自転車盗,行徳,香取,122033,千葉県,市川市,香取１丁目,2023-10-24,21,一戸建住宅,その他,10歳代,高校生,施錠せず
窃盗,自転車盗,行徳,香取,122033,千葉県,市川市,香取１丁目,不明,不明,その他の住宅（３階建て以下共同住宅等）,駐車（輪）場,20歳代,その他,施錠せず
窃盗,自転車盗,行徳,香取,122033,千葉県,市川市,香取２丁目,2023-05-22,08,道路上,その他,40歳代,その他,施錠せず
窃盗,自転車盗,行徳,香取,122033,千葉県,市川市,香取２丁目,2023-07-24,09,その他の住宅（３階建て以下共同住宅等）,その他,30歳代,その他,施錠せず
窃盗,自転車盗,行徳,香取,122033,千葉県,市川市,香取２丁目,2023-10-29,18,一戸建住宅,その他,40歳代,その他,施錠せず
窃盗,自転車盗,行徳,香取,122033,千葉県,市川市,福栄１丁目,2023-01-17,18,その他の住宅（３階建て以下共同住宅等）,駐車（輪）場,30歳代,その他,施錠せず
窃盗,自転車盗,行徳,香取,122033,千葉県,市川市,福栄１丁目,2023-04-19,15,４階建て以上共同住宅,駐車（輪）場,20歳代,その他,施錠した
窃盗,自転車盗,行徳,香取,122033,千葉県,市川市,福栄１丁目,2023-04-23,17,その他の住宅（３階建て以下共同住宅等）,その他,40歳代,その他,施錠せず
窃盗,自転車盗,行徳,香取,122033,千葉県,市川市,福栄１丁目,2023-09-12,08,その他の住宅（３階建て以下共同住宅等）,駐車（輪）場,20歳代,その他,施錠せず
窃盗,自転車盗,行徳,香取,122033,千葉県,市川市,福栄１丁目,2023-10-03,16,その他の住宅（３階建て以下共同住宅等）,駐車（輪）場,20歳代,その他,施錠した
窃盗,自転車盗,行徳,香取,122033,千葉県,市川市,福栄１丁目,2023-10-07,20,４階建て以上共同住宅,駐車（輪）場,70歳以上,その他,施錠せず
窃盗,自転車盗,行徳,香取,122033,千葉県,市川市,福栄１丁目,2023-10-19,17,その他の住宅（３階建て以下共同住宅等）,その他,60-64歳,その他,施錠せず
窃盗,自転車盗,行徳,香取,122033,千葉県,市川市,福栄１丁目,2023-10-29,20,一戸建住宅,その他,40歳代,その他,施錠せず
窃盗,自転車盗,行徳,香取,122033,千葉県,市川市,福栄１丁目,2023-11-27,08,４階建て以上共同住宅,その他,40歳代,その他,施錠せず
窃盗,自転車盗,行徳,香取,122033,千葉県,市川市,福栄２丁目,2023-01-03,15,その他の住宅（３階建て以下共同住宅等）,駐車（輪）場,30歳代,その他,施錠した
窃盗,自転車盗,行徳,香取,122033,千葉県,市川市,福栄３丁目,2023-05-05,11,４階建て以上共同住宅,駐車（輪）場,70歳以上,その他,施錠した
窃盗,自転車盗,行徳,香取,122033,千葉県,市川市,福栄３丁目,2023-06-14,21,その他の住宅（３階建て以下共同住宅等）,その他,20歳代,その他,施錠せず
窃盗,自転車盗,行徳,香取,122033,千葉県,市川市,福栄３丁目,2023-07-01,15,４階建て以上共同住宅,駐車（輪）場,10歳代,小学生,施錠せず
窃盗,自転車盗,行徳,香取,122033,千葉県,市川市,福栄３丁目,2023-07-05,09,道路上,その他,40歳代,その他,施錠した
窃盗,自転車盗,行徳,香取,122033,千葉県,市川市,福栄３丁目,2023-07-08,23,その他の住宅（３階建て以下共同住宅等）,その他,30歳代,その他,施錠した
窃盗,自転車盗,行徳,香取,122033,千葉県,市川市,福栄３丁目,2023-11-28,19,その他の住宅（３階建て以下共同住宅等）,その他,30歳代,その他,施錠した
窃盗,自転車盗,行徳,香取,122033,千葉県,市川市,湊新田,2023-06-24,16,道路上,その他,65-69歳,その他,施錠せず
窃盗,自転車盗,四街道,千代田,122289,千葉県,四街道市,栗山,2023-01-11,00,一戸建住宅,その他,10歳代,高校生,施錠せず
窃盗,自転車盗,四街道,千代田,122289,千葉県,四街道市,栗山,2023-03-07,16,その他の住宅（３階建て以下共同住宅等）,駐車（輪）場,30歳代,その他,施錠せず
窃盗,自転車盗,四街道,千代田,122289,千葉県,四街道市,栗山,2023-05-05,17,その他の住宅（３階建て以下共同住宅等）,駐車（輪）場,40歳代,その他,施錠した
窃盗,自転車盗,四街道,千代田,122289,千葉県,四街道市,栗山,2023-05-15,08,その他の住宅（３階建て以下共同住宅等）,駐車（輪）場,50歳代,その他,施錠せず
窃盗,自転車盗,四街道,千代田,122289,千葉県,四街道市,栗山,2023-08-06,16,一戸建住宅,その他,10歳代,小学生,施錠した
窃盗,自転車盗,四街道,千代田,122289,千葉県,四街道市,栗山,2023-09-05,06,その他の住宅（３階建て以下共同住宅等）,駐車（輪）場,20歳代,その他,施錠せず
窃盗,自転車盗,四街道,千代田,122289,千葉県,四街道市,栗山,2023-11-09,12,その他の住宅（３階建て以下共同住宅等）,駐車（輪）場,10歳代,中学生,施錠した
窃盗,自転車盗,四街道,千代田,122289,千葉県,四街道市,栗山,2023-12-09,04,道路上,その他,10歳代,その他,施錠せず
窃盗,自転車盗,四街道,千代田,122289,千葉県,四街道市,栗山,不明,不明,一戸建住宅,その他,10歳代,中学生,施錠せず
窃盗,自転車盗,四街道,千代田,122289,千葉県,四街道市,つくし座２丁目,2023-05-24,15,一戸建住宅,駐車（輪）場,60-64歳,その他,施錠せず
窃盗,自転車盗,四街道,千代田,122289,千葉県,四街道市,物井,2023-02-10,07,駐車（輪）場,駐車（輪）場,10歳代,中学生,施錠せず
窃盗,自転車盗,四街道,千代田,122289,千葉県,四街道市,物井,2023-06-01,07,道路上,その他,10歳代,高校生,施錠せず
窃盗,自転車盗,四街道,千代田,122289,千葉県,四街道市,物井,2023-07-25,11,駐車（輪）場,駐車（輪）場,10歳代,中学生,施錠せず
窃盗,自転車盗,四街道,千代田,122289,千葉県,四街道市,物井,2023-08-08,16,駐車（輪）場,駐車（輪）場,10歳代,高校生,施錠せず
窃盗,自転車盗,四街道,千代田,122289,千葉県,四街道市,物井,2023-09-25,08,駐車（輪）場,駐車（輪）場,10歳代,高校生,施錠せず
窃盗,自転車盗,四街道,千代田,122289,千葉県,四街道市,物井,2023-09-28,06,駐車（輪）場,駐車（輪）場,10歳代,高校生,施錠せず
窃盗,自転車盗,四街道,千代田,122289,千葉県,四街道市,池花１丁目,2023-02-12,09,その他,駐車（輪）場,10歳代,大学生,施錠せず
窃盗,自転車盗,四街道,千代田,122289,千葉県,四街道市,もねの里２丁目,2023-07-30,17,その他の住宅（３階建て以下共同住宅等）,駐車（輪）場,20歳代,その他,施錠した
窃盗,自転車盗,四街道,千代田,122289,千葉県,四街道市,もねの里５丁目,2023-04-29,06,駐車（輪）場,駐車（輪）場,10歳代,高校生,施錠せず
窃盗,自転車盗,四街道,千代田,122289,千葉県,四街道市,もねの里５丁目,2023-05-18,08,駐車（輪）場,駐車（輪）場,20歳代,その他,施錠せず
窃盗,自転車盗,四街道,千代田,122289,千葉県,四街道市,もねの里５丁目,2023-05-20,07,駐車（輪）場,駐車（輪）場,20歳代,その他,施錠せず
窃盗,自転車盗,四街道,千代田,122289,千葉県,四街道市,もねの里５丁目,2023-05-26,06,駐車（輪）場,駐車（輪）場,10歳代,中学生,施錠せず
窃盗,自転車盗,四街道,千代田,122289,千葉県,四街道市,もねの里５丁目,2023-07-30,22,その他の住宅（３階建て以下共同住宅等）,駐車（輪）場,20歳代,その他,施錠した
窃盗,自転車盗,四街道,千代田,122289,千葉県,四街道市,もねの里５丁目,2023-08-02,18,その他の住宅（３階建て以下共同住宅等）,その他,40歳代,その他,施錠した
窃盗,自転車盗,四街道,四街道駅前,122289,千葉県,四街道市,鹿渡,2023-01-24,08,駐車（輪）場,駐車（輪）場,20歳代,その他,施錠せず
窃盗,自転車盗,四街道,四街道駅前,122289,千葉県,四街道市,鹿渡,2023-02-01,12,その他の住宅（３階建て以下共同住宅等）,駐車（輪）場,30歳代,その他,施錠した
窃盗,自転車盗,四街道,四街道駅前,122289,千葉県,四街道市,鹿渡,2023-02-07,19,駐車（輪）場,駐車（輪）場,10歳代,高校生,施錠せず
窃盗,自転車盗,四街道,四街道駅前,122289,千葉県,四街道市,鹿渡,2023-02-27,08,駐車（輪）場,駐車（輪）場,20歳代,大学生,施錠せず
窃盗,自転車盗,四街道,四街道駅前,122289,千葉県,四街道市,鹿渡,2023-03-13,08,駐車（輪）場,駐車（輪）場,20歳代,その他,施錠せず
窃盗,自転車盗,四街道,四街道駅前,122289,千葉県,四街道市,鹿渡,2023-03-20,07,駐車（輪）場,駐車（輪）場,10歳代,高校生,施錠せず
窃盗,自転車盗,四街道,四街道駅前,122289,千葉県,四街道市,鹿渡,2023-03-22,16,その他,駐車（輪）場,10歳代,高校生,施錠せず
窃盗,自転車盗,四街道,四街道駅前,122289,千葉県,四街道市,鹿渡,2023-04-19,16,駐車（輪）場,駐車（輪）場,20歳代,その他,施錠せず
窃盗,自転車盗,四街道,四街道駅前,122289,千葉県,四街道市,鹿渡,2023-04-28,19,その他,駐車（輪）場,10歳代,中学生,施錠せず
窃盗,自転車盗,四街道,四街道駅前,122289,千葉県,四街道市,鹿渡,2023-05-02,09,駐車（輪）場,駐車（輪）場,20歳代,大学生,施錠せず
窃盗,自転車盗,四街道,四街道駅前,122289,千葉県,四街道市,鹿渡,2023-05-17,07,駐車（輪）場,駐車（輪）場,10歳代,大学生,施錠せず
窃盗,自転車盗,四街道,四街道駅前,122289,千葉県,四街道市,鹿渡,2023-05-25,10,その他,駐車（輪）場,20歳代,その他,施錠せず
窃盗,自転車盗,四街道,四街道駅前,122289,千葉県,四街道市,鹿渡,2023-05-26,10,駐車（輪）場,駐車（輪）場,20歳代,その他,施錠せず
窃盗,自転車盗,四街道,四街道駅前,122289,千葉県,四街道市,鹿渡,2023-05-26,11,その他,駐車（輪）場,20歳代,その他,施錠せず
窃盗,自転車盗,四街道,四街道駅前,122289,千葉県,四街道市,鹿渡,2023-06-01,07,駐車（輪）場,駐車（輪）場,10歳代,高校生,施錠せず
窃盗,自転車盗,四街道,四街道駅前,122289,千葉県,四街道市,鹿渡,2023-06-12,07,駐車（輪）場,駐車（輪）場,40歳代,その他,施錠した
窃盗,自転車盗,四街道,四街道駅前,122289,千葉県,四街道市,鹿渡,2023-06-12,14,駐車（輪）場,駐車（輪）場,10歳代,高校生,施錠した
窃盗,自転車盗,四街道,四街道駅前,122289,千葉県,四街道市,鹿渡,2023-06-14,07,駐車（輪）場,駐車（輪）場,10歳代,高校生,施錠した
窃盗,自転車盗,四街道,四街道駅前,122289,千葉県,四街道市,鹿渡,2023-06-16,12,駐車（輪）場,駐車（輪）場,70歳以上,その他,施錠した
窃盗,自転車盗,四街道,四街道駅前,122289,千葉県,四街道市,鹿渡,2023-06-24,12,駐車（輪）場,駐車（輪）場,10歳代,高校生,施錠せず
窃盗,自転車盗,四街道,四街道駅前,122289,千葉県,四街道市,鹿渡,2023-07-07,17,駐車（輪）場,駐車（輪）場,50歳代,その他,施錠した
窃盗,自転車盗,四街道,四街道駅前,122289,千葉県,四街道市,鹿渡,2023-07-14,05,駐車（輪）場,駐車（輪）場,20歳代,その他,施錠した
窃盗,自転車盗,四街道,四街道駅前,122289,千葉県,四街道市,鹿渡,2023-07-15,17,その他,駐車（輪）場,10歳代,高校生,施錠せず
窃盗,自転車盗,四街道,四街道駅前,122289,千葉県,四街道市,鹿渡,2023-07-24,17,駐車（輪）場,駐車（輪）場,10歳代,大学生,施錠せず
窃盗,自転車盗,四街道,四街道駅前,122289,千葉県,四街道市,鹿渡,2023-07-27,22,駐車（輪）場,駐車（輪）場,10歳代,高校生,施錠せず
窃盗,自転車盗,四街道,四街道駅前,122289,千葉県,四街道市,鹿渡,2023-07-29,13,駐車（輪）場,駐車（輪）場,50歳代,その他,施錠せず
窃盗,自転車盗,四街道,四街道駅前,122289,千葉県,四街道市,鹿渡,2023-07-31,06,駐車（輪）場,駐車（輪）場,20歳代,その他,施錠した
窃盗,自転車盗,四街道,四街道駅前,122289,千葉県,四街道市,鹿渡,2023-08-02,15,駐車（輪）場,駐車（輪）場,10歳代,高校生,施錠せず
窃盗,自転車盗,四街道,四街道駅前,122289,千葉県,四街道市,鹿渡,2023-08-04,13,その他,その他,10歳代,小学生,施錠せず
窃盗,自転車盗,四街道,四街道駅前,122289,千葉県,四街道市,鹿渡,2023-08-10,07,駐車（輪）場,駐車（輪）場,20歳代,その他,施錠せず
窃盗,自転車盗,四街道,四街道駅前,122289,千葉県,四街道市,鹿渡,2023-08-23,08,駐車（輪）場,駐車（輪）場,30歳代,その他,施錠した
窃盗,自転車盗,四街道,四街道駅前,122289,千葉県,四街道市,鹿渡,2023-08-26,09,駐車（輪）場,駐車（輪）場,70歳以上,その他,施錠せず
窃盗,自転車盗,四街道,四街道駅前,122289,千葉県,四街道市,鹿渡,2023-08-29,07,駐車（輪）場,駐車（輪）場,10歳代,大学生,施錠せず
窃盗,自転車盗,四街道,四街道駅前,122289,千葉県,四街道市,鹿渡,2023-09-03,14,駐車（輪）場,駐車（輪）場,10歳代,高校生,施錠せず
窃盗,自転車盗,四街道,四街道駅前,122289,千葉県,四街道市,鹿渡,2023-09-06,14,一戸建住宅,駐車（輪）場,20歳代,大学生,施錠せず
窃盗,自転車盗,四街道,四街道駅前,122289,千葉県,四街道市,鹿渡,2023-09-18,09,駐車（輪）場,駐車（輪）場,10歳代,大学生,施錠せず
窃盗,自転車盗,四街道,四街道駅前,122289,千葉県,四街道市,鹿渡,2023-09-20,08,駐車（輪）場,駐車（輪）場,10歳代,その他,施錠せず
窃盗,自転車盗,四街道,四街道駅前,122289,千葉県,四街道市,鹿渡,2023-09-21,09,駐車（輪）場,駐車（輪）場,20歳代,大学生,施錠した
窃盗,自転車盗,四街道,四街道駅前,122289,千葉県,四街道市,鹿渡,2023-09-23,08,駐車（輪）場,駐車（輪）場,20歳代,大学生,施錠した
窃盗,自転車盗,四街道,四街道駅前,122289,千葉県,四街道市,鹿渡,2023-09-26,07,駐車（輪）場,駐車（輪）場,10歳代,その他,施錠した
窃盗,自転車盗,四街道,四街道駅前,122289,千葉県,四街道市,鹿渡,2023-09-27,07,駐車（輪）場,駐車（輪）場,10歳代,高校生,施錠せず
窃盗,自転車盗,四街道,四街道駅前,122289,千葉県,四街道市,鹿渡,2023-09-28,07,駐車（輪）場,駐車（輪）場,10歳代,高校生,施錠せず
窃盗,自転車盗,四街道,四街道駅前,122289,千葉県,四街道市,鹿渡,2023-10-02,18,駐車（輪）場,駐車（輪）場,10歳未満,小学生,施錠せず
窃盗,自転車盗,四街道,四街道駅前,122289,千葉県,四街道市,鹿渡,2023-10-06,06,駐車（輪）場,駐車（輪）場,10歳代,高校生,施錠せず
窃盗,自転車盗,四街道,四街道駅前,122289,千葉県,四街道市,鹿渡,2023-10-06,10,駐車（輪）場,駐車（輪）場,10歳代,大学生,施錠せず
窃盗,自転車盗,四街道,四街道駅前,122289,千葉県,四街道市,鹿渡,2023-10-06,17,駐車（輪）場,駐車（輪）場,10歳代,高校生,施錠した
窃盗,自転車盗,四街道,四街道駅前,122289,千葉県,四街道市,鹿渡,2023-10-16,16,駐車（輪）場,駐車（輪）場,10歳代,高校生,施錠せず
窃盗,自転車盗,四街道,四街道駅前,122289,千葉県,四街道市,鹿渡,2023-10-19,07,駐車（輪）場,駐車（輪）場,10歳代,その他,施錠せず
窃盗,自転車盗,四街道,四街道駅前,122289,千葉県,四街道市,鹿渡,2023-10-19,17,その他,駐車（輪）場,10歳代,中学生,施錠した
窃盗,自転車盗,四街道,四街道駅前,122289,千葉県,四街道市,鹿渡,2023-10-27,06,駐車（輪）場,駐車（輪）場,30歳代,その他,施錠した
窃盗,自転車盗,四街道,四街道駅前,122289,千葉県,四街道市,鹿渡,2023-11-02,08,駐車（輪）場,駐車（輪）場,10歳代,大学生,施錠せず
窃盗,自転車盗,四街道,四街道駅前,122289,千葉県,四街道市,鹿渡,2023-11-03,08,駐車（輪）場,駐車（輪）場,10歳代,その他,施錠した
窃盗,自転車盗,四街道,四街道駅前,122289,千葉県,四街道市,鹿渡,2023-11-09,17,駐車（輪）場,駐車（輪）場,10歳代,中学生,施錠せず
窃盗,自転車盗,四街道,四街道駅前,122289,千葉県,四街道市,鹿渡,2023-11-23,07,駐車（輪）場,駐車（輪）場,10歳代,その他,施錠した
窃盗,自転車盗,四街道,四街道駅前,122289,千葉県,四街道市,鹿渡,2023-12-18,07,駐車（輪）場,駐車（輪）場,10歳代,高校生,施錠せず
窃盗,自転車盗,四街道,四街道駅前,122289,千葉県,四街道市,鹿渡,2023-12-19,23,駐車（輪）場,駐車（輪）場,40歳代,その他,施錠した
窃盗,自転車盗,四街道,四街道駅前,122289,千葉県,四街道市,下志津新田,2023-08-27,19,その他の住宅（３階建て以下共同住宅等）,駐車（輪）場,10歳代,中学生,施錠せず
窃盗,自転車盗,四街道,四街道駅前,122289,千葉県,四街道市,下志津新田,2023-09-02,11,その他の住宅（３階建て以下共同住宅等）,駐車（輪）場,10歳代,中学生,施錠せず
窃盗,自転車盗,四街道,四街道駅前,122289,千葉県,四街道市,下志津新田,2023-09-15,16,その他の住宅（３階建て以下共同住宅等）,駐車（輪）場,30歳代,その他,施錠せず
窃盗,自転車盗,四街道,四街道駅前,122289,千葉県,四街道市,大日,2023-05-27,20,その他,駐車（輪）場,20歳代,その他,施錠せず
窃盗,自転車盗,四街道,四街道駅前,122289,千葉県,四街道市,大日,2023-11-01,16,その他,その他,10歳代,高校生,施錠せず
窃盗,自転車盗,四街道,四街道駅前,122289,千葉県,四街道市,四街道,2023-08-22,09,その他,駐車（輪）場,40歳代,その他,施錠せず
窃盗,自転車盗,四街道,四街道駅前,122289,千葉県,四街道市,四街道,2023-09-08,14,４階建て以上共同住宅,駐車（輪）場,50歳代,その他,施錠した
窃盗,自転車盗,四街道,四街道駅前,122289,千葉県,四街道市,四街道,2023-12-10,21,その他の住宅（３階建て以下共同住宅等）,その他,40歳代,その他,施錠した
窃盗,自転車盗,四街道,四街道駅前,122289,千葉県,四街道市,四街道１丁目,2023-01-13,06,駐車（輪）場,駐車（輪）場,40歳代,その他,施錠せず
窃盗,自転車盗,四街道,四街道駅前,122289,千葉県,四街道市,四街道１丁目,2023-01-15,07,駐車（輪）場,駐車（輪）場,10歳代,高校生,施錠せず
窃盗,自転車盗,四街道,四街道駅前,122289,千葉県,四街道市,四街道１丁目,2023-01-26,16,駐車（輪）場,駐車（輪）場,20歳代,大学生,施錠した
窃盗,自転車盗,四街道,四街道駅前,122289,千葉県,四街道市,四街道１丁目,2023-01-31,14,駐車（輪）場,駐車（輪）場,10歳代,高校生,施錠せず
窃盗,自転車盗,四街道,四街道駅前,122289,千葉県,四街道市,四街道１丁目,2023-03-10,15,駐車（輪）場,駐車（輪）場,40歳代,その他,施錠せず
窃盗,自転車盗,四街道,四街道駅前,122289,千葉県,四街道市,四街道１丁目,2023-03-26,06,駐車（輪）場,駐車（輪）場,20歳代,その他,施錠せず
窃盗,自転車盗,四街道,四街道駅前,122289,千葉県,四街道市,四街道１丁目,2023-04-18,06,駐車（輪）場,駐車（輪）場,10歳代,高校生,施錠せず
窃盗,自転車盗,四街道,四街道駅前,122289,千葉県,四街道市,四街道１丁目,2023-04-24,08,駐車（輪）場,駐車（輪）場,20歳代,その他,施錠せず
窃盗,自転車盗,四街道,四街道駅前,122289,千葉県,四街道市,四街道１丁目,2023-05-15,08,駐車（輪）場,駐車（輪）場,30歳代,その他,施錠せず
窃盗,自転車盗,四街道,四街道駅前,122289,千葉県,四街道市,四街道１丁目,2023-05-24,07,駐車（輪）場,駐車（輪）場,10歳代,大学生,施錠せず
窃盗,自転車盗,四街道,四街道駅前,122289,千葉県,四街道市,四街道１丁目,2023-05-30,07,駐車（輪）場,駐車（輪）場,40歳代,その他,施錠せず
窃盗,自転車盗,四街道,四街道駅前,122289,千葉県,四街道市,四街道１丁目,2023-05-31,11,駐車（輪）場,駐車（輪）場,10歳代,大学生,施錠せず
窃盗,自転車盗,四街道,四街道駅前,122289,千葉県,四街道市,四街道１丁目,2023-06-06,08,駐車（輪）場,駐車（輪）場,10歳代,その他,施錠せず
窃盗,自転車盗,四街道,四街道駅前,122289,千葉県,四街道市,四街道１丁目,2023-06-10,05,駐車（輪）場,駐車（輪）場,60-64歳,その他,施錠した
窃盗,自転車盗,四街道,四街道駅前,122289,千葉県,四街道市,四街道１丁目,2023-07-01,20,駐車（輪）場,駐車（輪）場,20歳代,その他,施錠せず
窃盗,自転車盗,四街道,四街道駅前,122289,千葉県,四街道市,四街道１丁目,2023-07-05,06,駐車（輪）場,駐車（輪）場,10歳代,高校生,施錠せず
窃盗,自転車盗,四街道,四街道駅前,122289,千葉県,四街道市,四街道１丁目,2023-07-26,21,その他の住宅（３階建て以下共同住宅等）,駐車（輪）場,20歳代,その他,施錠せず
窃盗,自転車盗,四街道,四街道駅前,122289,千葉県,四街道市,四街道１丁目,2023-08-03,22,駐車（輪）場,駐車（輪）場,50歳代,その他,施錠せず
窃盗,自転車盗,四街道,四街道駅前,122289,千葉県,四街道市,四街道１丁目,2023-08-04,19,駐車（輪）場,駐車（輪）場,20歳代,大学生,施錠せず
窃盗,自転車盗,四街道,四街道駅前,122289,千葉県,四街道市,四街道１丁目,2023-08-05,08,駐車（輪）場,駐車（輪）場,20歳代,大学生,施錠した
窃盗,自転車盗,四街道,四街道駅前,122289,千葉県,四街道市,四街道１丁目,2023-08-24,10,駐車（輪）場,駐車（輪）場,50歳代,その他,施錠せず
窃盗,自転車盗,四街道,四街道駅前,122289,千葉県,四街道市,四街道１丁目,2023-08-27,08,駐車（輪）場,駐車（輪）場,20歳代,その他,施錠した
窃盗,自転車盗,四街道,四街道駅前,122289,千葉県,四街道市,四街道１丁目,2023-09-11,18,その他,その他,10歳代,中学生,施錠せず
窃盗,自転車盗,四街道,四街道駅前,122289,千葉県,四街道市,四街道１丁目,2023-09-24,08,駐車（輪）場,駐車（輪）場,20歳代,その他,施錠せず
窃盗,自転車盗,四街道,四街道駅前,122289,千葉県,四街道市,四街道１丁目,2023-09-27,08,駐車（輪）場,駐車（輪）場,20歳代,大学生,施錠せず
窃盗,自転車盗,四街道,四街道駅前,122289,千葉県,四街道市,四街道１丁目,2023-09-30,13,その他,駐車（輪）場,10歳代,中学生,施錠せず
窃盗,自転車盗,四街道,四街道駅前,122289,千葉県,四街道市,四街道１丁目,2023-10-07,13,駐車（輪）場,駐車（輪）場,20歳代,大学生,施錠した
窃盗,自転車盗,四街道,四街道駅前,122289,千葉県,四街道市,四街道１丁目,2023-10-10,17,駐車（輪）場,駐車（輪）場,10歳代,小学生,施錠せず
窃盗,自転車盗,四街道,四街道駅前,122289,千葉県,四街道市,四街道１丁目,2023-10-13,06,駐車（輪）場,駐車（輪）場,10歳代,高校生,施錠せず
窃盗,自転車盗,四街道,四街道駅前,122289,千葉県,四街道市,四街道１丁目,2023-10-22,06,駐車（輪）場,駐車（輪）場,20歳代,その他,施錠した
窃盗,自転車盗,四街道,四街道駅前,122289,千葉県,四街道市,四街道１丁目,2023-11-12,06,駐車（輪）場,駐車（輪）場,10歳代,大学生,施錠した
窃盗,自転車盗,四街道,四街道駅前,122289,千葉県,四街道市,四街道１丁目,2023-12-01,08,その他,その他,10歳代,高校生,施錠せず
窃盗,自転車盗,四街道,四街道駅前,122289,千葉県,四街道市,四街道３丁目,2023-08-03,16,その他の住宅（３階建て以下共同住宅等）,駐車（輪）場,20歳代,その他,施錠した
窃盗,自転車盗,四街道,四街道駅前,122289,千葉県,四街道市,四街道３丁目,2023-11-27,20,その他の住宅（３階建て以下共同住宅等）,駐車（輪）場,30歳代,その他,施錠せず
窃盗,自転車盗,四街道,四街道駅前,122289,千葉県,四街道市,四街道３丁目,2023-12-18,16,その他,その他,20歳代,大学生,施錠せず
窃盗,自転車盗,四街道,四街道駅前,122289,千葉県,四街道市,和良比,2022-12-28,19,その他の住宅（３階建て以下共同住宅等）,駐車（輪）場,20歳代,その他,施錠した
窃盗,自転車盗,四街道,四街道駅前,122289,千葉県,四街道市,和良比,2023-05-05,08,駐車（輪）場,駐車（輪）場,10歳代,その他,施錠せず
窃盗,自転車盗,四街道,四街道駅前,122289,千葉県,四街道市,和良比,2023-06-01,08,駐車（輪）場,駐車（輪）場,10歳代,大学生,施錠せず
窃盗,自転車盗,四街道,四街道駅前,122289,千葉県,四街道市,和良比,2023-06-14,16,その他の住宅（３階建て以下共同住宅等）,駐車（輪）場,30歳代,その他,施錠した
窃盗,自転車盗,四街道,四街道駅前,122289,千葉県,四街道市,和良比,2023-06-17,05,駐車（輪）場,駐車（輪）場,30歳代,その他,施錠した
窃盗,自転車盗,四街道,四街道駅前,122289,千葉県,四街道市,和良比,2023-06-22,18,その他の住宅（３階建て以下共同住宅等）,駐車（輪）場,10歳代,高校生,施錠した
窃盗,自転車盗,四街道,四街道駅前,122289,千葉県,四街道市,和良比,2023-09-24,19,駐車（輪）場,駐車（輪）場,20歳代,その他,施錠した
窃盗,自転車盗,四街道,四街道駅前,122289,千葉県,四街道市,和良比,2023-10-17,12,一戸建住宅,駐車（輪）場,10歳代,その他,施錠せず
窃盗,自転車盗,四街道,四街道駅前,122289,千葉県,四街道市,和良比,2023-10-25,06,駐車（輪）場,駐車（輪）場,20歳代,その他,施錠せず
窃盗,自転車盗,四街道,四街道駅前,122289,千葉県,四街道市,美しが丘１丁目,2023-07-25,06,その他の住宅（３階建て以下共同住宅等）,駐車（輪）場,30歳代,その他,施錠した
窃盗,自転車盗,四街道,四街道駅前,122289,千葉県,四街道市,美しが丘３丁目,2023-05-16,19,その他の住宅（３階建て以下共同住宅等）,駐車（輪）場,10歳代,中学生,施錠せず
窃盗,自転車盗,四街道,大日,122289,千葉県,四街道市,栗山,2023-04-20,12,一戸建住宅,駐車（輪）場,40歳代,その他,施錠せず
窃盗,自転車盗,四街道,大日,122289,千葉県,四街道市,鹿渡,2023-04-27,08,駐車（輪）場,駐車（輪）場,10歳代,その他,施錠した
窃盗,自転車盗,四街道,大日,122289,千葉県,四街道市,鹿渡,2023-05-24,06,駐車（輪）場,駐車（輪）場,10歳代,高校生,施錠せず
窃盗,自転車盗,四街道,大日,122289,千葉県,四街道市,鹿渡,2023-08-25,15,その他,駐車（輪）場,20歳代,大学生,施錠せず
窃盗,自転車盗,四街道,大日,122289,千葉県,四街道市,大日,2023-01-24,11,その他,駐車（輪）場,70歳以上,その他,施錠した
窃盗,自転車盗,四街道,大日,122289,千葉県,四街道市,大日,2023-01-31,19,その他,駐車（輪）場,10歳代,中学生,施錠せず
窃盗,自転車盗,四街道,大日,122289,千葉県,四街道市,大日,2023-02-15,18,その他,駐車（輪）場,10歳代,中学生,施錠した
窃盗,自転車盗,四街道,大日,122289,千葉県,四街道市,大日,2023-02-26,00,その他の住宅（３階建て以下共同住宅等）,駐車（輪）場,20歳代,その他,施錠せず
窃盗,自転車盗,四街道,大日,122289,千葉県,四街道市,大日,2023-04-09,18,その他,駐車（輪）場,40歳代,その他,施錠せず
窃盗,自転車盗,四街道,大日,122289,千葉県,四街道市,大日,2023-04-14,22,その他の住宅（３階建て以下共同住宅等）,駐車（輪）場,40歳代,その他,施錠した
窃盗,自転車盗,四街道,大日,122289,千葉県,四街道市,大日,2023-05-23,16,その他,駐車（輪）場,50歳代,その他,施錠した
窃盗,自転車盗,四街道,大日,122289,千葉県,四街道市,大日,2023-07-26,14,その他,駐車（輪）場,40歳代,その他,施錠した
窃盗,自転車盗,四街道,大日,122289,千葉県,四街道市,大日,2023-08-01,00,４階建て以上共同住宅,その他,20歳代,その他,施錠した
窃盗,自転車盗,四街道,大日,122289,千葉県,四街道市,大日,2023-08-29,19,その他の住宅（３階建て以下共同住宅等）,駐車（輪）場,20歳代,その他,施錠した
窃盗,自転車盗,四街道,大日,122289,千葉県,四街道市,大日,2023-09-01,19,その他の住宅（３階建て以下共同住宅等）,駐車（輪）場,30歳代,その他,施錠せず
窃盗,自転車盗,四街道,大日,122289,千葉県,四街道市,大日,2023-09-28,09,その他,その他,10歳代,高校生,施錠せず
窃盗,自転車盗,四街道,大日,122289,千葉県,四街道市,大日,2023-10-14,21,その他,その他,10歳代,高校生,施錠した
窃盗,自転車盗,四街道,大日,122289,千葉県,四街道市,大日,2023-11-23,15,道路上,その他,10歳代,中学生,施錠せず
窃盗,自転車盗,四街道,大日,122289,千葉県,四街道市,大日,2023-12-17,16,道路上,その他,10歳代,小学生,施錠せず
窃盗,自転車盗,四街道,大日,122289,千葉県,四街道市,大日,2023-12-26,16,その他,その他,10歳代,高校生,施錠せず
窃盗,自転車盗,四街道,大日,122289,千葉県,四街道市,四街道,2022-12-30,16,４階建て以上共同住宅,駐車（輪）場,30歳代,その他,施錠した
窃盗,自転車盗,四街道,大日,122289,千葉県,四街道市,四街道,2023-01-12,19,その他,駐車（輪）場,10歳代,高校生,施錠せず
窃盗,自転車盗,四街道,大日,122289,千葉県,四街道市,四街道,2023-04-22,04,その他の住宅（３階建て以下共同住宅等）,駐車（輪）場,40歳代,その他,施錠した
窃盗,自転車盗,四街道,大日,122289,千葉県,四街道市,四街道,2023-05-27,19,その他の住宅（３階建て以下共同住宅等）,駐車（輪）場,20歳代,その他,施錠せず
窃盗,自転車盗,四街道,大日,122289,千葉県,四街道市,四街道１丁目,2023-05-16,08,駐車（輪）場,駐車（輪）場,10歳代,大学生,施錠せず
窃盗,自転車盗,四街道,大日,122289,千葉県,四街道市,和良比,2023-11-09,15,一戸建住宅,駐車（輪）場,10歳代,小学生,施錠せず
窃盗,自転車盗,四街道,大日,122289,千葉県,四街道市,中央,2022-11-01,00,その他,駐車（輪）場,10歳代,中学生,施錠せず
窃盗,自転車盗,四街道,大日,122289,千葉県,四街道市,中央,2023-01-12,11,その他,駐車（輪）場,70歳以上,その他,施錠せず
窃盗,自転車盗,四街道,大日,122289,千葉県,四街道市,中央,2023-01-18,12,その他,駐車（輪）場,30歳代,その他,施錠せず
窃盗,自転車盗,四街道,大日,122289,千葉県,四街道市,中央,2023-02-28,15,その他,その他,10歳代,高校生,施錠せず
窃盗,自転車盗,四街道,大日,122289,千葉県,四街道市,中央,2023-03-10,17,その他,駐車（輪）場,10歳代,中学生,施錠せず
窃盗,自転車盗,四街道,大日,122289,千葉県,四街道市,中央,2023-03-20,13,その他,駐車（輪）場,10歳代,高校生,施錠せず
窃盗,自転車盗,四街道,大日,122289,千葉県,四街道市,中央,2023-04-27,18,その他,駐車（輪）場,20歳代,その他,施錠せず
窃盗,自転車盗,四街道,大日,122289,千葉県,四街道市,中央,2023-06-04,16,その他,駐車（輪）場,10歳代,高校生,施錠せず
窃盗,自転車盗,四街道,大日,122289,千葉県,四街道市,中央,2023-06-20,19,その他,駐車（輪）場,20歳代,その他,施錠せず
窃盗,自転車盗,四街道,大日,122289,千葉県,四街道市,中央,2023-07-08,13,その他,駐車（輪）場,10歳代,高校生,施錠せず
窃盗,自転車盗,四街道,大日,122289,千葉県,四街道市,中央,2023-07-20,19,その他,駐車（輪）場,10歳代,中学生,施錠せず
窃盗,自転車盗,四街道,大日,122289,千葉県,四街道市,中央,2023-07-24,18,その他,駐車（輪）場,10歳代,中学生,施錠せず
窃盗,自転車盗,四街道,大日,122289,千葉県,四街道市,中央,2023-08-02,09,その他,駐車（輪）場,10歳代,小学生,施錠せず
窃盗,自転車盗,四街道,大日,122289,千葉県,四街道市,中央,2023-08-20,17,その他,駐車（輪）場,10歳代,中学生,施錠せず
窃盗,自転車盗,四街道,大日,122289,千葉県,四街道市,中央,2023-08-20,20,その他,駐車（輪）場,10歳代,中学生,施錠せず
窃盗,自転車盗,四街道,大日,122289,千葉県,四街道市,中央,2023-08-21,09,その他,駐車（輪）場,10歳代,中学生,施錠せず
窃盗,自転車盗,四街道,大日,122289,千葉県,四街道市,中央,2023-08-25,19,その他,駐車（輪）場,40歳代,その他,施錠せず
窃盗,自転車盗,四街道,大日,122289,千葉県,四街道市,中央,2023-08-29,14,その他,駐車（輪）場,10歳代,小学生,施錠せず
窃盗,自転車盗,四街道,大日,122289,千葉県,四街道市,中央,2023-09-01,16,その他,駐車（輪）場,10歳代,中学生,施錠せず
窃盗,自転車盗,四街道,大日,122289,千葉県,四街道市,中央,2023-09-14,07,その他,駐車（輪）場,20歳代,その他,施錠した
窃盗,自転車盗,四街道,大日,122289,千葉県,四街道市,中央,2023-09-20,08,その他,駐車（輪）場,10歳代,高校生,施錠せず
窃盗,自転車盗,四街道,大日,122289,千葉県,四街道市,中央,2023-09-24,10,その他,駐車（輪）場,10歳代,中学生,施錠せず
窃盗,自転車盗,四街道,大日,122289,千葉県,四街道市,中央,2023-09-30,13,その他,その他,10歳代,高校生,施錠せず
窃盗,自転車盗,四街道,大日,122289,千葉県,四街道市,中央,2023-10-06,17,その他,駐車（輪）場,10歳代,高校生,施錠せず
窃盗,自転車盗,四街道,大日,122289,千葉県,四街道市,中央,2023-10-17,08,その他,駐車（輪）場,20歳代,その他,施錠せず
窃盗,自転車盗,四街道,大日,122289,千葉県,四街道市,中央,2023-10-22,16,その他,その他,10歳代,中学生,施錠せず
窃盗,自転車盗,四街道,大日,122289,千葉県,四街道市,中央,2023-10-26,18,その他,駐車（輪）場,40歳代,その他,施錠せず
窃盗,自転車盗,四街道,旭,122289,千葉県,四街道市,旭ケ丘５丁目,2023-07-10,00,一戸建住宅,その他,10歳代,高校生,施錠せず
窃盗,自転車盗,四街道,旭,122289,千葉県,四街道市,栗山,2023-01-08,21,その他,駐車（輪）場,10歳代,高校生,施錠せず
窃盗,自転車盗,四街道,旭,122289,千葉県,四街道市,みそら２丁目,2023-05-12,07,駐車（輪）場,駐車（輪）場,10歳代,高校生,施錠した